Current,Voltage,Ah Out,Cumulative Actual Disch Ah,Power,Remaining Capacity,Time to Depletion,type,capacity,charged,discharge_rate,discharge_ratio,step_index,predicted TOD,predicted CDC
9.36,11.84,0.156,0.156,110.8224,26.844,10324.615384615388,b2,88.81,27.0,0.7905404737719195,0.005777777563786,0,10309.276700052003,1.9833616666666678
9.34,11.84,0.1556666666666666,0.3116666666666666,110.5856,26.688333333333333,10286.723768736616,b2,88.81,27.0,0.7888512847253983,0.0057654318852309,1,10302.616639345202,1.8798716666666673
9.34,11.83,0.1556666666666666,0.4673333333333333,110.4922,26.532666666666668,10226.723768736618,b2,88.81,27.0,0.7895181073949191,0.0057654318852309,2,10295.250435466765,2.183170833333333
7.14,11.88,0.119,0.5863333333333334,84.8232,26.413666666666668,13317.81512605042,b2,88.81,27.0,0.6010100504200294,0.0044074072441701,3,13170.251752487393,2.25761583333334
7.13,11.88,0.1188333333333333,0.7051666666666667,84.7044,26.294833333333333,13276.49368863955,b2,88.81,27.0,0.600168299649133,0.0044012344048925,4,13199.41505027052,1.8493220833333384
7.13,11.88,0.1188333333333333,0.8240000000000001,84.7044,26.176,13216.49368863955,b2,88.81,27.0,0.600168299649133,0.0044012344048925,5,13162.66084627057,1.6452195833333374
7.13,11.87,0.1188333333333333,0.9428333333333334,84.6331,26.057166666666667,13156.493688639552,b2,88.81,27.0,0.6006739173821469,0.0044012344048925,6,13041.836201607159,2.155218333333339
10.89,11.78,0.1815,1.1243333333333334,128.2842,25.875666666666667,8553.939393939394,b2,88.81,27.0,0.9244481388414144,0.006722221973251,7,8518.773566721411,2.6818033333333307
10.89,11.77,0.1815,1.3058333333333334,128.1753,25.694166666666668,8493.939393939394,b2,88.81,27.0,0.9252335662503344,0.006722221973251,8,8455.076769246032,2.610670833333329
10.89,11.77,0.1815,1.4873333333333334,128.1753,25.512666666666668,8433.939393939394,b2,88.81,27.0,0.9252335662503344,0.006722221973251,9,8446.24417943354,2.648099166666663
10.88,11.76,0.1813333333333333,1.6686666666666667,127.9488,25.331333333333333,8381.691176470587,b2,88.81,27.0,0.9251699893562936,0.0067160491339734,10,8424.637485658832,2.8741675000000004
10.88,11.75,0.1813333333333333,1.85,127.84,25.15,8321.691176470587,b2,88.81,27.0,0.9259573680036284,0.0067160491339734,11,8406.173643626555,2.988200000000005
7.72,11.83,0.1286666666666666,1.9786666666666668,91.3276,25.021333333333335,11667.9792746114,b2,88.81,27.0,0.6525781358767425,0.0047654319222679,12,11520.192702394485,5.539993333333338
7.71,11.82,0.1285,2.107166666666666,91.1322,24.892833333333332,11623.112840466923,b2,88.81,27.0,0.6522842087746017,0.0047592590829904,13,11547.875624919056,5.615887083333337
7.71,11.82,0.1285,2.2356666666666665,91.1322,24.764333333333333,11563.112840466929,b2,88.81,27.0,0.6522842087746017,0.0047592590829904,14,11543.098161353431,5.439147083333335
7.71,11.82,0.1285,2.3641666666666663,91.1322,24.635833333333338,11503.112840466923,b2,88.81,27.0,0.6522842087746017,0.0047592590829904,15,11529.161390054263,5.524612083333339
7.71,11.81,0.1285,2.492666666666666,91.0551,24.507333333333335,11443.112840466929,b2,88.81,27.0,0.6528365238919116,0.0047592590829904,16,11449.296155429818,5.813685000000003
6.02,11.85,0.1003333333333333,2.5929999999999995,71.33699999999999,24.407,14595.548172757475,b2,88.81,27.0,0.5080168347665118,0.0037160492450845,17,13868.75446164832,7.637449375833346
6.02,11.85,0.1003333333333333,2.693333333333333,71.33699999999999,24.30666666666667,14535.548172757475,b2,88.81,27.0,0.5080168347665118,0.0037160492450845,18,13868.75446164832,7.637449375833346
9.94,11.75,0.1656666666666666,2.8589999999999995,116.795,24.141,8743.219315895374,b2,88.81,27.0,0.8459573748121383,0.0061358022418838,19,8796.495916666212,3.8691045833333355
9.94,11.74,0.1656666666666666,3.024666666666666,116.6956,23.975333333333335,8683.219315895374,b2,88.81,27.0,0.8466779517310092,0.0061358022418838,20,8657.920099757755,4.706211666666672
9.95,11.74,0.1658333333333333,3.1904999999999997,116.813,23.8095,8614.492462311558,b2,88.81,27.0,0.8475297404148432,0.0061419750811614,21,8605.341656803712,4.7146154166666685
9.94,11.73,0.1656666666666666,3.3561666666666663,116.5962,23.643833333333333,8563.158953722335,b2,88.81,27.0,0.8473997572549227,0.0061358022418838,22,8542.961144044277,5.624177083333337
9.94,11.72,0.1656666666666666,3.521833333333333,116.4968,23.478166666666667,8503.158953722334,b2,88.81,27.0,0.8481227945287718,0.0061358022418838,23,8446.423545054253,7.287884166666669
9.94,11.72,0.1656666666666666,3.6875,116.4968,23.3125,8443.158953722334,b2,88.81,27.0,0.8481227945287718,0.0061358022418838,24,8406.41041175238,7.163340833333336
10.12,11.7,0.1686666666666666,3.8561666666666663,118.40399999999998,23.143833333333333,8232.984189723322,b2,88.81,27.0,0.8649571910292999,0.0062469133488797,25,8301.132821379015,7.701323333333339
12.16,11.65,0.2026666666666666,4.058833333333333,141.66400000000002,22.941166666666668,6791.792763157894,b2,88.81,27.0,1.0437767344397653,0.0075061725614997,26,6979.8713283800125,6.156066459166669
12.15,11.65,0.2025,4.261333333333333,141.5475,22.738666666666667,6737.382716049382,b2,88.81,27.0,1.0429183654147327,0.0074999997222222,27,6979.497285215835,6.111937292500003
12.16,11.64,0.2026666666666666,4.4639999999999995,141.5424,22.536,6671.842105263158,b2,88.81,27.0,1.0446734497703225,0.0075061725614997,28,6774.926412263532,6.756627916666672
12.14,11.63,0.2023333333333333,4.666333333333333,141.18820000000002,22.333666666666662,6622.833607907743,b2,88.81,27.0,1.0438520168656908,0.0074938268829446,29,6749.944601223142,7.164327500000002
12.14,11.62,0.2023333333333333,4.868666666666667,141.0668,22.131333333333338,6562.833607907743,b2,88.81,27.0,1.0447503403829312,0.0074938268829446,30,6667.847255814937,8.060101250000006
9.86,11.67,0.1643333333333333,5.033,115.0662,21.967,8020.405679513185,b2,88.81,27.0,0.8449013843272164,0.0060864195276634,31,7990.490105262753,9.553074896250001
9.86,11.67,0.1643333333333333,5.197333333333334,115.0662,21.802666666666667,7960.4056795131855,b2,88.81,27.0,0.8449013843272164,0.0060864195276634,32,7993.377373525209,9.560099062916667
9.85,11.66,0.1641666666666666,5.3615,114.851,21.6385,7908.487309644671,b2,88.81,27.0,0.8447683666579445,0.0060802466883859,33,7958.308038497357,9.668513229583336
9.86,11.66,0.1643333333333333,5.525833333333334,114.9676,21.474166666666665,7840.466531440163,b2,88.81,27.0,0.8456259995174957,0.0060864195276634,34,7928.828934380655,9.440465416666676
9.86,12.66,0.1643333333333333,5.690166666666667,124.8276,21.309833333333337,7780.466531440162,b2,88.81,27.0,0.7788309021460583,0.0060864195276634,35,9659.419534960016,6.1127779166666665
9.85,11.65,0.1641666666666666,5.854333333333334,114.7525,21.145666666666667,7728.365482233502,b2,88.81,27.0,0.8454934896572112,0.0060802466883859,36,7745.406053115952,9.657148333333344
7.35,11.71,0.1225,5.976833333333333,86.0685,21.02316666666667,10297.061224489798,b2,88.81,27.0,0.6276686056645084,0.0045370368689986,37,10184.265185973447,11.099018231250009
7.34,11.71,0.1223333333333333,6.099166666666667,85.9514,20.90083333333333,10251.08991825613,b2,88.81,27.0,0.6268146347724479,0.004530864029721,38,10214.829387261094,10.651264481250012
7.34,11.71,0.1223333333333333,6.221500000000001,85.9514,20.7785,10191.089918256132,b2,88.81,27.0,0.6268146347724479,0.004530864029721,39,10217.168888182356,10.568306564583345
7.34,11.7,0.1223333333333333,6.343833333333334,85.878,20.656166666666664,10131.08991825613,b2,88.81,27.0,0.6273503737307373,0.004530864029721,40,10183.491199659644,10.825010314583347
6.42,11.73,0.107,6.4508333333333345,75.3066,20.549166666666665,11522.89719626168,b2,88.81,27.0,0.5473145313457347,0.0039629628161865,41,11462.28230788171,13.559899695416654
6.42,11.72,0.107,6.557833333333335,75.2424,20.442166666666665,11462.89719626168,b2,88.81,27.0,0.5477815232268325,0.0039629628161865,42,11335.674393910334,15.190433448749989
8.97,11.65,0.1495,6.7073333333333345,104.50050000000002,20.292666666666666,8144.214046822741,b2,88.81,27.0,0.7699570154543335,0.0055370368319615,43,8264.393063345584,13.281933751666658
6.75,11.71,0.1125,6.819833333333334,79.0425,20.180166666666665,10762.755555555554,b2,88.81,27.0,0.5764303521408751,0.0041666665123456,44,10776.365288930067,10.544050209166665
6.74,11.71,0.1123333333333333,6.932166666666667,78.92540000000001,20.067833333333333,10718.724035608308,b2,88.81,27.0,0.5755763812488146,0.0041604936730681,45,10761.33130352707,10.519914792499998
6.74,11.7,0.1123333333333333,7.0445,78.858,19.9555,10658.72403560831,b2,88.81,27.0,0.576068326831767,0.0041604936730681,46,10761.015542802354,10.850107084999998
4.97,11.76,0.0828333333333333,7.1273333333333335,58.447199999999995,19.872666666666667,14394.688128772636,b2,88.81,27.0,0.4226190116820568,0.0030679011209419,47,14324.129580530163,7.783774583333337
4.97,11.75,0.0828333333333333,7.210166666666667,58.397499999999994,19.789833333333338,14334.68812877264,b2,88.81,27.0,0.4229786874060691,0.0030679011209419,48,14312.07230496166,7.722203750000001
4.97,11.75,0.0828333333333333,7.293,58.397499999999994,19.707,14274.688128772636,b2,88.81,27.0,0.4229786874060691,0.0030679011209419,49,14264.219665048782,8.239306666666653
4.97,11.75,0.0828333333333333,7.375833333333333,58.397499999999994,19.624166666666667,14214.688128772636,b2,88.81,27.0,0.4229786874060691,0.0030679011209419,50,14216.117261945888,8.44135104249998
4.96,11.75,0.0826666666666666,7.4585,58.28,19.5415,14183.346774193547,b2,88.81,27.0,0.4221276236487129,0.0030617282816643,51,14170.970617316747,9.089221459166641
10.69,11.58,0.1781666666666666,7.636666666666667,123.7902,19.363333333333333,6520.860617399439,b2,88.81,27.0,0.923143270885728,0.0065987651877,52,6550.555516993106,10.31441000000001
10.68,11.58,0.178,7.814666666666667,123.6744,19.185333333333332,6466.966292134832,b2,88.81,27.0,0.9222797131019246,0.0065925923484225,53,6541.91423100018,10.388620833333341
10.67,11.57,0.1778333333333333,7.9925,123.4519,19.0075,6413.027179006561,b2,88.81,27.0,0.922212539134612,0.0065864195091449,54,6486.387879532829,10.603818333333338
10.67,11.56,0.1778333333333333,8.170333333333334,123.3452,18.829666666666668,6353.027179006561,b2,88.81,27.0,0.9230103007776556,0.0065864195091449,55,6474.345626539726,10.716997500000002
12.94,11.49,0.2156666666666666,8.386000000000001,148.6806,18.613999999999997,5178.54714064915,b2,88.81,27.0,1.1261965947609578,0.0079876540251486,56,5676.129099800872,12.825091459166654
9.58,11.57,0.1596666666666666,8.545666666666667,110.8406,18.45433333333333,6934.8225469728595,b2,88.81,27.0,0.8280033856522571,0.005913580027892,57,6791.867649061347,11.681111249999999
9.59,11.57,0.1598333333333333,8.7055,110.9563,18.2945,6867.591240875912,b2,88.81,27.0,0.8288676898126457,0.0059197528671696,58,6781.950014235565,11.654589583333337
9.58,11.56,0.1596666666666666,8.865166666666667,110.7448,18.134833333333333,6814.759916492693,b2,88.81,27.0,0.8287196514948398,0.005913580027892,59,6776.90974226569,11.81554875
8.49,11.59,0.1415,9.006666666666668,98.3991,17.993333333333332,7629.681978798585,b2,88.81,27.0,0.7325279782115637,0.0052407405466392,60,7641.634584951692,15.78470000000001
8.49,11.58,0.1415,9.148166666666668,98.3142,17.85183333333333,7569.681978798585,b2,88.81,27.0,0.733160558449002,0.0052407405466392,61,7508.956309780402,15.40863958333334
10.32,11.52,0.172,9.320166666666667,118.8864,17.67983333333333,6167.383720930232,b2,88.81,27.0,0.89583325557003,0.0063703701344307,62,6409.891417803591,11.30801208333333
10.83,11.5,0.1805,9.50066666666667,124.545,17.499333333333333,5816.952908587257,b2,88.81,27.0,0.9417390485444306,0.0066851849375857,63,6060.106228754847,14.139434583333328
7.11,11.6,0.1185,9.619166666666668,82.476,17.38083333333333,8800.421940928269,b2,88.81,27.0,0.6129309816438809,0.0043888887263374,64,9009.521947210542,20.00197167000002
7.12,11.6,0.1186666666666666,9.737833333333334,82.592,17.262166666666666,8728.061797752809,b2,88.81,27.0,0.6137930505350819,0.004395061565615,65,8989.584319226242,20.01261333666669
9.38,11.53,0.1563333333333333,9.894166666666669,108.1514,17.105833333333333,6565.138592750533,b2,88.81,27.0,0.8135298513850955,0.0057901232423411,66,6700.943731711421,12.724555833333339
9.38,11.52,0.1563333333333333,10.0505,108.0576,16.9495,6505.138592750533,b2,88.81,27.0,0.8142360404308994,0.0057901232423411,67,6631.849002712314,12.241236666666671
9.37,11.51,0.1561666666666666,10.206666666666669,107.8487,16.793333333333333,6452.081109925294,b2,88.81,27.0,0.81407464690924,0.0057839504030635,68,6605.093193129965,12.695203750000005
11.84,11.43,0.1973333333333333,10.404,135.3312,16.596,5046.081081081081,b2,88.81,27.0,1.035870425558143,0.0073086417046182,69,5263.020859866078,14.776137083333312
9.82,11.48,0.1636666666666666,10.567666666666666,112.7336,16.432333333333332,6024.0733197556,b2,88.81,27.0,0.8554006223518622,0.0060617281705532,70,6006.318745684127,13.761396249999988
9.81,11.47,0.1635,10.731166666666669,112.5207,16.268833333333333,5970.214067278287,b2,88.81,27.0,0.8552745549019569,0.0060555553312757,71,6003.278026613537,13.249773333333327
9.8,11.46,0.1633333333333333,10.8945,112.30800000000002,16.1055,5916.306122448978,b2,88.81,27.0,0.8551482674390692,0.0060493824919981,72,5993.017859857318,13.070006249999999
9.81,11.46,0.1635,11.058000000000002,112.42260000000002,15.941999999999998,5850.275229357798,b2,88.81,27.0,0.8560208677119662,0.0060555553312757,73,5925.985558766656,12.749162500000002
9.81,11.45,0.1635,11.221500000000002,112.3245,15.778499999999998,5790.275229357797,b2,88.81,27.0,0.8567684841250234,0.0060555553312757,74,5874.763407598652,12.84049458333334
11.39,11.39,0.1898333333333333,11.411333333333337,129.7321,15.588666666666663,4927.058823529412,b2,88.81,27.0,0.9999999122036952,0.0070308639371284,75,4992.016136607218,18.500571666666666
11.39,11.38,0.1898333333333333,11.601166666666668,129.6182,15.398833333333332,4867.058823529411,b2,88.81,27.0,1.0008786466714723,0.0070308639371284,76,4951.954655684105,18.890018333333337
11.38,11.37,0.1896666666666666,11.790833333333335,129.3906,15.209166666666665,4811.335676625658,b2,88.81,27.0,1.0008794194477206,0.0070246910978509,77,4926.464880886097,22.051527083333344
7.69,11.47,0.1281666666666666,11.919000000000002,88.2043,15.080999999999998,7060.026007802339,b2,88.81,27.0,0.6704445797345615,0.0047469134044353,78,6930.841687679201,17.609922500000007
7.68,11.47,0.128,12.047000000000002,88.0896,14.952999999999998,7009.218749999999,b2,88.81,27.0,0.6695727402290549,0.0047407405651577,79,6921.795994840865,18.41251958333333
7.68,11.46,0.128,12.175000000000002,88.0128,14.824999999999998,6949.218749999999,b2,88.81,27.0,0.6701570095849031,0.0047407405651577,80,6890.807091070151,18.1688075
7.68,11.46,0.128,12.303000000000004,88.0128,14.696999999999996,6889.218749999999,b2,88.81,27.0,0.6701570095849031,0.0047407405651577,81,6887.041820846161,18.071884166666663
7.68,11.45,0.128,12.431000000000004,87.93599999999999,14.568999999999996,6829.218749999998,b2,88.81,27.0,0.6707422994984892,0.0047407405651577,82,6871.025148881647,18.061455416666664
5.4,11.52,0.09,12.521000000000004,62.208,14.478999999999996,9652.666666666664,b2,88.81,27.0,0.4687499593098994,0.0033333332098765,83,9451.256323656437,17.437810833333355
5.41,11.53,0.0901666666666666,12.61116666666667,62.3773,14.38883333333333,9574.824399260626,b2,88.81,27.0,0.4692107138585678,0.003339506049154,84,9412.41657251808,16.55807208333334
5.41,11.53,0.0901666666666666,12.701333333333336,62.3773,14.298666666666664,9514.824399260626,b2,88.81,27.0,0.4692107138585678,0.003339506049154,85,9395.662833910537,16.91083708333333
5.4,11.53,0.09,12.791333333333336,62.262,14.208666666666664,9472.444444444442,b2,88.81,27.0,0.4683434112451509,0.0033333332098765,86,9424.729877142448,17.297681666666662
5.41,11.53,0.0901666666666666,12.881500000000004,62.3773,14.118499999999996,9394.935304990757,b2,88.81,27.0,0.4692107138585678,0.003339506049154,87,9379.469182437073,17.780022083333325
5.4,11.53,0.09,12.971500000000002,62.262,14.028499999999998,9352.33333333333,b2,88.81,27.0,0.4683434112451509,0.0033333332098765,88,9408.748125443066,18.166416666666656
9.22,11.39,0.1536666666666666,13.125166666666669,105.0158,13.874833333333331,5417.505422993491,b2,88.81,27.0,0.8094819306863977,0.0056913578139003,89,5459.325575913352,24.922951146250007
9.43,11.37,0.1571666666666666,13.282333333333336,107.21909999999998,13.717666666666664,5236.861081654294,b2,88.81,27.0,0.8293754767479793,0.0058209874387288,90,5239.430377038548,25.573631979583332
9.05,11.37,0.1508333333333333,13.433166666666668,102.8985,13.566833333333332,5396.751381215468,b2,88.81,27.0,0.7959541956064913,0.0055864195461819,91,5424.454077081875,28.498133646249997
9.04,11.36,0.1506666666666666,13.583833333333336,102.6944,13.416166666666664,5342.721238938053,b2,88.81,27.0,0.7957745778367449,0.0055802467069044,92,5412.886726637781,28.86577364625
9.04,11.35,0.1506666666666666,13.7345,102.60399999999998,13.2655,5282.721238938053,b2,88.81,27.0,0.7964757007510396,0.0055802467069044,93,5416.248830979474,29.157731979583335
7.35,11.4,0.1225,13.857,83.78999999999999,13.143,6437.3877551020405,b2,88.81,27.0,0.6447367855494047,0.0045370368689986,94,6463.640337240341,19.38684229249999
7.35,11.4,0.1225,13.979500000000002,83.78999999999999,13.020499999999998,6377.3877551020405,b2,88.81,27.0,0.6447367855494047,0.0045370368689986,95,6464.071147589973,19.54455250166665
7.35,11.39,0.1225,14.102000000000002,83.7165,12.897999999999998,6317.3877551020405,b2,88.81,27.0,0.6453028406231044,0.0045370368689986,96,6289.411168156432,24.005137918333322
9.73,11.3,0.1621666666666666,14.264166666666668,109.949,12.735833333333332,4712.127440904418,b2,88.81,27.0,0.8610618707024894,0.0060061726170553,97,4759.964647846469,30.46684833333336
9.72,11.29,0.162,14.426166666666669,109.7388,12.573833333333331,4656.975308641974,b2,88.81,27.0,0.8609388077113547,0.0059999997777777,98,4695.956270792656,32.188857500000026
9.71,11.27,0.1618333333333333,14.588000000000005,109.4317,12.411999999999995,4601.771369721935,b2,88.81,27.0,0.8615793379255248,0.0059938269385002,99,4674.876651128369,32.49864125000001
12.59,11.16,0.2098333333333333,14.797833333333337,140.5044,12.202166666666663,3489.102462271643,b2,88.81,27.0,1.128136099629382,0.0077716046504343,100,4110.711124622997,36.80763302208332
14.23,11.08,0.2371666666666666,15.035000000000004,157.66840000000002,11.964999999999996,3026.9852424455366,b2,88.81,27.0,1.2842959129696832,0.0087839502919524,101,3094.7482968189656,47.02282146583331
14.21,11.06,0.2368333333333333,15.271833333333335,157.16260000000003,11.728166666666665,2971.2456016889505,b2,88.81,27.0,1.2848100104150082,0.0087716046133973,102,3022.007971706449,46.072056674999956
14.19,11.03,0.2365,15.508333333333336,156.51569999999998,11.491666666666664,2915.433403805496,b2,88.81,27.0,1.2864912704903655,0.0087592589348422,103,2987.2686048345904,46.143580217499974
14.18,11.0,0.2363333333333333,15.744666666666667,155.98,11.255333333333333,2857.489421720733,b2,88.81,27.0,1.2890907919008372,0.0087530860955647,104,2968.479423165038,45.86642438249997
11.88,11.05,0.198,15.94266666666667,131.27400000000003,11.05733333333333,3350.7070707070693,b2,88.81,27.0,1.0751130248766494,0.0073333330617284,105,3279.8624036399974,36.84149812583329
11.86,11.04,0.1976666666666666,16.140333333333338,130.93439999999998,10.859666666666662,3296.35750421585,b2,88.81,27.0,1.0742752650112986,0.0073209873831733,106,3256.526398377319,37.49443979249996
11.85,11.02,0.1974999999999999,16.33783333333334,130.587,10.66216666666666,3239.1392405063275,b2,88.81,27.0,1.0753175067769958,0.0073148145438957,107,3254.740945627354,37.74314437583329
11.84,11.0,0.1973333333333333,16.535166666666672,130.24,10.464833333333328,3181.874999999998,b2,88.81,27.0,1.0763635385124055,0.0073086417046182,108,3228.044655802564,37.681245625833284
9.53,11.07,0.1588333333333333,16.694000000000006,105.4971,10.305999999999994,3893.137460650575,b2,88.81,27.0,0.8608851977520147,0.0058827158315043,109,3784.565198571147,36.897804792500004
9.52,11.06,0.1586666666666666,16.85266666666667,105.2912,10.147333333333329,3837.2268907563007,b2,88.81,27.0,0.8607594158445374,0.0058765429922268,110,3770.0846119836024,34.687906042499996
9.54,11.06,0.1589999999999999,17.01166666666667,105.5124,9.98833333333333,3769.1823899371057,b2,88.81,27.0,0.8625677339450512,0.0058888886707818,111,3717.3125416108774,34.07407542
9.52,11.05,0.1586666666666666,17.170333333333335,105.196,9.829666666666665,3717.1008403361343,b2,88.81,27.0,0.861538383571187,0.0058765429922268,112,3710.3521342685963,30.896301044166666
9.53,11.04,0.1588333333333333,17.32916666666667,105.2112,9.67083333333333,3653.2004197271767,b2,88.81,27.0,0.8632245594905291,0.0058827158315043,113,3680.266809489283,30.493002503333333
10.19,11.0,0.1698333333333333,17.499000000000002,112.09,9.500999999999998,3356.5848871442586,b2,88.81,27.0,0.926363552148768,0.0062901232238225,114,3375.4903406635044,39.47479323624997
10.18,10.99,0.1696666666666666,17.66866666666667,111.8782,9.33133333333333,3299.8821218074645,b2,88.81,27.0,0.9262965490176024,0.006283950384545,115,3326.280819419719,39.64903240124997
10.17,10.97,0.1695,17.83816666666667,111.5649,9.16183333333333,3243.126843657816,b2,88.81,27.0,0.9270737532293752,0.0062777775452674,116,3252.1155104280047,43.05091125499997
10.16,10.96,0.1693333333333333,18.007500000000004,111.3536,8.992499999999996,3186.3188976377937,b2,88.81,27.0,0.9270072146891228,0.0062716047059899,117,3235.3551784809006,43.87719875499995
8.76,11.0,0.146,18.153500000000005,96.36,8.846499999999995,3635.547945205478,b2,88.81,27.0,0.7963635639669487,0.005407407207133,118,3585.77262722727,32.66518541666669
8.75,11.0,0.1458333333333333,18.299333333333337,96.25,8.700666666666663,3579.7028571428555,b2,88.81,27.0,0.7954544731405025,0.0054012343678555,119,3569.223123341129,34.31845500000003
8.74,10.99,0.1456666666666666,18.445000000000004,96.0526,8.554999999999996,3523.7986270022866,b2,88.81,27.0,0.7952683534787668,0.0053950615285779,120,3539.6509702179214,36.24838000000003
8.75,10.98,0.1458333333333333,18.590833333333336,96.075,8.409166666666664,3459.7714285714274,b2,88.81,27.0,0.796903388260165,0.0054012343678555,121,3492.4683673132076,34.64058708333334
8.74,10.97,0.1456666666666666,18.736500000000003,95.8778,8.263499999999997,3403.729977116703,b2,88.81,27.0,0.7967182500712625,0.0053950615285779,122,3468.1134143857757,34.945252499999995
3.56,11.16,0.0593333333333333,18.795833333333334,39.7296,8.204166666666662,8296.348314606737,b2,88.81,27.0,0.3189963871867037,0.0021975307828075,123,8599.300484570782,38.276741044166684
7.37,11.02,0.1228333333333333,18.91866666666667,81.2174,8.08133333333333,3947.4626865671626,b2,88.81,27.0,0.6687839683499122,0.0045493825475537,124,3882.0570631970595,30.97334989624996
7.37,11.02,0.1228333333333333,19.041500000000003,81.2174,7.958499999999997,3887.462686567163,b2,88.81,27.0,0.6687839683499122,0.0045493825475537,125,3878.7032515850738,30.261864896249968
7.37,11.01,0.1228333333333333,19.164333333333335,81.1437,7.835666666666665,3827.462686567163,b2,88.81,27.0,0.6693914015085013,0.0045493825475537,126,3839.8937399545284,29.31053406291663
7.36,11.01,0.1226666666666666,19.287000000000003,81.0336,7.712999999999997,3772.663043478259,b2,88.81,27.0,0.6684831363775535,0.0045432097082761,127,3806.542068663327,28.89304114624998
7.36,11.0,0.1226666666666666,19.40966666666667,80.96000000000001,7.59033333333333,3712.663043478259,b2,88.81,27.0,0.6690908482644684,0.0045432097082761,128,3771.243452120896,28.506479062916654
7.36,11.0,0.1226666666666666,19.532333333333337,80.96000000000001,7.467666666666663,3652.6630434782583,b2,88.81,27.0,0.6690908482644684,0.0045432097082761,129,3762.0491301659135,28.652607396250005
5.69,11.08,0.0948333333333333,19.62716666666667,63.0452,7.372833333333329,4664.710017574689,b2,88.81,27.0,0.5135378597890019,0.0035123455489254,130,4735.10128442918,32.53115833333339
5.69,11.08,0.0948333333333333,19.722000000000005,63.0452,7.277999999999995,4604.710017574689,b2,88.81,27.0,0.5135378597890019,0.0035123455489254,131,4623.2988259685635,29.66393791666671
5.69,11.08,0.0948333333333333,19.81683333333334,63.0452,7.183166666666661,4544.710017574688,b2,88.81,27.0,0.5135378597890019,0.0035123455489254,132,4581.374340543385,29.960141666666722
5.69,11.08,0.0948333333333333,19.911666666666672,63.0452,7.088333333333328,4484.710017574688,b2,88.81,27.0,0.5135378597890019,0.0035123455489254,133,4544.921959299711,32.390571250000036
5.71,11.08,0.0951666666666666,20.00683333333334,63.2668,6.99316666666666,4409.001751313481,b2,88.81,27.0,0.5153429137777154,0.0035246912274805,134,4499.052356510075,31.86481208333332
10.76,10.84,0.1793333333333333,20.186166666666672,116.6384,6.813833333333328,2279.7211895910764,b2,88.81,27.0,0.9926198346291666,0.0066419750626428,135,2389.9448646920437,42.40579166666664
8.44,10.9,0.1406666666666666,20.32683333333334,91.996,6.67316666666666,2846.374407582936,b2,88.81,27.0,0.7743118555677196,0.0052098763502514,136,2827.374208354453,40.446377294166695
8.44,10.89,0.1406666666666666,20.46750000000001,91.9116,6.532499999999992,2786.374407582935,b2,88.81,27.0,0.7750228856728296,0.0052098763502514,137,2792.199066207491,37.58557458333334
8.43,10.88,0.1404999999999999,20.608000000000008,91.7184,6.391999999999992,2729.6797153024877,b2,88.81,27.0,0.7748161052558726,0.0052037035109739,138,2760.210873904938,38.612023125833346
8.43,10.87,0.1404999999999999,20.748500000000007,91.6341,6.251499999999993,2669.679715302488,b2,88.81,27.0,0.7755289074950408,0.0052037035109739,139,2729.609643133844,40.293931772083326
6.09,10.98,0.1014999999999999,20.85000000000001,66.8682,6.1499999999999915,3635.467980295562,b2,88.81,27.0,0.5546447582290749,0.0037592591200274,140,3577.3314490103344,30.3573904166667
6.09,10.98,0.1014999999999999,20.95150000000001,66.8682,6.04849999999999,3575.46798029556,b2,88.81,27.0,0.5546447582290749,0.0037592591200274,141,3552.518302105061,29.857614792500016
6.09,10.98,0.1014999999999999,21.05300000000001,66.8682,5.9469999999999885,3515.46798029556,b2,88.81,27.0,0.5546447582290749,0.0037592591200274,142,3526.921789602183,31.59347312583334
6.09,10.98,0.1014999999999999,21.154500000000013,66.8682,5.845499999999987,3455.467980295559,b2,88.81,27.0,0.5546447582290749,0.0037592591200274,143,3466.2957679314945,34.08595333666665
9.37,10.8,0.1561666666666666,21.31066666666668,101.196,5.68933333333332,2185.8697972251816,b2,88.81,27.0,0.8675925122599525,0.0057839504030635,144,2223.0969628114167,47.03869020916665
9.36,10.77,0.156,21.46666666666668,100.8072,5.533333333333321,2128.205128205124,b2,88.81,27.0,0.869080699249703,0.005777777563786,145,2106.379878554944,36.414623542499974
9.34,10.75,0.1556666666666666,21.622333333333344,100.405,5.377666666666656,2072.762312633829,b2,88.81,27.0,0.8688371284802672,0.0057654318852309,146,2067.100492655553,34.808836666666686
9.33,10.72,0.1555,21.777833333333344,100.0176,5.222166666666656,2014.9839228295775,b2,88.81,27.0,0.870335739707487,0.0057592590459533,147,2030.6408663153009,34.388737916666706
9.32,10.7,0.1553333333333333,21.93316666666668,99.724,5.066833333333321,1957.1459227467765,b2,88.81,27.0,0.8710279559786959,0.0057530862066758,148,2004.387764546376,33.209381666666694
5.6,10.88,0.0933333333333333,22.026500000000013,60.928,4.973499999999987,3197.2499999999923,b2,88.81,27.0,0.5147058350454196,0.0034567899954275,149,3299.8018938967475,45.65533876333337
5.61,10.89,0.0935,22.12000000000001,61.09290000000001,4.879999999999988,3131.5508021390297,b2,88.81,27.0,0.5151514678465136,0.003462962834705,150,3225.914128004719,41.999459387499975
7.73,10.77,0.1288333333333333,22.248833333333344,83.2521,4.751166666666656,2212.7037516170712,b2,88.81,27.0,0.7177343808974578,0.0047716047615455,151,2280.4209244069607,44.95928417333331
7.71,10.75,0.1285,22.377333333333343,82.8825,4.622666666666657,2158.4435797665324,b2,88.81,27.0,0.7172092356084433,0.0047592590829904,152,2112.3792956780003,38.03331812583331
7.71,10.73,0.1285,22.505833333333342,82.7283,4.494166666666658,2098.443579766533,b2,88.81,27.0,0.7185460653731532,0.0047592590829904,153,2084.6851212776005,40.58966770916667
6.08,10.81,0.1013333333333333,22.607166666666675,65.7248,4.392833333333325,2601.0197368421004,b2,88.81,27.0,0.5624421311339379,0.0037530862807498,154,2535.534043614874,39.112790625833334
6.08,10.81,0.1013333333333333,22.708500000000008,65.7248,4.291499999999992,2541.019736842101,b2,88.81,27.0,0.5624421311339379,0.0037530862807498,155,2521.0184564311216,39.61887062583333
8.6,10.65,0.1433333333333333,22.851833333333342,91.59,4.148166666666658,1736.4418604651123,b2,88.81,27.0,0.8075116612665106,0.0053086417786922,156,1773.0057904916673,42.06549020916666
8.57,10.61,0.1428333333333333,22.99466666666667,90.9277,4.005333333333326,1682.5204200700084,b2,88.81,27.0,0.8077284818352045,0.0052901232608596,157,1716.3892442525653,44.65763562583336
10.07,10.42,0.1678333333333333,23.16250000000001,104.9294,3.837499999999991,1371.896722939421,b2,88.81,27.0,0.9664106558147164,0.006216049152492,158,1361.8813254588497,37.35762489625
9.96,10.22,0.166,23.32850000000001,101.79120000000002,3.671499999999991,1327.0481927710812,b2,88.81,27.0,0.9745595915303727,0.0061481479204389,159,1325.8210181247239,35.23195666666664
9.68,9.75,0.1613333333333333,23.489833333333344,94.38,3.510166666666656,1305.433884297517,b2,88.81,27.0,0.9928204109927784,0.0059753084206675,160,1320.560768838257,37.75007416666665
7.48,9.73,0.1246666666666666,23.61450000000001,72.78040000000001,3.3854999999999897,1629.3850267379628,b2,88.81,27.0,0.7687563444238085,0.0046172837796067,161,1605.6999626091867,44.903187916666674
7.45,9.67,0.1241666666666666,23.73866666666668,72.0415,3.2613333333333223,1575.9463087248268,b2,88.81,27.0,0.7704239120554384,0.0045987652617741,162,1579.807318692956,44.57086364625005
7.42,9.59,0.1236666666666666,23.862333333333343,71.1578,3.1376666666666573,1522.3180592991869,b2,88.81,27.0,0.7737225470570859,0.0045802467439414,163,1525.2897627292148,45.05910541666671
5.32,9.86,0.0886666666666666,23.951000000000008,52.4552,3.0489999999999924,2063.2330827067617,b2,88.81,27.0,0.5395536978140267,0.0032839504956561,164,2057.7406160421324,45.81503354249997
5.32,9.85,0.0886666666666666,24.039666666666676,52.402,2.960333333333324,2003.2330827067603,b2,88.81,27.0,0.5401014680100034,0.0032839504956561,165,2007.1235825112808,44.948079272083326
5.88,9.74,0.098,24.137666666666675,57.2712,2.862333333333325,1752.448979591832,b2,88.81,27.0,0.6036960365815158,0.0036296294951989,166,1739.638218695714,53.101868340000046
5.87,9.7,0.0978333333333333,24.23550000000001,56.939,2.764499999999991,1695.4344122657526,b2,88.81,27.0,0.6051545767881881,0.0036234566559213,167,1677.7765606158086,56.47902750500006
5.85,9.66,0.0974999999999999,24.33300000000001,56.511,2.666999999999991,1641.2307692307638,b2,88.81,27.0,0.6055899994213251,0.0036111109773662,168,1633.1170368579117,56.352242608750046
7.32,9.45,0.122,24.45500000000001,69.17399999999999,2.544999999999991,1251.6393442622905,b2,88.81,27.0,0.7746030926345935,0.0045185183511659,169,1304.3679056349838,43.964496249999996
7.27,9.33,0.1211666666666666,24.576166666666676,67.8291,2.4238333333333237,1200.247592847313,b2,88.81,27.0,0.7792067760764442,0.0044876541547782,170,1250.6754311155944,39.19736208333338
5.83,9.43,0.0971666666666666,24.673333333333343,54.9769,2.3266666666666573,1436.7066895368723,b2,88.81,27.0,0.6182395950965436,0.0035987652988111,171,1400.9053373582701,34.82601874999997
5.82,9.4,0.097,24.770333333333344,54.708000000000006,2.229666666666656,1379.175257731952,b2,88.81,27.0,0.6191488703033117,0.0035925924595336,172,1390.3106692257995,32.89681041666664
2.19,9.84,0.0365,24.806833333333344,21.5496,2.193166666666656,3605.2054794520377,b2,88.81,27.0,0.2225609529917731,0.0013518518017832,173,3624.9741980073495,37.7071885608333
5.53,9.4,0.0921666666666666,24.89900000000001,51.982000000000006,2.1009999999999884,1367.7396021699744,b2,88.81,27.0,0.5882978097555522,0.0034135801204846,174,1376.516619400847,31.91847104249998
5.52,9.37,0.092,24.99100000000001,51.72239999999999,2.0089999999999897,1310.2173913043412,b2,88.81,27.0,0.5891141313645538,0.0034074072812071,175,1327.1208960522408,33.782523542499995
5.5,9.33,0.0916666666666666,25.082666666666675,51.315,1.917333333333325,1254.9818181818123,b2,88.81,27.0,0.5894961854773649,0.003395061602652,176,1303.2360256200589,36.163374273749966
9.01,12.42,0.1501666666666666,0.1501666666666666,111.9042,69.84983333333334,27908.923418423976,b3,88.35,70.0,0.7254427757292451,0.0021452380645918,0,27708.854745009783,2.3862208333333372
9.18,12.24,0.153,0.3031666666666667,112.3632,69.69683333333333,27332.091503267973,b3,88.35,70.0,0.7499999387254952,0.0021857142544897,1,27015.60346932846,1.7196554166666664
9.17,12.22,0.1528333333333333,0.456,112.0574,69.544,27301.897491821157,b3,88.35,70.0,0.7504091038945087,0.0021833333021428,2,26895.748353665123,1.781146249999999
9.17,12.22,0.1528333333333333,0.6088333333333333,112.0574,69.39116666666666,27241.897491821153,b3,88.35,70.0,0.7504091038945087,0.0021833333021428,3,26890.43343065209,1.9020895833333322
19.11,12.04,0.3185,0.9273333333333332,230.0844,69.07266666666666,13012.119309262163,b3,88.35,70.0,1.5872091704975773,0.004549999935,4,12753.54135639512,4.593925942083339
19.07,12.01,0.3178333333333333,1.2451666666666668,229.0307,68.75483333333334,12979.412690089146,b3,88.35,70.0,1.5878433315700808,0.0045404761256122,5,12749.77354922499,4.37467146083334
19.06,12.0,0.3176666666666666,1.5628333333333333,228.71999999999997,68.43716666666667,12926.22245540399,b3,88.35,70.0,1.5883332009722333,0.0045380951732653,6,12704.889336965689,4.653067710833339
19.53,11.98,0.3255,1.8883333333333332,233.96940000000004,68.11166666666666,12555.145929339476,b3,88.35,70.0,1.6302168923024298,0.0046499999335714,7,12487.068936234158,4.933543749999999
19.51,11.98,0.3251666666666667,2.2135,233.72980000000004,67.7865,12508.016401845209,b3,88.35,70.0,1.6285474433599798,0.0046452380288775,8,12481.54757787714,4.876922916666665
19.5,11.97,0.325,2.5385,233.415,67.4615,12454.430769230768,b3,88.35,70.0,1.6290725456079744,0.0046428570765306,9,12404.62045724952,5.506375
23.96,11.89,0.3993333333333334,2.9378333333333333,284.8844,67.06216666666667,10076.118530884807,b3,88.35,70.0,2.015138602595576,0.0057047618232653,10,10196.94969682591,6.646770833333334
23.96,11.86,0.3993333333333334,3.3371666666666666,284.1656,66.66283333333334,10016.118530884807,b3,88.35,70.0,2.020235917349417,0.0057047618232653,11,10029.676689414156,6.150327500000006
23.96,11.86,0.3993333333333334,3.7365,284.1656,66.2635,9956.118530884807,b3,88.35,70.0,2.020235917349417,0.0057047618232653,12,9972.68146090959,6.555751666666669
23.87,11.85,0.3978333333333333,4.134333333333333,282.8595,65.86566666666667,9933.657310431505,b3,88.35,70.0,2.0143458215741927,0.0056833332521428,13,9928.917494333955,6.713304166666675
24.48,11.84,0.408,4.542333333333334,289.8432,65.45766666666667,9626.127450980392,b3,88.35,70.0,2.0675673929419434,0.0058285713453061,14,9593.03579060672,5.185617500000003
24.46,11.82,0.4076666666666667,4.95,289.1172,65.05,9573.998364677023,b3,88.35,70.0,2.0693737673964665,0.0058238094406122,15,9567.478112183418,5.762250833333343
24.44,11.81,0.4073333333333334,5.357333333333334,288.63640000000004,64.64266666666667,9521.833060556464,b3,88.35,70.0,2.0694325089388226,0.0058190475359183,16,9509.943550224278,6.466701250000007
24.96,11.8,0.416,5.773333333333334,294.528,64.22666666666666,9263.461538461535,b3,88.35,70.0,2.115254058029317,0.0059428570579591,17,9250.856789983805,11.006837083333334
24.95,11.79,0.4158333333333333,6.189166666666668,294.16049999999996,63.810833333333335,9207.174348697396,b3,88.35,70.0,2.116199990144191,0.0059404761056122,18,9195.195266959689,10.533200416666668
24.92,11.78,0.4153333333333334,6.604500000000002,293.5576,63.3955,9158.258426966291,b3,88.35,70.0,2.115449735530583,0.0059333332485714,19,9161.221568723424,9.469675833333323
24.91,11.77,0.4151666666666667,7.0196666666666685,293.1907,62.980333333333334,9101.93496587716,b3,88.35,70.0,2.116397441257652,0.0059309522962244,20,9133.053439709214,9.037857916666663
5.94,12.13,0.099,7.118666666666669,72.05220000000001,62.88133333333333,38109.89898989898,b3,88.35,70.0,0.4896949307753561,0.0014142856940816,21,36840.16867361186,12.806670000000018
5.94,12.15,0.099,7.217666666666669,72.171,62.782333333333334,38049.89898989899,b3,88.35,70.0,0.4888888486511236,0.0014142856940816,22,36870.20856545349,12.196292916666678
5.93,12.16,0.0988333333333333,7.316500000000002,72.1088,62.683499999999995,38054.06408094435,b3,88.35,70.0,0.4876644335802275,0.0014119047417346,23,37977.5686950248,7.921542083333324
5.92,12.16,0.0986666666666666,7.415166666666669,71.9872,62.58483333333333,38058.34459459459,b3,88.35,70.0,0.4868420652268038,0.0014095237893877,24,37995.6066459134,7.73064666666666
5.92,12.16,0.0986666666666666,7.513833333333335,71.9872,62.48616666666666,37998.34459459459,b3,88.35,70.0,0.4868420652268038,0.0014095237893877,25,37978.10910029568,7.790324999999993
5.91,12.17,0.0985,7.612333333333335,71.9247,62.38766666666667,38002.63959390863,b3,88.35,70.0,0.485620338075568,0.0014071428370408,26,38010.0232030477,7.99453999999999
26.51,11.84,0.4418333333333333,8.054166666666669,313.8784,61.94583333333333,8412.108638249716,b3,88.35,70.0,2.239020081163845,0.0063119046717346,27,8690.366655854239,10.227473749999978
24.25,11.78,0.4041666666666667,8.458333333333336,285.66499999999996,61.541666666666664,9136.082474226803,b3,88.35,70.0,2.058573679238228,0.0057738094413265,28,9182.37574218317,10.21069791666666
24.22,11.77,0.4036666666666667,8.862000000000002,285.0694,61.138,9087.398843930636,b3,88.35,70.0,2.057773826867135,0.0057666665842857,29,9131.497456692154,10.709253336666672
24.21,11.76,0.4035,9.2655,284.7096,60.7345,9031.152416356876,b3,88.35,70.0,2.0586732943305024,0.0057642856319387,30,9077.7082806559,11.533952503333337
18.77,11.9,0.3128333333333333,9.578333333333337,223.363,60.42166666666667,11588.598827916889,b3,88.35,70.0,1.5773107918226226,0.004469047555204,31,11634.72576333318,10.627817709166674
18.31,11.84,0.3051666666666666,9.883500000000002,216.7904,60.1165,11819.7378481704,b3,88.35,70.0,1.5464525720901543,0.0043595237472448,32,11757.081478066833,12.177078333333332
18.3,11.84,0.305,10.1885,216.672,59.811499999999995,11766.196721311477,b3,88.35,70.0,1.545607977566894,0.0043571427948979,33,11734.74147196769,12.037675416666671
18.31,11.83,0.3051666666666666,10.493666666666668,216.6073,59.50633333333333,11699.7706171491,b3,88.35,70.0,1.5477598015418594,0.0043595237472448,34,11672.661568515205,12.594720833333334
18.29,11.83,0.3048333333333333,10.7985,216.3707,59.2015,11652.564242755603,b3,88.35,70.0,1.5460691846095365,0.004354761842551,35,11630.794871196933,12.754662083333335
18.29,11.82,0.3048333333333333,11.103333333333332,216.1878,58.89666666666667,11592.564242755603,b3,88.35,70.0,1.5473771956533675,0.004354761842551,36,11569.100127771171,12.876902709166668
20.59,11.77,0.3431666666666667,11.4465,242.3443,58.5535,10237.620203982517,b3,88.35,70.0,1.7493626381170233,0.0049023808823469,37,10177.434112186214,13.79680136041667
20.58,11.77,0.3429999999999999,11.7895,242.22659999999996,58.2105,10182.59475218659,b3,88.35,70.0,1.7485130205171606,0.00489999993,38,10173.197359131515,13.980072193750006
20.57,11.76,0.3428333333333333,12.132333333333332,241.9032,57.867666666666665,10127.544968400583,b3,88.35,70.0,1.7491495111267423,0.004897618977653,39,10115.099451001744,14.59956271416668
20.56,11.76,0.3426666666666666,12.475,241.7856,57.525,10072.470817120624,b3,88.35,70.0,1.7482991710629956,0.0048952380253061,40,10090.468868135593,15.449222925
20.55,11.75,0.3425,12.8175,241.4625,57.182500000000005,10017.372262773724,b3,88.35,70.0,1.7489360213671472,0.0048928570729591,41,10032.829764832053,15.657221467500015
16.53,11.82,0.2755,13.092999999999998,195.3846,56.907,12393.539019963702,b3,88.35,70.0,1.398477039045936,0.0039357142294897,42,12175.898066629188,13.45555791666666
16.52,11.82,0.2753333333333333,13.368333333333332,195.2664,56.63166666666667,12341.041162227602,b3,88.35,70.0,1.397631015428848,0.0039333332771428,43,12172.034136366316,13.51790708333333
16.52,11.81,0.2753333333333333,13.643666666666666,195.1012,56.35633333333333,12281.041162227602,b3,88.35,70.0,1.3988144454856524,0.0039333332771428,44,12140.38389868454,14.115672500000006
16.52,11.81,0.2753333333333333,13.919,195.1012,56.081,12221.041162227604,b3,88.35,70.0,1.3988144454856524,0.0039333332771428,45,12125.503939226388,14.17389541666667
17.12,11.79,0.2853333333333333,14.204333333333334,201.8448,55.79566666666666,11732.733644859813,b3,88.35,70.0,1.45207790906888,0.0040761904179591,46,11689.361061371192,14.87462166666667
17.12,11.79,0.2853333333333333,14.489666666666668,201.8448,55.510333333333335,11672.733644859813,b3,88.35,70.0,1.45207790906888,0.0040761904179591,47,11664.269223475669,15.002907083333339
17.11,11.79,0.2851666666666667,14.774833333333335,201.72689999999997,55.22516666666667,11619.555815312684,b3,88.35,70.0,1.451229732720125,0.0040738094656122,48,11658.286857577124,14.896143750000007
23.37,11.66,0.3895,15.164333333333335,272.49420000000003,54.83566666666667,8447.086007702183,b3,88.35,70.0,2.0042879927711845,0.0055642856347959,49,8389.518214264759,20.14844229416664
23.36,11.65,0.3893333333333333,15.553666666666668,272.144,54.44633333333333,8390.70205479452,b3,88.35,70.0,2.0051500424763913,0.0055619046824489,50,8326.34002405465,20.706340833333297
23.34,11.64,0.389,15.942666666666668,271.6776,54.05733333333333,8337.892030848328,b3,88.35,70.0,2.005154466911128,0.0055571427777551,51,8237.287498128748,22.193150312916632
23.33,11.63,0.3888333333333333,16.331500000000002,271.3279,53.668499999999995,8281.465923703387,b3,88.35,70.0,2.0060187441084483,0.0055547618254081,52,8213.545652713332,22.455661146249962
24.59,11.6,0.4098333333333333,16.741333333333337,285.24399999999997,53.25866666666666,7797.120780805205,b3,88.35,70.0,2.1198274034631552,0.0058547618211224,53,7833.957537187608,20.95324604416666
24.57,11.59,0.4095,17.15083333333334,284.7663,52.84916666666666,7743.467643467642,b3,88.35,70.0,2.119930792068094,0.0058499999164285,54,7738.455084477228,21.128947918333328
24.55,11.57,0.4091666666666667,17.560000000000006,284.0435,52.44,7689.775967413441,b3,88.35,70.0,2.1218667137539575,0.0058452380117346,55,7682.314039342761,21.23183052375
24.53,11.56,0.4088333333333333,17.96883333333334,283.5668,52.031166666666664,7636.045658377496,b3,88.35,70.0,2.121972134777497,0.0058404761070408,56,7657.651384388716,21.78003396083333
24.51,11.55,0.4085,18.37733333333334,283.0905,51.62266666666666,7582.276621787024,b3,88.35,70.0,2.122077738348248,0.0058357142023469,57,7617.601420965362,22.857316460833317
21.0,11.62,0.35,18.72733333333334,244.02,51.27266666666666,8789.599999999999,b3,88.35,70.0,1.8072287601352188,0.0049999999285714,58,8583.253048575727,21.739590833333317
21.0,11.61,0.35,19.077333333333343,243.81,50.92266666666666,8729.599999999999,b3,88.35,70.0,1.8087853739202953,0.0049999999285714,59,8555.057703030896,21.54083708333333
20.99,11.6,0.3498333333333333,19.427166666666675,243.484,50.57283333333332,8673.758932825152,b3,88.35,70.0,1.8094826026308104,0.0049976189762244,60,8524.722021066345,21.85178791666669
20.98,11.6,0.3496666666666667,19.776833333333343,243.368,50.22316666666666,8617.893231649188,b3,88.35,70.0,1.8086205337396093,0.0049952380238775,61,8504.279797864485,22.340560000000018
20.97,11.59,0.3495,20.126333333333346,243.0423,49.87366666666666,8562.002861230329,b3,88.35,70.0,1.8093182218017063,0.0049928570715306,62,8300.856376715321,23.451904583333345
23.83,11.52,0.3971666666666666,20.52350000000001,274.5216,49.47649999999999,7474.418799832143,b3,88.35,70.0,2.068576209324982,0.0056738094427551,63,7444.788245328457,24.42083125000001
23.82,11.51,0.397,20.920500000000008,274.1682,49.0795,7417.556675062971,b3,88.35,70.0,2.0695045986529457,0.0056714284904081,64,7400.400275104788,24.393
23.8,11.5,0.3966666666666666,21.317166666666676,273.7,48.68283333333332,7363.789915966385,b3,88.35,70.0,2.0695650374291272,0.0056666665857142,65,7361.601701810926,24.870518749999995
23.79,11.49,0.3964999999999999,21.713666666666676,273.3471,48.28633333333333,7306.885245901638,b3,88.35,70.0,2.0704959033510963,0.0056642856333673,66,7293.77139537951,24.55823833333332
23.77,11.48,0.3961666666666666,22.10983333333334,272.8796,47.89016666666666,7253.033235170382,b3,88.35,70.0,2.0705573109270636,0.0056595237286734,67,7242.442462549922,24.279369166666655
23.76,11.47,0.396,22.505833333333342,272.52720000000005,47.49416666666666,7196.085858585857,b3,88.35,70.0,2.0714906650836387,0.0056571427763265,68,7127.421678005705,24.448859583333324
23.75,11.47,0.3958333333333333,22.90166666666667,272.4125,47.09833333333333,7139.115789473683,b3,88.35,70.0,2.070618825578132,0.0056547618239795,69,7122.706070304024,24.66730291666665
23.73,11.46,0.3955,23.297166666666673,271.9458,46.70283333333333,7085.132743362831,b3,88.35,70.0,2.070680447584603,0.0056499999192857,70,7086.174605221477,24.770746666666646
18.42,11.45,0.307,23.60416666666667,210.909,46.39583333333333,9067.589576547229,b3,88.35,70.0,1.6087334839534078,0.0043857142230612,71,7956.672300710437,29.20726958333335
19.04,11.55,0.3173333333333333,23.921500000000005,219.912,46.07849999999999,8712.321428571428,b3,88.35,70.0,1.6484847057588998,0.0045333332685714,72,8346.253220507095,26.022159166666693
19.03,11.54,0.3171666666666667,24.23866666666667,219.6062,45.761333333333326,8656.899632159744,b3,88.35,70.0,1.649046650862509,0.0045309523162244,73,8358.378537500745,25.935410416666695
19.03,11.54,0.3171666666666667,24.555833333333336,219.6062,45.44416666666666,8596.899632159746,b3,88.35,70.0,1.649046650862509,0.0045309523162244,74,8287.891928464584,26.26955708333336
19.02,11.53,0.317,24.872833333333336,219.30059999999995,45.12716666666667,8541.419558359623,b3,88.35,70.0,1.6496095707190312,0.0045285713638775,75,8223.003699415549,26.5359591666667
15.23,11.62,0.2538333333333333,25.12666666666667,176.9726,44.873333333333335,10606.959947472094,b3,88.35,70.0,1.3106711436599707,0.0036261904243877,76,10275.883775969942,25.902637916666713
15.23,11.62,0.2538333333333333,25.3805,176.9726,44.6195,10546.959947472094,b3,88.35,70.0,1.3106711436599707,0.0036261904243877,77,10270.443541370778,26.03774041666671
15.23,11.62,0.2538333333333333,25.634333333333338,176.9726,44.36566666666667,10486.959947472096,b3,88.35,70.0,1.3106711436599707,0.0036261904243877,78,10267.914479859535,26.00935208333337
14.88,11.63,0.248,25.882333333333335,173.05440000000002,44.117666666666665,10673.629032258064,b3,88.35,70.0,1.279449589041308,0.0035428570922448,79,10582.682841885211,26.235442500000012
14.88,11.62,0.248,26.130333333333336,172.9056,43.86966666666666,10613.629032258064,b3,88.35,70.0,1.2805506643243836,0.0035428570922448,80,10448.346839381356,26.619228333333364
14.88,11.62,0.248,26.378333333333337,172.9056,43.62166666666666,10553.629032258064,b3,88.35,70.0,1.2805506643243836,0.0035428570922448,81,10403.393103693987,26.868155416666692
17.18,11.56,0.2863333333333333,26.66466666666667,198.6008,43.33533333333333,9080.745052386495,b3,88.35,70.0,1.4861590409897023,0.0040904761320408,82,8846.338242889315,27.780656666666673
17.17,11.55,0.2861666666666667,26.950833333333335,198.31350000000003,43.049166666666665,9026.033779848573,b3,88.35,70.0,1.4865799578718653,0.0040880951796938,83,8796.700541719545,27.641464166666683
17.16,11.55,0.286,27.236833333333337,198.198,42.76316666666666,8971.293706293705,b3,88.35,70.0,1.4857141570810253,0.0040857142273469,84,8793.912952653945,27.68983541666669
17.15,11.54,0.2858333333333333,27.52266666666667,197.91099999999997,42.477333333333334,8916.524781341108,b3,88.35,70.0,1.486135053194536,0.004083333275,85,8765.52735192934,27.873719583333365
17.15,11.54,0.2858333333333333,27.8085,197.91099999999997,42.1915,8856.524781341108,b3,88.35,70.0,1.486135053194536,0.004083333275,86,8756.90742382599,28.03277125000003
17.15,11.53,0.2858333333333333,28.094333333333335,197.73949999999996,41.90566666666666,8796.524781341108,b3,88.35,70.0,1.4874239820100623,0.004083333275,87,8667.679714483049,28.134655416666714
17.14,11.53,0.2856666666666667,28.380000000000003,197.6242,41.62,8741.656942823804,b3,88.35,70.0,1.4865566793966456,0.004080952322653,88,8661.76615986381,28.247251250000048
17.14,11.52,0.2856666666666667,28.66566666666667,197.4528,41.33433333333333,8681.656942823804,b3,88.35,70.0,1.487847093068829,0.004080952322653,89,8577.201062481336,28.362035416666707
17.14,11.52,0.2856666666666667,28.951333333333334,197.4528,41.04866666666666,8621.656942823804,b3,88.35,70.0,1.487847093068829,0.004080952322653,90,8553.605595398418,28.6765966666667
17.13,11.51,0.2855,29.236833333333337,197.1663,40.76316666666666,8566.690017513136,b3,88.35,70.0,1.4882709393335414,0.0040785713703061,91,8442.31033514397,29.460953750000026
11.02,11.67,0.1836666666666666,29.420500000000004,128.6034,40.5795,13256.460980036296,b3,88.35,70.0,0.944301547189242,0.0026238094863265,92,12898.391312277812,31.331652916666663
11.02,11.68,0.1836666666666666,29.60416666666667,128.7136,40.39583333333333,13196.460980036296,b3,88.35,70.0,0.9434930699064152,0.0026238094863265,93,13022.09889474718,30.54588749999998
11.03,11.68,0.1838333333333333,29.788000000000004,128.8304,40.212,13124.4968268359,b3,88.35,70.0,0.9443492342166752,0.0026261904386734,94,12968.682659359776,30.583149166666608
11.02,11.68,0.1836666666666666,29.97166666666667,128.7136,40.02833333333333,13076.406533575317,b3,88.35,70.0,0.9434930699064152,0.0026238094863265,95,12936.921480559218,31.071215833333298
11.03,11.68,0.1838333333333333,30.155500000000004,128.8304,39.8445,13004.551223934724,b3,88.35,70.0,0.9443492342166752,0.0026261904386734,96,12808.978091510176,31.799878333333304
11.02,11.68,0.1836666666666666,30.33916666666667,128.7136,39.66083333333333,12956.352087114336,b3,88.35,70.0,0.9434930699064152,0.0026238094863265,97,12782.291762864377,32.22438333333332
16.77,11.52,0.2794999999999999,30.61866666666667,193.1904,39.38133333333333,8453.953488372092,b3,88.35,70.0,1.4557290403012988,0.0039928570858163,98,8415.079854765161,29.64469916666667
16.75,11.51,0.2791666666666667,30.897833333333335,192.7925,39.10216666666666,8404.04776119403,b3,88.35,70.0,1.4552561724364752,0.0039880951811224,99,8325.1142123351,30.28556375
17.12,11.49,0.2853333333333333,31.18316666666667,196.7088,38.816833333333335,8162.4182242990655,b3,88.35,70.0,1.4899911671025965,0.0040761904179591,100,8007.376620200805,31.81972041666664
17.11,11.48,0.2851666666666667,31.468333333333337,196.4228,38.531666666666666,8107.18877849211,b3,88.35,70.0,1.490417988639548,0.0040738094656122,101,7934.997903057224,32.07321291666663
17.11,11.48,0.2851666666666667,31.7535,196.4228,38.2465,8047.18877849211,b3,88.35,70.0,1.490417988639548,0.0040738094656122,102,7925.817337311081,32.18722874999996
17.11,11.47,0.2851666666666667,32.038666666666664,196.2517,37.961333333333336,7987.188778492111,b3,88.35,70.0,1.4917173939217616,0.0040738094656122,103,7838.609360331565,32.94335781291662
17.1,11.46,0.285,32.32366666666666,195.96600000000004,37.67633333333334,7931.859649122807,b3,88.35,70.0,1.4921464666538862,0.0040714285132653,104,7805.212740176664,33.1778844795833
17.09,11.45,0.2848333333333333,32.60849999999999,195.6805,37.39150000000001,7876.500877706262,b3,88.35,70.0,1.492576288857966,0.0040690475609183,105,7775.791455719666,33.36458447958331
17.08,11.45,0.2846666666666666,32.89316666666666,195.56599999999997,37.10683333333334,7821.1124121779885,b3,88.35,70.0,1.4917029264888275,0.0040666666085714,106,7764.724008184884,33.2229358333333
17.08,11.44,0.2846666666666666,33.177833333333325,195.39519999999996,36.822166666666675,7761.112412177988,b3,88.35,70.0,1.4930068624994002,0.0040666666085714,107,7720.467920178341,33.748219999999975
22.86,11.27,0.381,33.558833333333325,257.6322,36.441166666666675,5738.766404199477,b3,88.35,70.0,2.028393786300463,0.005442857065102,108,5590.165075620356,44.182956250000025
22.82,11.25,0.3803333333333333,33.93916666666666,256.725,36.06083333333334,5688.825591586329,b3,88.35,70.0,2.0284442641382876,0.0054333332557142,109,5555.38095622794,44.90314750000002
22.8,11.23,0.38,34.31916666666666,256.04400000000004,35.68083333333334,5633.815789473685,b3,88.35,70.0,2.0302758655141706,0.0054285713510204,110,5504.147316965203,43.82813708333333
22.78,11.22,0.3796666666666667,34.698833333333326,255.59160000000003,35.301166666666674,5578.762071992977,b3,88.35,70.0,2.0303028493491224,0.0054238094463265,111,5466.921477059008,44.04639166666665
23.69,11.17,0.3948333333333333,35.09366666666666,264.6173,34.90633333333334,5304.466019417477,b3,88.35,70.0,2.1208592550707923,0.0056404761098979,112,5235.353053000788,44.7194675
23.67,11.16,0.3945,35.48816666666666,264.15720000000005,34.51183333333334,5248.948035487961,b3,88.35,70.0,2.120967551884628,0.005635714205204,113,5216.370587335251,44.87319583333333
23.65,11.14,0.3941666666666666,35.88233333333332,263.461,34.11766666666668,5193.386892177592,b3,88.35,70.0,2.1229800607737825,0.0056309523005102,114,5150.978402245051,45.38036625000001
23.62,11.12,0.3936666666666666,36.27599999999999,262.6544,33.72400000000001,5139.983065198985,b3,88.35,70.0,2.1241005284082264,0.0056238094434693,115,5134.540586009767,45.209957083333336
25.04,11.06,0.4173333333333333,36.69333333333332,276.9424,33.30666666666668,4788.498402555912,b3,88.35,70.0,2.264014261843195,0.0059619046767346,116,4885.278574391554,44.79618749999998
25.0,11.04,0.4166666666666667,37.109999999999985,276.0,32.890000000000015,4736.160000000003,b3,88.35,70.0,2.26449254850611,0.0059523808673469,117,4771.660469944955,45.120609166666654
24.97,11.02,0.4161666666666666,37.526166666666654,275.1694,32.473833333333346,4681.850220264319,b3,88.35,70.0,2.265880012170598,0.0059452380103061,118,4688.770729872525,46.270142916666664
24.93,11.0,0.4155,37.941666666666656,274.23,32.058333333333344,4629.362214199761,b3,88.35,70.0,2.2663634303305975,0.0059357142009183,119,4618.9529895817695,48.30569166666669
24.9,10.98,0.415,38.356666666666655,273.402,31.643333333333345,4574.939759036147,b3,88.35,70.0,2.2677593563060694,0.0059285713438775,120,4555.3090516439415,49.59547000000004
24.87,10.96,0.4145,38.77116666666665,272.57520000000005,31.22883333333335,4520.458383594695,b3,88.35,70.0,2.2691603769014255,0.0059214284868367,121,4521.973585723252,49.72497208333337
16.35,10.94,0.2725,39.04366666666665,178.869,30.956333333333347,6816.073394495415,b3,88.35,70.0,1.4945154026951188,0.0038928570872448,122,6189.993622751811,45.354875833333296
19.87,11.08,0.3311666666666666,39.37483333333332,220.1596,30.62516666666668,5548.595873175644,b3,88.35,70.0,1.7933211377869012,0.0047309523133673,123,5288.864274172521,46.52458166666667
19.85,11.07,0.3308333333333333,39.70566666666665,219.7395,30.29433333333335,5494.186397984889,b3,88.35,70.0,1.7931344360312165,0.0047261904086734,124,5245.042697344413,46.63369458333332
19.85,11.06,0.3308333333333333,40.03649999999998,219.54100000000005,29.963500000000018,5434.1863979848895,b3,88.35,70.0,1.7947557147598814,0.0047261904086734,125,5241.939916405614,46.69379833333333
22.57,10.96,0.3761666666666666,40.41266666666665,247.36720000000005,29.587333333333348,4719.291094373064,b3,88.35,70.0,2.059306381450148,0.0053738094470408,126,4583.60249425739,48.2713666666667
25.78,10.94,0.4296666666666667,40.84233333333332,282.0332,29.15766666666668,4071.6679596586514,b3,88.35,70.0,2.3564897297541383,0.0061380951504081,127,4334.479222537679,49.07329916666666
23.72,10.87,0.3953333333333333,41.237666666666655,257.83639999999997,28.762333333333345,4365.278246205736,b3,88.35,70.0,2.182152513141443,0.0056476189669387,128,4355.903984478525,49.50284416666668
23.68,10.85,0.3946666666666666,41.63233333333332,256.928,28.36766666666668,4312.652027027029,b3,88.35,70.0,2.1824882781116797,0.005638095157551,129,4317.406957552461,49.62124541666667
23.65,10.83,0.3941666666666666,42.026499999999984,256.1295,27.973500000000016,4258.122621564485,b3,88.35,70.0,2.183748644159867,0.0056309523005102,130,4282.592680465107,49.702632083333334
23.62,10.8,0.3936666666666666,42.42016666666665,255.09600000000003,27.579833333333347,4203.530906011856,b3,88.35,70.0,2.187036834533626,0.0056238094434693,131,4161.419594135306,51.17922208499999
23.59,10.77,0.3931666666666666,42.81333333333332,254.06429999999995,27.18666666666668,4148.876642645191,b3,88.35,70.0,2.19034334351501,0.0056166665864285,132,4127.277329797293,51.09422958499997
22.9,10.77,0.3816666666666666,43.194999999999986,246.633,26.805000000000017,4213.886462882098,b3,88.35,70.0,2.1262764970959616,0.0054523808744897,133,4130.0450317049,51.689659377499964
22.87,10.75,0.3811666666666667,43.57616666666665,245.8525,26.42383333333335,4159.414079580239,b3,88.35,70.0,2.1274416625635664,0.0054452380174489,134,4077.1887197875844,52.2811700033333
22.83,10.72,0.3804999999999999,43.95666666666665,244.7376,26.04333333333335,4106.701708278583,b3,88.35,70.0,2.129663980441793,0.0054357142080612,135,4039.900842303221,53.46459375333332
22.79,10.69,0.3798333333333333,44.33649999999998,243.62509999999995,25.66350000000002,4053.9096094778447,b3,88.35,70.0,2.1318987715716773,0.0054261903986734,136,4011.456653646877,54.10602354416667
22.75,10.66,0.3791666666666666,44.71566666666665,242.515,25.28433333333335,4001.0373626373657,b3,88.35,70.0,2.134146141262088,0.0054166665892857,137,3995.9415906496397,54.834400210833316
17.73,10.86,0.2955,45.01116666666665,192.5478,24.988833333333353,5073.874788494082,b3,88.35,70.0,1.6325965347517006,0.0042214285111224,138,4941.828753130664,50.053582916666656
17.72,10.85,0.2953333333333333,45.30649999999998,192.26199999999997,24.69350000000002,5016.738148984204,b3,88.35,70.0,1.6331795729788412,0.0042190475587755,139,4899.3855654821145,49.909395833333335
17.71,10.84,0.2951666666666667,45.601666666666645,191.9764,24.398333333333355,4959.570863918694,b3,88.35,70.0,1.6337636869221692,0.0042166666064285,140,4864.879854728662,50.05684833333335
17.71,10.84,0.2951666666666667,45.89683333333331,191.9764,24.103166666666688,4899.570863918694,b3,88.35,70.0,1.6337636869221692,0.0042166666064285,141,4858.319755941524,50.098010416666675
21.41,10.63,0.3568333333333333,46.253666666666646,227.58830000000003,23.746333333333354,3992.8444652031794,b3,88.35,70.0,2.0141108171109297,0.0050976189747959,142,4023.108478342257,54.41146541666667
21.36,10.59,0.356,46.60966666666665,226.2024,23.390333333333352,3942.1910112359583,b3,88.35,70.0,2.016996976676395,0.0050857142130612,143,3914.2553118115156,55.136758333333354
24.77,10.38,0.4128333333333333,47.02249999999998,257.11260000000004,22.97750000000002,3339.4832458619326,b3,88.35,70.0,2.386319615961501,0.0058976189633673,144,3373.033100825589,52.87048010541665
24.63,10.29,0.4105,47.43299999999998,253.44269999999997,22.56700000000002,3298.465286236301,b3,88.35,70.0,2.3935857732180983,0.0058642856305102,145,3324.286765816861,53.643615209166654
24.38,10.36,0.4063333333333333,47.839333333333315,252.57679999999996,22.160666666666685,3272.2887612797404,b3,88.35,70.0,2.3532816261311176,0.0058047618218367,146,3289.535873099675,54.62614333333334
23.7,10.15,0.3949999999999999,48.23433333333332,240.555,21.76566666666668,3306.177215189876,b3,88.35,70.0,2.3349751394113163,0.0056428570622448,147,3280.9580614554498,55.02398083333335
23.55,10.04,0.3925,48.62683333333331,236.442,21.373166666666684,3267.235668789812,b3,88.35,70.0,2.3456172962532578,0.0056071427770408,148,3281.5213926853135,54.75653875000002
23.36,9.91,0.3893333333333333,49.01616666666665,231.4976,20.98383333333335,3233.809931506852,b3,88.35,70.0,2.3572146965474574,0.0055619046824489,149,3289.6538003154333,54.754345416666695
18.82,10.12,0.3136666666666666,49.32983333333332,190.4584,20.67016666666668,3953.9107332624894,b3,88.35,70.0,1.8596836107032009,0.0044809523169387,150,3866.281522590336,55.84001791666664
18.75,10.07,0.3125,49.64233333333332,188.8125,20.35766666666668,3908.672000000003,b3,88.35,70.0,1.861966051443292,0.0044642856505102,151,3861.322910704482,55.758465833333304
18.64,9.97,0.3106666666666667,49.95299999999999,185.84080000000003,20.04700000000001,3871.738197424894,b3,88.35,70.0,1.8696086389560045,0.0044380951746938,152,3852.892239684543,55.97694999999997
18.54,9.87,0.309,50.261999999999986,182.98979999999997,19.738000000000017,3832.621359223303,b3,88.35,70.0,1.8784192625715035,0.0044142856512244,153,3835.8583322694035,56.05825416666665
16.6,10.02,0.2766666666666666,50.53866666666665,166.332,19.46133333333335,4220.530120481931,b3,88.35,70.0,1.656686461408537,0.0039523808959183,154,4050.8835818102684,58.21739719208333
14.37,10.23,0.2395,50.77816666666665,147.0051,19.22183333333335,4815.49060542798,b3,88.35,70.0,1.4046919448003965,0.003421428522551,155,4643.800505283548,53.65992458333333
14.36,10.22,0.2393333333333333,51.017499999999984,146.7592,18.982500000000016,4758.844011142066,b3,88.35,70.0,1.4050879251381678,0.003419047570204,156,4595.83230348715,52.37581291666666
14.33,10.18,0.2388333333333333,51.25633333333331,145.8794,18.743666666666684,4708.806699232384,b3,88.35,70.0,1.4076619442375302,0.0034119047131632,157,4575.362916322064,52.38762875
14.3,10.14,0.2383333333333333,51.49466666666665,145.002,18.505333333333347,4658.685314685318,b3,88.35,70.0,1.4102562711778823,0.0034047618561224,158,4550.160391290841,51.48185083333332
14.27,10.09,0.2378333333333333,51.73249999999999,143.9843,18.267500000000013,4608.479327259989,b3,88.35,70.0,1.414271415830385,0.0033976189990816,159,4535.097669582806,51.80797041666665
14.24,10.05,0.2373333333333333,51.96983333333332,143.11200000000002,18.03016666666668,4558.188202247195,b3,88.35,70.0,1.416915281898977,0.0033904761420408,160,4512.841406039027,51.96918999999997
14.21,10.01,0.2368333333333333,52.206666666666656,142.2421,17.793333333333344,4507.81140042224,b3,88.35,70.0,1.419580277764208,0.003383333285,161,4465.630860408573,52.834874166666665
14.18,9.97,0.2363333333333333,52.44299999999999,141.37460000000002,17.55700000000001,4457.348377997181,b3,88.35,70.0,1.422266657746574,0.0033761904279591,162,4430.736615685749,53.23743208333333
14.15,9.93,0.2358333333333333,52.67883333333332,140.5095,17.321166666666677,4406.798586572441,b3,88.35,70.0,1.4249746802643828,0.0033690475709183,163,4423.1522371579495,53.348311666666675
14.12,9.89,0.2353333333333333,52.91416666666666,139.6468,17.08583333333334,4356.161473087821,b3,88.35,70.0,1.427704607916622,0.0033619047138775,164,4414.82795063084,53.38740833333334
13.44,9.93,0.224,53.138166666666656,133.45919999999998,16.861833333333344,4516.562500000003,b3,88.35,70.0,1.353474183940163,0.0031999999542857,165,4490.582142103652,52.58717958333334
13.42,9.91,0.2236666666666666,53.36183333333332,132.9922,16.638166666666677,4463.29359165425,b3,88.35,70.0,1.3541875525542328,0.0031952380495918,166,4488.238432751382,52.74359625000001
13.4,9.88,0.2233333333333333,53.58516666666666,132.39200000000002,16.41483333333334,4409.955223880599,b3,88.35,70.0,1.3562751663689103,0.0031904761448979,167,4481.137100645653,53.08936
13.37,9.85,0.2228333333333333,53.80799999999999,131.69449999999998,16.192000000000007,4359.850411368739,b3,88.35,70.0,1.3573602682882977,0.0031833332878571,168,4470.362132222493,53.24581666666665
13.34,9.81,0.2223333333333333,54.03033333333333,130.8654,15.969666666666676,4309.655172413795,b3,88.35,70.0,1.3598367625038978,0.0031761904308163,169,4450.94061728752,53.46690833333332
11.31,10.03,0.1885,54.21883333333332,113.4393,15.781166666666678,5023.1830238726825,b3,88.35,70.0,1.127617036129907,0.0026928571043877,170,4726.414326967901,54.308800833333336
11.34,10.07,0.189,54.40783333333332,114.1938,15.592166666666678,4949.894179894183,b3,88.35,70.0,1.126117067912903,0.0026999999614285,171,4683.249848644787,53.09298458333333
11.34,10.08,0.189,54.59683333333332,114.3072,15.403166666666678,4889.894179894183,b3,88.35,70.0,1.1249998883928682,0.0026999999614285,172,4634.567653357128,53.015018749999996
11.34,10.08,0.189,54.78583333333332,114.3072,15.214166666666678,4829.894179894184,b3,88.35,70.0,1.1249998883928682,0.0026999999614285,173,4604.635038889552,53.218959166666664
11.33,10.06,0.1888333333333333,54.97466666666666,113.9798,15.025333333333345,4774.157105030894,b3,88.35,70.0,1.1262424327790823,0.0026976190090816,174,4598.020901024971,53.25477458333333
11.32,10.04,0.1886666666666666,55.16333333333333,113.6528,14.836666666666671,4718.374558303889,b3,88.35,70.0,1.127489927540844,0.0026952380567346,175,4601.110197209042,53.35640249999999
11.3,10.02,0.1883333333333333,55.35166666666666,113.226,14.64833333333334,4666.725663716817,b3,88.35,70.0,1.127744398428703,0.0026904761520408,176,4606.2299692774795,53.87486541666665
11.93,9.88,0.1988333333333333,55.55049999999999,117.8684,14.449500000000008,4360.284995808887,b3,88.35,70.0,1.2074897563269478,0.0028404761498979,177,4391.455543297858,54.664339583333295
11.91,9.83,0.1985,55.748999999999995,117.0753,14.251000000000005,4307.6070528967275,b3,88.35,70.0,1.2115970283217674,0.002835714245204,178,4378.506678631596,54.80210374999997
11.87,9.78,0.1978333333333333,55.94683333333333,116.0886,14.05316666666667,4262.122999157541,b3,88.35,70.0,1.2137013073925045,0.0028261904358163,179,4370.031347454044,54.96742541666663
11.85,9.74,0.1974999999999999,56.14433333333333,115.419,13.855666666666671,4209.316455696204,b3,88.35,70.0,1.2166323186209118,0.0028214285311224,180,4372.782353836586,54.97293791666665
11.82,9.69,0.197,56.34133333333333,114.5358,13.658666666666669,4160.0,b3,88.35,70.0,1.2198141156022586,0.0028142856740816,181,4378.764560404408,54.90193833333332
11.8,9.65,0.1966666666666666,56.538,113.87,13.462000000000003,4107.050847457628,b3,88.35,70.0,1.222797800746342,0.0028095237693877,182,4391.623049387259,54.66896833333331
9.92,9.88,0.1653333333333333,56.70333333333333,98.0096,13.296666666666669,4825.403225806452,b3,88.35,70.0,1.0040484813716113,0.0023619047281632,183,4766.545440220301,59.659324583333316
9.93,9.91,0.1655,56.868833333333335,98.4063,13.131166666666664,4760.543806646526,b3,88.35,70.0,1.0020180623594286,0.0023642856805102,184,4710.587699595981,59.20475999999998
9.94,9.94,0.1656666666666666,57.0345,98.8036,12.9655,4695.754527162978,b3,88.35,70.0,0.9999998993963884,0.0023666666328571,185,4627.198047148289,59.389817083333334
9.97,9.98,0.1661666666666666,57.20066666666667,99.5006,12.79933333333333,4621.62487462387,b3,88.35,70.0,0.9989978958919944,0.0023738094898979,186,4591.520525330339,60.062787916666686
10.65,9.93,0.1775,57.37816666666667,105.7545,12.621833333333328,4266.535211267604,b3,88.35,70.0,1.0725074448632987,0.0025357142494897,187,4338.335613111647,59.951345833333356
10.61,9.86,0.1768333333333333,57.55500000000001,104.61459999999998,12.444999999999991,4222.620169651271,b3,88.35,70.0,1.0760647995877486,0.002526190440102,188,4257.34837679603,59.859350833333366
6.91,10.48,0.1151666666666666,57.670166666666674,72.41680000000001,12.329833333333326,6423.646888567289,b3,88.35,70.0,0.6593510821229884,0.0016452380717346,189,6325.354669956058,62.69397583333339
6.96,10.65,0.116,57.786166666666674,74.124,12.213833333333326,6317.499999999996,b3,88.35,70.0,0.6535210653970831,0.0016571428334693,190,6259.755445085862,60.87887083333339
6.98,10.71,0.1163333333333333,57.9025,74.75580000000001,12.097499999999997,6239.39828080229,b3,88.35,70.0,0.6517272967574886,0.0016619047381632,191,6227.551198337,60.83818875000006
6.99,10.72,0.1165,58.019000000000005,74.9328,11.980999999999996,6170.472103004288,b3,88.35,70.0,0.6520521779802073,0.0016642856905102,192,6197.970631097157,60.992667500000046
7.63,10.67,0.1271666666666666,58.14616666666667,81.4121,11.853833333333329,5592.896461336825,b3,88.35,70.0,0.7150889676580162,0.0018166666407142,193,5529.369496583775,60.51639374999999
7.62,10.66,0.127,58.273166666666675,81.2292,11.726833333333325,5540.236220472437,b3,88.35,70.0,0.7148216965458072,0.0018142856883673,194,5461.461077317786,60.28851833333331
7.61,10.65,0.1268333333333333,58.400000000000006,81.04650000000001,11.599999999999994,5487.516425755582,b3,88.35,70.0,0.7145539235160636,0.0018119047360204,195,5420.823098603165,59.58828166666663
7.61,10.64,0.1268333333333333,58.526833333333336,80.97040000000001,11.473166666666664,5427.516425755583,b3,88.35,70.0,0.7152254966893331,0.0018119047360204,196,5395.746861101057,59.671829166666654
7.61,10.63,0.1268333333333333,58.653666666666666,80.89430000000002,11.346333333333334,5367.516425755585,b3,88.35,70.0,0.715898333405613,0.0018119047360204,197,5332.1608810824,59.98546250000001
7.61,10.62,0.1268333333333333,58.7805,80.8182,11.219500000000004,5307.516425755586,b3,88.35,70.0,0.7165724372342339,0.0018119047360204,198,5212.574874930921,60.514912916666646
12.32,10.21,0.2053333333333333,58.98583333333333,125.7872,11.014166666666668,3218.425324675325,b3,88.35,70.0,1.206660018936335,0.0029333332914285,199,3195.504256469418,54.47484791666666
10.09,10.18,0.1681666666666666,59.154,102.7162,10.846000000000004,3869.732408325075,b3,88.35,70.0,0.9911590381965584,0.0024023809180612,200,3879.119781604936,59.12904000000003
9.99,9.99,0.1665,59.3205,99.8001,10.679500000000004,3848.4684684684703,b3,88.35,70.0,0.99999989989991,0.0023785713945918,201,3876.5144470937103,58.411567083333345
9.89,9.82,0.1648333333333333,59.48533333333333,97.1198,10.51466666666667,3827.381193124369,b3,88.35,70.0,1.0071282070134209,0.0023547618711224,202,3844.491792846986,57.86590583333334
9.82,9.69,0.1636666666666666,59.648999999999994,95.1558,10.351000000000006,3794.6639511201647,b3,88.35,70.0,1.013415788089186,0.0023380952046938,203,3906.9174588579567,59.0414785425
9.77,9.6,0.1628333333333333,59.811833333333325,93.792,10.188166666666676,3754.083930399184,b3,88.35,70.0,1.0177082273220597,0.0023261904429591,204,3833.2945250853268,58.93945927374999
6.74,9.97,0.1123333333333333,59.92416666666666,67.1978,10.075833333333344,5381.750741839768,b3,88.35,70.0,0.676028016446538,0.0016047618818367,205,5279.309509114675,63.08514624999996
6.77,10.07,0.1128333333333333,60.03699999999999,68.1739,9.963000000000008,5297.902511078291,b3,88.35,70.0,0.6722938756411245,0.0016119047388775,206,5246.024402357265,63.759787916666674
6.8,10.14,0.1133333333333333,60.15033333333333,68.952,9.849666666666671,5214.529411764709,b3,88.35,70.0,0.6706113737069651,0.0016190475959183,207,5194.605001130795,63.568817083333315
6.81,10.18,0.1134999999999999,60.26383333333333,69.3258,9.73616666666667,5146.872246696037,b3,88.35,70.0,0.6689586769195799,0.0016214285482653,208,5138.910727150572,64.05333083333329
6.82,10.2,0.1136666666666666,60.3775,69.564,9.622500000000002,5079.325513196482,b3,88.35,70.0,0.6686273854286878,0.0016238095006122,209,5098.122088078071,64.48278416666668
6.83,10.23,0.1138333333333333,60.49133333333333,69.8709,9.50866666666667,5011.888726207908,b3,88.35,70.0,0.6676441185098614,0.0016261904529591,210,5065.331482116577,64.61616374999998
7.47,10.09,0.1245,60.61583333333333,75.3723,9.384166666666673,4522.48995983936,b3,88.35,70.0,0.7403368939210214,0.0017785714031632,211,4557.9686573731,62.35153708333327
7.45,10.03,0.1241666666666666,60.739999999999995,74.7235,9.260000000000003,4474.630872483224,b3,88.35,70.0,0.7427716108901685,0.0017738094984693,212,4486.727090156641,62.48954124999992
7.43,9.98,0.1238333333333333,60.863833333333325,74.1514,9.136166666666677,4426.67563930014,b3,88.35,70.0,0.7444889033578254,0.0017690475937755,213,4361.109437326554,64.08262874999991
7.42,9.94,0.1236666666666666,60.98749999999999,73.75479999999999,9.01250000000001,4372.641509433967,b3,88.35,70.0,0.7464787981409661,0.0017666666414285,214,4333.025649435535,64.38292499999994
7.42,9.89,0.1236666666666666,61.111166666666655,73.38380000000001,8.888833333333345,4312.641509433968,b3,88.35,70.0,0.7502527047267235,0.0017666666414285,215,4276.027512529568,64.0330079166667
7.4,9.85,0.1233333333333333,61.23449999999999,72.89,8.76550000000001,4264.297297297302,b3,88.35,70.0,0.7512689592620347,0.0017619047367346,216,4233.172768936689,64.054445
7.38,9.81,0.123,61.35749999999999,72.3978,8.642500000000013,4215.853658536591,b3,88.35,70.0,0.7522935012952598,0.0017571428320408,217,4178.028814398847,64.49867124999997
7.36,9.78,0.1226666666666666,61.480166666666655,71.9808,8.519833333333345,4167.309782608701,b3,88.35,70.0,0.7525561602703315,0.0017523809273469,218,4105.003200375074,65.77001104249993
7.36,9.74,0.1226666666666666,61.60283333333332,71.6864,8.397166666666678,4107.3097826087005,b3,88.35,70.0,0.7556467396666593,0.0017523809273469,219,4063.3993555267316,66.06509739791662
7.35,9.71,0.1225,61.725333333333325,71.3685,8.274666666666675,4052.897959183678,b3,88.35,70.0,0.7569515183366098,0.001749999975,220,4014.490583252181,66.85681989791668
7.34,9.68,0.1223333333333333,61.847666666666655,71.0512,8.152333333333345,3998.419618528616,b3,88.35,70.0,0.7582643844768199,0.001747619022653,221,3994.156528204414,67.27610031458335
7.33,9.65,0.1221666666666666,61.96983333333332,70.7345,8.03016666666668,3943.8744884038265,b3,88.35,70.0,0.759585413514465,0.0017452380703061,222,3962.287092578658,67.50325114791669
9.56,9.26,0.1593333333333333,62.129166666666656,88.5256,7.870833333333344,2963.9121338912173,b3,88.35,70.0,1.0323972967173547,0.0022761904436734,223,2889.3117139421665,65.69733222375002
9.51,9.16,0.1585,62.28766666666665,87.1116,7.712333333333348,2919.4952681388068,b3,88.35,70.0,1.0382094936452515,0.0022642856819387,224,2830.7636318275563,70.4133702491666
6.6,9.57,0.11,62.39766666666665,63.162,7.602333333333348,4146.727272727281,b3,88.35,70.0,0.6896551003495193,0.0015714285489795,225,4062.1157561953173,66.8496518758333
6.61,9.6,0.1101666666666666,62.50783333333331,63.456,7.492166666666684,4080.4538577912344,b3,88.35,70.0,0.688541594943584,0.0015738095013265,226,4044.0151364095746,66.79753833499998
6.61,9.61,0.1101666666666666,62.61799999999998,63.5221,7.382000000000019,4020.453857791236,b3,88.35,70.0,0.6878251105280844,0.0015738095013265,227,4026.0363263055333,67.21921541833332
6.61,9.63,0.1101666666666666,62.728166666666645,63.654300000000006,7.271833333333355,3960.453857791237,b3,88.35,70.0,0.6863966057739765,0.0015738095013265,228,3978.4366727059055,67.26741948124996
6.62,9.65,0.1103333333333333,62.83849999999998,63.883,7.161500000000018,3894.471299093665,b3,88.35,70.0,0.6860102916051511,0.0015761904536734,229,3920.2303448671323,65.70746989791664
5.15,9.85,0.0858333333333333,62.924333333333315,50.7275,7.0756666666666845,4946.097087378653,b3,88.35,70.0,0.5228425865134431,0.0012261904586734,230,4783.731362920467,64.2909262499999
5.15,9.89,0.0858333333333333,63.01016666666665,50.93350000000001,6.989833333333351,4886.097087378653,b3,88.35,70.0,0.5207279554370117,0.0012261904586734,231,4821.0583825681715,63.258502083333276
5.15,9.9,0.0858333333333333,63.09599999999998,50.98500000000001,6.904000000000018,4826.097087378653,b3,88.35,70.0,0.520201967656367,0.0012261904586734,232,4804.149023633649,62.96957208333325
5.15,9.89,0.0858333333333333,63.18183333333331,50.93350000000001,6.818166666666684,4766.097087378653,b3,88.35,70.0,0.5207279554370117,0.0012261904586734,233,4789.576018788857,63.618600418333266
5.14,9.89,0.0856666666666666,63.267499999999984,50.8346,6.732500000000016,4715.369649805459,b3,88.35,70.0,0.5197168331934445,0.0012238095063265,234,4686.241735297442,63.37167833499988
5.14,9.89,0.0856666666666666,63.35316666666665,50.8346,6.646833333333348,4655.369649805458,b3,88.35,70.0,0.5197168331934445,0.0012238095063265,235,4657.619681186459,63.7372004183332
7.32,9.6,0.122,63.47516666666665,70.272,6.524833333333348,3208.9344262295153,b3,88.35,70.0,0.762499920572925,0.0017428571179591,236,3311.5590735019,66.98957750000005
7.29,9.5,0.1215,63.59666666666665,69.255,6.40333333333335,3162.139917695482,b3,88.35,70.0,0.7673683402770168,0.0017357142609183,237,3253.1545005267085,67.33595229250008
7.27,9.45,0.1211666666666666,63.71783333333332,68.7015,6.282166666666683,3110.8390646492517,b3,88.35,70.0,0.7693120879034828,0.0017309523562244,238,3181.968153050135,66.78978833333342
7.27,9.45,0.1211666666666666,63.838999999999984,68.7015,6.161000000000016,3050.8390646492517,b3,88.35,70.0,0.7693120879034828,0.0017309523562244,239,3151.283242495655,66.69091781291675
6.57,9.5,0.1095,63.94849999999998,62.415000000000006,6.0515000000000185,3315.8904109589143,b3,88.35,70.0,0.6915788745706448,0.0015642856919387,240,3321.0459154320088,65.20161729416675
6.56,9.48,0.1093333333333333,64.05783333333332,62.1888,5.9421666666666795,3260.9451219512266,b3,88.35,70.0,0.6919830493688767,0.0015619047395918,241,3310.823994885957,65.14905812750008
6.55,9.45,0.1091666666666666,64.16699999999999,61.897499999999994,5.833000000000013,3205.9236641221446,b3,88.35,70.0,0.69312161977549,0.0015595237872448,242,3233.8940545142395,65.04591135708334
5.11,9.66,0.0851666666666666,64.25216666666665,49.3626,5.747833333333347,4049.354207436408,b3,88.35,70.0,0.5289854524859781,0.0012166666492857,243,4011.292087174852,69.01227739625
5.11,9.68,0.0851666666666666,64.33733333333332,49.4648,5.662666666666681,3989.3542074364086,b3,88.35,70.0,0.5278925074491212,0.0012166666492857,244,3964.544973076999,68.28229031291661
5.11,9.69,0.0851666666666666,64.42249999999999,49.5159,5.577500000000015,3929.3542074364095,b3,88.35,70.0,0.5273477267959004,0.0012166666492857,245,3862.225874544429,66.82817614625
5.11,9.69,0.0851666666666666,64.50766666666665,49.5159,5.492333333333349,3869.35420743641,b3,88.35,70.0,0.5273477267959004,0.0012166666492857,246,3843.1937851511043,67.10909656291669
5.11,9.69,0.0851666666666666,64.59283333333332,49.5159,5.407166666666683,3809.3542074364104,b3,88.35,70.0,0.5273477267959004,0.0012166666492857,247,3798.0545815107685,67.90534927375006
5.98,9.55,0.0996666666666666,64.69249999999998,57.10900000000001,5.307500000000019,3195.150501672252,b3,88.35,70.0,0.6261779449028331,0.0014238095034693,248,3100.280200427698,63.136776981249895
5.97,9.52,0.0994999999999999,64.79199999999999,56.834399999999995,5.208000000000013,3140.502512562822,b3,88.35,70.0,0.6271007744642044,0.0014214285511224,249,3073.816074956898,62.81468573124988
5.96,9.5,0.0993333333333333,64.89133333333332,56.62,5.108666666666679,3085.7718120805444,b3,88.35,70.0,0.6273683550138575,0.0014190475987755,250,3076.192571181611,62.50866989791656
5.96,9.48,0.0993333333333333,64.99066666666666,56.500800000000005,5.009333333333345,3025.771812080544,b3,88.35,70.0,0.6286919168046502,0.0014190475987755,251,3045.2411225298983,62.76525823124991
14.63,12.35,0.2438333333333333,0.2438333333333333,180.6805,84.75616666666667,20855.926179084072,b5,85.0,85.0,1.1846152886951185,0.0028686274172318,0,20096.777880859532,3.191151668333337
14.91,12.21,0.2485,0.4923333333333333,182.0511,84.50766666666667,20404.26559356137,b5,85.0,85.0,1.2211301211195642,0.0029235293773702,1,20223.499461969335,1.3066168758333319
14.93,12.26,0.2488333333333333,0.7411666666666666,183.0418,84.25883333333333,20316.9323509712,b5,85.0,85.0,1.2177813036067453,0.0029274509459515,2,20190.918255591867,1.3119006258333312
14.94,12.29,0.249,0.9901666666666666,183.6126,84.00983333333333,20243.333333333336,b5,85.0,85.0,1.2156223583708416,0.0029294117302422,3,20141.599188985692,1.489901875833331
21.44,12.19,0.3573333333333333,1.3475,261.35360000000003,83.6525,14046.128731343282,b5,85.0,85.0,1.7588185595718986,0.0042039215191695,4,14004.922516831779,1.6333452091666663
21.43,12.2,0.3571666666666667,1.7046666666666666,261.44599999999997,83.29533333333333,13992.68315445637,b5,85.0,85.0,1.7565572330690795,0.0042019607348788,5,13997.304374043311,1.6432054166666656
21.42,12.21,0.357,2.0616666666666665,261.5382,82.93833333333333,13939.215686274509,b5,85.0,85.0,1.7542996106224726,0.0041999999505882,6,13962.306232367284,1.8470516666666656
10.96,12.41,0.1826666666666666,2.244333333333333,136.01360000000005,82.75566666666667,27182.518248175184,b5,85.0,85.0,0.8831586717841523,0.0021490195825605,7,27080.628150040597,3.9683374999999965
10.96,12.43,0.1826666666666666,2.4269999999999996,136.2328,82.57300000000001,27122.518248175184,b5,85.0,85.0,0.8817376603589977,0.0021490195825605,8,27109.77936995101,3.99261208333333
10.96,12.43,0.1826666666666666,2.609666666666666,136.2328,82.39033333333333,27062.51824817518,b5,85.0,85.0,0.8817376603589977,0.0021490195825605,9,27013.73121156093,4.112334166666663
13.34,12.38,0.2223333333333333,2.8319999999999994,165.1492,82.168,22174.272863568214,b5,85.0,85.0,1.0775443394552229,0.002615686243737,10,22081.325349756436,3.2500066666666703
13.33,12.38,0.2221666666666666,3.0541666666666663,165.02540000000002,81.94583333333334,22130.90772693173,b5,85.0,85.0,1.0767365850778203,0.0026137254594463,11,22074.779109965977,3.2690158333333375
13.34,12.38,0.2223333333333333,3.2764999999999995,165.1492,81.7235,22054.317841079457,b5,85.0,85.0,1.0775443394552229,0.002615686243737,12,22036.989112515683,3.409590000000006
13.33,12.38,0.2221666666666666,3.4986666666666664,165.02540000000002,81.50133333333333,22010.86271567892,b5,85.0,85.0,1.0767365850778203,0.0026137254594463,13,22010.486853085593,3.7184687499999995
19.97,12.25,0.3328333333333333,3.8315,244.6325,81.1685,14632.27841762644,b5,85.0,85.0,1.6302039485547797,0.0039156862284429,14,14582.871768513452,3.868616877499994
19.95,12.25,0.3324999999999999,4.164,244.3875,80.836,14586.947368421052,b5,85.0,85.0,1.628571295626833,0.0039117646598615,15,14549.036649543958,4.058420627499993
19.95,12.25,0.3324999999999999,4.496499999999999,244.3875,80.5035,14526.947368421055,b5,85.0,85.0,1.628571295626833,0.0039117646598615,16,14524.965919174465,4.279778334999993
19.94,12.24,0.3323333333333333,4.828833333333333,244.0656,80.17116666666666,14474.232698094282,b5,85.0,85.0,1.6290848342250954,0.0039098038755709,17,14455.972638611225,4.116031251666662
19.93,12.24,0.3321666666666666,5.161,243.9432,79.839,14421.49523331661,b5,85.0,85.0,1.6282678408277909,0.0039078430912802,18,14410.54840943594,4.855527819583327
19.93,12.24,0.3321666666666666,5.493166666666666,243.9432,79.50683333333333,14361.495233316607,b5,85.0,85.0,1.6282678408277909,0.0039078430912802,19,14375.774108392845,5.20473376333333
19.91,12.24,0.3318333333333333,5.824999999999999,243.6984,79.175,14315.92164741336,b5,85.0,85.0,1.626633854033182,0.0039039215226989,20,14348.492633138225,5.513608249583337
22.51,12.19,0.3751666666666667,6.200166666666666,274.3969,78.79983333333334,12602.372278987115,b5,85.0,85.0,1.846595418655011,0.0044137254382698,21,12568.988092046646,6.412829792500002
22.5,12.18,0.375,6.575166666666666,274.05,78.42483333333334,12547.973333333335,b5,85.0,85.0,1.8472904887282031,0.0044117646539792,22,12528.192789208642,6.523356459166671
22.49,12.18,0.3748333333333333,6.949999999999999,273.92819999999995,78.05,12493.552690084483,b5,85.0,85.0,1.8464694707332123,0.0044098038696885,23,12515.423609236455,6.643612709166672
23.0,12.17,0.3833333333333333,7.333333333333333,279.91,77.66666666666667,12156.521739130434,b5,85.0,85.0,1.8898930246595709,0.0045098038685121,24,12222.73068178214,6.915518333333332
22.99,12.16,0.3831666666666666,7.7165,279.5584,77.2835,12101.809482383647,b5,85.0,85.0,1.8906248445209832,0.0045078430842214,25,12190.964389016885,7.0535958333333335
10.34,12.41,0.1723333333333333,7.888833333333333,128.3194,77.11116666666666,26847.214700193425,b5,85.0,85.0,0.8331989658985524,0.0020274509565397,26,26821.82862159959,6.814355833333337
10.35,12.41,0.1725,8.061333333333334,128.4435,76.93866666666666,26761.275362318844,b5,85.0,85.0,0.8340047676063845,0.0020294117408304,27,26758.563546957026,6.851527500000003
10.35,12.41,0.1725,8.233833333333333,128.4435,76.76616666666666,26701.275362318844,b5,85.0,85.0,0.8340047676063845,0.0020294117408304,28,26706.74900008106,7.01691916666667
12.71,12.36,0.2118333333333333,8.445666666666666,157.0956,76.55433333333333,21683.367427222656,b5,85.0,85.0,1.0283170689063863,0.0024921568334256,29,21654.985548814264,8.52422708333335
12.71,12.36,0.2118333333333333,8.657499999999999,157.0956,76.3425,21623.367427222656,b5,85.0,85.0,1.0283170689063863,0.0024921568334256,30,21618.763394174577,8.64169625000001
12.71,12.35,0.2118333333333333,8.869333333333332,156.9685,76.13066666666667,21563.36742722266,b5,85.0,85.0,1.0291497142388897,0.0024921568334256,31,21572.55047136118,8.747084583333331
12.71,12.35,0.2118333333333333,9.081166666666665,156.9685,75.91883333333334,21503.36742722266,b5,85.0,85.0,1.0291497142388897,0.0024921568334256,32,21555.466100718455,8.752309583333325
15.12,12.3,0.252,9.333166666666664,185.976,75.66683333333333,18015.912698412696,b5,85.0,85.0,1.2292681927424234,0.002964705847474,33,18175.722352740173,8.284005525416658
15.12,12.3,0.252,9.585166666666666,185.976,75.41483333333333,17955.9126984127,b5,85.0,85.0,1.2292681927424234,0.002964705847474,34,18063.75624739223,8.960775525416667
15.11,12.3,0.2518333333333333,9.837,185.853,75.163,17907.796161482464,b5,85.0,85.0,1.2284551846784402,0.0029627450631833,35,17992.09852392468,9.300117615416665
25.22,12.11,0.4203333333333333,10.257333333333332,305.4142,74.74266666666666,10669.056304520222,b5,85.0,85.0,2.082576211182807,0.004945097981038,36,10439.400601119773,12.039659907916661
25.79,12.09,0.4298333333333333,10.687166666666666,311.80109999999996,74.31283333333333,10373.253198914308,b5,85.0,85.0,2.1331677309207833,0.0050568626856055,37,10386.939178017486,11.531682814583334
25.76,12.08,0.4293333333333333,11.1165,311.18080000000003,73.8835,10325.333850931676,b5,85.0,85.0,2.1324501545984975,0.0050509803327335,38,10334.345826042128,11.562032500000008
25.73,12.08,0.4288333333333333,11.545333333333334,310.8184,73.45466666666667,10277.372716673144,b5,85.0,85.0,2.129966711095471,0.0050450979798615,39,10306.311520776091,12.099366666666672
25.71,12.07,0.4285,11.973833333333332,310.3197,73.02616666666667,10225.367561260213,b5,85.0,85.0,2.1300743885605313,0.0050411764112802,40,10284.46226059966,12.442265833333334
4.93,12.49,0.0821666666666666,12.056,61.5757,72.944,53265.39553752536,b5,85.0,85.0,0.3947157410155532,0.0009666666552941,41,53291.26211821911,11.471926459166674
4.94,12.52,0.0823333333333333,12.138333333333332,61.8488,72.86166666666666,53097.57085020243,b5,85.0,85.0,0.3945686585807781,0.0009686274395847,42,53065.40856993369,11.863509792499999
4.95,12.52,0.0825,12.220833333333331,61.974,72.77916666666667,52930.30303030303,b5,85.0,85.0,0.3953673805617109,0.0009705882238754,43,52952.663687380125,12.094923542499993
4.95,12.52,0.0825,12.303333333333333,61.974,72.69666666666667,52870.30303030303,b5,85.0,85.0,0.3953673805617109,0.0009705882238754,44,52952.663687380125,12.094923542499993
12.98,12.33,0.2163333333333333,12.519666666666664,160.04340000000002,72.48033333333333,20102.403697996917,b5,85.0,85.0,1.052716865148673,0.0025450980092733,45,19920.189676280654,12.543704272083332
12.96,12.32,0.216,12.735666666666663,159.6672,72.26433333333334,20073.425925925927,b5,85.0,85.0,1.0519479665626652,0.002541176440692,46,19976.965598325325,12.842673542499996
12.96,12.31,0.216,12.951666666666664,159.53760000000003,72.04833333333333,20013.425925925923,b5,85.0,85.0,1.052802513988423,0.002541176440692,47,19938.155982674154,13.305141875833343
12.96,12.31,0.216,13.167666666666662,159.53760000000003,71.83233333333334,19953.425925925927,b5,85.0,85.0,1.052802513988423,0.002541176440692,48,19898.40642097274,13.818998542500005
12.96,12.31,0.216,13.38366666666666,159.53760000000003,71.61633333333334,19893.425925925927,b5,85.0,85.0,1.052802513988423,0.002541176440692,49,19867.28118726639,14.007493125833326
23.46,12.1,0.391,13.77466666666666,283.866,71.22533333333334,10929.718670076729,b5,85.0,85.0,1.9388428149716683,0.0045999999458823,50,10896.91648770814,14.005043651249999
23.43,12.09,0.3905,14.16516666666666,283.26869999999997,70.83483333333334,10883.713188220232,b5,85.0,85.0,1.9379651002510256,0.0045941175930103,51,10872.172879503272,14.286133027083329
23.4,12.08,0.3899999999999999,14.55516666666666,282.67199999999997,70.44483333333334,10837.666666666668,b5,85.0,85.0,1.937085932360436,0.0045882352401384,52,10876.900650137664,14.462881147916667
23.38,12.08,0.3896666666666666,14.944833333333328,282.43039999999996,70.05516666666668,10786.937553464502,b5,85.0,85.0,1.9354303033584184,0.004584313671557,53,10848.112998552273,14.720345001666667
24.51,12.05,0.4085,15.353333333333328,295.3455,69.64666666666668,10229.620563035496,b5,85.0,85.0,2.0340247274668277,0.0048058822964013,54,10315.003916900983,14.667701044166675
24.49,12.04,0.4081666666666666,15.761499999999996,294.85959999999994,69.2385,10177.974683544304,b5,85.0,85.0,2.034052987204902,0.00480196072782,55,10296.054205815299,14.865263960833348
24.47,12.03,0.4078333333333333,16.169333333333327,294.3741,68.83066666666667,10126.293420514918,b5,85.0,85.0,2.0340812939250794,0.0047980391592387,56,10297.291910161122,14.82070979416668
22.28,12.06,0.3713333333333333,16.54066666666666,268.69680000000005,68.45933333333335,11061.651705565531,b5,85.0,85.0,1.8474293658847956,0.0043686273995847,57,11105.272772415019,15.348490001666635
22.27,12.06,0.3711666666666666,16.911833333333327,268.57620000000003,68.08816666666667,11006.618769645263,b5,85.0,85.0,1.846600178557199,0.0043666666152941,58,11035.282692409663,16.352133022083294
22.25,12.05,0.3708333333333333,17.28266666666666,268.1125,67.71733333333334,10956.512359550565,b5,85.0,85.0,1.8464728758113795,0.0043627450467128,59,10971.874079635705,16.77896260541662
22.25,12.05,0.3708333333333333,17.653499999999994,268.1125,67.3465,10896.512359550565,b5,85.0,85.0,1.8464728758113795,0.0043627450467128,60,10916.352629326082,17.213048125833282
22.24,12.04,0.3706666666666666,18.02416666666666,267.76959999999997,66.97583333333334,10841.4118705036,b5,85.0,85.0,1.847175926314292,0.0043607842624221,61,10828.315109272453,17.309321875833295
22.73,12.03,0.3788333333333333,18.40299999999999,273.4419,66.59700000000001,10547.699076110868,b5,85.0,85.0,1.889442901958196,0.0044568626926643,62,10471.927368546783,17.664949583333335
22.72,12.02,0.3786666666666666,18.78166666666666,273.09439999999995,66.21833333333333,10492.341549295776,b5,85.0,85.0,1.890182871033039,0.0044549019083737,63,10446.482028103756,18.154388333333333
22.71,12.01,0.3785,19.160166666666655,272.7471,65.83983333333335,10436.961690885077,b5,85.0,85.0,1.890924072362692,0.004452941124083,64,10370.805129275586,17.830882916666642
15.61,12.15,0.2601666666666666,19.420333333333325,189.6615,65.57966666666667,15124.074311338887,b5,85.0,85.0,1.2847735568087608,0.0030607842777162,65,15135.353099372573,19.046694902916684
15.62,12.15,0.2603333333333333,19.680666666666657,189.783,65.31933333333335,15054.391805377723,b5,85.0,85.0,1.28559660200851,0.0030627450620069,66,15042.936450177895,19.38774604416665
15.62,12.15,0.2603333333333333,19.94099999999999,189.783,65.05900000000001,14994.391805377723,b5,85.0,85.0,1.28559660200851,0.0030627450620069,67,15018.939129105767,19.369628959166647
15.62,12.15,0.2603333333333333,20.20133333333332,189.783,64.79866666666668,14934.391805377723,b5,85.0,85.0,1.28559660200851,0.0030627450620069,68,14989.56294985117,19.43380312583331
15.62,12.15,0.2603333333333333,20.461666666666652,189.783,64.53833333333336,14874.391805377729,b5,85.0,85.0,1.28559660200851,0.0030627450620069,69,14925.095104482723,19.715920833333318
15.62,12.14,0.2603333333333333,20.721999999999984,189.6268,64.27800000000002,14814.391805377729,b5,85.0,85.0,1.2866555777054711,0.0030627450620069,70,14859.383432004826,19.798971250000015
15.62,12.14,0.2603333333333333,20.982333333333315,189.6268,64.01766666666668,14754.391805377723,b5,85.0,85.0,1.2866555777054711,0.0030627450620069,71,14838.93650072832,19.794077083333345
17.83,12.09,0.2971666666666666,21.27949999999998,215.5647,63.720500000000015,12865.60852495794,b5,85.0,85.0,1.474772417305838,0.0034960783902422,72,12834.628791085537,20.975855943750002
17.82,12.09,0.297,21.57649999999998,215.4438,63.42350000000002,12812.828282828286,b5,85.0,85.0,1.4739452875148646,0.0034941176059515,73,12809.98160084652,21.12903927708334
17.81,12.08,0.2968333333333333,21.873333333333314,215.1448,63.12666666666669,12760.022459292535,b5,85.0,85.0,1.4743376262965542,0.0034921568216608,74,12788.11117087333,21.197490108750017
17.81,12.08,0.2968333333333333,22.170166666666645,215.1448,62.829833333333355,12700.022459292535,b5,85.0,85.0,1.4743376262965542,0.0034921568216608,75,12775.943120481028,21.19274552541668
17.81,12.07,0.2968333333333333,22.466999999999977,214.9667,62.53300000000002,12640.022459292535,b5,85.0,85.0,1.475559115529485,0.0034921568216608,76,12747.469392087678,21.31602156791668
22.56,11.97,0.376,22.84299999999998,270.0432,62.157000000000025,9918.670212765965,b5,85.0,85.0,1.8847116219956872,0.0044235293597231,77,9982.48961969244,21.647402501666626
23.05,11.96,0.3841666666666666,23.227166666666644,275.67800000000005,61.77283333333335,9647.81778741866,b5,85.0,85.0,1.927257363941692,0.0045196077899653,78,9626.181482925456,21.108284479583276
23.04,11.95,0.384,23.611166666666644,275.328,61.38883333333335,9592.005208333338,b5,85.0,85.0,1.9280333114616477,0.0045176470056747,79,9592.489144338442,21.435599896249936
23.01,11.94,0.3835,23.99466666666665,274.7394,61.005333333333354,9544.511082138204,b5,85.0,85.0,1.9271355169903257,0.0045117646528027,80,9557.057962816089,21.87524114624995
23.01,11.94,0.3835,24.378166666666647,274.7394,60.62183333333336,9484.511082138204,b5,85.0,85.0,1.9271355169903257,0.0045117646528027,81,9506.146416461934,22.449176146249982
22.91,11.93,0.3818333333333333,24.75999999999998,273.3163,60.24000000000002,9465.91008293322,b5,85.0,85.0,1.9203686571359049,0.0044921568098961,82,9508.474065730952,22.983833751666648
25.09,11.88,0.4181666666666667,25.178166666666648,298.0692,59.82183333333335,8583.443603029098,b5,85.0,85.0,2.111952684179067,0.0049196077852595,83,8622.682239593705,23.209715316249962
25.07,11.87,0.4178333333333333,25.595999999999982,297.5809,59.40400000000002,8530.29118468289,b5,85.0,85.0,2.1120469998275486,0.0049156862166782,84,8568.20361072643,23.23854823291663
25.06,11.86,0.4176666666666666,26.013666666666648,297.2116,58.98633333333335,8473.69513168396,b5,85.0,85.0,2.112984644773639,0.0049137254323875,85,8485.225182853772,22.47642541999999
25.04,11.85,0.4173333333333333,26.43099999999998,296.724,58.56900000000002,8420.463258785945,b5,85.0,85.0,2.113079990457385,0.0049098038638062,86,8431.616447292354,19.34469698291666
25.02,11.85,0.417,26.84799999999998,296.48699999999997,58.152000000000015,8367.194244604318,b5,85.0,85.0,2.111392226886732,0.0049058822952249,87,8384.657015461584,19.27397083499998
19.24,11.95,0.3206666666666666,27.16866666666665,229.918,57.83133333333335,10820.831600831603,b5,85.0,85.0,1.6100417062726606,0.0037725489752249,88,10826.700626817666,26.860910834999967
18.81,11.96,0.3135,27.48216666666665,224.9676,57.51783333333335,11008.19776714514,b5,85.0,85.0,1.572742343416192,0.0036882352507266,89,10958.36828822029,27.658387501666688
18.81,11.96,0.3135,27.79566666666665,224.9676,57.20433333333335,10948.19776714514,b5,85.0,85.0,1.572742343416192,0.0036882352507266,90,10940.603089131675,27.79073166833337
18.81,11.95,0.3135,28.109166666666653,224.7795,56.89083333333335,10888.19776714514,b5,85.0,85.0,1.5740584456854858,0.0036882352507266,91,10892.554227469083,27.992788751666684
18.81,11.95,0.3135,28.422666666666657,224.7795,56.57733333333334,10828.197767145137,b5,85.0,85.0,1.5740584456854858,0.0036882352507266,92,10877.349487213685,28.007278751666664
24.68,11.82,0.4113333333333333,28.83399999999999,291.7176,56.16600000000001,8192.771474878446,b5,85.0,85.0,2.0879862869723955,0.0048392156293425,93,8146.64579680589,24.160295314583273
24.66,11.81,0.411,29.24499999999999,291.2346,55.75500000000001,8139.416058394162,b5,85.0,85.0,2.088060788479188,0.0048352940607612,94,8121.699952653751,25.8052823979166
24.65,11.81,0.4108333333333333,29.655833333333323,291.1165,55.34416666666668,8082.71805273834,b5,85.0,85.0,2.0872140485000803,0.0048333332764705,95,8090.797052023338,28.115226564583264
24.63,11.8,0.4105,30.06633333333332,290.634,54.93366666666668,8029.281364190014,b5,85.0,85.0,2.0872879587044104,0.0048294117078892,96,8051.22417481849,29.139094481249924
24.61,11.79,0.4101666666666667,30.476499999999987,290.15189999999996,54.52350000000001,7975.806582689965,b5,85.0,85.0,2.087361994286515,0.0048254901393079,97,8012.5221705970125,29.782153651249914
24.59,11.78,0.4098333333333333,30.88633333333332,289.67019999999997,54.113666666666674,7922.293615290771,b5,85.0,85.0,2.0874361555656917,0.0048215685707266,98,7973.1933246947165,30.348154385833244
22.4,11.82,0.3733333333333333,31.259666666666657,264.768,53.74033333333334,8636.839285714286,b5,85.0,85.0,1.8950929022764045,0.0043921568110726,99,8612.040982540284,26.65546834333334
22.4,11.81,0.3733333333333333,31.632999999999992,264.544,53.367,8576.839285714286,b5,85.0,85.0,1.8966975532008843,0.0043921568110726,100,8586.024786994189,26.529108030416648
22.39,11.8,0.3731666666666667,32.00616666666666,264.202,52.99383333333334,8520.669941938366,b5,85.0,85.0,1.897457466317164,0.004390196026782,101,8516.593720189807,27.436229277083303
22.38,11.8,0.373,32.379166666666656,264.084,52.620833333333344,8464.477211796248,b5,85.0,85.0,1.8966100087618636,0.0043882352424913,102,8490.133265416274,27.53002927541664
24.66,11.74,0.411,32.79016666666666,289.5084,52.20983333333334,7621.873479318736,b5,85.0,85.0,2.100510894334677,0.0048352940607612,103,7733.377219918472,32.20118887708329
23.72,11.75,0.3953333333333333,33.18549999999999,278.71,51.81450000000001,7863.920741989884,b5,85.0,85.0,2.0187232324490867,0.0046509803374394,104,7880.790262490525,32.74475166999994
23.71,11.75,0.3951666666666666,33.58066666666666,278.59250000000003,51.41933333333334,7807.237452551667,b5,85.0,85.0,2.0178721686917305,0.0046490195531487,105,7855.998384334761,33.014012503333284
23.7,11.74,0.3949999999999999,33.97566666666666,278.238,51.02433333333334,7750.531645569621,b5,85.0,85.0,2.0187391806866115,0.0046470587688581,106,7754.433435432227,33.30251323791662
17.16,11.88,0.286,34.26166666666666,203.8608,50.73833333333334,10644.405594405594,b5,85.0,85.0,1.444444322858222,0.0033647058427681,107,10829.236349592227,32.609553363333276
17.15,11.88,0.2858333333333333,34.5475,203.742,50.4525,10590.61224489796,b5,85.0,85.0,1.4436025720873256,0.0033627450584775,108,10811.001956747115,32.849442432916604
17.14,11.88,0.2856666666666667,34.83316666666666,203.62320000000005,50.16683333333334,10536.791131855309,b5,85.0,85.0,1.4427608213164291,0.0033607842741868,109,10834.031239302489,32.65201597374993
23.79,11.72,0.3964999999999999,35.22966666666667,278.8188,49.77033333333333,7531.450189155108,b5,85.0,85.0,2.029863308032141,0.004664705827474,110,7572.688179740736,32.61841761375002
23.77,11.71,0.3961666666666666,35.62583333333333,278.3467,49.37416666666667,7477.787126630206,b5,85.0,85.0,2.029888810427941,0.0046607842588927,111,7531.680865784799,32.557704278749995
23.75,11.7,0.3958333333333333,36.02166666666667,277.875,48.97833333333333,7424.0842105263155,b5,85.0,85.0,2.029914356417577,0.0046568626903114,112,7489.172213416693,32.99496541999998
18.33,11.82,0.3055,36.32716666666667,216.6606,48.67283333333333,9559.312602291326,b5,85.0,85.0,1.5507612901217185,0.003594117604775,113,9924.766192689054,33.80451906791668
18.33,11.81,0.3055,36.63266666666667,216.4773,48.36733333333333,9499.312602291324,b5,85.0,85.0,1.5520743817041165,0.003594117604775,114,9715.55175093103,34.88423739958333
18.32,11.81,0.3053333333333333,36.938,216.3592,48.062,9444.497816593885,b5,85.0,85.0,1.5512276417250093,0.0035921568204844,115,9683.630212891972,35.168181357083334
18.33,11.81,0.3055,37.2435,216.4773,47.7565,9379.345335515549,b5,85.0,85.0,1.5520743817041165,0.003594117604775,116,9570.492315472819,35.957526357083296
20.6,11.75,0.3433333333333334,37.58683333333334,242.05,47.41316666666666,8285.796116504853,b5,85.0,85.0,1.7531913401539287,0.0040392156387543,117,8466.151303404757,35.234256577916675
20.59,11.74,0.3431666666666667,37.93000000000001,241.7266,47.06999999999999,8229.820301117046,b5,85.0,85.0,1.7538329000142334,0.0040372548544636,118,8283.429842025846,36.4140640679167
20.57,11.73,0.3428333333333333,38.27283333333334,241.2861,46.72716666666666,8177.82207097715,b5,85.0,85.0,1.7536230389068168,0.0040333332858823,119,8214.792975158083,35.72583562583337
20.57,11.73,0.3428333333333333,38.61566666666667,241.2861,46.38433333333333,8117.82207097715,b5,85.0,85.0,1.7536230389068168,0.0040333332858823,120,8196.663011564278,35.231369792500026
20.56,11.72,0.3426666666666666,38.958333333333336,240.9632,46.041666666666664,8061.770428015565,b5,85.0,85.0,1.7542660619226909,0.0040313725015916,121,8119.422588851083,35.27302458333331
20.55,11.71,0.3425,39.30083333333334,240.64050000000003,45.69916666666666,8005.693430656934,b5,85.0,85.0,1.754910183184442,0.004029411717301,122,8093.423340245379,34.200881249999995
25.2,11.6,0.42,39.72083333333334,292.32,45.27916666666666,6468.45238095238,b5,85.0,85.0,2.1724136058264136,0.0049411764124567,123,6639.3787486833,34.04380022583339
25.16,11.59,0.4193333333333333,40.14016666666667,291.6044,44.85983333333333,6418.736089030205,b5,85.0,85.0,2.170836741083974,0.0049333332752941,124,6600.4946830901445,34.38632928708338
25.14,11.57,0.419,40.55916666666667,290.8698,44.44083333333333,6363.842482100238,b5,85.0,85.0,2.1728606592168833,0.0049294117067128,125,6497.81262773669,35.56564595375005
23.57,11.6,0.3928333333333333,40.952000000000005,273.412,44.047999999999995,6727.738650827322,b5,85.0,85.0,2.0318963765606575,0.0046215685730795,126,6868.08606171284,36.65822772083337
23.56,11.59,0.3926666666666666,41.34466666666667,273.06039999999996,43.65533333333333,6670.594227504244,b5,85.0,85.0,2.0327867098544687,0.0046196077887889,127,6732.317824457977,37.95294053375003
23.55,11.58,0.3925,41.73716666666667,272.709,43.26283333333333,6613.426751592357,b5,85.0,85.0,2.033678580856772,0.0046176470044982,128,6600.312036998108,39.15179605583336
23.54,11.57,0.3923333333333333,42.1295,272.3578,42.8705,6556.236193712829,b5,85.0,85.0,2.034571993554711,0.0046156862202076,129,6566.288611033841,39.29354480416668
23.52,11.56,0.392,42.5215,271.8912,42.4785,6501.811224489795,b5,85.0,85.0,2.034601900120943,0.0046117646516262,130,6561.383302861391,39.15201563750001
17.59,11.7,0.2931666666666667,42.81466666666667,205.803,42.18533333333333,8633.723706651506,b5,85.0,85.0,1.5034186749214808,0.0034490195672664,131,8686.367557673839,40.5459630220834
17.59,11.7,0.2931666666666667,43.10783333333333,205.803,41.89216666666667,8573.723706651508,b5,85.0,85.0,1.5034186749214808,0.0034490195672664,132,8662.009195764327,40.30610635541671
17.59,11.69,0.2931666666666667,43.401,205.6271,41.599,8513.723706651508,b5,85.0,85.0,1.504704747245103,0.0034490195672664,133,8531.27841056778,40.73092395916669
17.6,11.69,0.2933333333333333,43.69433333333333,205.744,41.30566666666667,8448.886363636362,b5,85.0,85.0,1.5055601791650832,0.003450980351557,134,8523.355940618127,40.74459208333335
17.59,11.69,0.2931666666666667,43.9875,205.6271,41.0125,8393.68959636157,b5,85.0,85.0,1.504704747245103,0.0034490195672664,135,8514.728150480929,40.82621291666669
13.25,11.79,0.2208333333333333,44.20833333333333,156.2175,40.79166666666667,11083.018867924531,b5,85.0,85.0,1.1238336621006226,0.0025980391851211,136,11049.468867974108,43.17905562583328
13.25,11.8,0.2208333333333333,44.42916666666666,156.35000000000002,40.57083333333334,11023.018867924531,b5,85.0,85.0,1.1228812607727745,0.0025980391851211,137,11079.767856033737,42.948091875833306
13.25,11.8,0.2208333333333333,44.64999999999999,156.35000000000002,40.35000000000001,10963.018867924531,b5,85.0,85.0,1.1228812607727745,0.0025980391851211,138,11029.129559997487,43.16328270916662
13.25,11.8,0.2208333333333333,44.87083333333332,156.35000000000002,40.12916666666668,10903.018867924531,b5,85.0,85.0,1.1228812607727745,0.0025980391851211,139,10999.958776056872,43.203727709166614
13.25,11.79,0.2208333333333333,45.091666666666654,156.2175,39.908333333333346,10843.018867924531,b5,85.0,85.0,1.1238336621006226,0.0025980391851211,140,10940.471593190206,43.42491854249991
23.62,11.54,0.3936666666666666,45.48533333333332,272.5748,39.51466666666668,6022.557154953431,b5,85.0,85.0,2.0467935834667608,0.0046313724945328,141,6334.977112216174,39.80279271916665
13.86,11.77,0.2309999999999999,45.71633333333333,163.13219999999998,39.28366666666667,10203.549783549786,b5,85.0,85.0,1.1775699934095163,0.0027176470268512,142,10231.278779074182,44.483779585000065
13.87,11.77,0.2311666666666666,45.94749999999999,163.2499,39.05250000000001,10136.193222782988,b5,85.0,85.0,1.178419611009379,0.0027196078111418,143,10177.054023916551,44.71306291833339
13.87,11.77,0.2311666666666666,46.17866666666666,163.2499,38.82133333333334,10076.19322278299,b5,85.0,85.0,1.178419611009379,0.0027196078111418,144,10134.245146909445,44.85623041833335
13.86,11.77,0.2309999999999999,46.40966666666666,163.13219999999998,38.59033333333334,10023.463203463209,b5,85.0,85.0,1.1775699934095163,0.0027176470268512,145,10109.663548167247,44.97097291833332
13.85,11.76,0.2308333333333333,46.6405,162.876,38.3595,9970.700361010831,b5,85.0,85.0,1.1777209882890316,0.0027156862425605,146,10082.994114378538,45.30614270916665
13.86,11.76,0.2309999999999999,46.8715,162.9936,38.1285,9903.506493506497,b5,85.0,85.0,1.1785713283527783,0.0027176470268512,147,10069.288376965233,45.27193520916667
13.85,11.76,0.2308333333333333,47.102333333333334,162.876,37.897666666666666,9850.657039711192,b5,85.0,85.0,1.1777209882890316,0.0027156862425605,148,10085.275422990448,45.1355697925
19.5,11.6,0.325,47.42733333333334,226.2,37.57266666666666,6936.492307692307,b5,85.0,85.0,1.6810343378418675,0.003823529366782,149,7090.566338032443,45.11001667166663
19.5,11.59,0.325,47.75233333333334,226.005,37.24766666666666,6876.492307692307,b5,85.0,85.0,1.6824847556095983,0.003823529366782,150,6984.0036438012,45.45885344208331
19.48,11.58,0.3246666666666666,48.077000000000005,225.5784,36.922999999999995,6823.552361396303,b5,85.0,85.0,1.6822105628488289,0.0038196077982006,151,6936.486710293875,45.799559588333324
19.47,11.57,0.3244999999999999,48.401500000000006,225.2679,36.598499999999994,6767.057010785824,b5,85.0,85.0,1.68280020027656,0.00381764701391,152,6889.76894193897,45.89227688083331
19.46,11.56,0.3243333333333333,48.72583333333334,224.9576,36.27416666666666,6710.534429599176,b5,85.0,85.0,1.6833908578381611,0.0038156862296193,153,6871.32241661472,45.979691464166656
21.62,11.49,0.3603333333333333,49.08616666666668,248.4138,35.91383333333332,5980.10175763182,b5,85.0,85.0,1.8816360416330689,0.0042392156364013,154,6164.711482822328,46.158336258333314
21.61,11.48,0.3601666666666666,49.44633333333334,248.0828,35.55366666666666,5922.869042110133,b5,85.0,85.0,1.8824040172121936,0.0042372548521107,155,6100.247159256888,47.149471989583304
21.59,11.47,0.3598333333333333,49.80616666666668,247.6373,35.19383333333332,5868.35572024085,b5,85.0,85.0,1.8823014923887105,0.0042333332835294,156,6010.91094933565,48.33985282458331
15.73,11.62,0.2621666666666666,50.06833333333334,182.7826,34.93166666666666,7994.532739987283,b5,85.0,85.0,1.3537003998536663,0.0030843136892041,157,8154.551074015512,45.58365021083335
15.73,11.62,0.2621666666666666,50.33050000000001,182.7826,34.66949999999999,7934.532739987283,b5,85.0,85.0,1.3537003998536663,0.0030843136892041,158,8143.86019436056,45.747299794166686
15.72,11.62,0.262,50.59250000000001,182.6664,34.40749999999999,7879.580152671753,b5,85.0,85.0,1.3528398147297924,0.0030823529049134,159,8134.112482016063,45.87812646083334
20.92,11.47,0.3486666666666667,50.941166666666675,239.95240000000004,34.058833333333325,5860.984703632886,b5,85.0,85.0,1.8238882455197696,0.0041019607360553,160,5972.953328397587,49.717340742916676
20.89,11.46,0.3481666666666667,51.28933333333334,239.3994,33.71066666666666,5809.401627573,b5,85.0,85.0,1.8228619700818525,0.0040960783831833,161,5847.849569507163,50.863735742916695
20.89,11.45,0.3481666666666667,51.6375,239.1905,33.3625,5749.401627573001,b5,85.0,85.0,1.824453989130656,0.0040960783831833,162,5787.783093309644,51.24285001166669
20.86,11.44,0.3476666666666667,51.98516666666667,238.6384,33.01483333333333,5697.670182166826,b5,85.0,85.0,1.823426414036153,0.0040901960303114,163,5740.84196415261,51.62250469708335
20.86,11.43,0.3476666666666667,52.33283333333334,238.4298,32.66716666666666,5637.670182166826,b5,85.0,85.0,1.8250217125965256,0.0040901960303114,164,5701.374919267838,51.809511984583324
20.84,11.41,0.3473333333333333,52.68016666666667,237.7844,32.31983333333333,5583.080614203454,b5,85.0,85.0,1.82646785044103,0.0040862744617301,165,5682.771588383208,51.83134135875
20.83,11.4,0.3471666666666666,53.02733333333334,237.462,31.97266666666666,5525.760921747479,b5,85.0,85.0,1.827192822176068,0.0040843136774394,166,5647.885269768057,51.505029794166674
20.2,11.41,0.3366666666666666,53.364,230.482,31.635999999999996,5638.09900990099,b5,85.0,85.0,1.7703767072413052,0.003960784267128,167,5727.234224369535,51.7732247958333
20.18,11.4,0.3363333333333333,53.70033333333334,230.052,31.29966666666666,5583.686818632308,b5,85.0,85.0,1.7701752833179576,0.0039568626985467,168,5663.103719358068,51.77002312749999
20.18,11.39,0.3363333333333333,54.03666666666667,229.8502,30.963333333333324,5523.686818632308,b5,85.0,85.0,1.77172943180602,0.0039568626985467,169,5608.470769229589,51.36980791833333
12.1,11.62,0.2016666666666666,54.238333333333344,140.60199999999998,30.761666666666656,9152.231404958677,b5,85.0,85.0,1.0413079998874355,0.0023725489916955,170,9030.603520151142,46.9664516683333
12.1,11.62,0.2016666666666666,54.44000000000001,140.60199999999998,30.559999999999988,9092.231404958677,b5,85.0,85.0,1.0413079998874355,0.0023725489916955,171,9005.597311310326,47.06722333499997
12.11,11.62,0.2018333333333333,54.641833333333345,140.7182,30.358166666666655,9024.723369116433,b5,85.0,85.0,1.0421685850113094,0.0023745097759861,172,8997.224593726682,46.97088666833332
12.11,11.62,0.2018333333333333,54.84366666666668,140.7182,30.15633333333332,8964.72336911643,b5,85.0,85.0,1.0421685850113094,0.0023745097759861,173,8995.594785448464,46.95815208499998
12.12,11.62,0.2019999999999999,55.04566666666667,140.8344,29.954333333333324,8897.326732673264,b5,85.0,85.0,1.0430291701351833,0.0023764705602768,174,8955.246805703622,47.060522918333355
12.12,11.62,0.2019999999999999,55.247666666666674,140.8344,29.75233333333333,8837.326732673266,b5,85.0,85.0,1.0430291701351833,0.0023764705602768,175,8948.672651937139,46.796399168333345
21.8,11.34,0.3633333333333333,55.61100000000001,247.212,29.38899999999999,4853.229357798164,b5,85.0,85.0,1.9223984195415855,0.0042745097536332,176,4971.537269573926,52.034623231249995
21.75,11.32,0.3625,55.97350000000001,246.21,29.02649999999999,4804.38620689655,b5,85.0,85.0,1.9213779221397596,0.0042647058321799,177,4917.825560957704,52.14482041666666
21.72,11.3,0.362,56.33550000000001,245.436,28.66449999999999,4751.022099447513,b5,85.0,85.0,1.922123723705865,0.0042588234793079,178,4818.6401992807405,52.47397791666666
21.69,11.29,0.3615,56.69700000000001,244.8801,28.30299999999999,4697.593360995848,b5,85.0,85.0,1.921169006096634,0.0042529411264359,179,4780.278762816484,52.49584583333333
24.65,11.19,0.4108333333333333,57.107833333333346,275.83349999999996,27.892166666666657,4073.5010141987814,b5,85.0,85.0,2.202859499297632,0.0048333332764705,180,4322.060967679974,53.16303407458335
24.61,11.17,0.4101666666666667,57.518000000000015,274.89369999999997,27.481999999999985,4020.121901665987,b5,85.0,85.0,2.203222721287134,0.0048254901393079,181,4267.080613196126,54.15938679041668
19.49,11.3,0.3248333333333333,57.842833333333346,220.237,27.157166666666654,5016.203181118521,b5,85.0,85.0,1.7247786084266716,0.0038215685824913,182,5001.397955377577,54.22151437583334
19.48,11.29,0.3246666666666666,58.16750000000001,219.9292,26.83249999999999,4958.7782340862395,b5,85.0,85.0,1.7254205734791346,0.0038196077982006,183,4969.311482200576,54.54531895916667
19.46,11.28,0.3243333333333333,58.491833333333346,219.5088,26.508166666666657,4903.874614594036,b5,85.0,85.0,1.7251771520233024,0.0038156862296193,184,4954.12672028344,54.70957375
19.45,11.27,0.3241666666666666,58.81600000000001,219.2015,26.18399999999999,4846.395886889459,b5,85.0,85.0,1.7258206099538058,0.0038137254453287,185,4932.45642958773,54.90084333333331
19.44,11.26,0.324,59.14000000000001,218.8944,25.859999999999992,4788.888888888887,b5,85.0,85.0,1.7264652107934984,0.003811764661038,186,4909.79418512615,54.82696624999998
19.43,11.25,0.3238333333333333,59.46383333333334,218.5875,25.53616666666666,4731.35357694287,b5,85.0,85.0,1.727110957590137,0.0038098038767474,187,4884.5792401934405,54.60656124999997
19.42,11.24,0.3236666666666667,59.78750000000001,218.28080000000003,25.21249999999999,4673.789907312048,b5,85.0,85.0,1.7277578534023263,0.0038078430924567,188,4867.518723882225,54.39852645916663
22.98,11.11,0.383,60.17050000000001,255.3078,24.82949999999999,3889.7389033942536,b5,85.0,85.0,2.0684066545088524,0.0045058822999307,189,3971.2114628997474,58.219377222083324
22.94,11.09,0.3823333333333333,60.552833333333346,254.4046,24.447166666666657,3836.5213600697457,b5,85.0,85.0,2.0685300208719553,0.0044980391627681,190,3931.7540507996387,58.460741907499994
22.91,11.08,0.3818333333333333,60.93466666666668,253.8428,24.06533333333332,3781.545176778697,b5,85.0,85.0,2.067689344071359,0.0044921568098961,191,3847.7378801360646,58.36526356583334
22.88,11.06,0.3813333333333333,61.31600000000001,253.0528,23.68399999999999,3726.503496503495,b5,85.0,85.0,2.0687159069877117,0.0044862744570242,192,3812.0522379936274,57.67312137208333
22.87,11.04,0.3811666666666667,61.697166666666675,252.4848,23.302833333333325,3668.132925229557,b5,85.0,85.0,2.0715577833733896,0.0044843136727335,193,3748.863499943572,56.31478198958331
24.94,10.95,0.4156666666666667,62.11283333333334,273.093,22.88716666666666,3303.6808340016028,b5,85.0,85.0,2.27762536277394,0.0048901960208996,194,3419.570514382322,54.45667166833333
24.89,10.93,0.4148333333333333,62.52766666666667,272.0477,22.472333333333324,3250.317396544795,b5,85.0,85.0,2.277218455881203,0.0048803920994463,195,3372.202194330013,54.91859750166668
24.86,10.9,0.4143333333333333,62.94200000000001,270.974,22.057999999999993,3194.239742558326,b5,85.0,85.0,2.2807337357125013,0.0048745097465743,196,3270.577249703719,55.48280270916669
24.82,10.88,0.4136666666666667,63.35566666666667,270.0416,21.64433333333333,3139.3875906526982,b5,85.0,85.0,2.281249790326306,0.0048666666094117,197,3251.995574542725,55.51736416666668
14.72,11.2,0.2453333333333333,63.601000000000006,164.864,21.39899999999999,5233.45108695652,b5,85.0,85.0,1.3142855969387863,0.0028862744758477,198,5191.209699931246,56.4876745833333
14.72,11.2,0.2453333333333333,63.84633333333334,164.864,21.15366666666666,5173.451086956519,b5,85.0,85.0,1.3142855969387863,0.0028862744758477,199,5191.209699931246,56.4876745833333
14.73,11.2,0.2455,64.09183333333334,164.976,20.90816666666666,5109.938900203664,b5,85.0,85.0,1.315178454001924,0.0028882352601384,200,5174.149706266962,56.56229583333328
14.72,11.2,0.2453333333333333,64.33716666666668,164.864,20.662833333333325,5053.410326086954,b5,85.0,85.0,1.3142855969387863,0.0028862744758477,201,5155.122710303733,56.64855416666662
16.38,11.13,0.2729999999999999,64.61016666666667,182.3094,20.38983333333333,4481.28205128205,b5,85.0,85.0,1.4716979809795163,0.0032117646680968,202,4669.5358485042025,59.175347916666645
16.37,11.12,0.2728333333333333,64.88300000000001,182.0344,20.11699999999999,4424.019547953571,b5,85.0,85.0,1.4721221697731866,0.0032098038838062,203,4646.011231430589,59.348678333333325
16.36,11.11,0.2726666666666666,65.15566666666668,181.7596,19.844333333333324,4366.723716381416,b5,85.0,85.0,1.4725471221829771,0.0032078430995155,204,4600.4983242871685,59.70164541666665
16.35,11.1,0.2725,65.42816666666667,181.485,19.57183333333333,4309.394495412843,b5,85.0,85.0,1.4729728402727174,0.0032058823152249,205,4570.886705543854,59.85260208333332
20.66,10.94,0.3443333333333333,65.77250000000001,226.0204,19.227499999999992,3350.387221684413,b5,85.0,85.0,1.8884824599193368,0.0040509803444982,206,3428.1177637705987,57.60022416666665
20.64,10.92,0.344,66.1165,225.3888,18.8835,3293.633720930232,b5,85.0,85.0,1.89010971702292,0.0040470587759169,207,3308.262877519773,59.634964999999966
20.61,10.89,0.3434999999999999,66.46000000000001,224.4429,18.539999999999992,3238.427947598252,b5,85.0,85.0,1.892561809682111,0.0040411764230449,208,3250.451607805517,60.53516416666664
20.57,10.86,0.3428333333333333,66.80283333333334,223.3902,18.19716666666666,3184.725328147787,b5,85.0,85.0,1.8941066395850243,0.0040333332858823,209,3219.720029262745,61.54794416833329
22.03,10.78,0.3671666666666667,67.17,237.4834,17.83,2913.663186563776,b5,85.0,85.0,2.0435990683117753,0.0043196077923183,210,2944.2388886680333,62.04905208333338
22.03,10.78,0.3671666666666667,67.53716666666666,237.4834,17.462833333333336,2853.663186563777,b5,85.0,85.0,2.0435990683117753,0.0043196077923183,211,2871.734048280231,61.887592916666726
21.98,10.75,0.3663333333333333,67.9035,236.285,17.096500000000006,2800.154686078254,b5,85.0,85.0,2.0446509725906075,0.004309803870865,212,2852.193261904578,61.89792083333341
21.96,10.72,0.366,68.2695,235.41120000000004,16.730500000000006,2742.704918032788,b5,85.0,85.0,2.048507271594471,0.0043058823022837,213,2847.4506500281514,62.01188208333341
21.91,10.69,0.3651666666666667,68.63466666666666,234.2179,16.36533333333334,2688.963943404839,b5,85.0,85.0,2.04957885410862,0.0042960783808304,214,2803.2900209513014,62.58429500000009
16.81,10.86,0.2801666666666666,68.91483333333333,182.55659999999995,16.085166666666666,3444.7709696609163,b5,85.0,85.0,1.547881993749356,0.0032960783925951,215,3441.2584794896534,65.08187469041668
16.81,10.85,0.2801666666666666,69.19500000000001,182.3885,15.804999999999993,3384.7709696609145,b5,85.0,85.0,1.5493086129669482,0.0032960783925951,216,3436.3256378896967,65.17406427375
16.8,10.84,0.28,69.47500000000001,182.112,15.524999999999991,3326.7857142857124,b5,85.0,85.0,1.5498153551830856,0.0032941176083044,217,3420.8424292720865,65.37714219041668
16.79,10.82,0.2798333333333333,69.75483333333334,181.6678,15.245166666666664,3268.7671232876705,b5,85.0,85.0,1.5517558639782012,0.0032921568240138,218,3350.2543946171436,66.08999969041665
14.61,10.89,0.2435,69.99833333333333,159.1029,15.001666666666663,3696.509240246406,b5,85.0,85.0,1.341597672947872,0.0028647058486505,219,4009.0534787530155,63.05725979416667
16.78,10.79,0.2796666666666667,70.278,181.0562,14.721999999999994,3158.4743742550645,b5,85.0,85.0,1.5551435074009727,0.0032901960397231,220,3288.3676132136625,65.98960906624998
16.77,10.77,0.2794999999999999,70.5575,180.6129,14.442499999999995,3100.35778175313,b5,85.0,85.0,1.557102919489051,0.0032882352554325,221,3264.7351077229578,65.84340135708331
16.75,10.75,0.2791666666666667,70.83666666666667,180.0625,14.163333333333329,3044.059701492536,b5,85.0,85.0,1.558139389940522,0.0032843136868512,222,3209.5017253879614,65.71872344041665
16.73,10.73,0.2788333333333333,71.11550000000001,179.5129,13.884499999999989,2987.698744769872,b5,85.0,85.0,1.559179724214378,0.0032803921182698,223,3175.9130810076977,64.88777427375
16.72,10.7,0.2786666666666667,71.39416666666668,178.90399999999997,13.605833333333322,2929.485645933012,b5,85.0,85.0,1.562616676390965,0.0032784313339792,224,3165.8789585121613,64.49635843874998
16.7,10.68,0.2783333333333333,71.67250000000001,178.356,13.327499999999986,2872.994011976045,b5,85.0,85.0,1.5636702655739452,0.0032745097653979,225,3097.9978259378363,63.14776593874996
21.69,10.43,0.3615,72.03400000000002,226.2267,12.96599999999998,2152.0331950207433,b5,85.0,85.0,2.0795779405965544,0.0042529411264359,226,2421.15837336989,59.098093333333416
21.56,10.34,0.3593333333333333,72.39333333333336,222.9304,12.60666666666664,2105.0092764378437,b5,85.0,85.0,2.085106181324354,0.0042274509306574,227,2231.7689025369336,61.9521458333334
21.43,10.23,0.3571666666666667,72.75050000000003,219.2289,12.24949999999997,2057.7788147456786,b5,85.0,85.0,2.094818954563152,0.0042019607348788,228,2207.141086785047,61.666018333333426
9.35,10.89,0.1558333333333333,72.90633333333336,101.8215,12.093666666666635,4656.385026737956,b5,85.0,85.0,0.8585857797441891,0.0018333333117647,229,4573.240078606177,68.80395833333336
9.36,10.92,0.156,73.06233333333337,102.2112,11.93766666666663,4591.410256410242,b5,85.0,85.0,0.8571427786499287,0.0018352940960553,230,4484.186921682187,69.1483491666667
9.38,10.93,0.1563333333333333,73.2186666666667,102.5234,11.781333333333292,4521.62046908314,b5,85.0,85.0,0.8581883935783722,0.0018392156646366,231,4430.195152534926,70.11026208333341
9.38,10.94,0.1563333333333333,73.37500000000004,102.6172,11.624999999999956,4461.620469083139,b5,85.0,85.0,0.8574039435645392,0.0018392156646366,232,4404.501037486575,70.51712208333335
9.39,10.95,0.1565,73.53150000000004,102.8205,11.468499999999963,4396.8690095846505,b5,85.0,85.0,0.8575341682617199,0.0018411764489273,233,4365.848752135509,71.41077916666666
9.39,10.95,0.1565,73.68800000000003,102.8205,11.31199999999997,4336.869009584652,b5,85.0,85.0,0.8575341682617199,0.0018411764489273,234,4349.720723341644,71.53331416666666
9.4,10.96,0.1566666666666666,73.8446666666667,103.02400000000002,11.155333333333305,4272.255319148924,b5,85.0,85.0,0.8576641553226136,0.0018431372332179,235,4330.5668662375465,71.71038999999998
7.71,11.06,0.1285,73.9731666666667,85.2726,11.0268333333333,5148.715953307378,b5,85.0,85.0,0.6971066277480445,0.0015117646880968,236,5108.011098716838,69.96176583333329
7.71,11.07,0.1285,74.1016666666667,85.3497,10.898333333333298,5088.715953307376,b5,85.0,85.0,0.6964769018539384,0.0015117646880968,237,5091.5662150718945,70.69970124999996
7.72,11.08,0.1286666666666666,74.23033333333336,85.5376,10.769666666666636,5022.1243523315925,b5,85.0,85.0,0.696750839643426,0.0015137254723875,238,5059.287488476115,70.66082166666662
5.26,11.22,0.0876666666666666,74.31800000000003,59.0172,10.681999999999974,7310.874524714811,b5,85.0,85.0,0.4688056623167859,0.0010313725368858,239,7268.790175574125,72.90933333333331
5.26,11.24,0.0876666666666666,74.40566666666669,59.1224,10.59433333333331,7250.874524714814,b5,85.0,85.0,0.4679714886146362,0.0010313725368858,240,7247.065016948134,73.15175125000002
5.27,11.25,0.0878333333333333,74.49350000000003,59.287499999999994,10.506499999999974,7177.115749525599,b5,85.0,85.0,0.468444402804942,0.0010333333211764,241,7172.1044083147835,72.90830000000004
5.27,11.27,0.0878333333333333,74.58133333333336,59.39289999999999,10.418666666666638,7117.1157495255975,b5,85.0,85.0,0.4676130907175607,0.0010333333211764,242,7129.9075988628765,73.88167875000005
5.28,11.28,0.088,74.66933333333336,59.5584,10.330666666666644,7043.6363636363485,b5,85.0,85.0,0.4680850648860759,0.0010352941054671,243,7095.60163294556,73.76862166666668
7.29,11.17,0.1215,74.79083333333335,81.4293,10.209166666666649,5041.563786008221,b5,85.0,85.0,0.652640944257749,0.0014294117478892,244,5107.027011392391,70.23604249999995
7.28,11.17,0.1213333333333333,74.91216666666669,81.3176,10.087833333333307,4988.489010988998,b5,85.0,85.0,0.65174568919018,0.0014274509635986,245,5046.5118369354905,69.87850458333331
7.29,11.17,0.1215,75.03366666666669,81.4293,9.96633333333331,4921.646090534968,b5,85.0,85.0,0.652640944257749,0.0014294117478892,246,5008.930819434905,69.98595833333331
7.29,11.17,0.1215,75.15516666666669,81.4293,9.844833333333312,4861.646090534969,b5,85.0,85.0,0.652640944257749,0.0014294117478892,247,4975.830940634687,70.04896520916667
7.91,11.14,0.1318333333333333,75.28700000000002,88.1174,9.71299999999998,4420.581542351445,b5,85.0,85.0,0.7100537962249734,0.00155098037391,248,4421.2925996722015,71.98401416666665
7.91,11.14,0.1318333333333333,75.41883333333335,88.1174,9.581166666666649,4360.581542351445,b5,85.0,85.0,0.7100537962249734,0.00155098037391,249,4395.8540758738645,71.80764416666663
7.91,11.14,0.1318333333333333,75.55066666666669,88.1174,9.449333333333314,4300.581542351445,b5,85.0,85.0,0.7100537962249734,0.00155098037391,250,4362.114755573654,71.31029374999993
7.91,11.14,0.1318333333333333,75.68250000000002,88.1174,9.31749999999998,4240.581542351446,b5,85.0,85.0,0.7100537962249734,0.00155098037391,251,4278.431053613804,70.20217666666662
9.58,11.05,0.1596666666666666,75.84216666666669,105.859,9.157833333333317,3441.356993736945,b5,85.0,85.0,0.8669682473331903,0.0018784313504498,252,3442.5471389055065,71.3478553212501
9.57,11.04,0.1595,76.00166666666668,105.6528,8.99833333333332,3384.952978056421,b5,85.0,85.0,0.866847747568139,0.0018764705661591,253,3411.1314793443507,71.88349677875011
9.58,11.03,0.1596666666666666,76.16133333333335,105.6674,8.838666666666654,3321.4196242171142,b5,85.0,85.0,0.8685402657715082,0.0018784313504498,254,3308.204344484915,72.02998531958333
9.57,11.02,0.1595,76.32083333333334,105.4614,8.67916666666666,3264.8902821316588,b5,85.0,85.0,0.8684209738274979,0.0018764705661591,255,3262.490638816162,72.58411667166662
9.56,11.01,0.1593333333333333,76.48016666666668,105.2556,8.519833333333324,3208.30543933054,b5,85.0,85.0,0.8683014651860614,0.0018745097818685,256,3240.3312802927044,73.17431198458328
9.56,11.0,0.1593333333333333,76.63950000000001,105.16,8.360499999999988,3148.3054393305392,b5,85.0,85.0,0.8690908300826519,0.0018745097818685,257,3182.4385595432527,72.6357277174999
7.28,11.12,0.1213333333333333,76.76083333333335,80.9536,8.239166666666648,4074.3131868131777,b5,85.0,85.0,0.6546762001190468,0.0014274509635986,258,4025.6740254501615,70.75325948458338
7.28,11.12,0.1213333333333333,76.88216666666669,80.9536,8.117833333333309,4014.313186813174,b5,85.0,85.0,0.6546762001190468,0.0014274509635986,259,4009.4755684803345,70.31645823458337
7.29,11.12,0.1215,77.00366666666669,81.06479999999999,7.996333333333311,3948.806584362129,b5,85.0,85.0,0.6555754806137158,0.0014294117478892,260,3996.3092991134154,70.18571469041673
7.28,11.12,0.1213333333333333,77.12500000000003,80.9536,7.874999999999972,3894.230769230755,b5,85.0,85.0,0.6546762001190468,0.0014274509635986,261,3987.3256282751,70.12672719041672
7.28,11.12,0.1213333333333333,77.24633333333337,80.9536,7.753666666666632,3834.230769230752,b5,85.0,85.0,0.6546762001190468,0.0014274509635986,262,3969.253718914845,68.75995302375004
10.07,10.95,0.1678333333333333,77.4141666666667,110.2665,7.585833333333298,2711.916583912599,b5,85.0,85.0,0.9196346192114504,0.001974509780692,263,2662.110892485177,70.62821292333335
10.06,10.94,0.1676666666666666,77.58183333333336,110.0564,7.418166666666636,2654.612326043726,b5,85.0,85.0,0.9195611590894738,0.0019725489964013,264,2650.990389406042,70.49966312916666
10.05,10.92,0.1675,77.74933333333337,109.746,7.250666666666632,2597.253731343271,b5,85.0,85.0,0.9203295860504044,0.0019705882121107,265,2595.7341675183243,70.14869468874997
10.05,10.91,0.1675,77.91683333333337,109.6455,7.083166666666628,2537.2537313432695,b5,85.0,85.0,0.9211731511298672,0.0019705882121107,266,2549.0546812220027,68.24626208333326
10.04,10.89,0.1673333333333333,78.0841666666667,109.3356,6.915833333333296,2479.7808764940105,b5,85.0,85.0,0.9219466554686266,0.00196862742782,267,2501.253057259182,64.75493250000001
9.41,10.91,0.1568333333333333,78.24100000000004,102.6631,6.758999999999958,2585.802337938347,b5,85.0,85.0,0.862511378321597,0.0018450980175086,268,2589.9409486675054,71.01131521916669
9.41,10.9,0.1568333333333333,78.39783333333338,102.569,6.602166666666619,2525.8023379383453,b5,85.0,85.0,0.8633026730914979,0.0018450980175086,269,2537.6957458470138,70.79421323625
9.4,10.89,0.1566666666666666,78.55450000000005,102.366,6.445499999999953,2468.48936170211,b5,85.0,85.0,0.8631771475503079,0.0018431372332179,270,2500.5246495586102,71.71826281625003
9.39,10.87,0.1565,78.71100000000004,102.0693,6.288999999999959,2411.118210862604,b5,85.0,85.0,0.863845366711558,0.0018411764489273,271,2466.569391911533,69.77014375166667
9.38,10.86,0.1563333333333333,78.86733333333338,101.8668,6.132666666666623,2353.6886993603243,b5,85.0,85.0,0.8637199941325974,0.0018392156646366,272,2430.31127327908,69.95703000166668
5.31,11.12,0.0885,78.95583333333337,59.04719999999999,6.0441666666666265,4097.740112994323,b5,85.0,85.0,0.4775179426692498,0.0010411764583391,273,4133.706650033762,70.74083104583337
5.93,11.09,0.0988333333333333,79.0546666666667,65.7637,5.945333333333295,3609.308600337245,b5,85.0,85.0,0.5347159121085742,0.0011627450843598,274,3739.9047680814892,72.43544781958344
10.29,10.82,0.1714999999999999,79.2261666666667,111.3378,5.7738333333333,2019.9999999999884,b5,85.0,85.0,0.9510165479651989,0.0020176470350865,275,2048.785146790289,68.27307875000008
10.29,10.82,0.1714999999999999,79.3976666666667,111.3378,5.602333333333306,1959.9999999999905,b5,85.0,85.0,0.9510165479651989,0.0020176470350865,276,2007.3390761461121,67.59120041666674
10.27,10.79,0.1711666666666666,79.56883333333336,110.81329999999998,5.431166666666641,1903.816942551111,b5,85.0,85.0,0.9518071407036942,0.0020137254665051,277,1905.4011953570312,72.2316208333333
10.26,10.77,0.1709999999999999,79.73983333333337,110.5002,5.260166666666635,1845.672514619872,b5,85.0,85.0,0.952646151100636,0.0020117646822145,278,1882.337992657579,75.08692270916659
9.6,10.77,0.16,79.89983333333336,103.392,5.100166666666638,1912.5624999999893,b5,85.0,85.0,0.8913648197432852,0.0018823529190311,279,1897.3143479749592,74.41127645916654
9.6,10.75,0.16,80.05983333333336,103.2,4.9401666666666415,1852.562499999991,b5,85.0,85.0,0.8930231727420305,0.0018823529190311,280,1878.4702975900543,75.64030770916655
9.59,10.73,0.1598333333333333,80.2196666666667,102.9007,4.780333333333303,1794.494264859217,b5,85.0,85.0,0.893755741495271,0.0018803921347404,281,1830.1452272398258,74.44213833333323
9.57,10.71,0.1595,80.37916666666669,102.4947,4.620833333333309,1738.244514106574,b5,85.0,85.0,0.8935573395371298,0.0018764705661591,282,1642.0727336993048,66.35104365124997
9.56,10.69,0.1593333333333333,80.53850000000003,102.1964,4.4614999999999725,1680.0627615062658,b5,85.0,85.0,0.8942936488032135,0.0018745097818685,283,1582.1466938491994,65.23784552708332
11.16,10.53,0.186,80.72450000000003,117.5148,4.275499999999965,1379.1935483870857,b5,85.0,85.0,1.059828959180536,0.0021882352683737,284,1382.7293589864878,68.83272802708338
11.12,10.47,0.1853333333333333,80.90983333333337,116.4264,4.090166666666633,1324.154676258982,b5,85.0,85.0,1.062082038005536,0.002180392131211,285,1337.267710375923,69.77310490458333
11.08,10.4,0.1846666666666666,81.09450000000004,115.232,3.905499999999961,1268.9350180505287,b5,85.0,85.0,1.0653845129437969,0.0021725489940484,286,1290.7323009508568,68.75364615458327
11.02,10.31,0.1836666666666666,81.2781666666667,113.6162,3.7218333333332936,1215.8439201451777,b5,85.0,85.0,1.0688650757647842,0.0021607842883044,287,1261.5558370012484,70.18834731083334
9.41,10.39,0.1568333333333333,81.43500000000004,97.7699,3.564999999999955,1363.8682252922251,b5,85.0,85.0,0.9056784498865784,0.0018450980175086,288,1320.6335931533017,63.81987167166663
8.17,10.5,0.1361666666666666,81.57116666666671,85.785,3.428833333333287,1510.8690330477152,b5,85.0,85.0,0.7780951639909368,0.0016019607654671,289,1475.2291473899948,72.45959416666669
8.17,10.48,0.1361666666666666,81.70733333333338,85.6216,3.2926666666666193,1450.8690330477148,b5,85.0,85.0,0.7795800782843437,0.0016019607654671,290,1458.2049942531855,71.08644416666671
8.16,10.46,0.136,81.84333333333338,85.35360000000001,3.1566666666666237,1392.6470588235104,b5,85.0,85.0,0.7801146481725958,0.0015999999811764,291,1428.3176388058191,69.11935500000003
8.15,10.42,0.1358333333333333,81.97916666666671,84.923,3.020833333333286,1334.3558282208378,b5,85.0,85.0,0.7821496370297855,0.0015980391968858,292,1422.0857958743434,68.56175791666669
9.63,9.99,0.1605,82.13966666666671,96.2037,2.860333333333287,1069.2834890965555,b5,85.0,85.0,0.9639638674710844,0.0018882352719031,293,1119.7713843340987,70.30629073791664
9.54,9.79,0.1589999999999999,82.29866666666672,93.39659999999998,2.701333333333281,1019.3710691823704,b5,85.0,85.0,0.9744636389720492,0.0018705882132871,294,1098.1697646416098,72.02180771583339
9.5,9.66,0.1583333333333333,82.45700000000005,91.77,2.5429999999999495,963.6631578947176,b5,85.0,85.0,0.9834367511970238,0.0018627450761245,295,1064.7917225096942,70.85763896249999
9.42,9.55,0.157,82.61400000000005,89.96100000000001,2.385999999999953,911.847133757944,b5,85.0,85.0,0.9863873312683424,0.0018470588017993,296,962.9760913731261,74.6125618875
6.05,9.94,0.1008333333333333,82.71483333333337,60.13699999999999,2.285166666666626,1359.7685950412983,b5,85.0,85.0,0.6086518502362325,0.0011862744958477,297,1304.933475301438,78.11817989791678
6.05,9.94,0.1008333333333333,82.8156666666667,60.13699999999999,2.1843333333332993,1299.7685950413022,b5,85.0,85.0,0.6086518502362325,0.0011862744958477,298,1293.3597289476454,77.68400302375012
6.05,9.93,0.1008333333333333,82.91650000000003,60.0765,2.0834999999999724,1239.7685950413058,b5,85.0,85.0,0.6092647926218739,0.0011862744958477,299,1259.6108914257916,78.41232229416673
6.05,9.92,0.1008333333333333,83.01733333333335,60.016,1.9826666666666457,1179.7685950413097,b5,85.0,85.0,0.6098789707783296,0.0011862744958477,300,1218.9856223070578,78.82938146250005
9.37,9.43,0.1561666666666666,83.17350000000002,88.35909999999998,1.8264999999999816,701.7502668089578,b5,85.0,85.0,0.9936372223078236,0.001837254880346,301,739.0614885524889,74.70735573791673
4.4,9.9,0.0733333333333333,83.24683333333336,43.56,1.753166666666644,1434.409090909072,b5,85.0,85.0,0.4444443995510708,0.0008627450878892,302,1343.2732579971832,80.16975220874996
6.0,9.77,0.1,83.34683333333335,58.62,1.6531666666666496,991.8999999999896,b5,85.0,85.0,0.6141248091990984,0.0011764705743944,303,1056.216706827096,80.43672740791659
7.85,9.59,0.1308333333333333,83.47766666666668,75.2815,1.5223333333333215,698.1401273885297,b5,85.0,85.0,0.8185609156870787,0.001539215668166,304,713.144008027688,78.64334781625003
7.81,9.49,0.1301666666666666,83.60783333333335,74.1169,1.392166666666654,641.7157490396868,b5,85.0,85.0,0.8229714622790872,0.0015313725310034,305,703.6624407672847,77.4080239658333
4.39,9.86,0.0731666666666666,83.68100000000001,43.2854,1.3189999999999884,1081.6400911161636,b5,85.0,85.0,0.4452332205645821,0.0008607843035986,306,1179.1922623436108,81.08198198625009
5.99,9.72,0.0998333333333333,83.78083333333335,58.22280000000001,1.219166666666652,732.7212020033301,b5,85.0,85.0,0.6162550806321934,0.0011745097901038,307,726.0593063018059,82.43250105416668
5.99,9.71,0.0998333333333333,83.88066666666668,58.16290000000001,1.1193333333333155,672.7212020033284,b5,85.0,85.0,0.6168897407940535,0.0011745097901038,308,671.147631829844,82.10843366624988
5.99,9.7,0.0998333333333333,83.98050000000002,58.102999999999994,1.0194999999999794,612.7212020033265,b5,85.0,85.0,0.6175257095334321,0.0011745097901038,309,612.3777169210333,79.75245125833324
9.27,9.21,0.1545,84.13500000000002,85.3767,0.8649999999999807,335.9223300970799,b5,85.0,85.0,1.0065145486954887,0.0018176470374394,310,364.97824102377075,76.485444605
9.2,9.07,0.1533333333333333,84.28833333333336,83.444,0.7116666666666447,278.47826086955666,b5,85.0,85.0,1.0143328539875571,0.0018039215474048,311,310.7689580304486,79.09848741125006
17.03,12.03,0.2838333333333333,0.2838333333333333,204.8709,80.99616666666667,17121.91426893717,b1,81.28,81.28,1.415627479997716,0.0034920439202914,0,17022.249393137565,0.9689839624999992
17.03,11.99,0.2838333333333333,0.5676666666666667,204.1897,80.71233333333333,17061.91426893717,b1,81.28,81.28,1.420350173448693,0.0034920439202914,1,16940.898716076972,1.3546222924999978
17.03,12.01,0.2838333333333333,0.8514999999999999,204.5303,80.4285,17001.914268937166,b1,81.28,81.28,1.4179848944225737,0.0034920439202914,2,16938.74805409829,1.327518542499998
17.03,12.02,0.2838333333333333,1.1353333333333333,204.7006,80.14466666666667,16941.91426893717,b1,81.28,81.28,1.4168052065885854,0.0034920439202914,3,16916.462893610198,1.5069681258333316
17.03,12.02,0.2838333333333333,1.419166666666667,204.7006,79.86083333333333,16881.91426893717,b1,81.28,81.28,1.4168052065885854,0.0034920439202914,4,16861.61630548709,1.8737035425000017
1.34,1.5,0.0223333333333333,1.4415,2.01,79.8385,214491.4925373134,b1,81.28,81.28,0.8933327377781749,0.0002747703378268,5,211484.25702380305,3.001510416666662
1.35,1.5,0.0225,1.464,2.0250000000000004,79.816,212842.6666666667,b1,81.28,81.28,0.8999994000004001,0.0002768208627359,6,209137.1567589362,2.715155833333333
1.35,1.5,0.0225,1.4865,2.0250000000000004,79.7935,212782.66666666663,b1,81.28,81.28,0.8999994000004001,0.0002768208627359,7,209137.1567589362,2.715155833333333
1.33,1.5,0.0221666666666666,1.5086666666666666,1.995,79.77133333333333,215922.4060150376,b1,81.28,81.28,0.8866660755559497,0.0002727198129176,8,211499.21884320906,3.0015087499999957
1.36,1.5,0.0226666666666666,1.5313333333333332,2.04,79.74866666666667,211099.41176470587,b1,81.28,81.28,0.9066660622226252,0.0002788713876451,9,210668.93038214542,2.103390833333336
1.32,1.5,0.022,1.5533333333333332,1.98,79.72666666666667,217436.3636363636,b1,81.28,81.28,0.8799994133337246,0.0002706692880084,10,208613.012675383,4.094024583333338
1.33,1.5,0.0221666666666666,1.5755,1.995,79.7045,215741.5037593985,b1,81.28,81.28,0.8866660755559497,0.0002727198129176,11,211466.25775298345,3.0224916666666677
1.33,1.5,0.0221666666666666,1.5976666666666666,1.995,79.68233333333333,215681.5037593985,b1,81.28,81.28,0.8866660755559497,0.0002727198129176,12,211466.25775298345,3.0224916666666677
1.36,1.5,0.0226666666666666,1.6203333333333332,2.04,79.65966666666667,210863.82352941175,b1,81.28,81.28,0.9066660622226252,0.0002788713876451,13,210485.60381204364,2.1096375000000025
7.32,12.19,0.122,1.7423333333333333,89.2308,79.53766666666667,39116.885245901634,b1,81.28,81.28,0.6004921574657788,0.0015009842335016,14,38939.168383579716,2.154583229583328
7.32,12.2,0.122,1.8643333333333336,89.304,79.41566666666667,39056.88524590164,b1,81.28,81.28,0.5999999508196763,0.0015009842335016,15,38963.75796039261,2.129705729583328
7.32,12.22,0.122,1.9863333333333335,89.4504,79.29366666666667,38996.88524590164,b1,81.28,81.28,0.59901795425385,0.0015009842335016,16,38925.695001278145,2.257982812916665
7.32,12.22,0.122,2.1083333333333334,89.4504,79.17166666666667,38936.885245901634,b1,81.28,81.28,0.59901795425385,0.0015009842335016,17,38898.71558277605,2.3068457295833316
7.32,12.22,0.122,2.2303333333333333,89.4504,79.04966666666667,38876.885245901634,b1,81.28,81.28,0.59901795425385,0.0015009842335016,18,38842.284857792576,2.4574157295833294
7.32,12.22,0.122,2.352333333333333,89.4504,78.92766666666667,38816.885245901634,b1,81.28,81.28,0.59901795425385,0.0015009842335016,19,38816.05294221929,2.527275729583328
4.63,12.28,0.0771666666666666,2.4295,56.856399999999994,78.8505,61309.24406047516,b1,81.28,81.28,0.3770357999156515,0.0009493930329388,20,60989.34734512969,2.9832349999999956
4.63,12.3,0.0771666666666666,2.506666666666667,56.949000000000005,78.77333333333334,61249.24406047516,b1,81.28,81.28,0.376422733624168,0.0009493930329388,21,60989.238512876735,3.0424149999999957
4.63,12.3,0.0771666666666666,2.5838333333333336,56.949000000000005,78.69616666666667,61189.24406047517,b1,81.28,81.28,0.376422733624168,0.0009493930329388,22,60989.238512876735,3.0424149999999957
4.63,12.3,0.0771666666666666,2.6610000000000005,56.949000000000005,78.619,61129.24406047517,b1,81.28,81.28,0.376422733624168,0.0009493930329388,23,60989.238512876735,3.0424149999999957
6.52,12.26,0.1086666666666666,2.769666666666667,79.9352,78.51033333333334,43349.26380368099,b1,81.28,81.28,0.5318107233433341,0.0013369422407692,24,42936.103859764036,3.439248775
6.52,12.25,0.1086666666666666,2.878333333333334,79.86999999999999,78.40166666666667,43289.26380368099,b1,81.28,81.28,0.5322448545106241,0.0013369422407692,25,42923.6280549278,3.406858775
6.52,12.25,0.1086666666666666,2.9870000000000005,79.86999999999999,78.293,43229.263803680995,b1,81.28,81.28,0.5322448545106241,0.0013369422407692,26,42881.67562386027,3.537672315833333
7.57,12.22,0.1261666666666666,3.1131666666666673,92.5054,78.16683333333333,37173.13077939233,b1,81.28,81.28,0.6194762177188038,0.0015522473562305,27,37143.78315733015,3.2525052091666593
7.57,12.21,0.1261666666666666,3.239333333333334,92.4297,78.04066666666667,37113.13077939234,b1,81.28,81.28,0.6199835692069149,0.0015522473562305,28,37094.370389900214,3.331689062916661
7.57,12.21,0.1261666666666666,3.365500000000001,92.4297,77.9145,37053.13077939234,b1,81.28,81.28,0.6199835692069149,0.0015522473562305,29,37073.82038990022,3.374901146249997
7.57,12.21,0.1261666666666666,3.4916666666666676,92.4297,77.78833333333333,36993.13077939233,b1,81.28,81.28,0.6199835692069149,0.0015522473562305,30,37007.97038990022,3.513369062916671
7.57,12.21,0.1261666666666666,3.6178333333333343,92.4297,77.66216666666666,36933.13077939233,b1,81.28,81.28,0.6199835692069149,0.0015522473562305,31,36972.57038990022,3.587807396250007
7.57,12.21,0.1261666666666666,3.744000000000001,92.4297,77.536,36873.13077939233,b1,81.28,81.28,0.6199835692069149,0.0015522473562305,32,36924.7306125811,3.683694062916674
7.57,12.21,0.1261666666666666,3.870166666666668,92.4297,77.40983333333334,36813.13077939234,b1,81.28,81.28,0.6199835692069149,0.0015522473562305,33,36922.1806125811,3.6890561462500076
10.0,12.18,0.1666666666666666,4.036833333333335,121.8,77.24316666666667,27807.54,b1,81.28,81.28,0.8210179949903125,0.0020505249091552,34,27323.57911896163,5.431132083333333
10.0,12.18,0.1666666666666666,4.203500000000002,121.8,77.0765,27747.539999999997,b1,81.28,81.28,0.8210179949903125,0.0020505249091552,35,27162.532605741308,5.847323750000002
11.58,12.14,0.193,4.396500000000001,140.5812,76.8835,23901.60621761658,b1,81.28,81.28,0.953871420603672,0.0023745078448018,36,23915.46450296963,4.449080833333335
11.58,12.12,0.193,4.589500000000001,140.34959999999998,76.6905,23841.60621761658,b1,81.28,81.28,0.9554454657223216,0.0023745078448018,37,23799.135392618,4.734600416666678
11.58,12.12,0.193,4.782500000000001,140.34959999999998,76.4975,23781.60621761658,b1,81.28,81.28,0.9554454657223216,0.0023745078448018,38,23768.90830531706,4.844666250000014
11.58,12.12,0.193,4.9755,140.34959999999998,76.3045,23721.60621761658,b1,81.28,81.28,0.9554454657223216,0.0023745078448018,39,23677.470833234067,5.2415041666666715
11.58,12.12,0.193,5.1685,140.34959999999998,76.1115,23661.606217616583,b1,81.28,81.28,0.9554454657223216,0.0023745078448018,40,23617.653909973596,5.429008750000003
11.98,12.1,0.1996666666666667,5.368166666666666,144.958,75.91183333333333,22811.56928213689,b1,81.28,81.28,0.990082562803094,0.002456528841168,41,22715.4114647998,5.821220416666659
11.98,12.1,0.1996666666666667,5.567833333333333,144.958,75.71216666666666,22751.569282136898,b1,81.28,81.28,0.990082562803094,0.002456528841168,42,22684.54755798388,5.766786249999991
11.98,12.1,0.1996666666666667,5.767499999999999,144.958,75.5125,22691.569282136898,b1,81.28,81.28,0.990082562803094,0.002456528841168,43,22419.19680061116,6.1843766666666635
11.98,12.1,0.1996666666666667,5.967166666666666,144.958,75.31283333333333,22631.569282136898,b1,81.28,81.28,0.990082562803094,0.002456528841168,44,22303.052788611236,6.4474933333333295
20.79,11.94,0.3465,6.313666666666665,248.2326,74.96633333333334,12981.183261183263,b1,81.28,81.28,1.7412058843211151,0.0042630412861338,45,12935.774222364598,6.608331164583331
20.8,11.93,0.3466666666666667,6.660333333333332,248.144,74.61966666666667,12914.94230769231,b1,81.28,81.28,1.7435036258588748,0.0042650918110429,46,12909.403860360624,6.825319184999997
4.87,12.24,0.0811666666666666,6.7414999999999985,59.6088,74.5385,55100.32854209445,b1,81.28,81.28,0.3978757844872725,0.0009986056307586,47,55036.33905778334,7.6108179166666705
4.87,12.26,0.0811666666666666,6.822666666666665,59.7062,74.45733333333334,55040.32854209446,b1,81.28,81.28,0.3972267212702511,0.0009986056307586,48,55000.80777835767,6.937753229583329
4.87,12.26,0.0811666666666666,6.903833333333331,59.7062,74.37616666666668,54980.32854209446,b1,81.28,81.28,0.3972267212702511,0.0009986056307586,49,54969.157778357665,6.980568646249992
4.87,12.26,0.0811666666666666,6.984999999999998,59.7062,74.295,54920.32854209445,b1,81.28,81.28,0.3972267212702511,0.0009986056307586,50,54922.50777835767,7.043675729583323
4.87,12.26,0.0811666666666666,7.066166666666664,59.7062,74.21383333333334,54860.32854209447,b1,81.28,81.28,0.3972267212702511,0.0009986056307586,51,54914.55777835767,7.054430312916656
20.9,11.97,0.3483333333333333,7.414499999999998,250.173,73.8655,12723.244019138756,b1,81.28,81.28,1.7460316001644445,0.0042855970601345,52,12670.996715352705,8.374822607083336
20.88,11.92,0.348,7.762499999999997,248.88959999999997,73.5175,12675.43103448276,b1,81.28,81.28,1.7516777053961656,0.0042814960103162,53,12606.95012500052,8.352611459166663
20.86,11.92,0.3476666666666667,8.110166666666665,248.6512,73.16983333333334,12627.583892617453,b1,81.28,81.28,1.749999853187932,0.0042773949604979,54,12602.353710870186,8.456677709166662
20.86,12.91,0.3476666666666667,8.457833333333332,269.3026,72.82216666666667,12567.583892617453,b1,81.28,81.28,1.6158015789464308,0.0042773949604979,55,12566.981566791104,8.486102501666672
20.86,11.91,0.3476666666666667,8.805499999999999,248.4426,72.4745,12507.583892617453,b1,81.28,81.28,1.751469206425759,0.0042773949604979,56,12441.773617272538,9.614855625833323
20.86,11.9,0.3476666666666667,9.153166666666666,248.234,72.12683333333334,12447.583892617453,b1,81.28,81.28,1.7529410291646197,0.0042773949604979,57,12249.375181221023,11.100401249999996
13.87,12.03,0.2311666666666666,9.384333333333332,166.85609999999997,71.89566666666667,18660.7354001442,b1,81.28,81.28,1.1529508601038354,0.0028440780489983,58,18571.013952135796,10.25484885875
13.87,12.03,0.2311666666666666,9.6155,166.85609999999997,71.6645,18600.735400144196,b1,81.28,81.28,1.1529508601038354,0.0028440780489983,59,18553.21223875608,10.384637402916667
13.87,12.03,0.2311666666666666,9.846666666666666,166.85609999999997,71.43333333333334,18540.735400144196,b1,81.28,81.28,1.1529508601038354,0.0028440780489983,60,18540.010136431352,10.565300321249998
13.87,12.02,0.2311666666666666,10.077833333333333,166.7174,71.20216666666667,18480.7354001442,b1,81.28,81.28,1.1539100537512434,0.0028440780489983,61,18509.290739471024,10.657275634166664
15.29,11.99,0.2548333333333333,10.332666666666666,183.3271,70.94733333333333,16704.408109875738,b1,81.28,81.28,1.275229251440429,0.0031352525860984,62,16771.92347881212,10.567694375833337
15.66,11.97,0.261,10.593666666666666,187.4502,70.68633333333334,16249.731800766283,b1,81.28,81.28,1.3082705673959425,0.0032111220077371,63,16244.362719155884,11.277975833333327
15.68,11.97,0.2613333333333333,10.855,187.6896,70.425,16169.005102040815,b1,81.28,81.28,1.3099414110324636,0.0032152230575554,64,16219.29922136435,11.578496875833332
14.12,11.99,0.2353333333333333,11.090333333333332,169.2988,70.18966666666667,17895.382436260625,b1,81.28,81.28,1.1776479418141834,0.0028953411717272,65,17844.26175013382,12.130335940416666
14.14,11.99,0.2356666666666666,11.326,169.5386,69.95400000000001,17810.07072135785,b1,81.28,81.28,1.1793159983889911,0.0028994422215455,66,17776.2270591949,12.226988647916665
14.11,11.98,0.2351666666666666,11.561166666666663,169.0378,69.71883333333334,17787.93763288448,b1,81.28,81.28,1.1777962288984785,0.0028932906468181,67,17779.817958896274,12.429330314583328
14.13,11.98,0.2355,11.796666666666663,169.27740000000003,69.48333333333333,17702.76008492569,b1,81.28,81.28,1.1794656778409285,0.0028973916966364,68,17743.736921215957,12.582285731250002
14.12,11.98,0.2353333333333333,12.031999999999998,169.1576,69.248,17655.297450424932,b1,81.28,81.28,1.1786309533697032,0.0028953411717272,69,17713.978629821006,12.675295940416666
14.11,11.98,0.2351666666666666,12.267166666666665,169.0378,69.01283333333333,17607.810063784553,b1,81.28,81.28,1.1777962288984785,0.0028932906468181,70,17622.777583008447,13.29609844041666
5.39,12.17,0.0898333333333333,12.356999999999998,65.5963,68.923,46033.914656771805,b1,81.28,81.28,0.4428923218658733,0.0011052329260346,71,46222.99277475497,13.465360630833318
5.37,12.18,0.0895,12.446499999999997,65.4066,68.8335,46145.36312849162,b1,81.28,81.28,0.4408866633097978,0.0011011318762163,72,45981.58667675356,12.923515
5.4,12.18,0.09,12.536499999999997,65.772,68.74350000000001,45829.0,b1,81.28,81.28,0.4433497172947687,0.0011072834509438,73,45705.11970817474,13.033719171666647
5.41,12.18,0.0901666666666666,12.626666666666663,65.8938,68.65333333333334,45684.28835489834,b1,81.28,81.28,0.444170735289759,0.001109333975853,74,45513.181477700884,12.8814108383333
5.38,12.18,0.0896666666666666,12.71633333333333,65.52839999999999,68.56366666666668,45879.033457249076,b1,81.28,81.28,0.4417076813047881,0.0011031824011255,75,45795.561977158824,13.020450940416653
20.56,11.87,0.3426666666666666,13.058999999999996,244.0472,68.221,11945.311284046693,b1,81.28,81.28,1.7320975794357558,0.0042158792132232,76,11893.803602866172,14.34007822958335
20.56,12.86,0.3426666666666666,13.401666666666662,264.4016,67.87833333333334,11885.311284046697,b1,81.28,81.28,1.5987557077172856,0.0042158792132232,77,11936.951264368927,13.855389583333322
20.54,11.85,0.3423333333333333,13.743999999999994,243.39899999999997,67.536,11836.8841285297,b1,81.28,81.28,1.7333331870604909,0.0042117781634049,78,11792.39697539221,14.832057083333341
20.52,12.84,0.3419999999999999,14.085999999999997,263.47679999999997,67.194,11788.42105263158,b1,81.28,81.28,1.5981307166564864,0.0042076771135866,79,11828.249385803683,14.441586666666653
20.51,12.84,0.3418333333333334,14.427833333333329,263.3484,66.85216666666668,11734.168698196005,b1,81.28,81.28,1.597351900517765,0.0042056265886774,80,11812.295199618295,14.650407083333318
4.85,12.16,0.0808333333333333,14.50866666666666,58.976,66.77133333333335,49562.226804123726,b1,81.28,81.28,0.3988486514104727,0.0009945045809403,81,50333.23447439705,15.847771797083317
4.84,12.18,0.0806666666666666,14.589333333333329,58.9512,66.69066666666667,49604.62809917356,b1,81.28,81.28,0.3973727095753112,0.0009924540560311,82,49806.717983634306,15.351105341249982
6.93,12.12,0.1154999999999999,14.70483333333333,83.99159999999999,66.57516666666668,34584.50216450217,b1,81.28,81.28,0.5717821310410783,0.0014210137620446,83,34462.21520615095,15.175406666666643
6.93,12.12,0.1154999999999999,14.82033333333333,83.99159999999999,66.45966666666666,34524.50216450216,b1,81.28,81.28,0.5717821310410783,0.0014210137620446,84,34447.877932297604,15.213791666666657
6.92,12.12,0.1153333333333333,14.935666666666664,83.87039999999999,66.34433333333334,34514.39306358382,b1,81.28,81.28,0.5709570486009037,0.0014189632371354,85,34474.17221726415,15.222227499999995
6.92,12.12,0.1153333333333333,15.050999999999998,83.87039999999999,66.229,34454.39306358381,b1,81.28,81.28,0.5709570486009037,0.0014189632371354,86,34464.19118693706,15.285127916666648
8.39,12.09,0.1398333333333333,15.190833333333332,101.4351,66.08916666666667,28357.687723480336,b1,81.28,81.28,0.6939618946268078,0.0017203903987812,87,28348.778219309654,15.188614166666701
8.39,12.08,0.1398333333333333,15.330666666666666,101.3512,65.94933333333333,28297.68772348033,b1,81.28,81.28,0.6945363663463274,0.0017203903987812,88,28257.37556450832,15.079026250000018
8.39,12.08,0.1398333333333333,15.4705,101.3512,65.8095,28237.687723480332,b1,81.28,81.28,0.6945363663463274,0.0017203903987812,89,28222.459599393434,15.210127916666679
8.39,12.08,0.1398333333333333,15.610333333333331,101.3512,65.66966666666667,28177.687723480332,b1,81.28,81.28,0.6945363663463274,0.0017203903987812,90,28192.19294864669,15.466045833333354
8.39,12.08,0.1398333333333333,15.750166666666669,101.3512,65.52983333333333,28117.687723480332,b1,81.28,81.28,0.6945363663463274,0.0017203903987812,91,28136.35649976581,15.609104583333348
8.39,12.08,0.1398333333333333,15.89,101.3512,65.39,28057.687723480332,b1,81.28,81.28,0.6945363663463274,0.0017203903987812,92,28102.870481489415,15.650420833333346
9.18,12.06,0.153,16.043,110.7108,65.237,25583.13725490196,b1,81.28,81.28,0.7611939667335019,0.0018823818666045,93,25582.997760186277,16.202865209166664
9.17,12.06,0.1528333333333333,16.195833333333333,110.5902,65.08416666666668,25551.035986913852,b1,81.28,81.28,0.7603647794059055,0.0018803313416953,94,25507.313135435124,16.26487979249999
9.15,12.06,0.1525,16.348333333333333,110.349,64.93166666666667,25546.88524590164,b1,81.28,81.28,0.7587064047507127,0.001876230291877,95,25477.739709644324,16.292056564583323
9.15,12.06,0.1525,16.500833333333333,110.349,64.77916666666667,25486.88524590164,b1,81.28,81.28,0.7587064047507127,0.001876230291877,96,25454.03366750853,16.381155630833337
9.16,12.06,0.1526666666666666,16.653499999999998,110.4696,64.62650000000001,25399.061135371183,b1,81.28,81.28,0.7595355920783091,0.0018782808167862,97,25201.815763790146,16.878895214166672
11.99,11.99,0.1998333333333333,16.85333333333333,143.7601,64.42666666666668,19344.120100083404,b1,81.28,81.28,0.9999999165971714,0.0024585793660771,98,18985.792669548682,16.433426459166657
11.99,11.99,0.1998333333333333,17.053166666666666,143.7601,64.22683333333333,19284.120100083404,b1,81.28,81.28,0.9999999165971714,0.0024585793660771,99,18985.792669548682,16.433426459166657
17.82,11.89,0.297,17.350166666666667,211.8798,63.929833333333335,12915.117845117844,b1,81.28,81.28,1.4987383096098983,0.0036540353881147,100,12860.282403644414,18.52295750833333
17.82,11.88,0.297,17.647166666666667,211.7016,63.63283333333334,12855.117845117846,b1,81.28,81.28,1.4999998737373843,0.0036540353881147,101,12814.61513802066,18.570141355416663
17.82,11.87,0.297,17.944166666666668,211.5234,63.33583333333333,12795.117845117846,b1,81.28,81.28,1.5012635634992788,0.0036540353881147,102,12775.654769599512,18.66958958333333
17.82,11.87,0.297,18.24116666666667,211.5234,63.03883333333333,12735.117845117844,b1,81.28,81.28,1.5012635634992788,0.0036540353881147,103,12731.580171984711,18.82995291666667
17.82,11.88,0.297,18.53816666666667,211.7016,62.74183333333333,12675.117845117846,b1,81.28,81.28,1.4999998737373843,0.0036540353881147,104,12745.156817742412,18.877123855416674
20.12,11.8,0.3353333333333333,18.873500000000003,237.41600000000005,62.406499999999994,11166.172962226638,b1,81.28,81.28,1.7050846012640168,0.0041256561172204,105,11286.19435123425,19.134508125833335
20.12,11.8,0.3353333333333333,19.208833333333335,237.41600000000005,62.07116666666666,11106.17296222664,b1,81.28,81.28,1.7050846012640168,0.0041256561172204,106,11272.302436156177,19.288357918333322
20.12,11.79,0.3353333333333333,19.544166666666673,237.2148,61.73583333333333,11046.17296222664,b1,81.28,81.28,1.706530813695436,0.0041256561172204,107,11226.99771786688,19.51001270916666
18.49,11.82,0.3081666666666666,19.852333333333338,218.5518,61.42766666666667,11959.95673336939,b1,81.28,81.28,1.564297667995121,0.0037914205570281,108,11890.682862375737,18.221216249999987
18.49,11.81,0.3081666666666666,20.160500000000003,218.3669,61.1195,11899.95673336939,b1,81.28,81.28,1.5656222213698372,0.0037914205570281,109,11849.452161741194,18.661964166666653
18.49,11.8,0.3081666666666666,20.468666666666667,218.182,60.81133333333334,11839.95673336939,b1,81.28,81.28,1.566949019750083,0.0037914205570281,110,11753.643625035938,19.04981541666667
18.49,11.8,0.3081666666666666,20.776833333333332,218.182,60.50316666666667,11779.95673336939,b1,81.28,81.28,1.566949019750083,0.0037914205570281,111,11741.165891149067,18.924017500000005
18.49,11.79,0.3081666666666666,21.084999999999997,217.99709999999996,60.19500000000001,11719.956733369392,b1,81.28,81.28,1.5682780688483402,0.0037914205570281,112,11706.05772031856,19.289631250000014
18.49,11.79,0.3081666666666666,21.393166666666666,217.99709999999996,59.88683333333334,11659.956733369392,b1,81.28,81.28,1.5682780688483402,0.0037914205570281,113,11668.397560265905,19.13307750000001
5.61,12.07,0.0935,21.48666666666666,67.71270000000001,59.79333333333334,38370.05347593583,b1,81.28,81.28,0.4647886938866037,0.0011503444740361,114,38089.74909760146,21.67604708333331
5.61,12.08,0.0935,21.58016666666666,67.7688,59.699833333333345,38310.053475935834,b1,81.28,81.28,0.4644039350658994,0.0011503444740361,115,38235.96493957996,20.971816249999957
5.61,12.08,0.0935,21.67366666666666,67.7688,59.60633333333334,38250.05347593583,b1,81.28,81.28,0.4644039350658994,0.0011503444740361,116,38195.4345646734,21.063643749999954
5.61,12.08,0.0935,21.767166666666657,67.7688,59.51283333333335,38190.053475935834,b1,81.28,81.28,0.4644039350658994,0.0011503444740361,117,38195.4345646734,21.063643749999954
20.08,11.77,0.3346666666666666,22.101833333333325,236.34159999999997,59.17816666666668,10609.631474103588,b1,81.28,81.28,1.7060321405240322,0.0041174540175838,118,10618.537698353906,22.610871251666627
20.08,11.76,0.3346666666666666,22.43649999999999,236.1408,58.843500000000006,10549.631474103588,b1,81.28,81.28,1.7074828480031592,0.0041174540175838,119,10517.623453176524,23.163478751666634
20.08,11.75,0.3346666666666666,22.77116666666666,235.93999999999997,58.50883333333334,10489.63147410359,b1,81.28,81.28,1.708936024771402,0.0041174540175838,120,10488.12536248149,22.925032918333304
20.08,11.74,0.3346666666666666,23.10583333333333,235.7392,58.17416666666668,10429.63147410359,b1,81.28,81.28,1.7103916771386989,0.0041174540175838,121,10459.367360549395,23.001358125833338
20.08,11.73,0.3346666666666666,23.440499999999993,235.5384,57.83950000000001,10369.63147410359,b1,81.28,81.28,1.7118498114365035,0.0041174540175838,122,10378.618812047107,23.359637396249987
7.08,11.99,0.118,23.55849999999999,84.8892,57.721500000000006,29349.91525423729,b1,81.28,81.28,0.5904920274818993,0.0014517716356819,123,29196.558850055375,23.595912812916712
7.09,12.01,0.1181666666666666,23.67666666666666,85.1509,57.60333333333334,29248.519040902684,b1,81.28,81.28,0.5903413330273661,0.001453822160591,124,29146.83297896815,23.613438959166707
7.13,12.01,0.1188333333333333,23.795499999999993,85.6313,57.48450000000001,29024.431977559612,b1,81.28,81.28,0.5936718906184938,0.0014620242602277,125,28660.796350581957,24.07655771416671
7.1,12.01,0.1183333333333333,23.91383333333333,85.271,57.36616666666667,29087.070422535213,b1,81.28,81.28,0.591173972425148,0.0014558726855002,126,28959.463197895853,23.9327277091667
7.1,12.01,0.1183333333333333,24.032166666666654,85.271,57.24783333333335,29027.07042253522,b1,81.28,81.28,0.591173972425148,0.0014558726855002,127,28949.65803822769,23.95403604250004
9.57,11.95,0.1595,24.19166666666666,114.3615,57.08833333333334,21475.235109717873,b1,81.28,81.28,0.8008367530680542,0.0019623523380616,128,21462.88572658177,22.708112499999952
9.56,11.95,0.1593333333333333,24.350999999999992,114.242,56.92900000000001,21437.69874476988,b1,81.28,81.28,0.7999999330543991,0.0019603018131524,129,21402.51506716783,22.58329083333329
9.57,11.95,0.1595,24.510499999999993,114.3615,56.76950000000001,21355.297805642636,b1,81.28,81.28,0.8008367530680542,0.0019623523380616,130,21375.71322885232,23.214431666666638
9.58,11.95,0.1596666666666666,24.67016666666666,114.481,56.60983333333334,21273.00626304802,b1,81.28,81.28,0.8016735730817095,0.0019644028629707,131,21276.64448252802,24.07447291666666
9.58,11.94,0.1596666666666666,24.82983333333333,114.3852,56.450166666666675,21213.00626304802,b1,81.28,81.28,0.8023449914283928,0.0019644028629707,132,21210.708845051537,24.197532083333318
9.58,11.94,0.1596666666666666,24.989499999999992,114.3852,56.29050000000001,21153.006263048017,b1,81.28,81.28,0.8023449914283928,0.0019644028629707,133,21163.596374196004,24.224364999999988
11.33,11.91,0.1888333333333333,25.178333333333327,134.9403,56.101666666666674,17825.772285966465,b1,81.28,81.28,0.9513013474977878,0.0023232447220729,134,17770.46490117861,25.410179999999983
11.29,11.9,0.1881666666666666,25.366499999999995,134.351,55.913500000000006,17828.928255093007,b1,81.28,81.28,0.948739416072318,0.0023150426224363,135,17746.688688050643,25.448066249999982
11.91,11.89,0.1985,25.56499999999999,141.6099,55.715,16840.80604534005,b1,81.28,81.28,1.0016820015406225,0.0024421751668039,136,16922.75480278386,23.95444625000001
11.91,11.89,0.1985,25.763499999999993,141.6099,55.51650000000001,16780.80604534005,b1,81.28,81.28,1.0016820015406225,0.0024421751668039,137,16873.471036454837,24.111677083333344
13.0,11.88,0.2166666666666666,25.98016666666666,154.44,55.29983333333334,15313.8,b1,81.28,81.28,1.0942760021653195,0.0026656823819018,138,15528.057490584953,24.266363750000014
13.0,11.87,0.2166666666666666,26.196833333333323,154.31,55.08316666666668,15253.800000000005,b1,81.28,81.28,1.095197885830001,0.0026656823819018,139,15292.582449561653,25.025450416666683
17.42,11.77,0.2903333333333334,26.487166666666656,205.0334,54.79283333333335,11323.432835820897,b1,81.28,81.28,1.48003385896059,0.0035720143917485,140,11174.578933216524,25.580120418333326
17.41,11.75,0.2901666666666667,26.777333333333324,204.5675,54.50266666666668,11269.936817920738,b1,81.28,81.28,1.4817020015572766,0.0035699638668393,141,11176.993444561476,26.147052709166655
17.38,11.75,0.2896666666666666,27.06699999999999,204.21499999999995,54.21300000000001,11229.39010356732,b1,81.28,81.28,1.4791488102852075,0.0035638122921118,142,11201.49338404452,26.42985312583331
17.34,11.74,0.289,27.35599999999999,203.5716,53.92400000000001,11195.29411764706,b1,81.28,81.28,1.477001577768179,0.0035556101924752,143,11159.88740926713,27.163076875833294
17.35,11.73,0.2891666666666667,27.645166666666658,203.51550000000003,53.63483333333335,11128.84149855908,b1,81.28,81.28,1.4791132583876168,0.0035576607173844,144,11107.28598325716,27.2899708333333
17.31,11.73,0.2885,27.933666666666657,203.0463,53.34633333333335,11094.55805892548,b1,81.28,81.28,1.4757031990022849,0.0035494586177478,145,11081.531088949616,27.42909083333332
17.29,11.72,0.2881666666666666,28.22183333333332,202.6388,53.05816666666668,11047.391555812612,b1,81.28,81.28,1.4752558468211734,0.0035453575679294,146,10967.200203493345,27.867896249999976
17.29,11.71,0.2881666666666666,28.509999999999987,202.4659,52.77000000000001,10987.39155581261,b1,81.28,81.28,1.4765156723727009,0.0035453575679294,147,10903.376352102257,27.90322916666664
7.62,11.92,0.127,28.636999999999983,90.8304,52.643000000000015,24870.708661417328,b1,81.28,81.28,0.6392616913371065,0.0015624999807763,148,24421.409979226104,29.301960000000005
7.65,11.94,0.1275,28.764499999999988,91.341,52.51550000000002,24713.176470588245,b1,81.28,81.28,0.6407034639276832,0.0015686515555037,149,24741.45143020591,28.97720875000001
7.63,11.94,0.1271666666666666,28.891666666666655,91.1022,52.38833333333335,24717.955439056364,b1,81.28,81.28,0.6390284221919245,0.0015645505056854,150,24733.3923119917,28.710659166666673
7.63,11.94,0.1271666666666666,29.018833333333323,91.1022,52.26116666666668,24657.955439056364,b1,81.28,81.28,0.6390284221919245,0.0015645505056854,151,24706.14751662197,28.766304583333365
7.63,11.94,0.1271666666666666,29.14599999999999,91.1022,52.134000000000015,24597.955439056364,b1,81.28,81.28,0.6390284221919245,0.0015645505056854,152,24689.547350895456,28.831147292500045
7.63,11.94,0.1271666666666666,29.273166666666658,91.1022,52.00683333333335,24537.95543905636,b1,81.28,81.28,0.6390284221919245,0.0015645505056854,153,24668.288509634174,28.879470625833388
5.05,12.01,0.0841666666666666,29.35733333333333,60.650499999999994,51.92266666666667,37014.17821782178,b1,81.28,81.28,0.4204828958798588,0.0010355150791234,154,36819.84611803156,29.544217292499944
5.06,12.01,0.0843333333333333,29.44166666666666,60.770599999999995,51.83833333333334,36881.0276679842,b1,81.28,81.28,0.4213155352776407,0.0010375656040325,155,36232.16671159021,30.270284171666614
5.05,12.01,0.0841666666666666,29.525833333333328,60.650499999999994,51.75416666666668,36894.0594059406,b1,81.28,81.28,0.4204828958798588,0.0010355150791234,156,36819.84611803156,29.544217292499944
21.52,11.67,0.3586666666666666,29.884499999999996,251.1384,51.395500000000006,8597.760223048328,b1,81.28,81.28,1.8440444006817136,0.0044127296045021,157,8576.847786422617,28.1605103129167
21.48,11.64,0.358,30.242499999999996,250.0272,51.03750000000001,8553.770949720672,b1,81.28,81.28,1.8453606662061284,0.0044045275048655,158,8479.084078244934,28.285156666666683
21.52,11.61,0.3586666666666666,30.601166666666664,249.8472,50.67883333333334,8477.871747211897,b1,81.28,81.28,1.853574345084036,0.0044127296045021,159,8362.50172210157,28.870686249999977
21.48,11.6,0.358,30.959166666666665,249.168,50.32083333333334,8433.659217877097,b1,81.28,81.28,1.8517239782996573,0.0044045275048655,160,8349.012844850133,28.69788416666664
6.86,11.93,0.1143333333333333,31.0735,81.8398,50.206500000000005,26347.434402332365,b1,81.28,81.28,0.5750209073746096,0.0014066600876805,161,26222.65090306595,30.796023761666692
6.85,11.94,0.1141666666666666,31.187666666666665,81.78899999999999,50.092333333333336,26325.897810218983,b1,81.28,81.28,0.5737017944973372,0.0014046095627713,162,26452.23075143996,30.531289698750015
6.87,11.94,0.1145,31.302166666666665,82.0278,49.977833333333336,26189.2576419214,b1,81.28,81.28,0.5753768362330959,0.0014087106125896,163,26379.816911122278,30.60319626833333
5.57,11.98,0.0928333333333333,31.395,66.7286,49.885000000000005,32241.651705565535,b1,81.28,81.28,0.4649415304723264,0.0011421423743994,164,32429.346634525224,31.604769375833357
5.58,11.98,0.093,31.488,66.8484,49.792,32123.870967741936,b1,81.28,81.28,0.4657762549435513,0.0011441928993086,165,32168.909487321886,31.941058125833354
5.57,11.98,0.0928333333333333,31.580833333333334,66.7286,49.69916666666667,32121.54398563734,b1,81.28,81.28,0.4649415304723264,0.0011421423743994,166,32424.8735037392,31.708603335000017
5.58,11.98,0.093,31.673833333333334,66.8484,49.60616666666667,32003.978494623658,b1,81.28,81.28,0.4657762549435513,0.0011441928993086,167,32139.362282711532,32.07735541833334
8.76,11.9,0.146,31.819833333333335,104.244,49.460166666666666,20326.09589041096,b1,81.28,81.28,0.7361343919214797,0.00179625982042,168,20699.479057261342,31.604773125833326
8.75,11.89,0.1458333333333333,31.965666666666667,104.0375,49.31433333333334,20289.325714285715,b1,81.28,81.28,0.7359124696457132,0.0017942092955108,169,20659.254896190032,31.64171541666666
8.75,11.89,0.1458333333333333,32.1115,104.0375,49.1685,20229.325714285715,b1,81.28,81.28,0.7359124696457132,0.0017942092955108,170,20621.608620249586,31.691006249999997
1.33,1.5,0.0221666666666666,32.13366666666666,1.995,49.14633333333334,133027.66917293234,b1,81.28,81.28,0.8866660755559497,0.0002727198129176,171,140279.3376224112,29.437888542499955
1.34,1.5,0.0223333333333333,32.156,2.01,49.124,131974.92537313432,b1,81.28,81.28,0.8933327377781749,0.0002747703378268,172,139953.2241237732,29.437702709166626
1.32,1.5,0.022,32.178,1.98,49.102,133914.54545454547,b1,81.28,81.28,0.8799994133337246,0.0002706692880084,173,137478.1257873423,30.509639792499954
9.64,11.97,0.1606666666666666,32.33866666666666,115.3908,48.94133333333334,18276.846473029047,b1,81.28,81.28,0.8053466328031218,0.0019767060124256,174,19846.562368559065,27.465638959166668
9.89,11.92,0.1648333333333333,32.503499999999995,117.8888,48.776500000000006,17754.8432760364,b1,81.28,81.28,0.8296979169716514,0.0020279691351545,175,17842.79109880337,30.795950833333315
9.87,11.91,0.1644999999999999,32.66799999999999,117.5517,48.61200000000001,17730.820668693013,b1,81.28,81.28,0.8287152956578256,0.0020238680853362,176,17751.69015757682,31.25897083333332
9.87,11.9,0.1644999999999999,32.83249999999999,117.453,48.44750000000001,17670.820668693017,b1,81.28,81.28,0.8294116950074205,0.0020238680853362,177,17686.915100661634,31.438540416666687
9.87,11.9,0.1644999999999999,32.996999999999986,117.453,48.283000000000015,17610.820668693013,b1,81.28,81.28,0.8294116950074205,0.0020238680853362,178,17657.7048520901,31.55831375000002
9.88,11.9,0.1646666666666666,33.161666666666655,117.57200000000002,48.11833333333335,17532.995951417008,b1,81.28,81.28,0.830252031071258,0.0020259186102454,179,17598.084302416268,31.647967500000018
9.87,11.9,0.1644999999999999,33.32616666666665,117.453,47.95383333333335,17490.75987841946,b1,81.28,81.28,0.8294116950074205,0.0020238680853362,180,17590.322569811946,31.75328166666668
17.5,11.72,0.2916666666666667,33.617833333333316,205.1,47.662166666666685,9804.788571428577,b1,81.28,81.28,1.4931739340295278,0.0035884185910217,181,9937.454229064919,30.75855864625001
17.5,11.71,0.2916666666666667,33.90949999999998,204.925,47.37050000000002,9744.788571428577,b1,81.28,81.28,1.4944490611059726,0.0035884185910217,182,9862.396148363901,30.804705729583326
21.69,11.62,0.3615,34.27099999999998,252.0378,47.00900000000002,7802.323651452285,b1,81.28,81.28,1.866609133682519,0.0044475885279578,183,7814.4981915034305,31.99122374999999
21.66,11.6,0.361,34.63199999999998,251.256,46.648000000000025,7753.13019390582,b1,81.28,81.28,1.8672412183412743,0.0044414369532303,184,7784.043556997705,32.295638333333315
21.62,11.58,0.3603333333333333,34.99233333333331,250.3596,46.28766666666669,7707.474560592047,b1,81.28,81.28,1.8670119285827351,0.0044332348535937,185,7703.03003280163,33.02392041666665
21.6,11.56,0.36,35.35233333333331,249.69600000000003,45.92766666666669,7654.611111111113,b1,81.28,81.28,1.868511949090662,0.0044291338037754,186,7631.417496374764,33.93020958333331
21.56,11.54,0.3593333333333333,35.711666666666645,248.8024,45.56833333333336,7608.812615955478,b1,81.28,81.28,1.8682840668731313,0.0044209317041387,187,7636.612998110231,33.65955999999998
21.6,11.57,0.36,36.07166666666664,249.91200000000003,45.20833333333336,7534.722222222225,b1,81.28,81.28,1.8668969864393272,0.0044291338037754,188,7613.029511800249,33.798318333333306
21.56,11.55,0.3593333333333333,36.430999999999976,249.018,44.849000000000025,7488.701298701303,b1,81.28,81.28,1.866666505050519,0.0044209317041387,189,7608.442982639823,33.67820374999996
4.58,11.95,0.0763333333333333,36.50733333333331,54.730999999999995,44.772666666666694,35192.48908296945,b1,81.28,81.28,0.3832635662540949,0.0009391404083931,190,35065.767237266635,36.342146249999985
4.57,11.96,0.0761666666666666,36.58349999999997,54.65720000000001,44.69650000000003,35209.49671772431,b1,81.28,81.28,0.3821069914626261,0.0009370898834839,191,35026.26730043974,36.5515845833333
4.59,11.96,0.0765,36.659999999999975,54.8964,44.620000000000026,34996.07843137257,b1,81.28,81.28,0.3837792321254822,0.0009411909333022,192,34964.04741608295,36.3660058333333
4.6,11.96,0.0766666666666666,36.73666666666664,55.016,44.54333333333336,34860.00000000002,b1,81.28,81.28,0.3846153524569103,0.0009432414582114,193,34914.34231818037,36.24170124999998
4.58,12.01,0.0763333333333333,36.812999999999974,55.0058,44.46700000000003,34952.22707423583,b1,81.28,81.28,0.3813488441841096,0.0009391404083931,194,34945.58643235504,36.305353333333315
4.57,12.02,0.0761666666666666,36.88916666666664,54.9314,44.39083333333336,34968.70897155363,b1,81.28,81.28,0.3801996355907125,0.0009370898834839,195,34929.77697149261,36.60650958333331
4.59,12.03,0.0765,36.96566666666664,55.217699999999994,44.31433333333336,34756.339869281066,b1,81.28,81.28,0.3815461029471236,0.0009411909333022,196,34778.42362708972,36.72620166666662
4.6,12.03,0.0766666666666666,37.04233333333331,55.337999999999994,44.23766666666669,34620.78260869568,b1,81.28,81.28,0.3823773580733701,0.0009432414582114,197,34684.562879894904,37.00267249999991
2.86,11.65,0.0476666666666666,37.089999999999975,33.319,44.190000000000026,55623.77622377626,b1,81.28,81.28,0.2454935411593526,0.0005864501240184,198,50450.21748976283,38.75617666666665
2.89,11.62,0.0481666666666666,37.13816666666664,33.5818,44.14183333333336,54986.36678200695,b1,81.28,81.28,0.248709100799561,0.0005926016987458,199,50457.91788257284,39.05023958333331
2.9,11.92,0.0483333333333333,37.186499999999974,34.568,44.09350000000003,54736.75862068969,b1,81.28,81.28,0.2432885701939119,0.000594652223655,200,48556.051045890075,36.29951437583325
17.34,11.92,0.289,37.475499999999975,206.6928,43.804500000000026,9094.359861591702,b1,81.28,81.28,1.4546978645387698,0.0035556101924752,201,9931.226332517388,32.79906916666657
4.47,11.92,0.0745,37.549999999999976,53.2824,43.730000000000025,35218.791946308746,b1,81.28,81.28,0.3749999685402711,0.0009165846343924,202,34980.56041587857,37.60982291833335
5.57,11.92,0.0928333333333333,37.64283333333331,66.3944,43.637166666666694,28203.55475763018,b1,81.28,81.28,0.4672818399931343,0.0011421423743994,203,28687.112065876237,35.860331460833265
5.57,11.92,0.0928333333333333,37.73566666666664,66.3944,43.54433333333336,28143.554757630176,b1,81.28,81.28,0.4672818399931343,0.0011421423743994,204,28555.532579867868,36.1912200016666
5.59,11.92,0.0931666666666666,37.82883333333331,66.6328,43.451166666666694,27982.86225402506,b1,81.28,81.28,0.4689596922013681,0.0011462434242178,205,28211.933914011395,37.2274364591666
5.59,11.83,0.0931666666666666,37.921999999999976,66.1297,43.358000000000025,27922.862254025065,b1,81.28,81.28,0.4725274325843252,0.0011462434242178,206,27853.08990437917,37.83271583333329
5.6,11.83,0.0933333333333333,38.01533333333331,66.24799999999999,43.26466666666669,27813.000000000015,b1,81.28,81.28,0.4733727410504868,0.0011482939491269,207,27818.7784182206,37.88838166666667
5.58,11.82,0.093,38.10833333333331,65.9556,43.17166666666669,27852.688172043025,b1,81.28,81.28,0.4720811783349257,0.0011441928993086,208,27807.510847211015,37.91631416666667
5.58,11.82,0.093,38.20133333333332,65.9556,43.078666666666685,27792.688172043025,b1,81.28,81.28,0.4720811783349257,0.0011441928993086,209,27797.28493972454,37.945845000000006
5.58,11.81,0.093,38.29433333333332,65.8998,42.98566666666668,27732.68817204302,b1,81.28,81.28,0.472480908342006,0.0011441928993086,210,27759.568550112024,38.02695083333331
8.91,11.63,0.1485,38.44283333333332,103.6233,42.83716666666668,17307.946127946132,b1,81.28,81.28,0.7661220321477187,0.0018270176940573,211,15622.30410453127,39.8021710424999
8.93,11.61,0.1488333333333333,38.591666666666654,103.6773,42.68833333333335,17209.18253079508,b1,81.28,81.28,0.7691644471003922,0.0018311187438756,212,15282.504563671748,41.08294249999988
15.63,11.6,0.2605,38.852166666666655,181.308,42.427833333333346,9772.24568138196,b1,81.28,81.28,1.347413676947097,0.0032049704330097,213,9576.392762623726,38.105154999999975
16.02,11.61,0.267,39.11916666666666,185.9922,42.16083333333334,9474.344569288392,b1,81.28,81.28,1.379844842390625,0.0032849409044667,214,9540.648001588974,37.90510624999999
16.04,11.6,0.2673333333333333,39.38649999999999,186.064,41.89350000000001,9402.531172069828,b1,81.28,81.28,1.3827585014863362,0.003289041954285,215,9421.574740765069,37.435783333333305
20.68,11.46,0.3446666666666667,39.73116666666666,236.9928,41.54883333333334,7232.8723404255325,b1,81.28,81.28,1.8045373643510152,0.0042404855121331,216,7228.64081447809,35.81358083333332
20.65,11.44,0.3441666666666666,40.075333333333326,236.23599999999996,41.204666666666675,7183.380145278452,b1,81.28,81.28,1.805069772284111,0.0042343339374056,217,7214.765635648827,36.40930041666665
20.64,11.43,0.344,40.41933333333333,235.9152,40.860666666666674,7126.86046511628,b1,81.28,81.28,1.805774120229736,0.0042322834124965,218,7211.023667024903,36.54056624999999
20.62,11.42,0.3436666666666667,40.76299999999999,235.4804,40.51700000000001,7073.77303588749,b1,81.28,81.28,1.8056040450434288,0.0042281823626782,219,7200.681723695748,36.85090458333331
20.59,11.41,0.3431666666666667,41.10616666666666,234.9319,40.17383333333334,7024.079650315688,b1,81.28,81.28,1.8045572476286376,0.0042220307879507,220,7181.072417823589,37.30334583333332
20.59,11.4,0.3431666666666667,41.44933333333333,234.726,39.83066666666667,6964.079650315688,b1,81.28,81.28,1.8061401924438427,0.0042220307879507,221,7103.733320811139,38.38088374999998
4.13,11.86,0.0688333333333333,41.51816666666666,48.9818,39.76183333333334,34659.22518159807,b1,81.28,81.28,0.348229312965488,0.0008468667874811,222,34105.60663675229,41.52507666833334
4.13,11.86,0.0688333333333333,41.58699999999999,48.9818,39.69300000000001,34599.22518159808,b1,81.28,81.28,0.348229312965488,0.0008468667874811,223,34099.9488496168,41.57654625166668
4.13,11.87,0.0688333333333333,41.65583333333332,49.02309999999999,39.62416666666668,34539.22518159808,b1,81.28,81.28,0.3479359437290696,0.0008468667874811,224,34110.146962817314,41.707435418333304
4.13,11.87,0.0688333333333333,41.72466666666665,49.02309999999999,39.55533333333335,34479.22518159808,b1,81.28,81.28,0.3479359437290696,0.0008468667874811,225,34108.04696281731,41.709844584999985
15.65,11.54,0.2608333333333333,41.98549999999998,180.601,39.29450000000002,9038.990415335467,b1,81.28,81.28,1.3561523954807284,0.003209071482828,226,8954.674741459145,39.347629999999974
15.63,11.52,0.2605,42.24599999999998,180.0576,39.03400000000002,8990.556621881004,b1,81.28,81.28,1.356770715558098,0.0032049704330097,227,8899.671881626811,39.72498333333331
15.64,11.51,0.2606666666666666,42.506666666666646,180.0164,38.773333333333355,8924.808184143229,b1,81.28,81.28,1.358818300710834,0.0032070209579188,228,8797.821961898168,40.5135108333333
15.61,11.5,0.2601666666666666,42.76683333333331,179.515,38.51316666666669,8881.9602818706,b1,81.28,81.28,1.35739118631381,0.0032008693831914,229,8709.457946222405,40.67777374999997
15.62,11.5,0.2603333333333333,43.027166666666645,179.63,38.25283333333336,8816.274007682463,b1,81.28,81.28,1.358260751455587,0.0032029199081005,230,8709.129514851464,40.67907541666664
18.25,11.42,0.3041666666666666,43.33133333333331,208.415,37.94866666666669,7485.764383561647,b1,81.28,81.28,1.598073415229999,0.0037422079592083,231,7413.630993998188,39.58642135541666
18.22,11.42,0.3036666666666666,43.63499999999998,208.0724,37.645000000000024,7438.090010976954,b1,81.28,81.28,1.5954464452323602,0.0037360563844809,232,7394.4762639536275,39.51227343875
18.21,11.41,0.3035,43.938499999999976,207.7761,37.341500000000025,7382.174629324552,b1,81.28,81.28,1.595968308854662,0.0037340058595717,233,7377.3848977448915,39.673273333333334
18.21,11.4,0.3035,44.241999999999976,207.594,37.038000000000025,7322.174629324552,b1,81.28,81.28,1.597368280932607,0.0037340058595717,234,7345.767265758362,40.299815833333334
18.21,11.39,0.3035,44.545499999999976,207.41190000000003,36.734500000000025,7262.174629324552,b1,81.28,81.28,1.598770711258059,0.0037340058595717,235,7291.304173546561,41.90238375
17.6,11.4,0.2933333333333333,44.83883333333331,200.64,36.44116666666669,7453.875000000004,b1,81.28,81.28,1.543859513696534,0.0036089238401133,236,7385.420450626157,40.13044624999999
17.61,11.39,0.2935,45.132333333333314,200.5779,36.14766666666669,7389.642248722322,b1,81.28,81.28,1.5460929283500502,0.0036109743650224,237,7326.834283486644,41.57236499999999
17.59,11.37,0.2931666666666667,45.42549999999998,199.99829999999997,35.85450000000002,7338.044343376923,b1,81.28,81.28,1.5470535138915118,0.0036068733152041,238,7243.728714744062,42.77245791666666
17.58,11.36,0.293,45.71849999999998,199.70879999999997,35.561500000000024,7282.218430034135,b1,81.28,81.28,1.5475350750409265,0.0036048227902949,239,7230.2933473227395,42.67524041666665
17.57,11.35,0.2928333333333333,46.01133333333331,199.4195,35.26866666666669,7226.363118952765,b1,81.28,81.28,1.548017484756169,0.0036027722653858,240,7200.474552798199,43.144802916666656
17.55,11.35,0.2925,46.30383333333331,199.1925,34.97616666666669,7174.5982905982955,b1,81.28,81.28,1.5462553703739763,0.0035986712155675,241,7179.416181723762,43.29074833333332
17.55,11.35,0.2925,46.596333333333305,199.1925,34.683666666666696,7114.5982905982955,b1,81.28,81.28,1.5462553703739763,0.0035986712155675,242,7159.111191521052,43.197206666666645
4.74,11.74,0.079,46.675333333333306,55.6476,34.604666666666695,26282.02531645572,b1,81.28,81.28,0.4037478361373223,0.0009719488069396,243,25851.898395447206,47.171010833333305
4.73,11.75,0.0788333333333333,46.75416666666664,55.57750000000001,34.52583333333336,26277.58985200847,b1,81.28,81.28,0.4025531572295186,0.0009698982820304,244,26272.734405612737,46.55367458333333
4.74,11.76,0.079,46.83316666666664,55.7424,34.44683333333336,26162.151898734195,b1,81.28,81.28,0.4030611902158852,0.0009719488069396,245,26199.270788142807,46.646157916666695
4.73,11.75,0.0788333333333333,46.91199999999998,55.57750000000001,34.36800000000002,26157.463002114186,b1,81.28,81.28,0.4025531572295186,0.0009698982820304,246,25948.411625408287,47.12822166666671
6.34,11.71,0.1056666666666666,47.01766666666664,74.2414,34.26233333333336,19454.95268138803,b1,81.28,81.28,0.5414175455663923,0.0013000327924044,247,19815.214404607697,46.42294208333329
6.35,11.7,0.1058333333333333,47.12349999999998,74.29499999999999,34.15650000000002,19364.314960629938,b1,81.28,81.28,0.5427349963474363,0.0013020833173136,248,19346.773554855386,47.12152208333328
6.36,11.7,0.106,47.22949999999998,74.412,34.05050000000002,19273.867924528313,b1,81.28,81.28,0.5435896971290858,0.0013041338422227,249,19306.077800659143,47.42765958333331
6.33,11.7,0.1055,47.33499999999998,74.06099999999999,33.94500000000002,19305.21327014219,b1,81.28,81.28,0.5410255947841373,0.0012979822674952,250,19322.70260475446,47.66356124999999
6.36,11.7,0.106,47.44099999999998,74.412,33.83900000000002,19154.150943396235,b1,81.28,81.28,0.5435896971290858,0.0013041338422227,251,19221.3448765015,47.56757166666668
6.34,11.7,0.1056666666666666,47.546666666666646,74.178,33.733333333333356,19154.57413249213,b1,81.28,81.28,0.5418802955657868,0.0013000327924044,252,19217.97730335606,47.651545416666686
18.86,11.34,0.3143333333333333,47.860999999999976,213.8724,33.419000000000025,6379.024390243908,b1,81.28,81.28,1.663139183144693,0.0038672899786668,253,6656.143785007108,43.47393572958329
18.82,11.31,0.3136666666666666,48.174666666666646,212.8542,33.105333333333355,6332.582359192353,b1,81.28,81.28,1.664013999645093,0.0038590878790302,254,6458.278903079139,45.81433083333327
18.81,11.28,0.3135,48.48816666666664,212.1768,32.79183333333336,6275.94896331739,b1,81.28,81.28,1.6675530436566453,0.003857037354121,255,6190.060478832044,47.650837083333265
18.8,11.27,0.3133333333333333,48.801499999999976,211.876,32.478500000000025,6219.287234042558,b1,81.28,81.28,1.668145371060748,0.0038549868292119,256,6178.599129473383,47.827811249999925
18.76,11.28,0.3126666666666667,49.11416666666664,211.6128,32.16583333333336,6172.547974413651,b1,81.28,81.28,1.6631204199361334,0.0038467847295753,257,6176.634642768733,47.86441499999992
18.74,11.26,0.3123333333333333,49.426499999999976,211.0124,31.853500000000025,6119.135538954114,b1,81.28,81.28,1.66429825361472,0.003842683679757,258,6154.570244322905,48.05908249999993
10.5,11.5,0.175,49.60149999999997,120.75,31.678500000000028,10861.20000000001,b1,81.28,81.28,0.9130433988657914,0.002153051154613,259,10736.454998461944,50.161223749999934
10.5,11.49,0.175,49.77649999999997,120.645,31.50350000000003,10801.20000000001,b1,81.28,81.28,0.913838040571102,0.002153051154613,260,10717.804151031312,50.230351249999956
10.46,11.49,0.1743333333333333,49.95083333333331,120.18540000000002,31.329166666666698,10782.504780114732,b1,81.28,81.28,0.9103567527974976,0.0021448490549764,261,10712.749774523767,50.430154166666604
10.44,11.49,0.174,50.12483333333331,119.9556,31.155166666666695,10743.160919540242,b1,81.28,81.28,0.9086161089106954,0.0021407480051581,262,10708.321398367254,50.5275116666666
10.45,11.49,0.1741666666666666,50.29899999999997,120.0705,30.98100000000003,10672.88038277513,b1,81.28,81.28,0.9094864308540964,0.0021427985300672,263,10685.241731203769,50.872530416666585
10.46,11.48,0.1743333333333333,50.47333333333331,120.0808,30.806666666666693,10602.676864244751,b1,81.28,81.28,0.9111497464155274,0.0021448490549764,264,10669.23220975005,51.04992374999994
15.58,11.32,0.2596666666666666,50.732999999999976,176.3656,30.547000000000025,7058.35686777921,b1,81.28,81.28,1.3763249667557451,0.0031947178084639,265,7003.729031322615,48.290595416666704
15.58,11.31,0.2596666666666666,50.99266666666664,176.2098,30.28733333333336,6998.356867779209,b1,81.28,81.28,1.3775418764330791,0.0031947178084639,266,6941.079314953322,49.19164333333339
15.55,11.3,0.2591666666666666,51.25183333333331,175.71500000000003,30.028166666666692,6951.858520900328,b1,81.28,81.28,1.376106072910967,0.0031885662337364,267,6776.003181648616,51.43651708333339
15.54,11.3,0.259,51.51083333333331,175.602,29.769166666666692,6896.332046332052,b1,81.28,81.28,1.3752211172370692,0.0031865157088273,268,6768.138096426766,51.563163333333385
15.54,11.28,0.259,51.76983333333331,175.29119999999998,29.51016666666669,6836.332046332052,b1,81.28,81.28,1.377659452335155,0.0031865157088273,269,6633.760792325551,52.330776250000014
11.17,11.42,0.1861666666666666,51.955999999999975,127.5614,29.324000000000023,9450.88630259625,b1,81.28,81.28,0.9781084957873472,0.0022904363235264,270,9526.912056142499,48.55576874999997
11.18,11.41,0.1863333333333333,52.142333333333305,127.5638,29.137666666666696,9382.432915921298,b1,81.28,81.28,0.9798421577701878,0.0022924868484356,271,9466.2729104245,48.810354583333286
11.17,11.41,0.1861666666666666,52.32849999999997,127.4497,28.95150000000003,9330.832587287388,b1,81.28,81.28,0.978965733657692,0.0022904363235264,272,9448.364894074377,48.84449333333328
11.17,11.4,0.1861666666666666,52.514666666666635,127.338,28.765333333333366,9270.832587287388,b1,81.28,81.28,0.9798244754539934,0.0022904363235264,273,9347.912444331378,49.283519999999974
22.0,11.1,0.3666666666666666,52.8813333333333,244.2,28.3986666666667,4647.054545454551,b1,81.28,81.28,1.981981803425063,0.0045111548001416,274,4729.862605892391,50.26496958333333
22.0,11.08,0.3666666666666666,53.24799999999997,243.76,28.032000000000032,4587.054545454551,b1,81.28,81.28,1.985559387584893,0.0045111548001416,275,4590.028292587752,50.79223041666664
22.0,11.06,0.3666666666666666,53.61466666666664,243.32,27.665333333333365,4527.054545454551,b1,81.28,81.28,1.9891499105651076,0.0045111548001416,276,4550.292908537772,51.446790833333324
5.06,11.58,0.0843333333333333,53.69899999999997,58.5948,27.58100000000003,19622.845849802394,b1,81.28,81.28,0.4369602386044698,0.0010375656040325,277,19554.0859606694,53.37166333333325
5.06,11.59,0.0843333333333333,53.7833333333333,58.645399999999995,27.496666666666695,19562.845849802397,b1,81.28,81.28,0.4365832237633111,0.0010375656040325,278,19545.22477440857,53.413005833333244
5.06,11.6,0.0843333333333333,53.86766666666664,58.69599999999999,27.412333333333365,19502.845849802394,b1,81.28,81.28,0.4362068589476846,0.0010375656040325,279,19497.615173207952,52.91904916666661
5.05,11.6,0.0841666666666666,53.951833333333305,58.58,27.328166666666696,19481.465346534675,b1,81.28,81.28,0.4353447900564836,0.0010355150791234,280,19478.804443770376,53.22405958333326
5.07,11.6,0.0845,54.0363333333333,58.812000000000005,27.243666666666694,19344.615384615405,b1,81.28,81.28,0.4370689278388856,0.0010396161289417,281,19434.153762597783,53.029207916666586
5.07,11.61,0.0845,54.1208333333333,58.8627,27.1591666666667,19284.615384615405,b1,81.28,81.28,0.4366924688464713,0.0010396161289417,282,19315.154319149602,52.793844583333254
9.74,11.43,0.1623333333333333,54.28316666666664,111.3282,26.996833333333363,9978.295687885022,b1,81.28,81.28,0.852143407511513,0.0019972112615172,283,10118.935093218817,52.727180833333314
9.74,11.43,0.1623333333333333,54.445499999999974,111.3282,26.834500000000027,9918.29568788502,b1,81.28,81.28,0.852143407511513,0.0019972112615172,284,10093.810172392808,52.58870666666664
6.49,11.55,0.1081666666666666,54.55366666666664,74.9595,26.72633333333336,14825.084745762726,b1,81.28,81.28,0.5619047132550032,0.0013307906660417,285,15041.693679276024,52.69783916666666
6.49,11.55,0.1081666666666666,54.66183333333331,74.9595,26.61816666666669,14765.084745762724,b1,81.28,81.28,0.5619047132550032,0.0013307906660417,286,15029.114199604797,52.24857791666668
8.92,11.46,0.1486666666666666,54.810499999999976,102.2232,26.469500000000025,10682.75784753364,b1,81.28,81.28,0.7783594434241323,0.0018290682189665,287,10620.589625714414,52.68965208333329
8.91,11.45,0.1485,54.958999999999975,102.0195,26.321000000000023,10634.747474747484,b1,81.28,81.28,0.7781658709025442,0.0018270176940573,288,10579.52902320057,53.023412916666636
8.91,11.45,0.1485,55.10749999999997,102.0195,26.172500000000028,10574.747474747486,b1,81.28,81.28,0.7781658709025442,0.0018270176940573,289,10573.37255705799,53.002855833333314
8.91,11.45,0.1485,55.25599999999997,102.0195,26.02400000000003,10514.747474747486,b1,81.28,81.28,0.7781658709025442,0.0018270176940573,290,10562.872878126711,52.89268999999999
9.15,11.45,0.1525,55.408499999999975,104.7675,25.871500000000022,10178.950819672142,b1,81.28,81.28,0.799126567761872,0.001876230291877,291,10344.175882391104,52.619154999999985
9.15,11.44,0.1525,55.56099999999998,104.676,25.719000000000023,10118.95081967214,b1,81.28,81.28,0.799825104910393,0.001876230291877,292,9970.185048835196,52.82193812583329
11.82,11.43,0.197,55.75799999999998,135.1026,25.52200000000002,7773.197969543153,b1,81.28,81.28,1.0341206444338895,0.0024237204426215,293,8295.40601990248,47.94127666666664
11.81,11.43,0.1968333333333333,55.95483333333331,134.9883,25.32516666666669,7719.779847586798,b1,81.28,81.28,1.0332457538717628,0.0024216699177123,294,8285.804919858063,48.082752083333304
13.46,11.32,0.2243333333333333,56.179166666666646,152.36720000000005,25.100833333333355,6713.447251114418,b1,81.28,81.28,1.1890458313563754,0.002760006527723,295,6948.2705460994275,49.6861129166667
13.45,11.31,0.2241666666666666,56.403333333333315,152.1195,24.876666666666686,6658.438661710043,b1,81.28,81.28,1.1892129806177736,0.0027579560028138,296,6886.107814044194,50.45085791666669
17.19,11.31,0.2865,56.68983333333331,194.41890000000004,24.59016666666669,5149.773123909254,b1,81.28,81.28,1.5198937648192958,0.0035248523188379,297,6092.511851003006,48.25668645916667
18.69,11.25,0.3115,57.001333333333314,210.2625,24.278666666666687,4676.46869983949,b1,81.28,81.28,1.6613331856592726,0.0038324310552112,298,5117.423579433115,51.58017854249997
18.64,11.23,0.3106666666666667,57.31199999999998,209.3272,23.968000000000018,4629.012875536484,b1,81.28,81.28,1.6598395672449184,0.0038221784306654,299,5026.995002226072,52.090841249999976
18.6,11.21,0.31,57.621999999999986,208.50600000000003,23.658000000000015,4578.967741935487,b1,81.28,81.28,1.6592326798186727,0.0038139763310288,300,4964.551543098744,52.34321187583331
18.0,11.19,0.3,57.92199999999998,201.42,23.35800000000002,4671.600000000003,b1,81.28,81.28,1.6085789447203804,0.0036909448364795,301,5049.580010884258,54.2088897925
5.94,11.48,0.099,58.02099999999998,68.19120000000001,23.25900000000002,14096.363636363649,b1,81.28,81.28,0.5174215577158923,0.0012180117960382,302,14091.378348646129,57.622377083333376
5.92,11.48,0.0986666666666666,58.119666666666646,67.9616,23.160333333333355,14083.9864864865,b1,81.28,81.28,0.5156793975889027,0.0012139107462199,303,13976.468519510645,57.80219531291661
5.93,11.48,0.0988333333333333,58.21849999999998,68.07639999999999,23.061500000000024,14000.236087689727,b1,81.28,81.28,0.5165504776523974,0.001215961271129,304,13972.269515834336,57.81108989624999
5.92,11.48,0.0986666666666666,58.31716666666664,67.9616,22.962833333333357,13963.88513513515,b1,81.28,81.28,0.5156793975889027,0.0012139107462199,305,13956.456417812333,57.600207812916615
5.92,11.48,0.0986666666666666,58.41583333333331,67.9616,22.86416666666669,13903.88513513515,b1,81.28,81.28,0.5156793975889027,0.0012139107462199,306,13913.106792223774,57.52578114624989
5.91,11.48,0.0985,58.51433333333331,67.8468,22.76566666666669,13867.411167512704,b1,81.28,81.28,0.5148083175254079,0.0012118602213107,307,13924.49529861081,57.54945697958322
5.11,11.53,0.0851666666666666,58.59949999999998,58.9183,22.680500000000023,15978.434442270076,b1,81.28,81.28,0.4431916354560594,0.0010478182285783,308,15968.510925822224,55.69206312749997
5.1,11.52,0.0849999999999999,58.68449999999998,58.751999999999995,22.595500000000023,15949.76470588237,b1,81.28,81.28,0.4427082949037939,0.0010457677036691,309,15927.937003221119,54.99164312749998
19.42,10.91,0.3236666666666667,59.00816666666665,211.8722,22.271833333333355,4128.661174047377,b1,81.28,81.28,1.7800181686509473,0.0039821193735795,310,4093.1118717412282,57.99810645916668
21.38,10.79,0.3563333333333333,59.36449999999998,230.6902,21.915500000000023,3690.168381665111,b1,81.28,81.28,1.981464135174779,0.004384022255774,311,3565.692997847141,56.62992666666664
21.32,10.76,0.3553333333333333,59.71983333333331,229.4032,21.56016666666669,3640.553470919328,b1,81.28,81.28,1.9814124552590655,0.004371719106319,312,3561.5070283955174,56.58460458333331
7.81,11.32,0.1301666666666666,59.84999999999998,88.4092,21.43000000000002,9878.10499359796,b1,81.28,81.28,0.6899292676740929,0.0016014599540502,313,9840.151118089627,59.22419791666672
7.8,11.32,0.13,59.97999999999998,88.296,21.30000000000002,9830.76923076924,b1,81.28,81.28,0.6890458755259827,0.0015994094291411,314,9844.983010198146,59.484935209166686
7.8,11.32,0.13,60.109999999999985,88.296,21.170000000000016,9770.769230769238,b1,81.28,81.28,0.6890458755259827,0.0015994094291411,315,9820.268500697972,59.54439729250001
7.82,11.31,0.1303333333333333,60.24033333333332,88.44420000000001,21.039666666666683,9685.780051150903,b1,81.28,81.28,0.6914234578759101,0.0016035104789594,316,9598.030538538938,59.3285333333333
7.82,11.31,0.1303333333333333,60.37066666666665,88.44420000000001,20.90933333333335,9625.780051150903,b1,81.28,81.28,0.6914234578759101,0.0016035104789594,317,9552.709553292336,58.547722499999956
9.62,11.22,0.1603333333333333,60.530999999999985,107.9364,20.749000000000017,7764.698544698551,b1,81.28,81.28,0.8573974280394449,0.0019726049626073,318,7493.857195352635,60.08674583333339
9.86,11.21,0.1643333333333333,60.69533333333331,110.5306,20.584666666666685,7515.699797160251,b1,81.28,81.28,0.879571732420006,0.0020218175604271,319,7371.945748220232,59.20538250000001
9.85,11.19,0.1641666666666666,60.85949999999998,110.2215,20.42050000000002,7463.329949238585,b1,81.28,81.28,0.8802501447497637,0.0020197670355179,320,7334.537805012628,59.16549000000003
9.87,11.18,0.1644999999999999,61.02399999999998,110.3466,20.25600000000002,7388.2066869301,b1,81.28,81.28,0.8828263968849377,0.0020238680853362,321,7236.206963115422,59.28920916666668
9.84,11.18,0.164,61.18799999999998,110.0112,20.09200000000002,7350.731707317081,b1,81.28,81.28,0.8801430339764729,0.0020177165106088,322,7236.625729882005,59.23688958333336
9.84,11.17,0.164,61.35199999999998,109.9128,19.92800000000002,7290.73170731708,b1,81.28,81.28,0.8809309864878258,0.0020177165106088,323,7214.105495245068,59.25494458333338
1.47,11.0,0.0245,61.376499999999986,16.169999999999998,19.903500000000015,48743.265306122485,b1,81.28,81.28,0.1336363514876044,0.0003014271616458,324,59344.881522822536,59.98273333500001
1.47,11.135,0.0245,61.40099999999999,16.36845,19.879000000000012,48683.26530612248,b1,81.28,81.28,0.1320161533887603,0.0003014271616458,325,59338.409556468425,59.98738583499995
1.47,11.135,0.0245,61.42549999999999,16.36845,19.85450000000001,48623.26530612247,b1,81.28,81.28,0.1320161533887603,0.0003014271616458,326,59334.059556468426,59.98916208499995
1.48,11.135,0.0246666666666666,61.45016666666666,16.4798,19.82983333333334,48234.72972972975,b1,81.28,81.28,0.1329142224594322,0.0003034776865549,327,59175.891421873814,59.764819168333396
11.69,11.1,0.1948333333333333,61.645,129.759,19.635000000000005,6046.706586826349,b1,81.28,81.28,1.0531530582744992,0.0023970636188025,328,5918.009353466547,61.17840916666674
11.71,11.09,0.1951666666666666,61.84016666666666,129.8639,19.43983333333334,5976.379163108456,b1,81.28,81.28,1.055906126609006,0.0024011646686208,329,5870.59909849128,60.98332666666673
11.68,11.07,0.1946666666666666,62.03483333333333,129.2976,19.24516666666667,5931.729452054795,b1,81.28,81.28,1.0551037890601818,0.0023950130938933,330,5713.126756092313,62.08922958333339
11.67,11.01,0.1945,62.22933333333333,128.48669999999998,19.05066666666667,5876.812339331622,b1,81.28,81.28,1.0599454078160393,0.0023929625689842,331,5657.696793290238,62.48105125000003
12.55,10.99,0.2091666666666666,62.4385,137.92450000000002,18.841500000000003,5404.733067729084,b1,81.28,81.28,1.1419471208419365,0.0025734087609898,332,5237.447395400168,61.923840833333315
16.96,10.76,0.2826666666666667,62.72116666666666,182.4896,18.55883333333334,3939.375000000001,b1,81.28,81.28,1.5762080319509266,0.0034776902459273,333,3960.077928697767,61.33890614958332
16.91,10.73,0.2818333333333333,63.00299999999999,181.4443,18.277000000000008,3891.0230632761695,b1,81.28,81.28,1.5759551187367085,0.0034674376213815,334,3870.1107377671387,62.19790198124999
7.73,11.17,0.1288333333333333,63.131833333333326,86.3441,18.148166666666675,8451.927554980599,b1,81.28,81.28,0.6920321672307819,0.001585055754777,335,8369.836041793573,63.748579166666595
7.73,11.17,0.1288333333333333,63.26066666666666,86.3441,18.019333333333343,8391.927554980599,b1,81.28,81.28,0.6920321672307819,0.001585055754777,336,8362.066264964093,63.83623416666661
7.72,11.17,0.1286666666666666,63.389333333333326,86.2324,17.890666666666675,8342.797927461144,b1,81.28,81.28,0.6911369121632129,0.0015830052298678,337,8342.355061145792,63.95506666666663
7.72,11.17,0.1286666666666666,63.517999999999994,86.2324,17.762000000000008,8282.797927461144,b1,81.28,81.28,0.6911369121632129,0.0015830052298678,338,8297.29409789885,64.20730458333331
7.74,11.17,0.129,63.64699999999999,86.4558,17.63300000000001,8201.395348837214,b1,81.28,81.28,0.6929274222983508,0.0015871062796861,339,8230.987252421673,64.1952241666667
7.73,11.16,0.1288333333333333,63.77583333333333,86.2668,17.504166666666677,8152.005174644248,b1,81.28,81.28,0.6926522676834886,0.001585055754777,340,8227.252212503266,64.23277625
4.85,11.31,0.0808333333333333,63.856666666666655,54.8535,17.423333333333346,12932.78350515465,b1,81.28,81.28,0.4288240115982306,0.0009945045809403,341,12602.107129407541,64.27539458333334
4.84,11.32,0.0806666666666666,63.93733333333332,54.7888,17.34266666666668,12899.504132231415,b1,81.28,81.28,0.4275617996853534,0.0009924540560311,342,12736.730437653187,64.12133916666666
6.97,11.23,0.1161666666666666,64.05349999999999,78.2731,17.226500000000016,8897.474892395992,b1,81.28,81.28,0.6206588939751653,0.0014292158616812,343,8818.973576404347,63.498006666666654
6.97,11.2,0.1161666666666666,64.16966666666666,78.064,17.110333333333344,8837.474892395989,b1,81.28,81.28,0.6223213730070203,0.0014292158616812,344,8710.85160958237,63.75001375
6.97,11.2,0.1161666666666666,64.28583333333333,78.064,16.994166666666672,8777.474892395987,b1,81.28,81.28,0.6223213730070203,0.0014292158616812,345,8608.409565804363,63.43861083333334
6.27,11.2,0.1045,64.39033333333333,70.22399999999999,16.88966666666667,9697.416267942586,b1,81.28,81.28,0.5598213785873769,0.0012856791180403,346,9387.803003882798,65.52370291666665
6.42,11.23,0.107,64.49733333333333,72.0966,16.78266666666667,9410.841121495328,b1,81.28,81.28,0.5716829410789901,0.0013164369916776,347,9329.27757001708,65.0843641666666
6.42,11.22,0.107,64.60433333333333,72.03240000000001,16.67566666666667,9350.84112149533,b1,81.28,81.28,0.5721924623714383,0.0013164369916776,348,9274.114034165945,65.64934333333328
6.42,11.22,0.107,64.71133333333333,72.03240000000001,16.568666666666672,9290.84112149533,b1,81.28,81.28,0.5721924623714383,0.0013164369916776,349,9190.838381647109,65.25592499999993
8.94,11.17,0.149,64.86033333333333,99.8598,16.41966666666667,6611.946308724834,b1,81.28,81.28,0.8003580304066222,0.0018331692687848,350,6632.276740912456,64.23279333333339
8.94,11.17,0.149,65.00933333333333,99.8598,16.27066666666667,6551.946308724834,b1,81.28,81.28,0.8003580304066222,0.0018331692687848,351,6627.086249875161,64.25558000000005
8.94,11.17,0.149,65.15833333333333,99.8598,16.12166666666667,6491.946308724834,b1,81.28,81.28,0.8003580304066222,0.0018331692687848,352,6582.31717471691,64.33409458333338
10.52,10.98,0.1753333333333333,65.33366666666666,115.5096,15.946333333333342,5456.920152091258,b1,81.28,81.28,0.9581055593710784,0.0021571522044313,353,5371.48288152752,66.56229041666667
10.5,10.96,0.175,65.50866666666666,115.08,15.771333333333343,5407.314285714289,b1,81.28,81.28,0.9580291096688768,0.002153051154613,354,5331.251404004253,66.68505916666668
10.5,10.95,0.175,65.68366666666665,114.975,15.596333333333348,5347.314285714291,b1,81.28,81.28,0.9589040220178976,0.002153051154613,355,5315.80307495776,66.68206749999999
10.49,10.94,0.1748333333333333,65.85849999999999,114.7606,15.421500000000009,5292.4118207817,b1,81.28,81.28,0.958866457142006,0.0021510006297038,356,5255.84876430326,66.72809083333331
10.48,10.93,0.1746666666666666,66.03316666666666,114.5464,15.246833333333342,5237.461832061071,b1,81.28,81.28,0.9588288235289276,0.0021489501047947,357,5205.140389173879,66.46725083333332
7.71,11.08,0.1285,66.16166666666666,85.4268,15.11833333333334,7059.143968871598,b1,81.28,81.28,0.6958483126490693,0.0015809547049587,358,7079.980996156739,63.56727208333334
7.71,11.07,0.1285,66.29016666666666,85.3497,14.989833333333335,6999.143968871597,b1,81.28,81.28,0.6964769018539384,0.0015809547049587,359,6974.847614756032,64.45265749999997
7.7,11.07,0.1283333333333333,66.4185,85.239,14.861500000000008,6948.2337662337695,b1,81.28,81.28,0.6955735595687842,0.0015789041800495,360,6974.794606831401,63.42954333333338
7.7,11.06,0.1283333333333333,66.54683333333332,85.162,14.733166666666676,6888.233766233771,b1,81.28,81.28,0.6962024686977877,0.0015789041800495,361,6923.250589114415,64.31324708333337
7.9,11.05,0.1316666666666666,66.67849999999999,87.29500000000002,14.601500000000016,6653.84810126583,b1,81.28,81.28,0.7149320619970985,0.0016199146782326,362,6640.733007086748,67.02493999999996
7.9,11.04,0.1316666666666666,66.81016666666665,87.216,14.469833333333357,6593.848101265833,b1,81.28,81.28,0.7155796453279308,0.0016199146782326,363,6614.583567361105,67.5474395833333
4.85,11.22,0.0808333333333333,66.89099999999998,54.417,14.389000000000024,10680.494845360843,b1,81.28,81.28,0.4322637760905725,0.0009945045809403,364,10924.297930554909,66.98481249999989
4.86,11.23,0.081,66.97199999999998,54.5778,14.30800000000002,10598.518518518533,b1,81.28,81.28,0.4327693292280206,0.0009965551058494,365,10548.661783460755,67.37664458333327
4.86,11.23,0.081,67.05299999999998,54.5778,14.227000000000018,10538.518518518533,b1,81.28,81.28,0.4327693292280206,0.0009965551058494,366,10512.500988179736,67.50012708333328
6.76,11.11,0.1126666666666666,67.16566666666665,75.1036,14.114333333333349,7516.508875739653,b1,81.28,81.28,0.6084607913176606,0.0013861548385889,367,7472.675123769841,67.25486208333331
6.75,11.11,0.1125,67.27816666666665,74.99249999999999,14.001833333333352,7467.644444444454,b1,81.28,81.28,0.6075607013896759,0.0013841043136798,368,7406.330768828488,67.27747624999998
1.56,11.135,0.026,67.30416666666665,17.3706,13.975833333333355,32251.923076923125,b1,81.28,81.28,0.1400987750248069,0.0003198818858282,369,30735.272130280897,67.9660447991667
1.52,11.135,0.0253333333333333,67.32949999999998,16.9252,13.95050000000002,33040.65789473688,b1,81.28,81.28,0.1365064987421195,0.0003116797861916,370,36482.43965031131,66.3204039641666
1.52,11.135,0.0253333333333333,67.35483333333332,16.9252,13.925166666666684,32980.65789473688,b1,81.28,81.28,0.1365064987421195,0.0003116797861916,371,36474.067452712625,66.3390537566666
5.55,11.16,0.0925,67.44733333333332,61.937999999999995,13.832666666666682,8972.54054054055,b1,81.28,81.28,0.4973117833950015,0.0011380413245811,372,8752.908150140147,68.3085179166667
5.55,11.19,0.0925,67.53983333333332,62.104499999999994,13.74016666666668,8912.540540540549,b1,81.28,81.28,0.4959785079554506,0.0011380413245811,373,8858.906847990947,67.89882500000006
5.55,11.19,0.0925,67.63233333333332,62.104499999999994,13.64766666666668,8852.540540540549,b1,81.28,81.28,0.4959785079554506,0.0011380413245811,374,8848.189277334242,67.95503583333338
5.55,11.19,0.0925,67.72483333333332,62.104499999999994,13.55516666666668,8792.540540540549,b1,81.28,81.28,0.4959785079554506,0.0011380413245811,375,8825.297201557478,68.21028750000006
1.55,1.5,0.0258333333333333,67.75066666666666,2.325,13.52933333333334,31422.9677419355,b1,81.28,81.28,1.0333326444449038,0.000317831360919,376,33910.54908591187,66.88843948125007
5.14,11.48,0.0856666666666666,67.83633333333333,59.0072,13.443666666666672,9415.797665369651,b1,81.28,81.28,0.4477351526363107,0.0010539698033058,377,9751.682983832434,53.96940543333329
8.89,10.99,0.1481666666666666,67.9845,97.7011,13.295500000000004,5384.004499437572,b1,81.28,81.28,0.8089171238473956,0.001822916644239,378,5376.352934395112,66.21346208333331
8.89,10.98,0.1481666666666666,68.13266666666667,97.61220000000002,13.147333333333336,5324.004499437571,b1,81.28,81.28,0.8096538424723277,0.001822916644239,379,5345.596367868428,66.75223458333333
9.97,10.9,0.1661666666666666,68.29883333333333,108.67300000000002,12.981166666666669,4687.28184553661,b1,81.28,81.28,0.9146788151670812,0.0020443733344278,380,4839.365667387371,67.37031458333334
1.55,10.6,0.0258333333333333,68.32466666666667,16.43,12.955333333333328,30089.80645161289,b1,81.28,81.28,0.1462264012993961,0.000317831360919,381,29782.77294851796,68.4457590629168
21.27,10.25,0.3545,68.67916666666667,218.0175,12.600833333333329,2132.722143864597,b1,81.28,81.28,2.07512174876861,0.0043614664817732,382,2234.776261144553,60.524933333333394
1.56,10.68,0.026,68.70516666666667,16.660800000000002,12.57483333333333,29018.846153846145,b1,81.28,81.28,0.146067402053614,0.0003198818858282,383,29079.2957627274,68.74766437583344
5.53,11.12,0.0921666666666666,68.79733333333334,61.4936,12.48266666666666,8126.148282097644,b1,81.28,81.28,0.4973021135519683,0.0011339402747628,384,8106.614674967658,69.58338916666668
5.52,11.12,0.092,68.88933333333334,61.38239999999999,12.39066666666666,8080.869565217388,b1,81.28,81.28,0.4964028330572992,0.0011318897498537,385,8089.592681883714,69.62556708333335
5.53,11.12,0.0921666666666666,68.98150000000001,61.4936,12.29849999999999,8006.256781193483,b1,81.28,81.28,0.4973021135519683,0.0011339402747628,386,8059.184917105549,69.72549499999997
5.52,11.12,0.092,69.07350000000001,61.38239999999999,12.206499999999991,7960.760869565212,b1,81.28,81.28,0.4964028330572992,0.0011318897498537,387,7964.502424919274,70.19535833333332
1.56,1.5,0.026,69.0995,2.34,12.180499999999997,28108.84615384614,b1,81.28,81.28,1.039999306667129,0.0003198818858282,388,31592.001426007188,67.89997604250004
1.55,1.5,0.0258333333333333,69.12533333333334,2.325,12.154666666666657,28230.193548387073,b1,81.28,81.28,1.0333326444449038,0.000317831360919,389,31366.807549028887,68.0095876054167
9.66,10.87,0.161,69.28633333333335,105.0042,11.993666666666655,4469.689440993785,b1,81.28,81.28,0.8886843708662033,0.001980807062244,390,4457.595308785072,68.70314833333333
9.93,10.83,0.1655,69.45183333333334,107.5419,11.82816666666666,4288.1570996978835,b1,81.28,81.28,0.9168974222624726,0.0020361712347912,391,4292.08883118588,68.28149374999997
9.92,10.82,0.1653333333333333,69.61716666666668,107.3344,11.662833333333325,4232.479838709674,b1,81.28,81.28,0.9168206176690742,0.002034120709882,392,4262.925836328767,69.49177166666662
9.9,10.79,0.165,69.78216666666668,106.821,11.497833333333318,4181.030303030298,b1,81.28,81.28,0.9175161336871056,0.0020300196600637,393,4248.166880424061,70.33285249999996
1.56,10.6,0.026,69.80816666666668,16.536,11.471833333333322,26473.461538461514,b1,81.28,81.28,0.1471697974368115,0.0003198818858282,394,26407.978130760413,69.85064333333331
1.56,10.6,0.026,69.83416666666668,16.536,11.445833333333326,26413.461538461517,b1,81.28,81.28,0.1471697974368115,0.0003198818858282,395,26407.078130760412,69.85103333333332
1.54,10.6,0.0256666666666666,69.85983333333334,16.323999999999998,11.42016666666666,26696.49350649349,b1,81.28,81.28,0.1452830051619806,0.0003157808360099,396,26641.12086888915,69.85849875000012
1.56,10.6,0.026,69.88583333333334,16.536,11.394166666666663,26294.23076923076,b1,81.28,81.28,0.1471697974368115,0.0003198818858282,397,26352.15172837244,69.89224541666673
1.54,10.6,0.0256666666666666,69.9115,16.323999999999998,11.368499999999996,26575.71428571428,b1,81.28,81.28,0.1452830051619806,0.0003157808360099,398,26622.67171272273,69.86793375000013
1.55,10.6,0.0258333333333333,69.93733333333334,16.43,11.34266666666666,26344.258064516107,b1,81.28,81.28,0.1462264012993961,0.000317831360919,399,26455.444785617576,69.87540875000005
16.88,10.44,0.2813333333333333,70.21866666666668,176.22719999999998,11.061333333333325,2359.0521327014194,b1,81.28,81.28,1.616858082676429,0.0034612860466541,400,2422.5734197938154,64.47867791666673
16.8,10.38,0.28,70.49866666666668,174.384,10.781333333333322,2310.285714285712,b1,81.28,81.28,1.6184969539020275,0.0034448818473808,401,2374.4922810876756,65.88898791666675
16.74,10.33,0.2789999999999999,70.77766666666668,172.92419999999998,10.502333333333326,2258.5663082437263,b1,81.28,81.28,1.620522592398587,0.0034325786979259,402,2324.3475301139733,66.37460666666676
16.68,10.26,0.2779999999999999,71.05566666666668,171.1368,10.22433333333332,2206.690647482011,b1,81.28,81.28,1.625730835698749,0.003420275548471,403,2257.140433492414,64.02286208333341
1.66,1.5,0.0276666666666666,71.08333333333334,2.49,10.196666666666658,22113.253012048175,b1,81.28,81.28,1.1066659288893808,0.0003403871349197,404,18776.56033916279,72.3636856258335
4.78,11.03,0.0796666666666666,71.16300000000001,52.7234,10.11699999999999,7619.497907949783,b1,81.28,81.28,0.4333635146542599,0.0009801509065762,405,8134.640494130052,70.93372041666689
4.79,11.03,0.0798333333333333,71.24283333333335,52.8337,10.03716666666665,7543.590814196229,b1,81.28,81.28,0.4342701328857541,0.0009822014314853,406,7545.0939881334,70.98196041666687
4.79,11.03,0.0798333333333333,71.32266666666669,52.8337,9.95733333333331,7483.590814196224,b1,81.28,81.28,0.4342701328857541,0.0009822014314853,407,7530.77700758641,71.00032208333351
4.79,11.04,0.0798333333333333,71.40250000000003,52.8816,9.87749999999997,7423.590814196219,b1,81.28,81.28,0.4338767722937707,0.0009822014314853,408,7462.554261521275,71.17826333333348
4.79,11.04,0.0798333333333333,71.48233333333337,52.8816,9.797666666666627,7363.5908141962145,b1,81.28,81.28,0.4338767722937707,0.0009822014314853,409,7425.732983067848,71.29478333333346
6.67,10.91,0.1111666666666666,71.59350000000003,72.7697,9.686499999999969,5228.095952023969,b1,81.28,81.28,0.6113656634861904,0.0013677001144065,410,5160.771786194065,66.81943
6.67,10.89,0.1111666666666666,71.7046666666667,72.6363,9.575333333333305,5168.095952023972,b1,81.28,81.28,0.612488465336229,0.0013677001144065,411,5137.689105085037,67.06581041666666
6.67,10.89,0.1111666666666666,71.81583333333336,72.6363,9.464166666666642,5108.095952023975,b1,81.28,81.28,0.612488465336229,0.0013677001144065,412,5100.694332916395,67.21499458333335
6.67,10.88,0.1111666666666666,71.92700000000002,72.56960000000001,9.35299999999998,5048.095952023978,b1,81.28,81.28,0.6130514142415979,0.0013677001144065,413,5051.1328700538925,67.28719833333332
6.66,10.87,0.111,72.03800000000003,72.3942,9.241999999999976,4995.675675675663,b1,81.28,81.28,0.6126954358145874,0.0013656495894974,414,4907.13571999218,67.78956125000003
7.44,10.81,0.124,72.16200000000002,80.4264,9.11799999999998,4411.935483870958,b1,81.28,81.28,0.6882515552033714,0.0015255905324115,415,4329.867041870807,66.94857479249997
7.43,10.79,0.1238333333333333,72.28583333333336,80.16969999999999,8.994166666666644,4357.873485868091,b1,81.28,81.28,0.6886004922520397,0.0015235400075023,416,4304.641726321373,66.91324812583333
7.43,10.78,0.1238333333333333,72.4096666666667,80.0954,8.870333333333306,4297.873485868089,b1,81.28,81.28,0.6892392681596227,0.0015235400075023,417,4267.958446278932,66.82946270916668
7.43,10.74,0.1238333333333333,72.53350000000003,79.7982,8.746499999999969,4237.873485868087,b1,81.28,81.28,0.6918062670571447,0.0015235400075023,418,4215.611852270374,66.97602937583332
7.63,10.73,0.1271666666666666,72.6606666666667,81.8699,8.619333333333302,4066.788990825673,b1,81.28,81.28,0.7110903344743398,0.0015645505056854,419,4052.6866504467184,68.72947115125005
7.62,10.72,0.127,72.7876666666667,81.6864,8.492333333333306,4012.125984251956,b1,81.28,81.28,0.7108208292144749,0.0015624999807763,420,4015.0941479576886,69.31403740125009
7.62,10.7,0.127,72.91466666666669,81.53399999999999,8.36533333333331,3952.125984251958,b1,81.28,81.28,0.7121494661542556,0.0015624999807763,421,3981.3606704686867,69.45713750333343
5.07,10.89,0.0845,72.9991666666667,55.212300000000006,8.280833333333305,5879.881656804713,b1,81.28,81.28,0.465564695540432,0.0010396161289417,422,5870.238594565641,69.20937250000003
5.07,10.9,0.0845,73.0836666666667,55.263000000000005,8.1963333333333,5819.88165680471,b1,81.28,81.28,0.4651375720057273,0.0010396161289417,423,5772.637837879624,72.0670529166667
5.07,10.9,0.0845,73.1681666666667,55.263000000000005,8.111833333333294,5759.881656804706,b1,81.28,81.28,0.4651375720057273,0.0010396161289417,424,5728.749163292202,72.66159125000004
5.07,10.9,0.0845,73.25266666666671,55.263000000000005,8.027333333333289,5699.881656804701,b1,81.28,81.28,0.4651375720057273,0.0010396161289417,425,5679.799299127009,72.48998958333337
5.06,10.9,0.0843333333333333,73.33700000000005,55.154,7.942999999999955,5651.146245059257,b1,81.28,81.28,0.4642201408972347,0.0010375656040325,426,5646.270926280413,72.31187500000004
5.06,10.89,0.0843333333333333,73.42133333333338,55.1034,7.858666666666622,5591.146245059257,b1,81.28,81.28,0.4646464219792082,0.0010375656040325,427,5614.561219327599,72.2027654166667
6.82,10.74,0.1136666666666666,73.53500000000004,73.24680000000001,7.744999999999962,4088.2697947213874,b1,81.28,81.28,0.635009251861336,0.0013984579880439,428,4181.009740177213,69.55804166833336
5.05,10.87,0.0841666666666666,73.6191666666667,54.8935,7.660833333333301,5461.188118811859,b1,81.28,81.28,0.4645813740035535,0.0010355150791234,429,5419.5668878209335,72.41153166666675
5.06,10.87,0.0843333333333333,73.70350000000003,55.002199999999995,7.576499999999967,5390.395256916973,b1,81.28,81.28,0.4655013371203922,0.0010375656040325,430,5390.605167440709,72.01817250000003
5.05,10.87,0.0841666666666666,73.7876666666667,54.8935,7.492333333333306,5341.069306930674,b1,81.28,81.28,0.4645813740035535,0.0010355150791234,431,5360.639669073293,71.55478000000001
5.05,10.87,0.0841666666666666,73.87183333333336,54.8935,7.408166666666645,5281.069306930678,b1,81.28,81.28,0.4645813740035535,0.0010355150791234,432,5258.720066157617,68.85608260541672
5.05,10.87,0.0841666666666666,73.95600000000002,54.8935,7.323999999999984,5221.069306930682,b1,81.28,81.28,0.4645813740035535,0.0010355150791234,433,5189.245562055062,65.73246510541674
5.05,10.87,0.0841666666666666,74.04016666666668,54.8935,7.239833333333323,5161.069306930685,b1,81.28,81.28,0.4645813740035535,0.0010355150791234,434,5090.610703689347,63.66859697958337
1.65,10.78,0.0275,74.06766666666668,17.787,7.212333333333319,15735.99999999997,b1,81.28,81.28,0.1530612102911679,0.0003383366100106,435,15348.7753853104,74.0683025033332
1.65,10.78,0.0275,74.09516666666669,17.787,7.184833333333316,15675.999999999962,b1,81.28,81.28,0.1530612102911679,0.0003383366100106,436,15348.7753853104,74.0683025033332
1.6,10.78,0.0266666666666666,74.12183333333336,17.248,7.158166666666645,16105.87499999995,b1,81.28,81.28,0.1484229917974961,0.0003280839854648,437,15799.680843768885,74.11208208333322
1.6,10.78,0.0266666666666666,74.14850000000003,17.248,7.131499999999974,16045.874999999942,b1,81.28,81.28,0.1484229917974961,0.0003280839854648,438,15799.680843768885,74.11208208333322
7.61,10.7,0.1268333333333333,74.27533333333336,81.42699999999999,7.004666666666637,3313.639947437568,b1,81.28,81.28,0.7112148868023471,0.0015604494558671,439,3521.64719764336,66.0935329166667
7.59,10.68,0.1265,74.40183333333336,81.0612,6.878166666666644,3262.3715415019656,b1,81.28,81.28,0.710674090760853,0.0015563484060488,440,3521.3837751296132,66.99825875000003
6.01,10.78,0.1001666666666666,74.50200000000002,64.78779999999999,6.777999999999977,4060.033277870203,b1,81.28,81.28,0.5575138629393449,0.0012323654704023,441,4072.3091224261375,71.78297750000006
5.99,10.78,0.0998333333333333,74.60183333333336,64.5722,6.678166666666641,4013.589315525861,b1,81.28,81.28,0.5556585755418763,0.001228264420584,442,4046.262738561501,71.96630625000002
5.99,10.77,0.0998333333333333,74.7016666666667,64.5123,6.578333333333305,3953.589315525859,b1,81.28,81.28,0.5561745073189873,0.001228264420584,443,4002.4752470697294,72.51345875000001
6.0,10.76,0.1,74.80166666666669,64.56,6.47833333333331,3886.999999999986,b1,81.28,81.28,0.5576207660203749,0.0012303149454931,444,3902.0331928946093,71.10247041666663
5.62,10.78,0.0936666666666666,74.89533333333335,60.5836,6.3846666666666465,4089.822064056926,b1,81.28,81.28,0.5213357586887052,0.0011523949989452,445,4242.145232358903,67.69631479249996
5.63,10.77,0.0938333333333333,74.98916666666669,60.635099999999994,6.29083333333331,4022.55772646535,b1,81.28,81.28,0.5227483265786141,0.0011544455238544,446,4052.73222141595,69.45222979249995
5.62,10.76,0.0936666666666666,75.08283333333335,60.4712,6.1971666666666465,3969.71530249109,b1,81.28,81.28,0.5223047841724179,0.0011523949989452,447,4006.6686628456873,69.08254260541666
1.65,10.76,0.0275,75.11033333333336,17.753999999999998,6.169666666666643,13461.09090909086,b1,81.28,81.28,0.1533457106556031,0.0003383366100106,448,13340.084953850792,74.74622270916683
1.64,10.76,0.0273333333333333,75.13766666666669,17.6464,6.142333333333312,13483.17073170727,b1,81.28,81.28,0.1524163427122358,0.0003362860851014,449,13416.69614964313,74.88981854250017
6.58,10.77,0.1096666666666666,75.24733333333336,70.86659999999999,6.032666666666643,3300.547112461993,b1,81.28,81.28,0.6109563035323767,0.0013492453902241,450,3428.0484902883873,64.46781124999998
5.78,10.77,0.0963333333333333,75.34366666666669,62.2506,5.936333333333309,3697.3702422145175,b1,81.28,81.28,0.536675901887103,0.0011852033974917,451,3744.57591396197,72.4289331291668
5.77,10.76,0.0961666666666666,75.43983333333335,62.08519999999999,5.840166666666647,3643.7781629116,b1,81.28,81.28,0.5362453033229272,0.0011831528725826,452,3723.7176564716756,71.72253521416677
1.65,10.76,0.0275,75.46733333333336,17.753999999999998,5.812666666666644,12682.181818181769,b1,81.28,81.28,0.1533457106556031,0.0003383366100106,453,12622.9220024861,75.46501583333337
1.64,10.76,0.0273333333333333,75.49466666666669,17.6464,5.785333333333313,12699.512195121906,b1,81.28,81.28,0.1524163427122358,0.0003362860851014,454,12634.276792261442,75.49065500000007
1.65,10.76,0.0275,75.52216666666669,17.753999999999998,5.757833333333309,12562.545454545403,b1,81.28,81.28,0.1533457106556031,0.0003383366100106,455,12575.56021056928,75.49080416666666
1.65,10.76,0.0275,75.5496666666667,17.753999999999998,5.730333333333306,12502.545454545396,b1,81.28,81.28,0.1533457106556031,0.0003383366100106,456,12535.908020436711,75.57686124999991
1.65,10.76,0.0275,75.5771666666667,17.753999999999998,5.702833333333302,12442.545454545389,b1,81.28,81.28,0.1533457106556031,0.0003383366100106,457,12531.506850970534,75.57966916666656
1.65,10.76,0.0275,75.6046666666667,17.753999999999998,5.675333333333299,12382.54545454538,b1,81.28,81.28,0.1533457106556031,0.0003383366100106,458,12533.257843680654,75.58176791666654
1.6,10.76,0.0266666666666666,75.63133333333337,17.216,5.648666666666628,12709.499999999913,b1,81.28,81.28,0.1486988709387666,0.0003280839854648,459,12588.12810785807,75.6632154166665
1.6,10.76,0.0266666666666666,75.65800000000004,17.216,5.621999999999957,12649.499999999902,b1,81.28,81.28,0.1486988709387666,0.0003280839854648,460,12589.11066360421,75.66382083333318
1.59,10.76,0.0265,75.68450000000004,17.1084,5.595499999999959,12669.05660377349,b1,81.28,81.28,0.1477695029953993,0.0003260334605556,461,12611.972593945062,75.66338458333314
1.6,10.76,0.0266666666666666,75.71116666666671,17.216,5.568833333333288,12529.874999999896,b1,81.28,81.28,0.1486988709387666,0.0003280839854648,462,12549.349447491166,75.68592624999984
1.59,10.76,0.0265,75.73766666666671,17.1084,5.542333333333289,12548.679245282918,b1,81.28,81.28,0.1477695029953993,0.0003260334605556,463,12557.553735509351,75.69401458333314
1.59,10.76,0.0265,75.76416666666671,17.1084,5.5158333333332905,12488.67924528292,b1,81.28,81.28,0.1477695029953993,0.0003260334605556,464,12513.21663954558,75.72410708333312
1.6,10.76,0.0266666666666666,75.79083333333338,17.216,5.48916666666662,12350.624999999894,b1,81.28,81.28,0.1486988709387666,0.0003280839854648,465,12362.77832412155,75.76501708333309
1.61,10.76,0.0268333333333333,75.81766666666671,17.3236,5.462333333333291,12213.913043478164,b1,81.28,81.28,0.1496282388821339,0.000330134510374,466,12256.642674218105,75.75666666666645
1.59,10.76,0.0265,75.84416666666671,17.1084,5.435833333333292,12307.547169811229,b1,81.28,81.28,0.1477695029953993,0.0003260334605556,467,12275.2870871976,75.76006999999983
1.59,10.76,0.0265,75.87066666666671,17.1084,5.409333333333294,12247.54716981123,b1,81.28,81.28,0.1477695029953993,0.0003260334605556,468,12248.444828093834,75.74608916666652
1.6,10.76,0.0266666666666666,75.89733333333338,17.216,5.382666666666623,12110.9999999999,b1,81.28,81.28,0.1486988709387666,0.0003280839854648,469,12099.27391033615,75.78809416666687
1.6,10.76,0.0266666666666666,75.92400000000005,17.216,5.355999999999952,12050.99999999989,b1,81.28,81.28,0.1486988709387666,0.0003280839854648,470,12065.586783033328,75.74823833333356
1.59,10.76,0.0265,75.95050000000005,17.1084,5.329499999999953,12066.792452830085,b1,81.28,81.28,0.1477695029953993,0.0003260334605556,471,12014.788576976063,75.80442916666689
1.6,10.76,0.0266666666666666,75.97716666666672,17.216,5.302833333333282,11931.374999999884,b1,81.28,81.28,0.1486988709387666,0.0003280839854648,472,11956.31659936778,75.88117500000025
1.59,10.76,0.0265,76.00366666666672,17.1084,5.276333333333284,11946.415094339509,b1,81.28,81.28,0.1477695029953993,0.0003260334605556,473,11921.758113337582,75.93634625000026
1.6,10.76,0.0266666666666666,76.03033333333339,17.216,5.249666666666613,11811.749999999878,b1,81.28,81.28,0.1486988709387666,0.0003280839854648,474,11882.091005264534,75.96536375000024
1.59,10.76,0.0265,76.05683333333339,17.1084,5.223166666666614,11826.03773584894,b1,81.28,81.28,0.1477695029953993,0.0003260334605556,475,11808.02810971123,76.0784054166669
1.59,10.76,0.0265,76.08333333333339,17.1084,5.196666666666616,11766.037735848942,b1,81.28,81.28,0.1477695029953993,0.0003260334605556,476,11775.796681465967,76.10853250000022
1.6,10.76,0.0266666666666666,76.11000000000006,17.216,5.169999999999945,11632.499999999874,b1,81.28,81.28,0.1486988709387666,0.0003280839854648,477,11669.339067918823,76.21010416666684
1.59,10.76,0.0265,76.13650000000005,17.1084,5.143499999999946,11645.660377358368,b1,81.28,81.28,0.1477695029953993,0.0003260334605556,478,11644.822887579468,76.22440875000018
1.6,10.76,0.0266666666666666,76.16316666666673,17.216,5.116833333333275,11512.874999999867,b1,81.28,81.28,0.1486988709387666,0.0003280839854648,479,11540.565542900584,76.20220166666692
1.59,10.76,0.0265,76.18966666666672,17.1084,5.090333333333277,11525.283018867796,b1,81.28,81.28,0.1477695029953993,0.0003260334605556,480,11531.788892236214,76.20201916666694
1.6,10.76,0.0266666666666666,76.2163333333334,17.216,5.063666666666606,11393.249999999864,b1,81.28,81.28,0.1486988709387666,0.0003280839854648,481,11433.257715458098,76.21774375000022
1.59,10.76,0.0265,76.2428333333334,17.1084,5.037166666666607,11404.905660377222,b1,81.28,81.28,0.1477695029953993,0.0003260334605556,482,11382.947373755997,76.23643250000023
1.6,10.76,0.0266666666666666,76.26950000000006,17.216,5.010499999999936,11273.624999999856,b1,81.28,81.28,0.1486988709387666,0.0003280839854648,483,11264.544484605063,76.29105541666685
1.59,10.76,0.0265,76.29600000000006,17.1084,4.983999999999938,11284.52830188665,b1,81.28,81.28,0.1477695029953993,0.0003260334605556,484,11240.445530660249,76.30374000000018
1.6,10.76,0.0266666666666666,76.32266666666673,17.216,4.957333333333267,11153.99999999985,b1,81.28,81.28,0.1486988709387666,0.0003280839854648,485,11159.987346697973,76.3345933333335
1.59,10.76,0.0265,76.34916666666673,17.1084,4.930833333333268,11164.15094339608,b1,81.28,81.28,0.1477695029953993,0.0003260334605556,486,11145.171432782878,76.34415041666682
1.6,10.76,0.0266666666666666,76.3758333333334,17.216,4.9041666666665975,11034.374999999844,b1,81.28,81.28,0.1486988709387666,0.0003280839854648,487,11042.946297169654,76.38121166666679
1.6,10.76,0.0266666666666666,76.40250000000007,17.216,4.877499999999927,10974.374999999833,b1,81.28,81.28,0.1486988709387666,0.0003280839854648,488,10963.215309609619,76.44077395916673
1.59,10.76,0.0265,76.42900000000007,17.1084,4.850999999999928,10983.39622641493,b1,81.28,81.28,0.1477695029953993,0.0003260334605556,489,10959.877458726261,76.42863416666671
1.59,10.76,0.0265,76.45550000000007,17.1084,4.824499999999929,10923.396226414934,b1,81.28,81.28,0.1477695029953993,0.0003260334605556,490,10922.019919836746,76.46509062583337
1.59,10.76,0.0265,76.48200000000007,17.1084,4.797999999999931,10863.396226414938,b1,81.28,81.28,0.1477695029953993,0.0003260334605556,491,10830.021275968824,76.51273729249996
1.59,10.76,0.0265,76.50850000000007,17.1084,4.771499999999932,10803.39622641494,b1,81.28,81.28,0.1477695029953993,0.0003260334605556,492,10722.541744697317,76.6504441716666
1.59,10.76,0.0265,76.53500000000007,17.1084,4.7449999999999335,10743.396226414943,b1,81.28,81.28,0.1477695029953993,0.0003260334605556,493,10390.638450117816,77.16187356083327
7.65,10.75,0.1275,76.66250000000007,82.2375,4.617499999999936,2172.941176470558,b1,81.28,81.28,0.7116278407788056,0.0015686515555037,494,2123.804670046587,55.944160212500044
7.63,10.73,0.1271666666666666,76.78966666666673,81.8699,4.490333333333268,2118.6369593708737,b1,81.28,81.28,0.7110903344743398,0.0015645505056854,495,2098.740847185697,58.09773593875003
7.62,10.71,0.127,76.91666666666673,81.6102,4.363333333333273,2061.417322834617,b1,81.28,81.28,0.7114845274057398,0.0015624999807763,496,2087.780704360636,59.293248438750034
5.42,10.87,0.0903333333333333,77.00700000000006,58.9154,4.272999999999939,2838.154981549775,b1,81.28,81.28,0.4986200093265861,0.0011113845007621,497,2814.615083444338,77.16020459333328
5.42,10.86,0.0903333333333333,77.0973333333334,58.8612,4.182666666666606,2778.154981549775,b1,81.28,81.28,0.4990791437312022,0.0011113845007621,498,2794.1572761782113,77.40616282124994
5.42,10.84,0.0903333333333333,77.18766666666673,58.7528,4.092333333333272,2718.1549815497747,b1,81.28,81.28,0.499999953874543,0.0011113845007621,499,2724.3665728186143,77.19599188249998
7.6,10.67,0.1266666666666666,77.3143333333334,81.092,3.965666666666607,1878.473684210498,b1,81.28,81.28,0.7122773465532009,0.001558398930958,500,1944.2071986244407,66.14937875000011
7.57,10.63,0.1261666666666666,77.44050000000006,80.46910000000001,3.839499999999944,1825.918097754267,b1,81.28,81.28,0.7121353986702353,0.0015522473562305,501,1881.1594842627371,69.20045875000011
7.56,10.61,0.126,77.56650000000006,80.21159999999999,3.7134999999999394,1768.3333333333046,b1,81.28,81.28,0.7125352768581267,0.0015501968313213,502,1763.2379855838806,74.00718031458341
7.55,10.58,0.1258333333333333,77.6923333333334,79.879,3.587666666666607,1710.675496688713,b1,81.28,81.28,0.7136105185623328,0.0015481463064122,503,1694.7295672798102,74.81678552374996
7.55,10.55,0.1258333333333333,77.81816666666673,79.6525,3.4618333333332743,1650.6754966887136,b1,81.28,81.28,0.7156397425933894,0.0015481463064122,504,1656.4177405187047,72.96977771249992
5.38,10.69,0.0896666666666666,77.9078333333334,57.51219999999999,3.372166666666601,2256.468401486945,b1,81.28,81.28,0.5032740408536913,0.0011031824011255,505,2233.995274368176,76.77900020916657
5.38,10.7,0.0896666666666666,77.99750000000007,57.565999999999995,3.282499999999928,2196.4684014869404,b1,81.28,81.28,0.5028036913267578,0.0011031824011255,506,2223.0181113435915,76.60895833499988
5.39,10.69,0.0898333333333333,78.0873333333334,57.6191,3.1926666666665966,2132.393320964703,b1,81.28,81.28,0.504209494461226,0.0011052329260346,507,2121.466629328477,75.70696166666659
5.39,10.68,0.0898333333333333,78.17716666666674,57.5652,3.1028333333332654,2072.3933209647043,b1,81.28,81.28,0.5046816006852434,0.0011052329260346,508,2081.8222932087506,74.86311666666657
5.37,10.66,0.0895,78.26666666666674,57.2442,3.0133333333332644,2020.1117318435292,b1,81.28,81.28,0.5037522979594468,0.0011011318762163,509,2026.3197987924527,74.00692374999991
5.36,10.65,0.0893333333333333,78.35600000000007,57.084,2.9239999999999355,1963.880597014882,b1,81.28,81.28,0.5032863377195927,0.0010990813513072,510,1978.1591285454833,73.39624125166657
6.96,10.5,0.116,78.47200000000007,73.08,2.807999999999936,1452.4137931034152,b1,81.28,81.28,0.6628570797278972,0.001427165336772,511,1492.203743362002,73.59446916833332
5.36,10.59,0.0893333333333333,78.5613333333334,56.7624,2.718666666666607,1825.9701492536913,b1,81.28,81.28,0.5061378181172977,0.0010990813513072,512,1782.6425346231078,76.28274584999994
5.36,10.6,0.0893333333333333,78.65066666666672,56.816,2.6293333333332782,1765.9701492536942,b1,81.28,81.28,0.505660329654686,0.0010990813513072,513,1751.361979734306,77.18825304874997
5.36,10.58,0.0893333333333333,78.74000000000005,56.7088,2.5399999999999494,1705.9701492536974,b1,81.28,81.28,0.5066162092045171,0.0010990813513072,514,1637.5046480436836,74.55331847374994
5.35,10.57,0.0891666666666666,78.82916666666672,56.549499999999995,2.4508333333332786,1649.1588785046365,b1,81.28,81.28,0.5061494317739421,0.001097030826398,515,1619.137875967977,75.20373899083329
7.49,10.34,0.1248333333333333,78.95400000000005,77.4466,2.3259999999999508,1117.970627503314,b1,81.28,81.28,0.7243713032522918,0.0015358431569573,516,1069.3439316664853,77.29713480583325
7.46,10.28,0.1243333333333333,79.07833333333339,76.6888,2.201666666666611,1062.46648793563,b1,81.28,81.28,0.7256808632606165,0.0015296915822298,517,1049.782293071082,77.44654730916658
7.44,10.23,0.124,79.20233333333339,76.11120000000001,2.077666666666616,1005.3225806451368,b1,81.28,81.28,0.7272726561805811,0.0015255905324115,518,995.077141445128,76.76642825791659
5.85,10.37,0.0974999999999999,79.29983333333338,60.66449999999999,1.9801666666666191,1218.5641025640734,b1,81.28,81.28,0.5641272358604402,0.0011995570718558,519,1249.1354282721798,74.47852594541679
5.85,10.35,0.0974999999999999,79.39733333333338,60.54749999999999,1.8826666666666227,1158.5641025640757,b1,81.28,81.28,0.5652173366939771,0.0011995570718558,520,1223.512145331887,74.8833876137501
7.37,10.14,0.1228333333333333,79.52016666666671,74.7318,1.7598333333332905,859.6200814111052,b1,81.28,81.28,0.7268243859147548,0.0015112368580474,521,851.1429014378837,76.67356544333332
7.32,10.04,0.122,79.64216666666671,73.4928,1.6378333333332904,805.4918032786674,b1,81.28,81.28,0.7290835927207578,0.0015009842335016,522,800.4072435360629,74.8953481341667
7.27,9.92,0.1211666666666666,79.76333333333338,72.1184,1.516666666666623,751.0316368638024,b1,81.28,81.28,0.7328628293485051,0.0014907316089558,523,784.7302981529593,75.5596354200001
3.69,10.48,0.0615,79.82483333333337,38.6712,1.455166666666628,1419.6747967479296,b1,81.28,81.28,0.3520992030439692,0.0007566436914783,524,1361.32922984399,79.49660054708335
3.7,10.5,0.0616666666666666,79.88650000000004,38.85,1.3934999999999604,1355.8378378377993,b1,81.28,81.28,0.3523809188208649,0.0007586942163874,525,1320.1354904392338,79.3136931441667
3.7,10.51,0.0616666666666666,79.94816666666671,38.887,1.331833333333293,1295.8378378377986,b1,81.28,81.28,0.3520456372934694,0.0007586942163874,526,1293.797202825557,80.04653115791675
5.27,10.29,0.0878333333333333,80.03600000000004,54.22829999999999,1.2439999999999571,849.7912713472194,b1,81.28,81.28,0.5121476664579527,0.0010806266271248,527,860.0294434653116,78.6896411512499
5.26,10.25,0.0876666666666666,80.12366666666671,53.915,1.1563333333332937,791.4068441064367,b1,81.28,81.28,0.5131706816418847,0.0010785761022156,528,762.93092019849,80.3667895883332
5.24,10.22,0.0873333333333333,80.21100000000004,53.552800000000005,1.06899999999996,734.427480916003,b1,81.28,81.28,0.5127201063874651,0.0010744750523973,529,719.0908871706322,80.69335729583321
5.23,10.18,0.0871666666666666,80.2981666666667,53.241400000000006,0.9818333333332988,675.8317399617351,b1,81.28,81.28,0.5137524053288405,0.0010724245274882,530,636.0235031389974,80.26623772583338
5.21,10.15,0.0868333333333333,80.38500000000003,52.8815,0.8949999999999676,618.4261036468107,b1,81.28,81.28,0.5133004420393653,0.0010683234776699,531,573.1263416168382,78.51561626499999
7.21,9.77,0.1201666666666666,80.5051666666667,70.4417,0.7748333333333051,386.8793342579609,b1,81.28,81.28,0.7379733123875832,0.0014784284595009,532,382.21912042825204,78.04482201791653
7.11,9.51,0.1185,80.6236666666667,67.6161,0.6563333333333077,332.3206751054722,b1,81.28,81.28,0.7476339907850694,0.0014579232104094,533,345.62010024949325,78.55652722541662
20.28,12.12,0.338,0.338,245.7936,81.50200000000001,14467.810650887574,b1,81.84,81.84,1.673267188674325,0.0041300097247066,534,14358.147320516144,2.153549588333335
20.51,11.87,0.3418333333333334,0.6798333333333334,243.4537,81.16016666666667,14245.568015602146,b1,81.84,81.84,1.7278852798748714,0.0041768490854897,535,13862.310733111099,3.3026998995833305
20.58,11.95,0.3429999999999999,1.0228333333333333,245.93099999999995,80.81716666666667,14137.113702623908,b1,81.84,81.84,1.7221755881024614,0.0041911045431194,536,13944.144048916667,1.7871142770833308
7.96,12.19,0.1326666666666666,1.1555,97.0324,80.6845,36490.477386934675,b1,81.84,81.84,0.6529942040201638,0.0016210491818868,537,35281.912745934,3.5756981274999924
18.38,12.02,0.3063333333333333,1.461833333333333,220.9276,80.37816666666667,15743.275299238305,b1,81.84,81.84,1.5291180092247914,0.0037430758747587,538,15667.892797593133,2.4395922991666668
18.37,12.02,0.3061666666666667,1.768,220.8074,80.072,15691.845400108872,b1,81.84,81.84,1.5282860625385974,0.0037410393808116,539,15640.218642676737,2.4867903162499996
7.96,12.21,0.1326666666666666,1.9006666666666667,97.1916,79.93933333333334,36153.467336683425,b1,81.84,81.84,0.6519245985319739,0.0016210491818868,540,35350.36984028307,3.689883336666662
7.38,12.27,0.123,2.0236666666666667,90.5526,79.81633333333333,38934.79674796748,b1,81.84,81.84,0.601466943645726,0.0015029325329553,541,38944.20804060632,2.513870314583332
7.36,12.23,0.1226666666666666,2.146333333333333,90.01280000000001,79.69366666666667,38980.59782608696,b1,81.84,81.84,0.6017988060671459,0.0014988595450611,542,38881.82345793572,2.38380364625
7.37,12.23,0.1228333333333333,2.2691666666666666,90.1351,79.57083333333334,38867.706919945726,b1,81.84,81.84,0.6026164674884328,0.0015008960390082,543,38831.839683610415,2.5290544795833303
7.36,12.22,0.1226666666666666,2.391833333333333,89.93920000000001,79.44816666666667,38860.516304347824,b1,81.84,81.84,0.6022912764082425,0.0014988595450611,544,38828.56228133041,2.519524062916665
5.23,12.27,0.0871666666666666,2.4789999999999996,64.1721,79.361,54627.07456978968,b1,81.84,81.84,0.4262428340470389,0.0010650863343301,545,54529.373417690775,2.6798395983333334
5.24,12.27,0.0873333333333333,2.566333333333333,64.2948,79.27366666666667,54462.82442748092,b1,81.84,81.84,0.4270578299056374,0.0010671228282772,546,54493.43594599259,2.732772098333334
5.23,12.27,0.0871666666666666,2.6534999999999997,64.1721,79.18650000000001,54506.95984703633,b1,81.84,81.84,0.4262428340470389,0.0010650863343301,547,54485.69462094107,2.747729802500001
5.23,12.27,0.0871666666666666,2.7406666666666664,64.1721,79.09933333333333,54446.95984703632,b1,81.84,81.84,0.4262428340470389,0.0010650863343301,548,54481.147396398075,2.7645002191666674
5.22,12.27,0.087,2.8276666666666666,64.04939999999999,79.01233333333333,54491.26436781609,b1,81.84,81.84,0.4254278381884402,0.001063049840383,549,54468.65190700408,2.911918239583336
5.22,12.27,0.087,2.9146666666666667,64.04939999999999,78.92533333333334,54431.2643678161,b1,81.84,81.84,0.4254278381884402,0.001063049840383,550,54464.81755752834,2.9273657395833363
13.26,12.11,0.221,3.135666666666667,160.5786,78.70433333333334,21367.692307692312,b1,81.84,81.84,1.094962750209517,0.0027003909738466,551,21322.7149770355,4.7254300000000065
13.58,12.09,0.2263333333333333,3.362,164.1822,78.47800000000001,20804.182621502212,b1,81.84,81.84,1.1232422561420798,0.0027655587801536,552,20733.8445052304,3.970899166666665
13.58,12.09,0.2263333333333333,3.588333333333334,164.1822,78.25166666666667,20744.18262150221,b1,81.84,81.84,1.1232422561420798,0.0027655587801536,553,20720.601764472816,3.9446879166666657
13.58,12.09,0.2263333333333333,3.814666666666666,164.1822,78.02533333333334,20684.18262150221,b1,81.84,81.84,1.1232422561420798,0.0027655587801536,554,20681.79251865166,4.021789999999997
13.58,12.08,0.2263333333333333,4.041,164.0464,77.799,20624.182621502212,b1,81.84,81.84,1.12417209236986,0.0027655587801536,555,20605.79755360074,4.235406250000002
13.57,12.08,0.2261666666666666,4.267166666666667,163.9256,77.57283333333334,20579.380987472367,b1,81.84,81.84,1.1233442778688512,0.0027635222862065,556,20570.479342328643,4.397617500000003
13.57,12.08,0.2261666666666666,4.493333333333334,163.9256,77.34666666666666,20519.380987472367,b1,81.84,81.84,1.1233442778688512,0.0027635222862065,557,20535.54959393966,4.528325000000002
13.57,12.07,0.2261666666666666,4.719500000000001,163.78990000000002,77.1205,20459.38098747237,b1,81.84,81.84,1.1242749689913034,0.0027635222862065,558,20449.609826301094,4.846108750000006
22.59,11.93,0.3765,5.096000000000001,269.4987,76.744,12230.119521912353,b1,81.84,81.84,1.8935455244303836,0.0046004398264853,559,12156.343621622955,5.806997499999999
22.56,11.92,0.376,5.472000000000001,268.91519999999997,76.368,12186.382978723404,b1,81.84,81.84,1.8926172908878112,0.004594330344644,560,12130.160693305204,6.073027812916666
22.55,11.92,0.3758333333333333,5.847833333333335,268.796,75.99216666666666,12131.787139689575,b1,81.84,81.84,1.8917783647836943,0.0045922938506969,561,11925.376765051635,7.40458135708334
22.54,11.91,0.3756666666666666,6.223500000000001,268.4514,75.6165,12077.169476486248,b1,81.84,81.84,1.8925271290909211,0.0045902573567498,562,11869.27002354779,7.778771357083336
18.68,11.96,0.3113333333333333,6.534833333333335,223.4128,75.30516666666666,14512.773019271948,b1,81.84,81.84,1.5618727791076272,0.0038041706931715,563,14512.373188805936,5.842965426666679
18.67,11.96,0.3111666666666667,6.846000000000002,223.29320000000004,74.994,14460.54633101232,b1,81.84,81.84,1.5610366587761992,0.0038021341992244,564,14467.352818258762,6.047956469166679
7.9,12.15,0.1316666666666666,6.977666666666669,95.985,74.86233333333334,34114.48101265823,b1,81.84,81.84,0.6502057078019994,0.0016088302182042,565,34072.161100288824,7.116013333333327
7.9,12.15,0.1316666666666666,7.1093333333333355,95.985,74.73066666666666,34054.48101265822,b1,81.84,81.84,0.6502057078019994,0.0016088302182042,566,34047.11110028882,7.170984166666659
7.9,12.15,0.1316666666666666,7.241000000000002,95.985,74.599,33994.48101265823,b1,81.84,81.84,0.6502057078019994,0.0016088302182042,567,34024.61110028882,7.220359166666657
7.9,12.15,0.1316666666666666,7.372666666666669,95.985,74.46733333333333,33934.48101265822,b1,81.84,81.84,0.6502057078019994,0.0016088302182042,568,33950.29498418248,7.297939166666656
7.9,12.15,0.1316666666666666,7.504333333333336,95.985,74.33566666666667,33874.48101265823,b1,81.84,81.84,0.6502057078019994,0.0016088302182042,569,33940.10571079764,7.409182916666655
13.54,12.04,0.2256666666666666,7.730000000000002,163.02159999999998,74.11,19704.283604135893,b1,81.84,81.84,1.124584624203935,0.0027574128043652,570,19506.954566029188,9.27878468875002
13.53,12.04,0.2254999999999999,7.955500000000003,162.9012,73.8845,19658.84700665189,b1,81.84,81.84,1.1237540594888655,0.0027553763104181,571,19512.351662785997,9.28483593875002
13.53,12.03,0.2254999999999999,8.181000000000003,162.7659,73.659,19598.84700665189,b1,81.84,81.84,1.124688185811456,0.0027553763104181,572,19456.405009247155,9.543807605416692
13.53,12.03,0.2254999999999999,8.406500000000003,162.7659,73.4335,19538.84700665188,b1,81.84,81.84,1.124688185811456,0.0027553763104181,573,19441.829399064693,9.41343802208336
17.81,11.96,0.2968333333333333,8.703333333333337,213.0076,73.13666666666667,14783.38012352611,b1,81.84,81.84,1.4891303102733853,0.0036269957197744,574,14674.29496858544,9.415051773750001
17.8,11.95,0.2966666666666667,9.000000000000004,212.71,72.84,14731.685393258427,b1,81.84,81.84,1.489539624306308,0.0036249592258273,575,14634.86399585968,9.822495940416669
9.78,12.09,0.1629999999999999,9.163000000000004,118.2402,72.67699999999999,26752.269938650308,b1,81.84,81.84,0.8089329355721311,0.0019916910802579,576,26217.729784554052,10.49622333333334
9.78,12.09,0.1629999999999999,9.326000000000004,118.2402,72.514,26692.269938650308,b1,81.84,81.84,0.8089329355721311,0.0019916910802579,577,26197.554216779437,10.531154166666672
15.49,11.99,0.2581666666666666,9.58416666666667,185.7251,72.25583333333333,16792.83408650742,b1,81.84,81.84,1.2919098171885055,0.0031545291240486,578,16685.37811561773,10.496617200416665
15.49,11.99,0.2581666666666666,9.842333333333336,185.7251,71.99766666666667,16732.834086507428,b1,81.84,81.84,1.2919098171885055,0.0031545291240486,579,16675.54390181489,10.459610737916664
15.48,11.98,0.258,10.100333333333335,185.4504,71.73966666666666,16683.643410852714,b1,81.84,81.84,1.2921534814563038,0.0031524926301015,580,16635.451590210712,10.626079695416667
19.85,11.91,0.3308333333333333,10.431166666666668,236.41350000000003,71.40883333333333,12950.72040302267,b1,81.84,81.84,1.6666665267282514,0.0040424404849815,581,12772.422143592235,10.961034795833315
19.84,11.9,0.3306666666666666,10.761833333333335,236.096,71.07816666666668,12897.24798387097,b1,81.84,81.84,1.6672267506532144,0.0040404039910344,582,12593.722941045115,12.01585062749999
22.5,11.86,0.375,11.136833333333335,266.84999999999997,70.70316666666668,11312.506666666668,b1,81.84,81.84,1.897133060949995,0.0045821113809614,583,11271.280179479012,11.48048833333333
22.48,11.85,0.3746666666666666,11.511500000000002,266.388,70.3285,11262.571174377224,b1,81.84,81.84,1.8970462534138184,0.0045780383930673,584,11244.39044043742,11.712449166666667
22.47,11.85,0.3745,11.886,266.2695,69.95400000000001,11207.583444592792,b1,81.84,81.84,1.896202371628492,0.0045760018991202,585,11219.189029966246,11.93890374999999
22.46,11.84,0.3743333333333333,12.260333333333334,265.9264,69.57966666666667,11152.573463935889,b1,81.84,81.84,1.8969592992433024,0.0045739654051731,586,11161.240394158514,12.35472708333332
18.0,11.9,0.3,12.560333333333334,214.2,69.27966666666667,13855.933333333334,b1,81.84,81.84,1.51260491490715,0.0036656891047691,587,13772.737364591225,12.803587918333333
17.99,11.9,0.2998333333333333,12.860166666666668,214.081,68.97983333333333,13803.635352973875,b1,81.84,81.84,1.5117645788433127,0.0036636526108221,588,13750.325177770028,13.182561355416667
18.0,11.89,0.3,13.160166666666669,214.02,68.67983333333333,13735.966666666667,b1,81.84,81.84,1.513877080414039,0.0036656891047691,589,13713.006471124434,13.485554688749989
18.11,11.89,0.3018333333333333,13.462000000000002,215.3279,68.378,13592.534511319713,b1,81.84,81.84,1.5231285514610131,0.0036880905381872,590,13580.960871979678,13.983602709166664
18.1,11.88,0.3016666666666667,13.763666666666667,215.028,68.07633333333334,13540.044198895028,b1,81.84,81.84,1.5235688953224835,0.0036860540442401,591,13482.885552300717,14.596433750000008
23.53,11.79,0.3921666666666666,14.155833333333334,277.4187,67.68416666666667,10355.418614534636,b1,81.84,81.84,1.9957589486209544,0.0047918702575121,592,10407.795111234427,14.392469583333318
23.52,11.79,0.392,14.547833333333331,277.3008,67.29216666666667,10299.82142857143,b1,81.84,81.84,1.9949107722721993,0.004789833763565,593,10325.937308110082,14.49076125
23.5,11.78,0.3916666666666666,14.9395,276.83,66.90050000000001,10248.587234042554,b1,81.84,81.84,1.9949064520452928,0.0047857607756708,594,10253.498383070535,14.83185083333333
23.49,11.77,0.3914999999999999,15.331,276.47729999999996,66.509,10192.950191570882,b1,81.84,81.84,1.995751742077167,0.0047837242817237,595,10172.695893785109,14.777692499999995
23.48,11.77,0.3913333333333333,15.722333333333337,276.3596,66.11766666666666,10137.291311754683,b1,81.84,81.84,1.9949021244773049,0.0047816877877767,596,10101.283296052856,14.821202083333326
25.14,11.74,0.419,16.141333333333336,295.1436,65.69866666666667,9407.923627684964,b1,81.84,81.84,2.1413967511587098,0.0051197457829943,597,9395.065241427965,15.377208333333336
25.13,11.73,0.4188333333333333,16.560166666666667,294.7749,65.27983333333333,9351.6673298846,b1,81.84,81.84,2.142369808834629,0.0051177092890472,598,9348.233786234376,15.871776666666676
25.11,11.72,0.4185,16.97866666666667,294.2892,64.86133333333333,9299.115890083633,b1,81.84,81.84,2.1424912847703683,0.005113636301153,599,9293.704719032574,15.977982916666676
25.1,11.71,0.4183333333333333,17.397000000000002,293.92100000000005,64.443,9242.820717131472,b1,81.84,81.84,2.143466939071995,0.0051115998072059,600,9245.499200121363,15.502256250000007
25.08,11.71,0.418,17.815,293.6868,64.025,9190.191387559811,b1,81.84,81.84,2.141758997287874,0.0051075268193117,601,9226.295391675456,15.16851041666667
5.41,12.06,0.0901666666666666,17.905166666666666,65.2446,63.93483333333334,42544.43622920518,b1,81.84,81.84,0.4485903442296564,0.0011017432253778,602,42320.2931548965,18.259339999999952
5.41,12.07,0.0901666666666666,17.99533333333333,65.2987,63.84466666666667,42484.43622920518,b1,81.84,81.84,0.4482186869744253,0.0011017432253778,603,42353.22528778876,18.210649166666638
5.41,12.08,0.0901666666666666,18.085499999999996,65.3528,63.75450000000001,42424.436229205174,b1,81.84,81.84,0.4478476450457248,0.0011017432253778,604,42350.14388733865,18.25023458333332
5.41,12.08,0.0901666666666666,18.17566666666666,65.3528,63.664333333333346,42364.43622920518,b1,81.84,81.84,0.4478476450457248,0.0011017432253778,605,42311.652918967346,18.317845833333323
5.41,12.08,0.0901666666666666,18.26583333333333,65.3528,63.57416666666668,42304.43622920518,b1,81.84,81.84,0.4478476450457248,0.0011017432253778,606,42278.787320281815,18.382743750000017
5.4,12.08,0.09,18.35583333333333,65.232,63.48416666666668,42322.77777777779,b1,81.84,81.84,0.447019830544716,0.0010997067314307,607,42332.769458960465,18.43991500000002
6.35,12.07,0.1058333333333333,18.46166666666666,76.6445,63.378333333333345,35931.02362204725,b1,81.84,81.84,0.5260977194616636,0.0012931736564046,608,34970.34011581175,19.425139794166636
6.35,12.07,0.1058333333333333,18.567499999999992,76.6445,63.27250000000001,35871.02362204725,b1,81.84,81.84,0.5260977194616636,0.0012931736564046,609,34686.180515610424,19.716737294166645
23.39,11.74,0.3898333333333333,18.957333333333324,274.59860000000003,62.88266666666668,9678.392475416846,b1,81.84,81.84,1.9923337314877572,0.0047633593422528,610,9682.459588238555,18.37848125
23.37,11.73,0.3895,19.34683333333333,274.1301,62.49316666666668,9626.675224646986,b1,81.84,81.84,1.9923271958800344,0.0047592863543586,611,9635.112178728064,18.645618333333342
23.35,11.72,0.3891666666666667,19.735999999999994,273.66200000000003,62.10400000000001,9574.920770877949,b1,81.84,81.84,1.9923206491193988,0.0047552133664644,612,9549.150399593153,19.42902583333332
16.64,11.83,0.2773333333333333,20.01333333333333,196.8512,61.826666666666675,13375.96153846154,b1,81.84,81.84,1.4065932876928753,0.0033887259279644,613,13322.106976168903,20.880972814583316
16.64,11.83,0.2773333333333333,20.290666666666663,196.8512,61.54933333333334,13315.96153846154,b1,81.84,81.84,1.4065932876928753,0.0033887259279644,614,13314.141354574736,20.93991323124999
12.42,11.9,0.207,20.497666666666664,147.798,61.34233333333334,17780.386473429953,b1,81.84,81.84,1.0436973912859335,0.0025293254822907,615,17637.350973454308,21.312846875833312
12.43,11.9,0.2071666666666666,20.70483333333333,147.917,61.13516666666668,17706.08205953339,b1,81.84,81.84,1.044537727349771,0.0025313619762378,616,17477.735711199537,21.357280209166632
12.42,11.9,0.207,20.91183333333333,147.798,60.92816666666667,17660.33816425121,b1,81.84,81.84,1.0436973912859335,0.0025293254822907,617,17611.40285091485,21.252972709166627
16.35,11.82,0.2725,21.18433333333333,193.25700000000003,60.65566666666667,13355.37614678899,b1,81.84,81.84,1.3832486139383575,0.0033296676034986,618,13312.872721631291,21.10907083333331
16.35,11.82,0.2725,21.456833333333332,193.25700000000003,60.38316666666667,13295.376146788987,b1,81.84,81.84,1.3832486139383575,0.0033296676034986,619,13300.97949515472,21.219449583333297
16.34,11.82,0.2723333333333333,21.729166666666664,193.1388,60.11083333333334,13243.512851897189,b1,81.84,81.84,1.38240259032127,0.0033276311095515,620,13272.49495205071,21.48714156291663
16.34,11.81,0.2723333333333333,22.001499999999997,192.9754,59.83850000000001,13183.512851897189,b1,81.84,81.84,1.3835731258617168,0.0033276311095515,621,13125.989653162087,22.40569656291664
20.44,11.73,0.3406666666666667,22.342166666666664,239.76120000000003,59.49783333333334,10479.070450097848,b1,81.84,81.84,1.742540345904489,0.0041625936278601,622,10507.405949380622,22.526197916666646
20.43,11.73,0.3404999999999999,22.682666666666663,239.6439,59.15733333333334,10424.199706314244,b1,81.84,81.84,1.7416878310581558,0.004160557133913,623,10428.958205168889,22.958802397916642
20.41,11.72,0.3401666666666667,23.022833333333327,239.2052,58.81716666666668,10374.41450269476,b1,81.84,81.84,1.7414674282024378,0.0041564841460188,624,10327.189215368538,23.205946355416668
20.4,11.71,0.3399999999999999,23.362833333333327,238.884,58.47716666666667,10319.500000000004,b1,81.84,81.84,1.7421006198035336,0.0041544476520717,625,10293.87909014041,23.212531981249985
20.39,11.71,0.3398333333333333,23.702666666666666,238.7669,58.137333333333345,10264.561059342815,b1,81.84,81.84,1.7412466489114733,0.0041524111581246,626,10284.016273537214,23.269469064583323
24.75,11.63,0.4125,24.115166666666664,287.84250000000003,57.724833333333336,8396.339393939395,b1,81.84,81.84,2.1281167559658853,0.0050403225190576,627,8375.458401568583,24.28386249999997
24.73,11.62,0.4121666666666667,24.52733333333333,287.3626,57.31266666666667,8343.129801860088,b1,81.84,81.84,2.1282270113401887,0.0050362495311634,628,8301.662657091001,24.906224166666654
24.72,11.61,0.412,24.93933333333333,286.9992,56.90066666666667,8286.504854368934,b1,81.84,81.84,2.1291987830147474,0.0050342130372163,629,8238.779770019106,25.32598083333331
24.7,11.6,0.4116666666666667,25.350999999999996,286.52,56.489,8233.214574898786,b1,81.84,81.84,2.1293101612663654,0.0050301400493221,630,8130.8800119264515,25.694632916666627
24.68,11.59,0.4113333333333333,25.76233333333333,286.0412,56.07766666666667,8179.886547811995,b1,81.84,81.84,2.1294217317151225,0.0050260670614279,631,8076.166418384465,26.302517916666616
24.66,11.58,0.411,26.173333333333332,285.5628,55.66666666666667,8126.520681265208,b1,81.84,81.84,2.1295334948589386,0.0050219940735337,632,8066.219005186608,26.822052083333297
24.65,11.57,0.4108333333333333,26.584166666666665,285.2005,55.25583333333334,8069.817444219068,b1,81.84,81.84,2.130509755357843,0.0050199575795867,633,8042.439221501193,27.345874166666636
18.51,11.67,0.3085,26.892666666666663,216.0117,54.94733333333334,10686.677471636953,b1,81.84,81.84,1.586118116013872,0.0037695502960709,634,10479.978640182126,26.966216666666668
18.51,11.67,0.3085,27.201166666666666,216.0117,54.63883333333334,10626.677471636953,b1,81.84,81.84,1.586118116013872,0.0037695502960709,635,10464.85582136859,27.03059333333334
18.51,11.67,0.3085,27.50966666666666,216.0117,54.33033333333334,10566.677471636956,b1,81.84,81.84,1.586118116013872,0.0037695502960709,636,10464.005115179001,27.041949583333338
14.57,11.74,0.2428333333333333,27.75249999999999,171.0518,54.087500000000006,13364.10432395333,b1,81.84,81.84,1.2410561123461574,0.0029671716809159,637,13195.161347147361,27.79412072958331
14.56,11.74,0.2426666666666666,27.995166666666663,170.9344,53.84483333333334,13313.282967032968,b1,81.84,81.84,1.2402043236623237,0.0029651351869688,638,13189.807325048316,27.791439896249987
14.56,11.74,0.2426666666666666,28.23783333333333,170.9344,53.60216666666667,13253.28296703297,b1,81.84,81.84,1.2402043236623237,0.0029651351869688,639,13167.597817512895,28.09835072958332
14.56,11.73,0.2426666666666666,28.4805,170.7888,53.3595,13193.282967032968,b1,81.84,81.84,1.241261616260732,0.0029651351869688,640,12921.14696454018,28.791936979583312
8.78,11.86,0.1463333333333333,28.626833333333337,104.1308,53.213166666666666,21818.61047835991,b1,81.84,81.84,0.7403034788951536,0.0017880416855485,641,21728.17634104221,28.580642500000014
8.78,11.86,0.1463333333333333,28.77316666666667,104.1308,53.066833333333335,21758.61047835991,b1,81.84,81.84,0.7403034788951536,0.0017880416855485,642,21716.17634104221,28.60917750000002
8.78,11.86,0.1463333333333333,28.919500000000003,104.1308,52.9205,21698.61047835991,b1,81.84,81.84,0.7403034788951536,0.0017880416855485,643,21691.11026277285,28.585819583333347
8.78,11.86,0.1463333333333333,29.065833333333337,104.1308,52.774166666666666,21638.61047835991,b1,81.84,81.84,0.7403034788951536,0.0017880416855485,644,21637.586017056172,28.653436666666657
8.78,11.86,0.1463333333333333,29.212166666666672,104.1308,52.62783333333333,21578.610478359908,b1,81.84,81.84,0.7403034788951536,0.0017880416855485,645,21601.337753921976,28.607353749999962
10.06,11.83,0.1676666666666666,29.379833333333337,119.0098,52.460166666666666,18773.021868787277,b1,81.84,81.84,0.8503803169585532,0.0020487129107765,646,18567.341169039773,30.10366041666669
10.06,11.83,0.1676666666666666,29.547500000000003,119.0098,52.2925,18713.021868787277,b1,81.84,81.84,0.8503803169585532,0.0020487129107765,647,18548.689360488104,30.161487083333338
10.05,11.83,0.1675,29.715000000000003,118.8915,52.125,18671.641791044774,b1,81.84,81.84,0.8495350084923916,0.0020466764168294,648,18510.223320439178,30.42791958333334
22.95,11.57,0.3825,30.097500000000004,265.5315,51.7425,8116.470588235295,b1,81.84,81.84,1.983578048091785,0.0046737536085807,649,8012.8902495461225,29.562752083333322
22.92,11.56,0.382,30.479500000000005,264.95520000000005,51.3605,8067.094240837697,b1,81.84,81.84,1.9826987904239803,0.0046676441267394,650,7994.300324154928,29.707717083333318
22.9,11.55,0.3816666666666666,30.861166666666673,264.495,50.97883333333333,8014.139737991266,b1,81.84,81.84,1.9826838110230465,0.0046635711388452,651,7941.649672222989,30.392047083333317
22.88,11.54,0.3813333333333333,31.242500000000007,264.0352,50.5975,7961.145104895105,b1,81.84,81.84,1.9826688056612825,0.004659498150951,652,7901.5935225563435,30.95778416666664
22.87,11.53,0.3811666666666667,31.623666666666672,263.6911,50.21633333333333,7904.626147791866,b1,81.84,81.84,1.9835210768845557,0.0046574616570039,653,7873.298754412149,31.049024166666644
18.45,11.61,0.3075,31.931166666666673,214.20449999999997,49.908833333333334,9738.30894308943,b1,81.84,81.84,1.589147149944259,0.0037573313323884,654,9584.663459444077,31.498382500000016
18.44,11.6,0.3073333333333333,32.23850000000001,213.904,49.601499999999994,9683.590021691973,b1,81.84,81.84,1.5896550353745662,0.0037552948384413,655,9498.1524942523,31.67867708333337
18.52,11.59,0.3086666666666666,32.547166666666676,214.6468,49.29283333333333,9581.760259179266,b1,81.84,81.84,1.5979291114815262,0.003771586790018,656,9360.683293213511,32.1896454166667
18.43,11.59,0.3071666666666666,32.854333333333344,213.6037,48.98566666666666,9568.551275094953,b1,81.84,81.84,1.5901637972248666,0.0037532583444942,657,9337.425775048008,32.303054166666705
18.42,11.58,0.307,33.161333333333346,213.3036,48.67866666666666,9513.745928338758,b1,81.84,81.84,1.5906734377656793,0.0037512218505471,658,9199.363597454541,32.48417083333338
12.01,11.71,0.2001666666666666,33.361500000000014,140.6371,48.47849999999999,14531.4404662781,b1,81.84,81.84,1.0256190413647277,0.0024458292304598,659,14049.976649578677,34.150757916666606
12.0,11.71,0.2,33.56150000000002,140.52,48.27849999999999,14483.549999999996,b1,81.84,81.84,1.024765070472667,0.0024437927365127,660,14088.407834414553,34.08242208333327
16.84,11.61,0.2806666666666667,33.842166666666685,195.5124,47.99783333333332,10260.819477434678,b1,81.84,81.84,1.45047360461037,0.0034294558069062,661,10134.118017856994,34.08542583333333
16.84,11.6,0.2806666666666667,34.122833333333354,195.344,47.71716666666665,10200.819477434676,b1,81.84,81.84,1.451724012782413,0.0034294558069062,662,10069.067900304597,34.59221250000002
16.83,11.59,0.2804999999999999,34.40333333333335,195.05969999999996,47.43666666666665,10146.88057040998,b1,81.84,81.84,1.452113765995361,0.0034274193129591,663,10040.451362945143,34.8497229166667
16.82,11.59,0.2803333333333333,34.68366666666668,194.9438,47.15633333333332,10092.913198573124,b1,81.84,81.84,1.4512509533001767,0.0034253828190121,664,9999.028447062572,35.11521541666669
16.82,11.58,0.2803333333333333,34.96400000000001,194.7756,46.87599999999999,10032.913198573126,b1,81.84,81.84,1.4525041923571511,0.0034253828190121,665,9925.70527876493,35.01237500000001
16.81,11.58,0.2801666666666666,35.24416666666668,194.6598,46.59583333333333,9978.881618084471,b1,81.84,81.84,1.4516406345733477,0.003423346325065,666,9932.303887956563,34.96296166666667
8.1,11.75,0.1349999999999999,35.37916666666668,95.175,46.460833333333326,20649.259259259255,b1,81.84,81.84,0.6893616434585835,0.0016495600971461,667,20410.945885076075,35.45948906291669
8.1,11.75,0.1349999999999999,35.514166666666675,95.175,46.32583333333333,20589.259259259255,b1,81.84,81.84,0.6893616434585835,0.0016495600971461,668,20417.977882788262,35.43112239625002
13.86,11.63,0.2309999999999999,35.74516666666668,161.1918,46.09483333333333,11972.68398268398,b1,81.84,81.84,1.1917453833408955,0.0028225806106722,669,11515.237645389723,35.6679758333333
15.89,11.58,0.2648333333333333,36.01000000000001,184.0062,45.82999999999999,10383.134046570169,b1,81.84,81.84,1.372193318463444,0.0032359888819323,670,10131.75659388857,36.11500541666665
15.89,11.58,0.2648333333333333,36.27483333333335,184.0062,45.565166666666656,10323.134046570169,b1,81.84,81.84,1.372193318463444,0.0032359888819323,671,10095.66252267943,36.203823749999984
15.89,11.57,0.2648333333333333,36.53966666666668,183.8473,45.30033333333332,10263.134046570169,b1,81.84,81.84,1.3733793108574497,0.0032359888819323,672,10042.202867860675,36.481051666666644
10.09,11.7,0.1681666666666666,36.70783333333335,118.053,45.132166666666656,16102.656095143702,b1,81.84,81.84,0.8623930886843515,0.0020548223926178,673,15914.977866883692,36.765022916666645
10.09,11.7,0.1681666666666666,36.87600000000001,118.053,44.96399999999999,16042.656095143704,b1,81.84,81.84,0.8623930886843515,0.0020548223926178,674,15912.069686296223,36.877253333333314
10.09,11.7,0.1681666666666666,37.04416666666667,118.053,44.79583333333333,15982.656095143704,b1,81.84,81.84,0.8623930886843515,0.0020548223926178,675,15882.25088035213,36.9745133333333
12.99,11.63,0.2165,37.26066666666668,151.0737,44.57933333333333,12354.549653579676,b1,81.84,81.84,1.1169388549493675,0.0026454056372751,676,11927.942739169606,37.95365333333332
12.98,11.63,0.2163333333333333,37.47700000000001,150.9574,44.36299999999999,12304.067796610168,b1,81.84,81.84,1.116079009795442,0.002643369143328,677,11989.91938717102,37.76374458333332
12.98,11.63,0.2163333333333333,37.69333333333334,150.9574,44.14666666666666,12244.067796610168,b1,81.84,81.84,1.116079009795442,0.002643369143328,678,11957.463408366924,37.80630041666666
15.49,11.57,0.2581666666666666,37.95150000000001,179.2193,43.88849999999999,10200.038734667523,b1,81.84,81.84,1.3388071444419063,0.0031545291240486,679,9961.147145680648,37.36447624999997
15.49,11.56,0.2581666666666666,38.20966666666668,179.0644,43.630333333333326,10140.038734667529,b1,81.84,81.84,1.3399652820099237,0.0031545291240486,680,9940.053648865962,37.66996416666664
15.48,11.56,0.258,38.46766666666668,178.9488,43.37233333333332,10086.58914728682,b1,81.84,81.84,1.339100230181641,0.0031524926301015,681,9906.543409908641,37.78806291666664
25.51,11.32,0.4251666666666667,38.89283333333335,288.77320000000003,42.947166666666654,6060.752646021167,b1,81.84,81.84,2.2535333698292077,0.0051950960590367,682,5968.146965816955,39.9640516666667
25.51,11.32,0.4251666666666667,39.31800000000002,288.77320000000003,42.521999999999984,6000.752646021166,b1,81.84,81.84,2.2535333698292077,0.0051950960590367,683,5959.376234836015,40.07049833333337
25.05,11.33,0.4175,39.735500000000016,283.8165,42.10449999999999,6050.946107784429,b1,81.84,81.84,2.210944200269709,0.0051014173374704,684,5977.082985791985,40.3846903129167
25.02,11.31,0.417,40.15250000000002,282.9762,41.687499999999986,5998.201438848919,b1,81.84,81.84,2.212201395914996,0.0050953078556291,685,5957.69970260449,40.96674791666671
24.99,11.3,0.4165,40.56900000000002,282.387,41.27099999999999,5945.402160864344,b1,81.84,81.84,2.211504229070422,0.0050891983737878,686,5913.078272498912,41.907809166666695
24.96,11.28,0.416,40.985000000000014,281.54879999999997,40.85499999999999,5892.548076923075,b1,81.84,81.84,2.212765761279631,0.0050830888919466,687,5893.743910098734,42.695397500000034
4.41,11.72,0.0735,41.058500000000016,51.6852,40.78149999999999,33291.020408163255,b1,81.84,81.84,0.376279831375441,0.0008980938306684,688,30705.790247889807,42.59468270916669
5.35,11.75,0.0891666666666666,41.14766666666668,62.8625,40.69233333333332,27381.75700934579,b1,81.84,81.84,0.4553191101856076,0.0010895242616952,689,26945.531136732647,40.99886833333334
5.35,11.76,0.0891666666666666,41.236833333333344,62.916,40.60316666666666,27321.75700934579,b1,81.84,81.84,0.4549319341044274,0.0010895242616952,690,27097.800442435917,40.62718416666667
5.35,11.76,0.0891666666666666,41.32600000000001,62.916,40.514,27261.75700934579,b1,81.84,81.84,0.4549319341044274,0.0010895242616952,691,27055.29850105555,40.641868333333335
5.34,11.77,0.089,41.415000000000006,62.8518,40.425,27252.808988764045,b1,81.84,81.84,0.4536957983266102,0.0010874877677481,692,27010.99659039599,40.743289583333315
5.34,11.77,0.089,41.504000000000005,62.8518,40.336,27192.808988764045,b1,81.84,81.84,0.4536957983266102,0.0010874877677481,693,27010.99659039599,40.743289583333315
18.28,11.43,0.3046666666666667,41.808666666666674,208.9404,40.03133333333333,7883.632385120349,b1,81.84,81.84,1.599299947567809,0.0037227109352878,694,7643.352886930166,38.369480835
18.27,11.42,0.3045,42.11316666666667,208.6434,39.72683333333333,7827.947454844007,b1,81.84,81.84,1.5998247285617575,0.0037206744413407,695,7579.303972038679,38.889343334999985
18.26,11.41,0.3043333333333333,42.4175,208.3466,39.4225,7772.23439211391,b1,81.84,81.84,1.6003504294171405,0.0037186379473936,696,7575.462873655085,38.96350958499998
18.82,11.39,0.3136666666666666,42.731166666666674,214.3598,39.10883333333333,7480.96705632306,b1,81.84,81.84,1.6523264572145342,0.0038326816084309,697,7288.907391121029,41.02445833499999
18.81,11.38,0.3135,43.04466666666667,214.0578,38.79533333333333,7424.944178628389,b1,81.84,81.84,1.652899679007058,0.0038306451144838,698,7297.1168106308005,41.45566666666666
18.79,11.37,0.3131666666666666,43.35783333333334,213.6423,38.482166666666664,7372.847259180415,b1,81.84,81.84,1.652594401706737,0.0038265721265896,699,7210.342193674989,42.57244583333333
18.78,11.36,0.313,43.67083333333334,213.3408,38.16916666666666,7316.773162939295,b1,81.84,81.84,1.6531688685590789,0.0038245356326425,700,7204.904843900108,42.365265833333325
21.29,11.29,0.3548333333333333,44.02566666666667,240.3641,37.81433333333333,6394.156881164865,b1,81.84,81.84,1.8857394255323805,0.0043356956133631,701,6179.572633691435,46.03981958333335
21.26,11.28,0.3543333333333333,44.38000000000001,239.8128,37.459999999999994,6343.179680150515,b1,81.84,81.84,1.8847516059617375,0.0043295861315218,702,6150.794899452286,46.64196416666667
21.25,11.27,0.3541666666666667,44.734166666666674,239.4875,37.10583333333333,6286.164705882353,b1,81.84,81.84,1.8855366561191969,0.0043275496375747,703,6140.776925428139,46.76202625
11.85,11.49,0.1974999999999999,44.93166666666667,136.1565,36.90833333333333,11212.658227848102,b1,81.84,81.84,1.0313315029302434,0.0024132453273063,704,10624.327799555876,45.39166374999997
11.85,11.49,0.1974999999999999,45.12916666666667,136.1565,36.71083333333333,11152.658227848102,b1,81.84,81.84,1.0313315029302434,0.0024132453273063,705,10605.683245710346,45.269900416666644
13.17,11.46,0.2195,45.34866666666667,150.9282,36.49133333333334,9974.85193621868,b1,81.84,81.84,1.149214559405361,0.0026820625283227,706,9678.624709962072,42.44421583333335
13.16,11.46,0.2193333333333333,45.568,150.8136,36.272000000000006,9922.43161094225,b1,81.84,81.84,1.1483419591324644,0.0026800260343756,707,9672.426597863987,42.50934583333335
13.16,11.45,0.2193333333333333,45.78733333333333,150.682,36.052666666666674,9862.43161094225,b1,81.84,81.84,1.1493448777864737,0.0026800260343756,708,9604.098124478416,42.53481541666669
13.15,11.45,0.2191666666666666,46.0065,150.5675,35.83350000000001,9809.931558935365,b1,81.84,81.84,1.148471515417335,0.0026779895404286,709,9574.139115799866,42.66153958333335
18.8,11.3,0.3133333333333333,46.31983333333333,212.44000000000003,35.520166666666675,6801.734042553193,b1,81.84,81.84,1.6637166669277286,0.0038286086205367,710,6480.470645112862,47.06997499999994
20.39,11.25,0.3398333333333333,46.65966666666666,229.3875,35.180333333333344,6211.338891613538,b1,81.84,81.84,1.812444283338286,0.0041524111581246,711,6134.438810786529,47.53869499999999
20.95,11.22,0.3491666666666667,47.00883333333333,235.059,34.831166666666675,5985.30787589499,b1,81.84,81.84,1.8672012596077308,0.0042664548191619,712,5982.015451252648,47.746471250000006
20.93,11.21,0.3488333333333333,47.35766666666666,234.6253,34.482333333333344,5931.027233635931,b1,81.84,81.84,1.8670827950862805,0.0042623818312677,713,5965.190876082984,47.981383333333355
20.91,11.2,0.3485,47.70616666666666,234.192,34.13383333333334,5876.700143472024,b1,81.84,81.84,1.866964119021061,0.0042583088433735,714,5903.620685257945,48.215707500000015
22.92,11.13,0.382,48.08816666666666,255.09960000000004,33.751833333333344,5301.335078534033,b1,81.84,81.84,2.0592990063522905,0.0046676441267394,715,5238.486397030927,47.19685416666663
22.89,11.12,0.3815,48.46966666666666,254.5368,33.37033333333334,5248.283093053737,b1,81.84,81.84,2.058453052297388,0.0046615346448981,716,5206.294775836089,47.10810916666664
22.84,11.09,0.3806666666666666,48.85033333333333,253.2956,32.98966666666667,5199.772329246936,b1,81.84,81.84,2.059512889133193,0.0046513521751626,717,5108.495743113841,47.841614999999976
22.84,11.09,0.3806666666666666,49.231,253.2956,32.609,5139.772329246935,b1,81.84,81.84,2.059512889133193,0.0046513521751626,718,5024.057954754748,47.96143124999997
25.01,11.02,0.4168333333333333,49.64783333333334,275.6102,32.192166666666665,4633.818472610955,b1,81.84,81.84,2.2695097759065543,0.005093271361682,719,4642.726617352399,48.80314864625001
24.98,11.0,0.4163333333333333,50.06416666666667,274.78000000000003,31.77583333333333,4579.383506805444,b1,81.84,81.84,2.2709088844628287,0.0050871618798408,720,4571.912852778065,50.4680554166667
24.94,10.98,0.4156666666666667,50.47983333333334,273.8412,31.360166666666665,4526.7281475541295,b1,81.84,81.84,2.2714023432238304,0.0050790159040524,721,4535.419091321674,51.17724125000004
24.91,10.96,0.4151666666666667,50.895,273.0136,30.945,4472.179847450823,b1,81.84,81.84,2.272810011604926,0.0050729064222111,722,4500.490818010989,51.83809041666668
24.87,10.94,0.4145,51.3095,272.0778,30.530500000000004,4419.372738238842,b1,81.84,81.84,2.2733087501545937,0.0050647604464227,723,4449.433202556506,51.86862708333334
7.27,11.46,0.1211666666666666,51.43066666666667,83.3142,30.409333333333336,15058.266850068778,b1,81.84,81.84,0.6343803983961257,0.0014805310995373,724,14774.057199623483,51.37167458333347
5.51,11.52,0.0918333333333333,51.5225,63.475199999999994,30.317500000000003,19808.16696914701,b1,81.84,81.84,0.478298569592138,0.0011221081648487,725,19627.154141414092,51.34301291666664
5.51,11.53,0.0918333333333333,51.614333333333335,63.5303,30.22566666666667,19748.16696914701,b1,81.84,81.84,0.4778837399927372,0.0011221081648487,726,19698.624551774934,51.31795916666664
5.51,11.54,0.0918333333333333,51.70616666666667,63.58539999999999,30.133833333333335,19688.166969147005,b1,81.84,81.84,0.4774696293353874,0.0011221081648487,727,19653.467532136034,51.588273750000006
5.51,11.55,0.0918333333333333,51.798,63.6405,30.042,19628.16696914701,b1,81.84,81.84,0.4770562357527068,0.0011221081648487,728,19611.423604672116,51.76207208333335
7.87,11.47,0.1311666666666666,51.92916666666667,90.2689,29.910833333333336,13682.210927573064,b1,81.84,81.84,0.6861376908336799,0.0016027207363629,729,13786.137355552895,52.04217000000004
7.87,11.47,0.1311666666666666,52.06033333333333,90.2689,29.77966666666667,13622.210927573064,b1,81.84,81.84,0.6861376908336799,0.0016027207363629,730,13696.68621360897,52.08942250000004
7.87,11.47,0.1311666666666666,52.1915,90.2689,29.64850000000001,13562.210927573064,b1,81.84,81.84,0.6861376908336799,0.0016027207363629,731,13544.502963671825,52.30581541666668
7.87,11.47,0.1311666666666666,52.32266666666666,90.2689,29.51733333333334,13502.210927573064,b1,81.84,81.84,0.6861376908336799,0.0016027207363629,732,13493.046012574327,52.36569416666668
7.86,11.48,0.131,52.45366666666666,90.2328,29.38633333333334,13459.3893129771,b1,81.84,81.84,0.6846689299068877,0.0016006842424158,733,13470.42361853136,52.48362416666668
10.54,11.39,0.1756666666666666,52.62933333333333,120.0506,29.210666666666675,9977.077798861485,b1,81.84,81.84,0.9253730530840164,0.002146464620237,734,9789.334038124514,51.3377604166667
8.78,11.43,0.1463333333333333,52.77566666666666,100.3554,29.064333333333344,11917.03872437358,b1,81.84,81.84,0.7681539135473392,0.0017880416855485,735,11755.314066092342,51.76397145916657
24.8,10.96,0.4133333333333333,53.18899999999999,271.80800000000005,28.65100000000001,4159.016129032259,b1,81.84,81.84,2.2627735161702995,0.0050505049887931,736,4326.052989407959,51.52739208333338
24.75,10.93,0.4125,53.601499999999994,270.5175,28.23850000000001,4107.418181818183,b1,81.84,81.84,2.2644096738874957,0.0050403225190576,737,4261.534397624113,51.667300416666706
22.69,10.96,0.3781666666666667,53.97966666666666,248.68240000000003,27.860333333333344,4420.326134861174,b1,81.84,81.84,2.0702552855606493,0.0046208047659562,738,4344.035289618114,51.848487916666684
22.65,10.94,0.3775,54.35716666666666,247.79099999999997,27.482833333333343,4368.132450331128,b1,81.84,81.84,2.07038372299966,0.0046126587901679,739,4200.369415218752,53.33342021249998
16.48,11.1,0.2746666666666666,54.631833333333326,182.928,27.20816666666668,5943.53155339806,b1,81.84,81.84,1.4846845509293198,0.0033561420248109,740,5839.960360067585,51.028934583333346
16.46,11.09,0.2743333333333334,54.90616666666666,182.5414,26.933833333333347,5890.753341433781,b1,81.84,81.84,1.484219884200191,0.0033520690369167,741,5824.772157668593,50.52780958333334
13.99,11.16,0.2331666666666666,55.139333333333326,156.1284,26.700666666666677,6870.793423874198,b1,81.84,81.84,1.2535841170623552,0.0028490550319845,742,6588.665368235154,53.502131666666635
13.98,11.16,0.233,55.37233333333332,156.01680000000002,26.46766666666668,6815.708154506441,b1,81.84,81.84,1.2526880597949768,0.0028470185380374,743,6585.559092759837,53.584239999999966
13.98,11.15,0.233,55.60533333333332,155.877,26.234666666666683,6755.708154506442,b1,81.84,81.84,1.253811546743359,0.0028470185380374,744,6591.265888174714,53.80989291666661
13.98,11.15,0.233,55.83833333333332,155.877,26.001666666666686,6695.708154506443,b1,81.84,81.84,1.253811546743359,0.0028470185380374,745,6580.317347883566,53.78808083333328
24.4,10.82,0.4066666666666666,56.24499999999998,264.008,25.59500000000002,3776.311475409839,b1,81.84,81.84,2.2550829708795774,0.0049690452309093,746,3867.249325654684,55.16025595874999
22.99,10.83,0.3831666666666666,56.62816666666665,248.9817,25.211833333333352,3947.9164854284504,b1,81.84,81.84,2.1228068215321496,0.004681899584369,747,3937.2802027841353,57.56875064583333
22.86,10.81,0.381,57.00916666666665,247.1166,24.830833333333352,3910.367454068245,b1,81.84,81.84,2.114708407520036,0.0046554251630568,748,3935.7235312566913,57.829099178333344
23.34,10.77,0.389,57.398166666666654,251.3718,24.44183333333335,3769.9485861182543,b1,81.84,81.84,2.167130718000862,0.0047531768725173,749,3769.787067854154,56.779117941666655
23.27,10.73,0.3878333333333333,57.78599999999999,249.6871,24.054000000000016,3721.2892135797183,b1,81.84,81.84,2.1686857251923835,0.0047389214148877,750,3781.4985511379473,57.11982387541665
17.33,10.9,0.2888333333333333,58.07483333333332,188.897,23.76516666666668,4936.791690709755,b1,81.84,81.84,1.5899081110176043,0.0035292440103138,751,4861.415396623417,55.54640875000002
17.33,10.9,0.2888333333333333,58.36366666666666,188.897,23.476333333333343,4876.791690709754,b1,81.84,81.84,1.5899081110176043,0.0035292440103138,752,4811.787108541424,56.178955416666696
17.32,10.89,0.2886666666666667,58.65233333333333,188.6148,23.18766666666668,4819.607390300233,b1,81.84,81.84,1.5904498080395035,0.0035272075163668,753,4772.863502745546,57.409799166666716
17.3,10.88,0.2883333333333333,58.94066666666666,188.224,22.899333333333345,4765.179190751448,b1,81.84,81.84,1.590073383265314,0.0035231345284726,754,4744.7313204169095,57.99735416666672
17.3,10.87,0.2883333333333333,59.22899999999999,188.051,22.61100000000001,4705.179190751447,b1,81.84,81.84,1.5915361921309854,0.0035231345284726,755,4706.723730383521,58.321583855416684
20.38,10.74,0.3396666666666667,59.56866666666666,218.8812,22.271333333333345,3934.0922473012783,b1,81.84,81.84,1.8975789667058691,0.0041503746641775,756,3811.470716633403,57.96633124999997
20.36,10.72,0.3393333333333333,59.907999999999994,218.2592,21.93200000000001,3877.956777996072,b1,81.84,81.84,1.899253554174109,0.0041463016762833,757,3786.3856917788744,57.407715833333306
18.15,10.77,0.3025,60.2105,195.4755,21.629500000000007,4290.14876033058,b1,81.84,81.84,1.6852366123271485,0.0036962365139756,758,4122.6019368625975,60.305205734583325
18.14,10.76,0.3023333333333333,60.51283333333333,195.1864,21.32716666666667,4232.513781697906,b1,81.84,81.84,1.685873449268267,0.0036942000200285,759,4108.138547178339,60.755730108749994
18.12,10.74,0.302,60.81483333333333,194.6088,21.02516666666667,4177.185430463577,b1,81.84,81.84,1.687150680898447,0.0036901270321343,760,4083.264588625258,61.128687608749985
18.1,10.72,0.3016666666666667,61.1165,194.03200000000004,20.7235,4121.8011049723755,b1,81.84,81.84,1.6884326783178474,0.0036860540442401,761,4074.010715526824,61.315821567916664
18.08,10.7,0.3013333333333333,61.417833333333334,193.45599999999996,20.42216666666667,4066.360619469027,b1,81.84,81.84,1.689719468250517,0.0036819810563459,762,4050.772348280947,61.418492401249985
18.06,10.68,0.301,61.718833333333336,192.8808,20.121166666666667,4010.863787375415,b1,81.84,81.84,1.6910110776206857,0.0036779080684517,763,4029.537287381644,61.37975052541665
18.04,10.66,0.3006666666666666,62.0195,192.3064,19.820500000000003,3955.310421286031,b1,81.84,81.84,1.6923075335546405,0.0036738350805575,764,4021.696041236197,61.24563094041664
18.02,10.64,0.3003333333333333,62.319833333333335,191.7328,19.520166666666668,3899.7003329633744,b1,81.84,81.84,1.6936088633826256,0.0036697620926633,765,4006.544089721322,61.234137188749976
18.0,10.62,0.3,62.61983333333333,191.16,19.22016666666667,3844.033333333334,b1,81.84,81.84,1.6949150946407634,0.0036656891047691,766,3960.9680732394177,61.49973448124999
12.74,10.82,0.2123333333333333,62.832166666666666,137.8468,19.007833333333338,5371.130298273156,b1,81.84,81.84,1.1774490593854845,0.0025944932885977,767,5053.799817415082,63.802617499999954
12.74,10.82,0.2123333333333333,63.0445,137.8468,18.795500000000004,5311.130298273157,b1,81.84,81.84,1.1774490593854845,0.0025944932885977,768,4992.042082032669,63.476580833333294
12.74,10.82,0.2123333333333333,63.25683333333333,137.8468,18.58316666666667,5251.130298273156,b1,81.84,81.84,1.1774490593854845,0.0025944932885977,769,4965.341932785524,63.474010833333274
12.74,10.82,0.2123333333333333,63.469166666666666,137.8468,18.370833333333337,5191.130298273157,b1,81.84,81.84,1.1774490593854845,0.0025944932885977,770,4950.740718005835,63.54061645916662
19.14,10.53,0.319,63.78816666666667,201.5442,18.051833333333335,3395.329153605016,b1,81.84,81.84,1.817663645046188,0.0038978494147379,771,3355.028676862503,60.17968656458334
19.1,10.49,0.3183333333333333,64.1065,200.359,17.733500000000006,3342.439790575917,b1,81.84,81.84,1.8207815232810751,0.0038897034389495,772,3261.7002485508724,60.11110573125002
19.04,10.45,0.3173333333333333,64.42383333333333,198.968,17.41616666666667,3292.972689075631,b1,81.84,81.84,1.8220093950230245,0.0038774844752669,773,3193.715782754714,60.24152573125003
19.0,10.41,0.3166666666666666,64.7405,197.79,17.099500000000006,3239.9052631578957,b1,81.84,81.84,1.8251679322605256,0.0038693384994785,774,3161.2201636219706,60.301750938750025
18.94,10.37,0.3156666666666667,65.05616666666667,196.4078,16.783833333333334,3190.168954593453,b1,81.84,81.84,1.8264221961020064,0.003857119535796,775,3152.4479837721633,60.72262052208335
18.9,10.32,0.315,65.37116666666667,195.048,16.468833333333336,3136.9206349206356,b1,81.84,81.84,1.831395171376437,0.0038489735600076,776,3133.939943078252,61.52259760541668
20.24,10.19,0.3373333333333333,65.7085,206.24559999999997,16.131500000000003,2869.2391304347834,b1,81.84,81.84,1.986260845312969,0.0041218637489182,777,2915.8553307296966,62.26112760541674
14.02,10.48,0.2336666666666666,65.94216666666667,146.9296,15.897833333333338,4082.1825962910143,b1,81.84,81.84,1.3377861318906363,0.0028551645138257,778,4236.1155067403515,60.67129687749997
14.01,10.47,0.2334999999999999,66.17566666666667,146.68470000000002,15.664333333333332,4025.09635974304,b1,81.84,81.84,1.3381087547174064,0.0028531280198786,779,4233.345344606419,60.75634021083331
14.0,10.46,0.2333333333333333,66.409,146.44,15.430999999999996,3967.971428571428,b1,81.84,81.84,1.3384319944137673,0.0028510915259315,780,4181.837293879057,61.495185210833306
13.99,10.45,0.2331666666666666,66.64216666666667,146.19549999999998,15.197833333333335,3910.8077197998578,b1,81.84,81.84,1.3387558527506362,0.0028490550319845,781,4116.63129217984,62.55012771083332
13.98,10.43,0.233,66.87516666666667,145.8114,14.964833333333331,3853.605150214592,b1,81.84,81.84,1.3403642051424542,0.0028470185380374,782,4092.5324959482296,62.57426646083331
16.03,10.28,0.2671666666666666,67.14233333333334,164.7884,14.697666666666665,3300.786026200872,b1,81.84,81.84,1.5593383697141667,0.0032644997971916,783,3417.6925243217147,65.5094423995833
15.96,10.19,0.266,67.40833333333335,162.6324,14.431666666666658,3255.263157894735,b1,81.84,81.84,1.5662412594463928,0.003250244339562,784,3394.957906686882,64.96911198291664
8.55,10.67,0.1425,67.55083333333334,91.2285,14.28916666666666,6016.491228070172,b1,81.84,81.84,0.8013120148723512,0.0017412023247653,785,6015.671459435879,69.68221416666665
8.55,10.67,0.1425,67.69333333333334,91.2285,14.14666666666666,5956.491228070173,b1,81.84,81.84,0.8013120148723512,0.0017412023247653,786,6004.19519711993,70.03255999999999
8.56,10.71,0.1426666666666666,67.83600000000001,91.6776,14.00399999999999,5889.532710280369,b1,81.84,81.84,0.7992529599203586,0.0017432388187124,787,5940.521725953569,69.80093333333326
8.57,10.72,0.1428333333333333,67.97883333333334,91.8704,13.861166666666662,5822.660443407232,b1,81.84,81.84,0.799440223932815,0.0017452753126595,788,5814.742396517751,68.15765666666658
8.58,10.74,0.143,68.12183333333334,92.1492,13.718166666666662,5755.874125874124,b1,81.84,81.84,0.7988826071803904,0.0017473118066066,789,5726.427360450187,67.2022679166666
8.58,10.75,0.143,68.26483333333334,92.235,13.57516666666666,5695.874125874123,b1,81.84,81.84,0.7981394606381897,0.0017473118066066,790,5691.085731660768,66.68727208333324
8.59,10.75,0.1431666666666666,68.40800000000002,92.3425,13.431999999999988,5629.243306169959,b1,81.84,81.84,0.799069693109796,0.0017493483005537,791,5629.928297820028,67.3358495833333
8.59,10.76,0.1431666666666666,68.55116666666669,92.4284,13.288833333333317,5569.243306169958,b1,81.84,81.84,0.7983270633525035,0.0017493483005537,792,5609.63574678727,67.06854416666664
8.59,10.77,0.1431666666666666,68.69433333333336,92.5143,13.145666666666642,5509.243306169955,b1,81.84,81.84,0.797585812666127,0.0017493483005537,793,5580.13870791036,67.27946916666662
11.6,10.59,0.1933333333333333,68.88766666666669,122.844,12.952333333333314,4019.689655172408,b1,81.84,81.84,1.0953728899553457,0.002362332978629,794,4301.398445995741,64.18769687583334
11.59,10.57,0.1931666666666666,69.08083333333336,122.5063,12.759166666666644,3963.1578947368353,b1,81.84,81.84,1.0964994232261662,0.0023602964846819,795,4249.904260912647,63.672273542499994
11.58,10.56,0.193,69.27383333333336,122.2848,12.566166666666646,3906.5803108808223,b1,81.84,81.84,1.096590805247083,0.0023582599907348,796,4030.427961151288,63.3902447925
11.57,10.54,0.1928333333333333,69.4666666666667,121.9478,12.373333333333306,3849.956784788237,b1,81.84,81.84,1.0977228560035244,0.0023562234967877,797,3965.5976805427067,63.31676750000001
11.56,10.53,0.1926666666666666,69.65933333333336,121.7268,12.18066666666664,3793.287197231825,b1,81.84,81.84,1.0978156602264333,0.0023541870028406,798,3897.6185215593327,62.14368541666667
11.55,10.51,0.1925,69.85183333333336,121.3905,11.988166666666643,3736.5714285714207,b1,81.84,81.84,1.098953273172857,0.0023521505088935,799,3814.761862149683,60.785765209166684
11.54,10.5,0.1923333333333333,70.0441666666667,121.17,11.795833333333306,3679.809358752158,b1,81.84,81.84,1.0990475143764271,0.0023501140149464,800,3772.8156257316236,60.248755209166696
15.19,10.26,0.2531666666666666,70.29733333333337,155.8494,11.542666666666634,2735.589203423297,b1,81.84,81.84,1.4805066783131893,0.0030934343056357,801,2901.846068989232,63.74097334333335
15.11,10.16,0.2518333333333333,70.54916666666671,153.5176,11.290833333333296,2690.0727994705408,b1,81.84,81.84,1.4872045780310454,0.003077142354059,802,2886.1276730625023,63.89106449291669
15.0,10.04,0.25,70.79916666666671,150.6,11.040833333333296,2649.799999999991,b1,81.84,81.84,1.4940237555753233,0.0030547409206409,803,2757.7277758628848,66.13316188916674
9.12,10.52,0.152,70.95116666666671,95.9424,10.888833333333295,4298.223684210512,b1,81.84,81.84,0.866920069684404,0.0018572824797497,804,4303.673950509946,70.89827416666658
9.12,10.54,0.152,71.10316666666671,96.12479999999998,10.736833333333294,4238.223684210511,b1,81.84,81.84,0.8652750602205825,0.0018572824797497,805,4281.704451328098,71.07319124999987
9.13,10.55,0.1521666666666666,71.25533333333338,96.3215,10.58466666666662,4173.58159912375,b1,81.84,81.84,0.8654027615731981,0.0018593189736968,806,4234.383499261162,70.61922458333322
9.13,10.55,0.1521666666666666,71.40750000000006,96.3215,10.432499999999948,4113.581599123747,b1,81.84,81.84,0.8654027615731981,0.0018593189736968,807,4197.185271199737,69.70154083333324
9.13,10.55,0.1521666666666666,71.55966666666673,96.3215,10.280333333333274,4053.581599123744,b1,81.84,81.84,0.8654027615731981,0.0018593189736968,808,4179.138611229965,69.32086041666658
6.84,10.7,0.114,71.67366666666673,73.18799999999999,10.16633333333327,5350.701754385931,b1,81.84,81.84,0.6392522767053948,0.0013929618598122,809,5346.808839873412,66.52009625000004
6.85,10.73,0.1141666666666666,71.7878333333334,73.5005,10.052166666666608,5282.890510948874,b1,81.84,81.84,0.6383969582109079,0.0013949983537593,810,5224.031944059137,66.22665583333337
6.86,10.75,0.1143333333333333,71.90216666666673,73.745,9.937833333333272,5215.1895043731465,b1,81.84,81.84,0.6381394755219093,0.0013970348477064,811,5195.567599534365,66.35415666666668
6.86,10.76,0.1143333333333333,72.01650000000006,73.81360000000001,9.82349999999994,5155.189504373146,b1,81.84,81.84,0.6375464091499621,0.0013970348477064,812,5165.604370153387,66.37137625000001
10.13,10.54,0.1688333333333333,72.1853333333334,106.7702,9.6546666666666,3431.0760118459784,b1,81.84,81.84,0.9611004780739588,0.0020629683684062,813,3532.779992726531,66.18145948958332
10.12,10.52,0.1686666666666666,72.35400000000007,106.4624,9.485999999999931,3374.466403162032,b1,81.84,81.84,0.9619770948690974,0.0020609318744591,814,3493.9738653661457,66.33124032291666
10.11,10.5,0.1684999999999999,72.52250000000006,106.155,9.31749999999994,3317.8041543026493,b1,81.84,81.84,0.9628570511564714,0.002058895380512,815,3412.677584632342,67.45394688416673
10.1,10.48,0.1683333333333333,72.6908333333334,105.848,9.149166666666602,3261.089108910868,b1,81.84,81.84,0.9637403660553086,0.0020568588865649,816,3249.776749551213,69.28081126000002
9.13,10.54,0.1521666666666666,72.84300000000007,96.2302,8.996999999999929,3547.557502738197,b1,81.84,81.84,0.8662238267339825,0.0018593189736968,817,3455.2188950386294,69.2827852108335
9.12,10.54,0.152,72.99500000000008,96.12479999999998,8.844999999999928,3491.4473684210247,b1,81.84,81.84,0.8652750602205825,0.0018572824797497,818,3470.1765309904895,66.77680416833346
9.12,10.53,0.152,73.14700000000008,96.0336,8.692999999999927,3431.4473684210243,b1,81.84,81.84,0.8660967838464593,0.0018572824797497,819,3412.668899040657,69.1790477108335
9.11,10.52,0.1518333333333333,73.2988333333334,95.8372,8.541166666666598,3375.2140504939357,b1,81.84,81.84,0.8659694994325571,0.0018552459858026,820,3379.063458598901,69.24091729250017
9.11,10.52,0.1518333333333333,73.45066666666673,95.8372,8.38933333333327,3315.2140504939375,b1,81.84,81.84,0.8659694994325571,0.0018552459858026,821,3359.8322563141387,69.11806166833348
6.81,10.66,0.1134999999999999,73.56416666666674,72.5946,8.275833333333267,4374.889867841375,b1,81.84,81.84,0.6388367130547173,0.001386852377971,822,4254.601739499201,71.49056708500005
7.94,10.6,0.1323333333333333,73.69650000000007,84.164,8.143499999999932,3692.267002518861,b1,81.84,81.84,0.7490565331078743,0.0016169761939926,823,3683.2242673498113,67.39745916833337
7.94,10.6,0.1323333333333333,73.8288333333334,84.164,8.011166666666597,3632.26700251886,b1,81.84,81.84,0.7490565331078743,0.0016169761939926,824,3652.464140326566,67.69926770916673
7.94,10.6,0.1323333333333333,73.96116666666674,84.164,7.878833333333262,3572.267002518859,b1,81.84,81.84,0.7490565331078743,0.0016169761939926,825,3582.941431171983,67.37352437583341
7.94,10.6,0.1323333333333333,74.09350000000008,84.164,7.7464999999999264,3512.267002518858,b1,81.84,81.84,0.7490565331078743,0.0016169761939926,826,3546.536521394609,65.99922541666676
10.09,10.44,0.1681666666666666,74.26166666666674,105.3396,7.578333333333262,2703.8652130822343,b1,81.84,81.84,0.9664750032112068,0.0020548223926178,827,2669.412401096305,69.18709084000001
10.07,10.4,0.1678333333333333,74.42950000000008,104.728,7.410499999999928,2649.2353525322483,b1,81.84,81.84,0.9682691376664292,0.0020507494047236,828,2656.985373990573,68.21456417166665
10.05,10.37,0.1675,74.59700000000008,104.2185,7.242999999999924,2594.50746268654,b1,81.84,81.84,0.9691416616063974,0.0020466764168294,829,2596.1225601847314,69.1479179183333
10.03,10.33,0.1671666666666666,74.76416666666674,103.6099,7.075833333333264,2539.68095712859,b1,81.84,81.84,0.9709582796749004,0.0020426034289352,830,2540.168680460217,66.35852864624994
13.66,10.02,0.2276666666666666,74.9918333333334,136.8732,6.8481666666666,1804.7877013176983,b1,81.84,81.84,1.3632733170385911,0.0027818507317303,831,1726.2276877291201,70.11141333333343
8.4,10.34,0.14,75.1318333333334,86.85600000000001,6.7081666666666,2874.9285714285425,b1,81.84,81.84,0.8123790316848133,0.0017106549155589,832,2817.3961738610406,70.44045876000007
8.4,10.35,0.14,75.2718333333334,86.94,6.568166666666599,2814.9285714285425,b1,81.84,81.84,0.8115941244836596,0.0017106549155589,833,2794.6702873697955,68.37287969541677
8.4,10.34,0.14,75.4118333333334,86.85600000000001,6.428166666666598,2754.928571428542,b1,81.84,81.84,0.8123790316848133,0.0017106549155589,834,2755.254285764032,67.95424031625011
8.39,10.33,0.1398333333333333,75.55166666666673,86.6687,6.28833333333327,2698.2121573301274,b1,81.84,81.84,0.8121974044339396,0.0017086184216118,835,2718.51520910815,68.15545813250007
8.39,10.32,0.1398333333333333,75.69150000000006,86.5848,6.148499999999942,2638.2121573301297,b1,81.84,81.84,0.8129844173464713,0.0017086184216118,836,2674.657434183768,70.41240959166676
9.33,10.17,0.1555,75.84700000000007,94.8861,5.992999999999938,2312.411575562677,b1,81.84,81.84,0.9174040395866236,0.0019000488526386,837,2393.3864661858975,67.2768315629167
9.25,10.03,0.1541666666666666,76.00116666666673,92.7775,5.83883333333327,2272.4108108107857,b1,81.84,81.84,0.9222332081522226,0.0018837569010619,838,2324.6974758533793,66.38061354250007
9.17,9.89,0.1528333333333333,76.15400000000007,90.6913,5.685999999999936,2232.235550708808,b1,81.84,81.84,0.9271990973509509,0.0018674649494851,839,2193.862009046825,58.98365229250002
6.74,10.12,0.1123333333333333,76.2663333333334,68.2088,5.573666666666597,2977.032640949518,b1,81.84,81.84,0.6660078393272887,0.0013725969203413,840,2910.4161792054983,73.85466906458333
6.74,10.15,0.1123333333333333,76.37866666666675,68.411,5.461333333333258,2917.032640949514,b1,81.84,81.84,0.6640393434443997,0.0013725969203413,841,2845.222355870937,74.5650684404167
6.74,10.16,0.1123333333333333,76.49100000000008,68.47840000000001,5.3489999999999185,2857.0326409495115,b1,81.84,81.84,0.6633857614777794,0.0013725969203413,842,2815.7010702444077,74.98711239958335
6.74,10.15,0.1123333333333333,76.60333333333342,68.411,5.236666666666579,2797.0326409495083,b1,81.84,81.84,0.6640393434443997,0.0013725969203413,843,2780.27007297816,74.00978042166666
6.74,10.15,0.1123333333333333,76.71566666666676,68.411,5.12433333333324,2737.032640949505,b1,81.84,81.84,0.6640393434443997,0.0013725969203413,844,2755.702374188084,73.31289792166672
8.35,9.87,0.1391666666666666,76.85483333333343,82.41449999999999,4.985166666666572,2149.293413173612,b1,81.84,81.84,0.8459978879434765,0.0017004724458234,845,2187.2098256484996,59.90581760541675
8.31,9.78,0.1385,76.99333333333342,81.2718,4.846666666666579,2099.6389891696367,b1,81.84,81.84,0.8496931646530508,0.0016923264700351,846,2140.151026702218,62.52512270916677
8.29,9.72,0.1381666666666666,77.13150000000009,80.5788,4.7084999999999155,2044.7044632086488,b1,81.84,81.84,0.8528805706912992,0.0016882534821409,847,2048.987781453765,66.47797291666676
8.27,9.67,0.1378333333333333,77.26933333333342,79.9709,4.5706666666665825,1989.6493349455495,b1,81.84,81.84,0.855222248684359,0.0016841804942467,848,1981.7102057458728,64.97042458333345
6.11,9.93,0.1018333333333333,77.37116666666675,60.6723,4.468833333333251,2633.0278232405403,b1,81.84,81.84,0.6153070880858925,0.0012442978016744,849,2527.217280264032,72.10849000166664
6.12,9.97,0.102,77.47316666666676,61.0164,4.366833333333247,2568.7254901960277,b1,81.84,81.84,0.6138414630048683,0.0012463342956215,850,2513.7043263349174,70.88438249999999
5.47,10.08,0.0911666666666666,77.56433333333342,55.1376,4.275666666666581,2813.9670932357753,b1,81.84,81.84,0.542658676323544,0.0011139621890604,851,2736.887505935439,77.47211812750001
5.49,10.13,0.0915,77.65583333333342,55.61370000000001,4.184166666666584,2743.7158469944816,b1,81.84,81.84,0.5419545368258109,0.0011180351769546,852,2716.7183039694164,77.26033156458335
5.51,10.18,0.0918333333333333,77.74766666666675,56.0918,4.092333333333258,2673.7568058075735,b1,81.84,81.84,0.5412573142183386,0.0011221081648487,853,2634.5097637468148,77.20114021083336
5.51,10.22,0.0918333333333333,77.83950000000007,56.3122,4.000499999999931,2613.7568058075776,b1,81.84,81.84,0.5391388904952161,0.0011221081648487,854,2598.7347569277395,77.43028406291666
7.64,9.89,0.1273333333333333,77.96683333333341,75.5596,3.873166666666592,1825.0523560209072,b1,81.84,81.84,0.7724973940851978,0.0015558813755798,855,1813.6680575392786,67.00372864625012
8.27,9.73,0.1378333333333333,78.10466666666674,80.4671,3.7353333333332586,1626.021765417138,b1,81.84,81.84,0.8499485251851464,0.0016841804942467,856,1614.9682616166665,71.20988531291671
8.24,9.64,0.1373333333333333,78.24200000000008,79.43360000000001,3.597999999999928,1571.9417475727842,b1,81.84,81.84,0.8547716955631022,0.0016780710124054,857,1553.9613972062446,71.86206416666671
6.03,9.84,0.1005,78.34250000000007,59.3352,3.497499999999931,2088.059701492496,b1,81.84,81.84,0.6128048157718684,0.0012280058500976,858,2044.527950853738,70.28540333333332
6.03,9.81,0.1005,78.44300000000007,59.154300000000006,3.3969999999999345,2028.059701492498,b1,81.84,81.84,0.6146788364241758,0.0012280058500976,859,2003.224884364588,70.45973416666664
6.02,9.79,0.1003333333333333,78.54333333333341,58.93579999999999,3.296666666666596,1971.4285714285293,b1,81.84,81.84,0.6149131139006013,0.0012259693561505,860,1970.0850986648752,71.53105458333332
6.01,9.77,0.1001666666666666,78.64350000000007,58.717699999999994,3.1964999999999293,1914.708818635565,b1,81.84,81.84,0.6151483505477635,0.0012239328622034,861,1926.0317246801435,72.81748312583338
6.01,9.76,0.1001666666666666,78.74366666666674,58.657599999999995,3.0963333333332628,1854.7088186355652,b1,81.84,81.84,0.6157786254325179,0.0012239328622034,862,1893.2718690053557,74.56747812583345
6.01,9.74,0.1001666666666666,78.84383333333341,58.5374,2.9961666666665963,1794.7088186355652,b1,81.84,81.84,0.617043057798454,0.0012239328622034,863,1832.730493165877,75.08502625333352
6.68,9.65,0.1113333333333333,78.95516666666674,64.462,2.884833333333262,1554.7005988023568,b1,81.84,81.84,0.6922279075411495,0.0013603779566587,864,1542.119116957958,73.67114062583336
6.66,9.63,0.111,79.06616666666675,64.1358,2.7738333333332577,1499.3693693693283,b1,81.84,81.84,0.6915887132306632,0.0013563049687646,865,1499.0158584908784,74.50938281458339
6.66,9.62,0.111,79.17716666666675,64.0692,2.6628333333332534,1439.3693693693265,b1,81.84,81.84,0.6923076203422434,0.0013563049687646,866,1455.235240635097,76.0179097941667
6.64,9.61,0.1106666666666666,79.28783333333341,63.810399999999994,2.5521666666665936,1383.704819277069,b1,81.84,81.84,0.6909468583822208,0.0013522319808704,867,1407.1638742964014,77.08781489791673
6.66,9.6,0.111,79.39883333333341,63.936,2.4411666666665894,1319.549549549508,b1,81.84,81.84,0.6937499277343826,0.0013563049687646,868,1330.8397718656852,77.09363333500002
6.66,9.59,0.111,79.50983333333342,63.8694,2.3301666666665852,1259.5495495495056,b1,81.84,81.84,0.6944733373854707,0.0013563049687646,869,1274.9436247020308,75.61735323291676
8.19,9.42,0.1364999999999999,79.64633333333342,77.1498,2.193666666666587,964.2490842490494,b1,81.84,81.84,0.869426659296533,0.0016678885426699,870,999.7264535470068,73.85395387375003
5.0,12.5,0.0833333333333333,0.0833333333333333,62.5,84.91666666666667,61140.0,b5,85.0,85.0,0.3999999680000026,0.0009803921453287,312,60828.896643249376,0.9064064591666665
5.0,12.43,0.0833333333333333,0.1666666666666666,62.15,84.83333333333333,61080.0,b5,85.0,85.0,0.4022525822805646,0.0009803921453287,313,60888.67976473053,0.5871039591666666
5.0,12.38,0.0833333333333333,0.25,61.900000000000006,84.75,61020.0,b5,85.0,85.0,0.4038771887013579,0.0009803921453287,314,60899.881662612504,0.47878916666666654
5.0,12.38,0.0833333333333333,0.3333333333333333,61.900000000000006,84.66666666666667,60960.0,b5,85.0,85.0,0.4038771887013579,0.0009803921453287,315,60889.381662612504,0.4933724999999996
7.0,12.3,0.1166666666666666,0.4499999999999999,86.10000000000001,84.55,43482.857142857145,b5,85.0,85.0,0.569105644788159,0.0013725490034602,316,42266.9255167353,2.755874961249998
7.0,12.28,0.1166666666666666,0.5666666666666667,85.96,84.43333333333334,43422.857142857145,b5,85.0,85.0,0.5700325268703155,0.0013725490034602,317,42260.91700761379,2.745656835416665
7.0,12.29,0.1166666666666666,0.6833333333333333,86.03,84.31666666666666,43362.857142857145,b5,85.0,85.0,0.5695687087413582,0.0013725490034602,318,42260.91700761379,2.745656835416665
8.0,12.29,0.1333333333333333,0.8166666666666667,98.32,84.18333333333334,37882.5,b5,85.0,85.0,0.6509356671329808,0.0015686274325259,319,37733.1703492097,1.490001897499999
8.0,12.3,0.1333333333333333,0.95,98.4,84.05,37822.5,b5,85.0,85.0,0.6504064511864673,0.0015686274325259,320,37720.49473264879,1.491276788749999
8.0,12.3,0.1333333333333333,1.0833333333333333,98.4,83.91666666666667,37762.5,b5,85.0,85.0,0.6504064511864673,0.0015686274325259,321,37705.34473264879,1.524943455416666
8.0,12.31,0.1333333333333333,1.2166666666666666,98.48,83.78333333333333,37702.5,b5,85.0,85.0,0.649878095054582,0.0015686274325259,322,37674.043661208,1.6038619962500005
8.0,12.31,0.1333333333333333,1.35,98.48,83.65,37642.5,b5,85.0,85.0,0.649878095054582,0.0015686274325259,323,37653.93522461335,1.696327002916667
8.0,12.31,0.1333333333333333,1.4833333333333332,98.48,83.51666666666667,37582.5,b5,85.0,85.0,0.649878095054582,0.0015686274325259,324,37642.208372516776,1.774019509583334
10.0,12.27,0.1666666666666666,1.65,122.7,83.35,30006.0,b5,85.0,85.0,0.8149958585985446,0.0019607842906574,325,29572.67906872269,2.628512083333331
10.0,12.27,0.1666666666666666,1.8166666666666669,122.7,83.18333333333334,29946.0,b5,85.0,85.0,0.8149958585985446,0.0019607842906574,326,29584.992104108827,2.6349499999999977
0.14,12.26,0.0023333333333333,1.819,1.7164,83.181,2138939.9999999995,b5,85.0,85.0,0.0114192486607464,2.7450980069203765e-05,327,1914082.029904798,3.924347720833327
0.14,12.26,0.0023333333333333,1.8213333333333332,1.7164,83.17866666666667,2138880.0,b5,85.0,85.0,0.0114192486607464,2.7450980069203765e-05,328,1914082.029904798,3.924347720833327
11.8,12.24,0.1966666666666666,2.018,144.43200000000002,82.982,25316.542372881355,b5,85.0,85.0,0.964052208819264,0.0023137254629757,329,25122.66474784452,3.017780210833334
11.8,12.24,0.1966666666666666,2.2146666666666666,144.43200000000002,82.78533333333333,25256.54237288135,b5,85.0,85.0,0.964052208819264,0.0023137254629757,330,25116.32862652442,3.045748544166667
11.8,12.24,0.1966666666666666,2.4113333333333333,144.43200000000002,82.58866666666667,25196.542372881355,b5,85.0,85.0,0.964052208819264,0.0023137254629757,331,25090.558144959807,3.095416877500002
11.8,12.25,0.1966666666666666,2.608,144.55,82.392,25136.542372881355,b5,85.0,85.0,0.9632652274885528,0.0023137254629757,332,25045.94387295935,3.068630629166668
11.8,12.25,0.1966666666666666,2.804666666666667,144.55,82.19533333333334,25076.542372881355,b5,85.0,85.0,0.9632652274885528,0.0023137254629757,333,25045.050816267358,3.094040629166668
13.36,12.22,0.2226666666666666,3.0273333333333334,163.2592,81.97266666666667,22088.443113772457,b5,85.0,85.0,1.093289599567136,0.0026196078123183,334,22057.902619626242,3.2877516666666686
13.36,12.22,0.2226666666666666,3.25,163.2592,81.75,22028.443113772457,b5,85.0,85.0,1.093289599567136,0.0026196078123183,335,22030.63484346153,3.4448154166666676
13.36,12.22,0.2226666666666666,3.4726666666666666,163.2592,81.52733333333333,21968.443113772453,b5,85.0,85.0,1.093289599567136,0.0026196078123183,336,21986.535192430067,3.965260833333332
13.36,12.22,0.2226666666666666,3.695333333333333,163.2592,81.30466666666666,21908.443113772457,b5,85.0,85.0,1.093289599567136,0.0026196078123183,337,21938.601594801654,4.714447916666666
23.38,12.04,0.3896666666666666,4.085,281.49519999999995,80.915,12459.110350727118,b5,85.0,85.0,1.9418603038322009,0.004584313671557,338,12464.915650521489,5.2087241666666735
23.38,12.02,0.3896666666666666,4.474666666666667,281.02759999999995,80.52533333333334,12399.110350727118,b5,85.0,85.0,1.945091352321851,0.004584313671557,339,12418.61650611819,5.258668749999997
5.32,12.39,0.0886666666666666,4.5633333333333335,65.9148,80.43666666666667,54430.82706766917,b5,85.0,85.0,0.4293784964182005,0.0010431372426297,340,54405.61176802118,3.9054679266666756
5.32,12.42,0.0886666666666666,4.652,66.0744,80.348,54370.82706766917,b5,85.0,85.0,0.4283413503750926,0.0010431372426297,341,54321.51359586522,4.345393980833339
5.32,12.42,0.0886666666666666,4.740666666666667,66.0744,80.25933333333333,54310.82706766917,b5,85.0,85.0,0.4283413503750926,0.0010431372426297,342,54316.58733214825,4.348152210416673
5.32,12.42,0.0886666666666666,4.8293333333333335,66.0744,80.17066666666666,54250.82706766916,b5,85.0,85.0,0.4283413503750926,0.0010431372426297,343,54283.14788258291,4.181512230416669
5.32,12.42,0.0886666666666666,4.918,66.0744,80.082,54190.82706766916,b5,85.0,85.0,0.4283413503750926,0.0010431372426297,344,54267.88019054536,4.106693281250003
23.8,12.04,0.3966666666666666,5.314666666666667,286.55199999999996,79.68533333333333,12053.243697478993,b5,85.0,85.0,1.9767440218651149,0.0046666666117647,345,12022.67777700708,6.112899486249994
23.8,12.01,0.3966666666666666,5.711333333333333,285.838,79.28866666666667,11993.243697478993,b5,85.0,85.0,1.981681766720919,0.0046666666117647,346,11966.152197239677,6.260159589999996
23.8,12.0,0.3966666666666666,6.108,285.6,78.892,11933.243697478993,b5,85.0,85.0,1.9833331680555697,0.0046666666117647,347,11956.877030526615,6.276743135833326
23.8,12.01,0.3966666666666666,6.504666666666666,285.838,78.49533333333333,11873.243697478993,b5,85.0,85.0,1.981681766720919,0.0046666666117647,348,11897.24732301717,6.40776075791667
23.8,12.01,0.3966666666666666,6.901333333333333,285.838,78.09866666666667,11813.243697478993,b5,85.0,85.0,1.981681766720919,0.0046666666117647,349,11877.749379177088,6.703423348333335
23.8,12.01,0.3966666666666666,7.297999999999999,285.838,77.702,11753.243697478993,b5,85.0,85.0,1.981681766720919,0.0046666666117647,350,11878.973681753645,6.6988216816666695
15.24,12.15,0.254,7.552,185.166,77.44800000000001,18294.8031496063,b5,85.0,85.0,1.2543208844180342,0.0029882352589619,351,18222.836637896773,7.845677709166653
15.24,12.15,0.254,7.805999999999999,185.166,77.194,18234.8031496063,b5,85.0,85.0,1.2543208844180342,0.0029882352589619,352,18203.439325676998,7.918441042499986
15.24,12.15,0.254,8.059999999999999,185.166,76.94,18174.803149606298,b5,85.0,85.0,1.2543208844180342,0.0029882352589619,353,18171.22992086143,7.92390687583332
15.24,12.15,0.254,8.313999999999998,185.166,76.686,18114.8031496063,b5,85.0,85.0,1.2543208844180342,0.0029882352589619,354,18167.858418197466,7.88310937583332
17.21,12.11,0.2868333333333333,8.600833333333332,208.4131,76.39916666666667,15981.231841952353,b5,85.0,85.0,1.4211394367349766,0.0033745097642214,355,15969.194931305121,7.656020416666674
17.21,12.1,0.2868333333333333,8.887666666666666,208.241,76.11233333333334,15921.231841952354,b5,85.0,85.0,1.4223139320401712,0.0033745097642214,356,15945.208388875564,7.648542500000008
17.21,12.1,0.2868333333333333,9.1745,208.241,75.8255,15861.231841952354,b5,85.0,85.0,1.4223139320401712,0.0033745097642214,357,15932.111642476677,7.823042916666676
15.58,12.13,0.2596666666666666,9.434166666666666,188.98540000000003,75.56583333333333,17460.654685494224,b5,85.0,85.0,1.2844186904848565,0.0030549019248442,358,17571.97789112548,9.27407824291666
15.58,12.13,0.2596666666666666,9.693833333333332,188.98540000000003,75.30616666666667,17400.654685494224,b5,85.0,85.0,1.2844186904848565,0.0030549019248442,359,17425.108053348802,10.049241269999996
15.58,12.13,0.2596666666666666,9.953499999999998,188.98540000000003,75.04650000000001,17340.654685494224,b5,85.0,85.0,1.2844186904848565,0.0030549019248442,360,17355.620916150212,10.29383533958333
15.58,12.13,0.2596666666666666,10.213166666666664,188.98540000000003,74.78683333333333,17280.65468549422,b5,85.0,85.0,1.2844186904848565,0.0030549019248442,361,17329.037680180812,10.488520342916662
6.14,12.33,0.1023333333333333,10.315499999999998,75.7062,74.6845,43788.95765472313,b5,85.0,85.0,0.4979723845926695,0.0012039215544636,362,43633.42168103031,10.335560312916659
6.14,12.35,0.1023333333333333,10.417833333333332,75.829,74.58216666666667,43728.957654723126,b5,85.0,85.0,0.4971659516464816,0.0012039215544636,363,43604.72594845257,10.334008959166674
6.14,12.35,0.1023333333333333,10.520166666666666,75.829,74.47983333333333,43668.95765472313,b5,85.0,85.0,0.4971659516464816,0.0012039215544636,364,43556.562632504545,10.411812292500008
6.14,12.35,0.1023333333333333,10.6225,75.829,74.3775,43608.957654723126,b5,85.0,85.0,0.4971659516464816,0.0012039215544636,365,43351.22717523177,10.719523125833346
6.14,12.36,0.1023333333333333,10.724833333333336,75.8904,74.27516666666666,43548.957654723126,b5,85.0,85.0,0.4967637138540685,0.0012039215544636,366,43029.27688273778,11.185608959166682
22.01,12.0,0.3668333333333333,11.091666666666669,264.12,73.90833333333333,12088.596092685142,b5,85.0,85.0,1.8341665138194576,0.004315686223737,367,12100.700636737356,10.518658544166671
22.01,11.99,0.3668333333333333,11.458500000000004,263.8999,73.5415,12028.596092685144,b5,85.0,85.0,1.8356962605757916,0.004315686223737,368,12075.31037018134,10.705401042500002
22.01,11.98,0.3668333333333333,11.825333333333337,263.6798,73.17466666666667,11968.596092685142,b5,85.0,85.0,1.8372285611662305,0.004315686223737,369,12041.662717850535,10.98167416666667
22.01,11.97,0.3668333333333333,12.19216666666667,263.45970000000005,72.80783333333333,11908.596092685142,b5,85.0,85.0,1.83876342199136,0.004315686223737,370,11960.663869538086,12.22155000000001
22.01,11.96,0.3668333333333333,12.559000000000005,263.23960000000005,72.441,11848.596092685142,b5,85.0,85.0,1.8403008494731732,0.004315686223737,371,11923.445584501313,12.453534479583338
5.43,12.33,0.0905,12.649500000000003,66.9519,72.3505,47967.18232044199,b5,85.0,85.0,0.4403892586870025,0.0010647058698269,372,48576.9058854523,12.071645225833333
5.43,12.35,0.0905,12.740000000000006,67.06049999999999,72.25999999999999,47907.182320441985,b5,85.0,85.0,0.439676077759022,0.0010647058698269,373,48606.2988984459,12.10415033125
8.37,12.29,0.1394999999999999,12.879500000000004,102.8673,72.12049999999999,31019.56989247312,b5,85.0,85.0,0.6810414417378811,0.0016411764512802,374,30971.587492300907,12.443612916666668
8.37,12.27,0.1394999999999999,13.019000000000004,102.6999,71.981,30959.56989247312,b5,85.0,85.0,0.6821515336469818,0.0016411764512802,375,30955.338111523335,12.368268333333335
8.37,12.27,0.1394999999999999,13.158500000000004,102.6999,71.8415,30899.56989247312,b5,85.0,85.0,0.6821515336469818,0.0016411764512802,376,30925.36407662116,12.005527500000012
8.37,12.27,0.1394999999999999,13.298000000000004,102.6999,71.702,30839.56989247312,b5,85.0,85.0,0.6821515336469818,0.0016411764512802,377,30856.233608953793,11.590593750000016
9.36,12.25,0.156,13.454000000000006,114.66,71.54599999999999,27517.69230769231,b5,85.0,85.0,0.7640815702790554,0.0018352940960553,378,27488.076643646476,13.328835833333349
9.36,12.24,0.156,13.610000000000008,114.5664,71.38999999999999,27457.692307692305,b5,85.0,85.0,0.7647058198769755,0.0018352940960553,379,27426.1007609818,13.436148333333353
9.36,12.24,0.156,13.766000000000007,114.5664,71.234,27397.69230769231,b5,85.0,85.0,0.7647058198769755,0.0018352940960553,380,27378.76033735867,13.687467500000023
9.36,12.24,0.156,13.922000000000008,114.5664,71.07799999999999,27337.692307692305,b5,85.0,85.0,0.7647058198769755,0.0018352940960553,381,27324.375272342884,13.952175416666675
9.36,12.24,0.156,14.078000000000008,114.5664,70.922,27277.69230769231,b5,85.0,85.0,0.7647058198769755,0.0018352940960553,382,27282.738350104817,13.97273208333333
9.36,12.24,0.156,14.234000000000009,114.5664,70.76599999999999,27217.69230769231,b5,85.0,85.0,0.7647058198769755,0.0018352940960553,383,27259.068827606905,14.026951249999989
9.95,12.22,0.1658333333333333,14.399833333333342,121.589,70.60016666666665,25543.77889447236,b5,85.0,85.0,0.8142388859051648,0.0019509803692041,384,25639.592000887333,12.915241670000016
9.95,12.22,0.1658333333333333,14.565666666666676,121.589,70.43433333333333,25483.77889447236,b5,85.0,85.0,0.8142388859051648,0.0019509803692041,385,25499.091653359075,13.364765420000017
9.95,12.22,0.1658333333333333,14.73150000000001,121.589,70.26849999999999,25423.77889447236,b5,85.0,85.0,0.8142388859051648,0.0019509803692041,386,25466.52175338599,13.513483547500009
9.95,12.22,0.1658333333333333,14.897333333333345,121.589,70.10266666666666,25363.77889447236,b5,85.0,85.0,0.8142388859051648,0.0019509803692041,387,25442.930512867668,13.50241750666667
9.95,12.22,0.1658333333333333,15.063166666666676,121.589,69.93683333333333,25303.77889447236,b5,85.0,85.0,0.8142388859051648,0.0019509803692041,388,25432.063904520408,13.496084590000002
14.34,12.13,0.239,15.302166666666675,173.94420000000002,69.69783333333332,17497.3640167364,b5,85.0,85.0,1.1821928126799,0.0028117646728027,389,17584.40721701971,14.627687006250007
14.34,12.12,0.239,15.541166666666678,173.80079999999998,69.45883333333332,17437.364016736396,b5,85.0,85.0,1.183168219210543,0.0028117646728027,390,17583.48725332812,14.579778360000004
18.36,12.01,0.306,15.847166666666675,220.5036,69.15283333333332,13559.37908496732,b5,85.0,85.0,1.528725934327566,0.003599999957647,391,13496.675530632827,16.03006000499998
18.36,12.01,0.306,16.153166666666678,220.5036,68.84683333333332,13499.37908496732,b5,85.0,85.0,1.528725934327566,0.003599999957647,392,13474.787140936232,16.289904171666652
18.36,12.01,0.306,16.45916666666668,220.5036,68.54083333333332,13439.37908496732,b5,85.0,85.0,1.528725934327566,0.003599999957647,393,13446.979884480594,16.625797088333318
18.36,12.0,0.306,16.76516666666668,220.32,68.23483333333331,13379.379084967317,b5,85.0,85.0,1.5299998725000106,0.003599999957647,394,13379.796943995469,16.88338458999998
18.36,12.0,0.306,17.07116666666668,220.32,67.92883333333332,13319.379084967317,b5,85.0,85.0,1.5299998725000106,0.003599999957647,395,13323.376298286417,17.469817714166652
22.9,11.91,0.3816666666666666,17.45283333333335,272.739,67.54716666666666,10618.768558951964,b5,85.0,85.0,1.9227538268048845,0.0044901960256055,396,10682.748859711624,16.336257709166663
22.9,11.89,0.3816666666666666,17.834500000000016,272.281,67.16549999999998,10558.768558951962,b5,85.0,85.0,1.925988063415638,0.0044901960256055,397,10567.305863805375,17.312269999999987
22.9,11.88,0.3816666666666666,18.216166666666684,272.052,66.78383333333332,10498.768558951964,b5,85.0,85.0,1.9276092653527552,0.0044901960256055,398,10448.865219367428,17.395830833333317
20.81,11.91,0.3468333333333333,18.563000000000017,247.8471,66.43699999999998,11493.185968284475,b5,85.0,85.0,1.7472710539654863,0.0040803921088581,399,11588.628901635686,17.82756750166667
20.81,11.89,0.3468333333333333,18.90983333333335,247.4309,66.09016666666665,11433.185968284475,b5,85.0,85.0,1.750210113523119,0.0040803921088581,400,11372.964419760894,19.399774999999998
20.81,11.88,0.3468333333333333,19.25666666666668,247.2228,65.74333333333331,11373.185968284475,b5,85.0,85.0,1.7516833542354078,0.0040803921088581,401,11335.29728419811,19.876669583333346
20.81,11.88,0.3468333333333333,19.603500000000015,247.2228,65.39649999999999,11313.185968284475,b5,85.0,85.0,1.7516833542354078,0.0040803921088581,402,11318.070421224878,20.137895833333356
20.81,11.87,0.3468333333333333,19.950333333333347,247.0147,65.04966666666665,11253.185968284475,b5,85.0,85.0,1.753159077240179,0.0040803921088581,403,11236.720612417543,20.462665833333357
20.81,11.87,0.3468333333333333,20.29716666666668,247.0147,64.70283333333332,11193.185968284475,b5,85.0,85.0,1.753159077240179,0.0040803921088581,404,11194.162043228464,20.713050209166692
6.58,12.21,0.1096666666666666,20.406833333333346,80.3418,64.59316666666666,35339.726443768996,b5,85.0,85.0,0.5389024947663804,0.0012901960632525,405,35267.82099723492,20.888823750000018
6.58,12.22,0.1096666666666666,20.51650000000001,80.4076,64.48349999999999,35279.726443768996,b5,85.0,85.0,0.5384614943975864,0.0012901960632525,406,35248.47796818811,20.85243625000001
6.58,12.22,0.1096666666666666,20.626166666666677,80.4076,64.37383333333332,35219.72644376899,b5,85.0,85.0,0.5384614943975864,0.0012901960632525,407,35216.65438656576,20.77937083333333
6.58,12.22,0.1096666666666666,20.735833333333343,80.4076,64.26416666666665,35159.72644376899,b5,85.0,85.0,0.5384614943975864,0.0012901960632525,408,35174.95329293034,20.785206249999984
6.58,12.23,0.1096666666666666,20.84550000000001,80.4734,64.15449999999998,35099.72644376899,b5,85.0,85.0,0.538021215206769,0.0012901960632525,409,35106.874482198895,20.89443041666664
6.58,12.23,0.1096666666666666,20.95516666666667,80.4734,64.04483333333333,35039.726443768996,b5,85.0,85.0,0.538021215206769,0.0012901960632525,410,35093.999790800815,20.95432958333332
6.56,12.23,0.1093333333333333,21.06450000000001,80.22879999999999,63.93549999999999,35086.55487804877,b5,85.0,85.0,0.5363858923641952,0.0012862744946712,411,35080.36434988598,20.99673958333332
6.56,12.23,0.1093333333333333,21.173833333333334,80.22879999999999,63.826166666666666,35026.55487804878,b5,85.0,85.0,0.5363858923641952,0.0012862744946712,412,35057.882548742426,21.063463749999983
6.56,12.23,0.1093333333333333,21.28316666666667,80.22879999999999,63.71683333333333,34966.55487804878,b5,85.0,85.0,0.5363858923641952,0.0012862744946712,413,35027.86417891327,21.137007916666647
6.56,12.23,0.1093333333333333,21.3925,80.22879999999999,63.6075,34906.55487804878,b5,85.0,85.0,0.5363858923641952,0.0012862744946712,414,34980.60681388434,21.237602083333307
6.56,12.23,0.1093333333333333,21.501833333333337,80.22879999999999,63.49816666666666,34846.55487804878,b5,85.0,85.0,0.5363858923641952,0.0012862744946712,415,34937.49485111048,21.295871249999973
6.56,12.23,0.1093333333333333,21.611166666666666,80.22879999999999,63.38883333333334,34786.55487804879,b5,85.0,85.0,0.5363858923641952,0.0012862744946712,416,34916.12026025544,21.258034583333306
5.8,12.26,0.0966666666666666,21.707833333333333,71.10799999999999,63.29216666666667,39284.793103448275,b5,85.0,85.0,0.4730831588023524,0.0011372548885813,417,39008.98335966484,20.763284166666686
5.8,12.28,0.0966666666666666,21.8045,71.22399999999999,63.1955,39224.793103448275,b5,85.0,85.0,0.4723126651211185,0.0011372548885813,418,39222.29931802355,20.85181625000002
5.8,12.28,0.0966666666666666,21.90116666666667,71.22399999999999,63.09883333333333,39164.793103448275,b5,85.0,85.0,0.4723126651211185,0.0011372548885813,419,39227.668260356855,20.857133333333344
5.8,12.28,0.0966666666666666,21.997833333333336,71.22399999999999,63.00216666666667,39104.79310344828,b5,85.0,85.0,0.4723126651211185,0.0011372548885813,420,39223.04321841837,20.924961666666682
22.3,11.87,0.3716666666666667,22.3695,264.70099999999996,62.6305,10110.7533632287,b5,85.0,85.0,1.8786856041545408,0.004372548968166,421,10119.468661386169,20.634717294166627
22.3,11.82,0.3716666666666667,22.74116666666667,263.586,62.25883333333333,10050.7533632287,b5,85.0,85.0,1.8866326661055275,0.004372548968166,422,10026.561120817794,21.09438979416664
22.3,11.81,0.3716666666666667,23.112833333333334,263.363,61.887166666666666,9990.7533632287,b5,85.0,85.0,1.8882301534098096,0.004372548968166,423,9962.274287611148,21.751343336666633
22.3,11.81,0.3716666666666667,23.4845,263.363,61.5155,9930.7533632287,b5,85.0,85.0,1.8882301534098096,0.004372548968166,424,9944.499394903323,22.14705437916664
22.3,11.81,0.3716666666666667,23.856166666666667,263.363,61.14383333333333,9870.7533632287,b5,85.0,85.0,1.8882301534098096,0.004372548968166,425,9898.474372304085,22.805545319583302
8.01,12.13,0.1335,23.98966666666667,97.1613,61.010333333333335,27420.37453183521,b5,85.0,85.0,0.6603461945304044,0.0015705882168166,426,27149.303739507282,24.42533791833337
8.01,12.15,0.1335,24.12316666666667,97.3215,60.87683333333333,27360.374531835205,b5,85.0,85.0,0.6592592049992424,0.0015705882168166,427,27403.052327542468,23.911634375833355
8.01,12.15,0.1335,24.25666666666667,97.3215,60.743333333333325,27300.374531835205,b5,85.0,85.0,0.6592592049992424,0.0015705882168166,428,27384.509033102826,23.978522292500024
8.01,12.15,0.1335,24.390166666666673,97.3215,60.60983333333333,27240.3745318352,b5,85.0,85.0,0.6592592049992424,0.0015705882168166,429,27345.809033102825,24.064629792500003
8.01,12.15,0.1335,24.52366666666667,97.3215,60.47633333333333,27180.374531835205,b5,85.0,85.0,0.6592592049992424,0.0015705882168166,430,27343.259033102826,24.070303542500007
10.66,12.08,0.1776666666666666,24.70133333333334,128.7728,60.29866666666666,20363.527204502818,b5,85.0,85.0,0.8824502580753099,0.0020901960538408,431,20307.730542341436,25.25575250000004
10.66,12.08,0.1776666666666666,24.87900000000001,128.7728,60.120999999999995,20303.52720450281,b5,85.0,85.0,0.8824502580753099,0.0020901960538408,432,20294.56395287688,25.2366829166667
10.66,12.07,0.1776666666666666,25.056666666666676,128.6662,59.94333333333333,20243.52720450281,b5,85.0,85.0,0.8831813684191079,0.0020901960538408,433,20240.081652745375,25.221512916666683
10.66,12.08,0.1776666666666666,25.234333333333343,128.7728,59.76566666666666,20183.52720450281,b5,85.0,85.0,0.8824502580753099,0.0020901960538408,434,20223.7338187844,25.21740958333337
10.66,12.07,0.1776666666666666,25.41200000000001,128.6662,59.587999999999994,20123.527204502818,b5,85.0,85.0,0.8831813684191079,0.0020901960538408,435,20190.89076715295,25.09021833333335
10.66,12.07,0.1776666666666666,25.589666666666677,128.6662,59.41033333333333,20063.527204502818,b5,85.0,85.0,0.8831813684191079,0.0020901960538408,436,20162.928908146434,25.218290416666697
12.73,12.02,0.2121666666666666,25.801833333333345,153.0146,59.19816666666665,16741.03692065985,b5,85.0,85.0,1.059068131525114,0.0024960784020069,437,17003.54686798631,24.138933132500007
12.73,12.01,0.2121666666666666,26.014000000000017,152.8873,58.98599999999999,16681.036920659855,b5,85.0,85.0,1.059949953376357,0.0024960784020069,438,16930.632223546996,24.32780084000001
12.73,12.0,0.2121666666666666,26.22616666666668,152.76,58.773833333333314,16621.03692065985,b5,85.0,85.0,1.060833244930563,0.0024960784020069,439,16916.622513800055,24.218871673333343
13.12,11.99,0.2186666666666666,26.44483333333335,157.3088,58.55516666666665,16066.966463414632,b5,85.0,85.0,1.094245113073802,0.0025725489893425,440,16688.405451613522,23.252853452083333
13.12,11.99,0.2186666666666666,26.663500000000017,157.3088,58.33649999999999,16006.966463414632,b5,85.0,85.0,1.094245113073802,0.0025725489893425,441,16688.405451613522,23.252853452083333
18.84,11.85,0.314,26.977500000000017,223.254,58.02249999999998,11087.101910828022,b5,85.0,85.0,1.5898732835549974,0.0036941176035986,442,11031.042283598834,26.437036669999987
18.84,11.83,0.314,27.291500000000017,222.8772,57.70849999999999,11027.101910828023,b5,85.0,85.0,1.5925611502484236,0.0036941176035986,443,10966.653883566163,26.857934171666656
18.84,11.81,0.314,27.605500000000017,222.5004,57.39449999999998,10967.101910828022,b5,85.0,85.0,1.5952581206386012,0.0036941176035986,444,10860.076800066767,27.402802505
19.69,11.79,0.3281666666666666,27.933666666666685,232.1451,57.06633333333332,10433.661757237174,b5,85.0,85.0,1.670059230698963,0.0038607842683044,445,10432.812741699445,26.993763970833335
19.69,11.78,0.3281666666666666,28.261833333333353,231.9482,56.73816666666664,10373.66175723717,b5,85.0,85.0,1.671476937905184,0.0038607842683044,446,10343.886881088987,27.539616679999995
19.69,11.77,0.3281666666666666,28.59000000000002,231.7513,56.40999999999998,10313.661757237172,b5,85.0,85.0,1.6728970541293924,0.0038607842683044,447,10331.050213859919,27.632080535416684
19.69,11.8,0.3281666666666666,28.91816666666669,232.34200000000004,56.08183333333331,10253.66175723717,b5,85.0,85.0,1.668643926386108,0.0038607842683044,448,10343.40058155755,27.529054702083357
19.69,11.8,0.3281666666666666,29.246333333333357,232.34200000000004,55.753666666666646,10193.661757237172,b5,85.0,85.0,1.668643926386108,0.0038607842683044,449,10333.626166766302,27.613010435000025
8.28,12.06,0.1379999999999999,29.38433333333336,99.8568,55.61566666666664,24180.72463768115,b5,85.0,85.0,0.6865671072498253,0.0016235293926643,450,24132.256632656907,29.47970250000001
8.28,12.06,0.1379999999999999,29.52233333333336,99.8568,55.47766666666664,24120.72463768115,b5,85.0,85.0,0.6865671072498253,0.0016235293926643,451,24123.706632656907,29.4993675
8.28,12.07,0.1379999999999999,29.66033333333336,99.9396,55.33966666666664,24060.72463768115,b5,85.0,85.0,0.685998286164185,0.0016235293926643,452,24043.92068823472,29.745554583333327
8.28,12.07,0.1379999999999999,29.798333333333364,99.9396,55.20166666666664,24000.72463768115,b5,85.0,85.0,0.685998286164185,0.0016235293926643,453,24013.54035624488,30.056817499999983
8.28,12.07,0.1379999999999999,29.93633333333337,99.9396,55.063666666666634,23940.72463768115,b5,85.0,85.0,0.685998286164185,0.0016235293926643,454,23966.111371795912,30.544583749999973
8.28,12.07,0.1379999999999999,30.074333333333367,99.9396,54.92566666666663,23880.724637681145,b5,85.0,85.0,0.685998286164185,0.0016235293926643,455,23942.368935205126,30.556522083333302
5.93,12.14,0.0988333333333333,30.173166666666702,71.9902,54.8268333333333,33284.4182124789,b5,85.0,85.0,0.488467834557839,0.0011627450843598,456,33106.86932970036,29.96816416666666
5.93,12.14,0.0988333333333333,30.27200000000003,71.9902,54.727999999999966,33224.4182124789,b5,85.0,85.0,0.488467834557839,0.0011627450843598,457,33106.269329700364,29.969152499999996
5.93,12.14,0.0988333333333333,30.37083333333337,71.9902,54.629166666666634,33164.4182124789,b5,85.0,85.0,0.488467834557839,0.0011627450843598,458,33092.919329700366,29.991142916666675
22.02,11.75,0.367,30.737833333333366,258.735,54.26216666666663,8871.198910081739,b5,85.0,85.0,1.87404239369852,0.0043176470080276,459,8831.630414175845,28.19441325625005
22.02,11.73,0.367,31.104833333333367,258.2946,53.89516666666663,8811.198910081739,b5,85.0,85.0,1.87723769162509,0.0043176470080276,460,8639.388122719023,29.272288343333354
22.02,11.72,0.367,31.471833333333368,258.0744,53.528166666666635,8751.198910081739,b5,85.0,85.0,1.8788394301331544,0.0043176470080276,461,8608.2414679325,29.677755528750005
22.02,11.72,0.367,31.83883333333337,258.0744,53.16116666666663,8691.198910081737,b5,85.0,85.0,1.8788394301331544,0.0043176470080276,462,8577.918148254512,30.00514021583332
7.64,12.05,0.1273333333333333,31.9661666666667,92.062,53.0338333333333,24989.764397905743,b5,85.0,85.0,0.6340248436493905,0.0014980391980622,463,25006.746600679922,30.956659175000006
7.64,12.06,0.1273333333333333,32.093500000000034,92.1384,52.906499999999966,24929.764397905743,b5,85.0,85.0,0.6334991182836552,0.0014980391980622,464,25014.861857035135,30.665014173333333
7.64,12.06,0.1273333333333333,32.22083333333337,92.1384,52.77916666666663,24869.764397905747,b5,85.0,85.0,0.6334991182836552,0.0014980391980622,465,24969.495366926232,30.83639271583333
6.06,12.1,0.1009999999999999,32.321833333333366,73.326,52.678166666666634,31293.960396039587,b5,85.0,85.0,0.5008264048903798,0.0011882352801384,466,30708.156184253334,31.503146666666733
6.06,12.11,0.1009999999999999,32.422833333333365,73.38659999999999,52.577166666666635,31233.960396039583,b5,85.0,85.0,0.5004128405934897,0.0011882352801384,467,31069.274225658854,32.04338375000005
6.06,12.11,0.1009999999999999,32.523833333333364,73.38659999999999,52.47616666666664,31173.960396039587,b5,85.0,85.0,0.5004128405934897,0.0011882352801384,468,31068.674225658855,32.04439375000005
6.06,12.11,0.1009999999999999,32.62483333333336,73.38659999999999,52.37516666666664,31113.960396039587,b5,85.0,85.0,0.5004128405934897,0.0011882352801384,469,31068.674225658855,32.04439375000005
9.42,12.03,0.157,32.78183333333336,113.3226,52.21816666666664,19955.98726114649,b5,85.0,85.0,0.7830423289241623,0.0018470588017993,470,20108.863563222872,32.22986062750007
9.42,12.01,0.157,32.938833333333356,113.1342,52.06116666666664,19895.98726114649,b5,85.0,85.0,0.7843463127105486,0.0018470588017993,471,19979.74708259468,32.58079771083338
9.42,12.01,0.157,33.09583333333335,113.1342,51.90416666666665,19835.987261146493,b5,85.0,85.0,0.7843463127105486,0.0018470588017993,472,19961.041957410787,32.423089794166714
11.37,11.91,0.1894999999999999,33.285333333333355,135.4167,51.714666666666645,16374.03693931398,b5,85.0,85.0,0.954659869466006,0.0022294117384775,473,16502.476536701473,32.17749239791666
11.37,11.9,0.1894999999999999,33.47483333333336,135.303,51.52516666666664,16314.03693931398,b5,85.0,85.0,0.9554621045830164,0.0022294117384775,474,16344.70580338114,32.56596916999999
11.37,11.9,0.1894999999999999,33.66433333333336,135.303,51.33566666666664,16254.036939313975,b5,85.0,85.0,0.9554621045830164,0.0022294117384775,475,16339.85684612115,32.394208336666644
11.37,11.9,0.1894999999999999,33.85383333333336,135.303,51.14616666666664,16194.036939313975,b5,85.0,85.0,0.9554621045830164,0.0022294117384775,476,16324.370646754654,32.42663541999998
11.37,11.91,0.1894999999999999,34.043333333333365,135.4167,50.956666666666635,16134.036939313975,b5,85.0,85.0,0.954659869466006,0.0022294117384775,477,16430.21150650047,32.18404916999998
18.89,11.76,0.3148333333333333,34.3581666666667,222.1464,50.6418333333333,9651.169931180511,b5,85.0,85.0,1.6062923804173148,0.0037039215250519,478,9887.166786081256,30.90256802875004
18.89,11.75,0.3148333333333333,34.67300000000003,221.9575,50.32699999999997,9591.169931180511,b5,85.0,85.0,1.6076594376460054,0.0037039215250519,479,9848.479205503187,31.03497323625005
22.67,11.64,0.3778333333333333,35.050833333333365,263.8788,49.949166666666635,7931.936479929416,b5,85.0,85.0,1.9475943343991124,0.0044450979869204,480,7898.238296061826,32.69866562583336
22.67,11.63,0.3778333333333333,35.4286666666667,263.6521,49.5713333333333,7871.936479929416,b5,85.0,85.0,1.9492689639493583,0.0044450979869204,481,7834.0081792178335,33.129556459166686
22.67,11.63,0.3778333333333333,35.806500000000035,263.6521,49.193499999999965,7811.936479929415,b5,85.0,85.0,1.9492689639493583,0.0044450979869204,482,7806.017169865285,33.38051687583335
22.67,11.61,0.3778333333333333,36.18433333333337,263.19870000000003,48.81566666666663,7751.936479929416,b5,85.0,85.0,1.9526268774653857,0.0044450979869204,483,7664.139298846574,35.1489235425
22.67,11.6,0.3778333333333333,36.562166666666705,262.97200000000004,48.437833333333295,7691.936479929415,b5,85.0,85.0,1.9543101763525712,0.0044450979869204,484,7563.8302880368265,36.64639656458334
5.34,12.07,0.089,36.651166666666704,64.4538,48.348833333333296,32594.719101123577,b5,85.0,85.0,0.4424191845551628,0.001047058811211,485,32515.678984619277,35.58522979916661
5.34,12.06,0.089,36.7401666666667,64.4004,48.2598333333333,32534.719101123577,b5,85.0,85.0,0.4427860329364815,0.001047058811211,486,32259.256049292497,35.46899875666661
5.34,12.07,0.089,36.8291666666667,64.4538,48.1708333333333,32474.719101123577,b5,85.0,85.0,0.4424191845551628,0.001047058811211,487,32253.03819349021,35.53044729916661
5.34,12.07,0.089,36.9181666666667,64.4538,48.0818333333333,32414.719101123577,b5,85.0,85.0,0.4424191845551628,0.001047058811211,488,32129.988146716965,35.014168965833285
22.64,11.6,0.3773333333333333,37.29550000000003,262.624,47.70449999999997,7585.521201413423,b5,85.0,85.0,1.9517239696789683,0.0044392156340484,489,7530.212033130533,36.975992190416676
22.64,11.59,0.3773333333333333,37.672833333333365,262.3976,47.327166666666635,7525.521201413421,b5,85.0,85.0,1.953407941897503,0.0044392156340484,490,7449.361530297928,37.336787816249995
22.64,11.58,0.3773333333333333,38.0501666666667,262.1712,46.9498333333333,7465.521201413422,b5,85.0,85.0,1.9550948225306717,0.0044392156340484,491,7404.059851886319,37.901319066250004
22.64,11.56,0.3773333333333333,38.42750000000003,261.71840000000003,46.57249999999997,7405.521201413422,b5,85.0,85.0,1.958477339232064,0.0044392156340484,492,7375.643239558503,37.92758260875
6.05,12.01,0.1008333333333333,38.52833333333336,72.6605,46.47166666666664,27652.561983471056,b5,85.0,85.0,0.5037468356580487,0.0011862744958477,493,27071.984222603478,37.17542792166672
6.05,12.02,0.1008333333333333,38.6291666666667,72.72099999999999,46.3708333333333,27592.561983471056,b5,85.0,85.0,0.5033277451474422,0.0011862744958477,494,27594.70084062228,36.03905447958339
6.05,12.02,0.1008333333333333,38.73000000000003,72.72099999999999,46.26999999999997,27532.561983471056,b5,85.0,85.0,0.5033277451474422,0.0011862744958477,495,27560.37388317911,36.517809479583406
6.05,12.02,0.1008333333333333,38.830833333333366,72.72099999999999,46.169166666666634,27472.561983471056,b5,85.0,85.0,0.5033277451474422,0.0011862744958477,496,27516.998804923078,36.51954739625003
6.05,12.02,0.1008333333333333,38.9316666666667,72.72099999999999,46.0683333333333,27412.561983471056,b5,85.0,85.0,0.5033277451474422,0.0011862744958477,497,27486.803636516983,37.36540489625004
6.05,12.02,0.1008333333333333,39.032500000000034,72.72099999999999,45.967499999999966,27352.561983471056,b5,85.0,85.0,0.5033277451474422,0.0011862744958477,498,27476.761702478212,37.47160364625006
12.27,11.83,0.2045,39.23700000000004,145.1541,45.76299999999996,13426.79706601466,b5,85.0,85.0,1.0371934879802631,0.0024058823246366,499,13480.171882338782,34.42605791666668
12.27,11.82,0.2045,39.44150000000004,145.0314,45.55849999999996,13366.797066014658,b5,85.0,85.0,1.038070978166584,0.0024058823246366,500,13369.695959466815,34.45266375
12.27,11.82,0.2045,39.64600000000004,145.0314,45.35399999999996,13306.797066014658,b5,85.0,85.0,1.038070978166584,0.0024058823246366,501,13362.886476119429,34.53148083333333
12.27,11.8,0.2045,39.850500000000046,144.786,45.149499999999954,13246.797066014657,b5,85.0,85.0,1.0398304203533542,0.0024058823246366,502,13064.619240909733,36.70261666666672
12.27,11.81,0.2045,40.05500000000005,144.9087,44.94499999999995,13186.797066014657,b5,85.0,85.0,1.0389499543649487,0.0024058823246366,503,13285.87138549078,34.95726500000002
19.36,11.65,0.3226666666666666,40.37766666666671,225.544,44.62233333333329,8297.541322314042,b5,85.0,85.0,1.6618024324633105,0.0037960783867128,504,8274.9020210861,38.13613739958335
19.36,11.64,0.3226666666666666,40.700333333333376,225.3504,44.299666666666624,8237.541322314042,b5,85.0,85.0,1.6632300976606444,0.0037960783867128,505,8229.576313469886,38.490784168333356
19.36,11.62,0.3226666666666666,41.02300000000004,224.96319999999997,43.97699999999996,8177.541322314043,b5,85.0,85.0,1.6660927998198969,0.0037960783867128,506,8067.374574421814,39.03903437583336
19.36,11.62,0.3226666666666666,41.3456666666667,224.96319999999997,43.6543333333333,8117.541322314042,b5,85.0,85.0,1.6660927998198969,0.0037960783867128,507,8050.909739833272,39.077938959166715
17.69,11.66,0.2948333333333333,41.64050000000004,206.26540000000003,43.35949999999996,8823.866591294509,b5,85.0,85.0,1.5171525285460956,0.003468627410173,508,8757.50302760821,40.16816333333344
17.69,11.66,0.2948333333333333,41.935333333333375,206.26540000000003,43.064666666666625,8763.866591294507,b5,85.0,85.0,1.5171525285460956,0.003468627410173,509,8739.572008181,40.214194583333445
17.69,11.64,0.2948333333333333,42.23016666666671,205.9116,42.76983333333329,8703.866591294507,b5,85.0,85.0,1.519759319608306,0.003468627410173,510,8636.478407517276,40.714519583333384
16.04,11.68,0.2673333333333333,42.497500000000045,187.3472,42.502499999999955,9539.214463840388,b5,85.0,85.0,1.3732875536568876,0.0031450980022145,511,9519.556316929604,40.13243125000006
16.04,11.67,0.2673333333333333,42.76483333333338,187.1868,42.23516666666662,9479.21446384039,b5,85.0,85.0,1.3744643209542142,0.0031450980022145,512,9447.200627936227,40.21554166666673
16.04,11.67,0.2673333333333333,43.03216666666671,187.1868,41.96783333333329,9419.21446384039,b5,85.0,85.0,1.3744643209542142,0.0031450980022145,513,9420.856705421085,40.11650833333339
5.3,11.95,0.0883333333333333,43.12050000000004,63.334999999999994,41.87949999999996,28446.45283018865,b5,85.0,85.0,0.4435146072372714,0.0010392156740484,514,28417.05082267924,39.64432500499995
5.3,11.98,0.0883333333333333,43.208833333333374,63.494,41.791166666666626,28386.452830188657,b5,85.0,85.0,0.4424039697492513,0.0010392156740484,515,28440.621895021097,39.69367896249994
5.3,11.98,0.0883333333333333,43.297166666666705,63.494,41.702833333333295,28326.452830188657,b5,85.0,85.0,0.4424039697492513,0.0010392156740484,516,28417.00074198127,39.72468896249992
6.71,11.95,0.1118333333333333,43.40900000000004,80.1845,41.59099999999996,22314.098360655717,b5,85.0,85.0,0.5615062291626587,0.0013156862590311,517,22750.142983286245,41.229423348333306
6.71,11.94,0.1118333333333333,43.52083333333338,80.11739999999999,41.47916666666662,22254.098360655713,b5,85.0,85.0,0.5619765023470267,0.0013156862590311,518,22250.795239171683,42.214913549166624
6.71,11.94,0.1118333333333333,43.632666666666715,80.11739999999999,41.367333333333285,22194.09836065571,b5,85.0,85.0,0.5619765023470267,0.0013156862590311,519,22144.3790411656,42.37901854916661
6.71,11.94,0.1118333333333333,43.74450000000005,80.11739999999999,41.25549999999995,22134.09836065571,b5,85.0,85.0,0.5619765023470267,0.0013156862590311,520,22091.333957328057,42.452436049166636
6.71,11.94,0.1118333333333333,43.85633333333339,80.11739999999999,41.14366666666661,22074.09836065571,b5,85.0,85.0,0.5619765023470267,0.0013156862590311,521,22049.09614076002,42.53978729916665
6.71,11.94,0.1118333333333333,43.968166666666725,80.11739999999999,41.031833333333275,22014.09836065571,b5,85.0,85.0,0.5619765023470267,0.0013156862590311,522,21936.71491313842,42.655183132499985
7.02,11.94,0.1169999999999999,44.08516666666672,83.8188,40.91483333333328,20981.965811965783,b5,85.0,85.0,0.5879396492512857,0.0013764705720415,523,21260.80685024587,43.39116647083337
7.02,11.93,0.1169999999999999,44.20216666666672,83.7486,40.79783333333328,20921.965811965787,b5,85.0,85.0,0.5884324737273702,0.0013764705720415,524,20923.310904562353,43.175908959166726
7.02,11.93,0.1169999999999999,44.31916666666672,83.7486,40.68083333333328,20861.965811965787,b5,85.0,85.0,0.5884324737273702,0.0013764705720415,525,20891.01736280681,43.17910354250005
7.02,11.93,0.1169999999999999,44.436166666666715,83.7486,40.563833333333285,20801.965811965787,b5,85.0,85.0,0.5884324737273702,0.0013764705720415,526,20866.357045047716,43.3418889591667
7.02,11.93,0.1169999999999999,44.55316666666671,83.7486,40.44683333333329,20741.96581196579,b5,85.0,85.0,0.5884324737273702,0.0013764705720415,527,20839.656311990766,43.52461854250001
7.02,11.93,0.1169999999999999,44.67016666666671,83.7486,40.32983333333329,20681.96581196579,b5,85.0,85.0,0.5884324737273702,0.0013764705720415,528,20811.623157463986,43.590898125833355
12.99,11.76,0.2165,44.88666666666671,152.7624,40.11333333333329,11116.859122401836,b5,85.0,85.0,1.1045917428068246,0.002547058793564,529,11196.53724142228,42.0358375016666
12.99,11.74,0.2165,45.10316666666672,152.5026,39.89683333333328,11056.859122401836,b5,85.0,85.0,1.1064735003003834,0.002547058793564,530,11090.193344300396,41.028579792499976
12.99,11.74,0.2165,45.31966666666672,152.5026,39.68033333333328,10996.859122401833,b5,85.0,85.0,1.1064735003003834,0.002547058793564,531,11073.834605423528,41.013141875833306
12.99,11.74,0.2165,45.53616666666672,152.5026,39.46383333333328,10936.859122401833,b5,85.0,85.0,1.1064735003003834,0.002547058793564,532,10979.890267368537,41.316008542499986
17.88,11.6,0.298,45.834166666666725,207.408,39.165833333333275,7885.738255033546,b5,85.0,85.0,1.5413791774673125,0.0035058823116955,533,7744.538716523908,43.10293302374998
17.88,11.61,0.298,46.13216666666673,207.5868,38.86783333333327,7825.738255033545,b5,85.0,85.0,1.5400515469378513,0.0035058823116955,534,7870.422969353219,42.54955271083331
1.47,11.61,0.0245,46.15666666666673,17.066699999999997,38.84333333333327,95126.53061224474,b5,85.0,85.0,0.1266149761744206,0.0002882352907266,535,96507.54807920902,46.033116469166615
1.47,11.72,0.0245,46.18116666666673,17.2284,38.81883333333327,95066.53061224474,b5,85.0,85.0,0.1254266104584803,0.0002882352907266,536,96905.88382593682,46.05111354416661
1.44,11.8,0.024,46.205166666666734,16.992,38.794833333333266,96987.08333333315,b5,85.0,85.0,0.1220338879632298,0.0002823529378546,537,108096.06404142083,46.11886500166666
1.44,11.8,0.024,46.229166666666735,16.992,38.770833333333265,96927.08333333315,b5,85.0,85.0,0.1220338879632298,0.0002823529378546,538,108114.51956863172,46.11940625166667
6.02,11.98,0.1003333333333333,46.32950000000007,72.11959999999999,38.67049999999993,23125.215946843815,b5,85.0,85.0,0.5025041316774514,0.0011803921429757,539,24232.42137917229,38.98505500500007
6.02,11.95,0.1003333333333333,46.4298333333334,71.939,38.5701666666666,23065.21594684382,b5,85.0,85.0,0.5037656482204479,0.0011803921429757,540,23063.844459996093,45.236954069583426
6.02,11.95,0.1003333333333333,46.53016666666673,71.939,38.46983333333327,23005.215946843815,b5,85.0,85.0,0.5037656482204479,0.0011803921429757,541,23051.544459996094,45.257522402916756
6.02,11.94,0.1003333333333333,46.63050000000006,71.8788,38.36949999999994,22945.21594684382,b5,85.0,85.0,0.5041875624633533,0.0011803921429757,542,22897.188411282576,45.96109000666671
6.02,11.94,0.1003333333333333,46.73083333333339,71.8788,38.26916666666661,22885.215946843826,b5,85.0,85.0,0.5041875624633533,0.0011803921429757,543,22865.456267684895,46.18495084000005
6.02,11.94,0.1003333333333333,46.831166666666725,71.8788,38.168833333333275,22825.21594684382,b5,85.0,85.0,0.5041875624633533,0.0011803921429757,544,22848.73043435406,46.1790664658334
9.8,11.84,0.1633333333333333,46.99450000000006,116.032,38.00549999999994,13961.20408163263,b5,85.0,85.0,0.8277026327953859,0.0019215686048442,545,14099.719128382916,44.26508958333335
9.8,11.82,0.1633333333333333,47.15783333333339,115.836,37.84216666666661,13901.20408163263,b5,85.0,85.0,0.829103144745927,0.0019215686048442,546,13876.69450865073,45.18167333333337
9.8,11.81,0.1633333333333333,47.32116666666673,115.738,37.67883333333327,13841.20408163263,b5,85.0,85.0,0.8298051795253871,0.0019215686048442,547,13814.073805578926,45.52824333500006
9.8,11.8,0.1633333333333333,47.48450000000006,115.64,37.51549999999994,13781.20408163263,b5,85.0,85.0,0.8305084041942031,0.0019215686048442,548,13700.240839530961,45.80744604583346
9.8,11.8,0.1633333333333333,47.647833333333395,115.64,37.352166666666605,13721.20408163263,b5,85.0,85.0,0.8305084041942031,0.0019215686048442,549,13700.240839530961,45.80744604583346
18.36,11.51,0.306,47.95383333333339,211.3236,37.04616666666661,7263.954248366002,b5,85.0,85.0,1.595134526921414,0.003599999957647,550,7187.818432083881,45.763718542500015
18.36,11.51,0.306,48.25983333333339,211.3236,36.74016666666661,7203.9542483660025,b5,85.0,85.0,1.595134526921414,0.003599999957647,551,7166.372835830003,45.8834127091667
18.36,11.5,0.306,48.56583333333339,211.14,36.43416666666661,7143.9542483660025,b5,85.0,85.0,1.5965216003024696,0.003599999957647,552,7089.208239045581,46.587309168333384
18.36,11.48,0.306,48.871833333333385,210.7728,36.128166666666615,7083.954248366003,b5,85.0,85.0,1.599302996576394,0.003599999957647,553,7052.3133612731,46.98268854416671
18.36,11.48,0.306,49.17783333333338,210.7728,35.82216666666662,7023.954248366004,b5,85.0,85.0,1.599302996576394,0.003599999957647,554,6915.7095985128335,47.42008104916671
22.5,11.37,0.375,49.55283333333338,255.825,35.44716666666662,5671.546666666659,b5,85.0,85.0,1.9788916465354756,0.0044117646539792,555,5660.10147870341,49.336595105416656
22.5,11.35,0.375,49.92783333333338,255.375,35.07216666666662,5611.546666666659,b5,85.0,85.0,1.9823786799666363,0.0044117646539792,556,5629.586574894991,49.45687927208331
22.5,11.34,0.375,50.30283333333338,255.15,34.69716666666662,5551.546666666659,b5,85.0,85.0,1.9841268091598936,0.0044117646539792,557,5550.951708692791,49.854770312916656
22.5,11.33,0.375,50.67783333333338,254.925,34.32216666666662,5491.546666666659,b5,85.0,85.0,1.9858780241943492,0.0044117646539792,558,5507.859043167518,49.93752249999998
22.5,11.31,0.375,51.05283333333338,254.475,33.94716666666662,5431.546666666659,b5,85.0,85.0,1.989389744527874,0.0044117646539792,559,5482.1111075336985,49.94401729249998
22.5,11.3,0.375,51.42783333333338,254.25000000000003,33.57216666666662,5371.546666666659,b5,85.0,85.0,1.991150266269888,0.0044117646539792,560,5444.025923380961,49.90332291666663
5.5,11.78,0.0916666666666666,51.51950000000005,64.78999999999999,33.48049999999995,21914.509090909058,b5,85.0,85.0,0.4668929994148558,0.0010784313598615,561,21869.487177324165,50.67885375166675
5.5,11.79,0.0916666666666666,51.61116666666672,64.845,33.38883333333328,21854.509090909058,b5,85.0,85.0,0.4664969918153527,0.0010784313598615,562,21842.195276340055,50.61925541833339
5.5,11.78,0.0916666666666666,51.70283333333339,64.78999999999999,33.29716666666661,21794.509090909058,b5,85.0,85.0,0.4668929994148558,0.0010784313598615,563,21821.764182127652,50.40257041833336
5.5,11.8,0.0916666666666666,51.794500000000056,64.9,33.205499999999944,21734.509090909058,b5,85.0,85.0,0.4661016554151139,0.0010784313598615,564,21750.97056435551,49.712190001666684
16.95,11.44,0.2825,52.077000000000055,193.908,32.922999999999945,6992.495575221227,b5,85.0,85.0,1.4816432271290887,0.0033235293726643,565,7008.048129124958,50.28072739625005
16.95,11.42,0.2825,52.359500000000054,193.569,32.640499999999946,6932.495575221227,b5,85.0,85.0,1.48423804866567,0.0033235293726643,566,6949.465296363016,50.72517114625005
16.95,11.42,0.2825,52.64200000000005,193.569,32.35799999999995,6872.495575221228,b5,85.0,85.0,1.48423804866567,0.0033235293726643,567,6936.321726432798,50.77555489625006
16.95,11.42,0.2825,52.92450000000005,193.569,32.07549999999995,6812.495575221228,b5,85.0,85.0,1.48423804866567,0.0033235293726643,568,6907.100112365122,51.09050572958338
16.95,11.4,0.2825,53.20700000000005,193.23,31.79299999999995,6752.495575221228,b5,85.0,85.0,1.4868419748384232,0.0033235293726643,569,6861.236205199958,50.81576447958339
20.81,11.3,0.3468333333333333,53.55383333333339,235.153,31.446166666666613,5439.990389235935,b5,85.0,85.0,1.841592757381172,0.0040803921088581,570,5519.522003524653,50.952770625833324
20.81,11.29,0.3468333333333333,53.90066666666672,234.94489999999996,31.099333333333277,5379.990389235935,b5,85.0,85.0,1.8432239288552763,0.0040803921088581,571,5421.982958461178,51.384393959166665
20.81,11.28,0.3468333333333333,54.24750000000006,234.73679999999996,30.75249999999994,5319.990389235934,b5,85.0,85.0,1.8448579924771284,0.0040803921088581,572,5328.955986252475,51.926310416666674
20.81,11.26,0.3468333333333333,54.594333333333395,234.3206,30.405666666666605,5259.990389235933,b5,85.0,85.0,1.84813482698625,0.0040803921088581,573,5251.41016701319,52.86934416666666
20.81,11.25,0.3468333333333333,54.94116666666673,234.1125,30.05883333333327,5199.990389235933,b5,85.0,85.0,1.849777613353101,0.0040803921088581,574,5243.3747055517,52.86771083333334
19.13,11.25,0.3188333333333333,55.26000000000006,215.2125,29.739999999999934,5596.654469419748,b5,85.0,85.0,1.7004442932938406,0.0037509803480276,575,5374.161173387775,53.86183374999998
19.13,11.23,0.3188333333333333,55.57883333333339,214.8299,29.421166666666608,5536.654469419749,b5,85.0,85.0,1.703472688916056,0.0037509803480276,576,5312.085328864163,54.35825416666667
19.13,11.24,0.3188333333333333,55.89766666666672,215.0212,29.102333333333277,5476.65446941975,b5,85.0,85.0,1.701957143953991,0.0037509803480276,577,5321.680870249764,54.49645208333332
19.13,11.23,0.3188333333333333,56.21650000000005,214.8299,28.783499999999947,5416.654469419749,b5,85.0,85.0,1.703472688916056,0.0037509803480276,578,5282.250309798097,54.783641666666654
19.13,11.22,0.3188333333333333,56.535333333333384,214.6386,28.464666666666616,5356.65446941975,b5,85.0,85.0,1.704990935384052,0.0037509803480276,579,5270.20942361078,54.595817916666654
19.13,11.21,0.3188333333333333,56.854166666666714,214.4473,28.14583333333329,5296.654469419751,b5,85.0,85.0,1.7065118905876993,0.0037509803480276,580,5247.166537612586,54.20427541666666
21.57,11.15,0.3595,57.21366666666671,240.5055,27.78633333333329,4637.496522948532,b5,85.0,85.0,1.9345289744817065,0.004229411714948,581,4698.605399419048,52.56745041666669
21.57,11.15,0.3595,57.57316666666671,240.5055,27.426833333333292,4577.496522948532,b5,85.0,85.0,1.9345289744817065,0.004229411714948,582,4686.375751199876,52.602485000000016
21.57,11.15,0.3595,57.932666666666705,240.5055,27.067333333333295,4517.496522948533,b5,85.0,85.0,1.9345289744817065,0.004229411714948,583,4674.018268236875,52.69264875000001
21.57,11.15,0.3595,58.2921666666667,240.5055,26.707833333333294,4457.496522948533,b5,85.0,85.0,1.9345289744817065,0.004229411714948,584,4628.133945868036,52.79869521083335
16.93,11.22,0.2821666666666667,58.57433333333337,189.9546,26.42566666666663,5619.161252214995,b5,85.0,85.0,1.5089125214872976,0.003319607804083,585,5585.972031553477,51.6461425
16.93,11.2,0.2821666666666667,58.85650000000004,189.616,26.14349999999996,5559.161252214994,b5,85.0,85.0,1.5116070078922317,0.003319607804083,586,5535.2096534864595,52.48487791666668
16.93,11.2,0.2821666666666667,59.13866666666671,189.616,25.86133333333329,5499.161252214994,b5,85.0,85.0,1.5116070078922317,0.003319607804083,587,5523.03736989542,53.265623333333345
16.93,11.2,0.2821666666666667,59.42083333333338,189.616,25.579166666666623,5439.1612522149935,b5,85.0,85.0,1.5116070078922317,0.003319607804083,588,5499.521006227156,53.52105041666667
16.93,11.19,0.2821666666666667,59.703000000000046,189.4467,25.29699999999995,5379.1612522149935,b5,85.0,85.0,1.5129578630064466,0.003319607804083,589,5485.2961246387995,53.75077958333334
16.93,11.17,0.2821666666666667,59.985166666666714,189.1081,25.01483333333329,5319.1612522149935,b5,85.0,85.0,1.5156668293941962,0.003319607804083,590,5465.716673918106,53.860974583333345
14.71,11.23,0.2451666666666666,60.230333333333384,165.19330000000002,24.769666666666616,6061.917063222285,b5,85.0,85.0,1.309884122004976,0.002884313691557,591,5986.57627360875,55.63110291666671
14.71,11.22,0.2451666666666666,60.47550000000005,165.04620000000003,24.524499999999943,6001.917063222284,b5,85.0,85.0,1.311051576555118,0.002884313691557,592,5953.455271791593,55.98571625000005
14.71,11.22,0.2451666666666666,60.72066666666672,165.04620000000003,24.279333333333277,5941.917063222284,b5,85.0,85.0,1.311051576555118,0.002884313691557,593,5922.731905663926,56.179161666666715
14.71,11.22,0.2451666666666666,60.96583333333339,165.04620000000003,24.034166666666607,5881.917063222282,b5,85.0,85.0,1.311051576555118,0.002884313691557,594,5875.724579504705,56.49670000000005
14.71,11.21,0.2451666666666666,61.21100000000006,164.89910000000003,23.788999999999938,5821.917063222282,b5,85.0,85.0,1.3122211139856277,0.002884313691557,595,5824.658421484931,56.64211250000004
20.52,11.04,0.3419999999999999,61.55300000000006,226.5408,23.44699999999994,4113.5087719298135,b5,85.0,85.0,1.858695483813815,0.004023529364429,596,4187.414685467929,56.82032416833333
20.52,11.01,0.3419999999999999,61.89500000000006,225.9252,23.10499999999994,4053.508771929814,b5,85.0,85.0,1.8637600487048096,0.004023529364429,597,4100.1596694487625,56.576832814583305
20.52,11.0,0.3419999999999999,62.23700000000006,225.72,22.76299999999994,3993.508771929814,b5,85.0,85.0,1.865454375867784,0.004023529364429,598,3987.317744333518,58.247742188749996
20.52,10.98,0.3419999999999999,62.57900000000006,225.3096,22.420999999999943,3933.5087719298144,b5,85.0,85.0,1.868852288811267,0.004023529364429,599,3906.8345813844585,58.89360864624998
20.52,10.94,0.3419999999999999,62.921000000000056,224.4888,22.078999999999944,3873.5087719298144,b5,85.0,85.0,1.8756853861347913,0.004023529364429,600,3789.405451344732,58.74797458333333
20.52,10.93,0.3419999999999999,63.263000000000055,224.2836,21.736999999999945,3813.5087719298153,b5,85.0,85.0,1.8774014750776329,0.004023529364429,601,3775.8584205004627,58.69012416666667
12.6,11.18,0.21,63.473000000000056,140.868,21.526999999999944,6150.571428571412,b5,85.0,85.0,1.1270124215552395,0.0024705882062283,602,5888.930687178126,59.713281666666724
12.6,11.18,0.21,63.68300000000006,140.868,21.316999999999943,6090.571428571412,b5,85.0,85.0,1.1270124215552395,0.0024705882062283,603,5888.930687178126,59.713281666666724
12.6,11.18,0.21,63.89300000000006,140.868,21.106999999999942,6030.571428571412,b5,85.0,85.0,1.1270124215552395,0.0024705882062283,604,5887.880687178126,59.71695666666671
12.6,11.17,0.21,64.10300000000005,140.742,20.89699999999995,5970.571428571415,b5,85.0,85.0,1.12802138513685,0.0024705882062283,605,5880.465113568944,59.71716166666672
12.6,11.17,0.21,64.31300000000005,140.742,20.686999999999955,5910.571428571416,b5,85.0,85.0,1.12802138513685,0.0024705882062283,606,5869.82415218294,59.706648333333376
18.18,10.98,0.303,64.61600000000004,199.6164,20.38399999999996,4036.435643564348,b5,85.0,85.0,1.6557375541222628,0.0035647058404152,607,4035.830975953439,61.49491802708333
18.18,10.98,0.303,64.91900000000004,199.6164,20.08099999999996,3976.435643564349,b5,85.0,85.0,1.6557375541222628,0.0035647058404152,608,4019.1286658663507,61.62366365124999
18.18,10.93,0.303,65.22200000000004,198.7074,19.777999999999963,3916.4356435643494,b5,85.0,85.0,1.663311833182815,0.0035647058404152,609,4003.559319817291,61.80982562916665
18.18,10.91,0.303,65.52500000000003,198.3438,19.47499999999997,3856.43564356435,b5,85.0,85.0,1.6663609838349236,0.0035647058404152,610,3977.331263026638,61.79292104583334
15.78,10.93,0.263,65.78800000000004,172.47539999999998,19.21199999999996,4382.965779467671,b5,85.0,85.0,1.4437327132906943,0.0030941176106574,611,4429.374067672531,61.16055229250001
15.78,10.9,0.263,66.05100000000004,172.002,18.948999999999955,4322.9657794676705,b5,85.0,85.0,1.4477062892012578,0.0030941176106574,612,4359.082448807842,61.42516479250002
15.78,10.9,0.263,66.31400000000005,172.002,18.68599999999995,4262.96577946767,b5,85.0,85.0,1.4477062892012578,0.0030941176106574,613,4302.887450148274,61.07081312583337
20.93,10.69,0.3488333333333333,66.66283333333338,223.7417,18.33716666666662,3154.0277114190076,b5,85.0,85.0,1.9579044005702153,0.004103921520346,614,3205.752478153641,61.18931677208333
20.93,10.62,0.3488333333333333,67.01166666666671,222.27659999999997,17.988333333333287,3094.027711419008,b5,85.0,85.0,1.9708096072683987,0.004103921520346,615,3143.2959562756623,62.21119146083334
20.93,10.56,0.3488333333333333,67.36050000000004,221.0208,17.639499999999956,3034.027711419008,b5,85.0,85.0,1.9820073880674824,0.004103921520346,616,3069.149633682837,62.54770104416668
20.93,10.52,0.3488333333333333,67.70933333333338,220.1836,17.290666666666624,2974.0277114190085,b5,85.0,85.0,1.9895435371156336,0.004103921520346,617,2951.4139048704656,63.032946044166756
20.93,10.49,0.3488333333333333,68.05816666666671,219.5557,16.941833333333292,2914.027711419009,b5,85.0,85.0,1.9952333655640264,0.004103921520346,618,2923.5698392182057,62.891062501666745
20.93,10.45,0.3488333333333333,68.40700000000004,218.7185,16.59299999999996,2854.027711419009,b5,85.0,85.0,2.002870621734869,0.004103921520346,619,2872.672372660309,62.55968291833343
10.43,9.91,0.1738333333333333,68.58083333333337,103.3613,16.419166666666626,5667.209971236803,b5,85.0,85.0,1.0524721440492286,0.0020450980151557,620,5409.495603356337,68.10620583333338
10.43,9.29,0.1738333333333333,68.75466666666671,96.8947,16.245333333333292,5607.209971236803,b5,85.0,85.0,1.1227124733355789,0.0020450980151557,621,5451.099142359167,68.09626625000008
10.43,9.76,0.1738333333333333,68.92850000000004,101.7968,16.071499999999958,5547.209971236803,b5,85.0,85.0,1.068647431491042,0.0020450980151557,622,5395.69115329569,68.15675875000004
10.43,9.5,0.1738333333333333,69.10233333333338,99.085,15.897666666666623,5487.209971236803,b5,85.0,85.0,1.0978946212742504,0.0020450980151557,623,5386.230587654298,68.13098208333338
0.15,9.5,0.0025,69.10483333333337,1.425,15.895166666666626,381483.999999999,b5,85.0,85.0,0.0157894720221608,2.94117643598616e-05,624,490487.24656022456,60.8177510475
1.5,9.5,0.025,69.12983333333338,14.25,15.87016666666662,38088.399999999885,b5,85.0,85.0,0.1578947202216084,0.0002941176435986,625,38718.42906490699,68.83596729416661
1.5,9.5,0.025,69.15483333333339,14.25,15.845166666666614,38028.39999999987,b5,85.0,85.0,0.1578947202216084,0.0002941176435986,626,38083.47616125497,69.16308499999997
1.49,9.5,0.0248333333333333,69.17966666666672,14.155,15.82033333333328,38223.6241610737,b5,85.0,85.0,0.1568420887534643,0.0002921568593079,627,38165.913063304804,69.20242125000003
1.49,9.5,0.0248333333333333,69.20450000000005,14.155,15.795499999999947,38163.6241610737,b5,85.0,85.0,0.1568420887534643,0.0002921568593079,628,38147.91129448567,69.21639166666665
1.49,9.5,0.0248333333333333,69.22933333333339,14.155,15.770666666666614,38103.6241610737,b5,85.0,85.0,0.1568420887534643,0.0002921568593079,629,38121.617067204694,69.22867666666667
1.49,9.5,0.0248333333333333,69.25416666666672,14.155,15.74583333333328,38043.6241610737,b5,85.0,85.0,0.1568420887534643,0.0002921568593079,630,38104.64696807535,69.2431250000001
1.48,9.5,0.0246666666666666,69.27883333333338,14.06,15.72116666666662,38240.67567567557,b5,85.0,85.0,0.1557894572853203,0.0002901960750173,631,38171.378996009254,69.28366958333346
1.48,9.5,0.0246666666666666,69.30350000000004,14.06,15.696499999999958,38180.67567567557,b5,85.0,85.0,0.1557894572853203,0.0002901960750173,632,38159.43734445837,69.29545375000009
1.48,9.5,0.0246666666666666,69.3281666666667,14.06,15.671833333333296,38120.675675675586,b5,85.0,85.0,0.1557894572853203,0.0002901960750173,633,38121.806261109916,69.31371583333338
1.48,9.5,0.0246666666666666,69.35283333333336,14.06,15.647166666666635,38060.6756756756,b5,85.0,85.0,0.1557894572853203,0.0002901960750173,634,38058.09249591854,69.3467187500001
1.48,9.5,0.0246666666666666,69.37750000000003,14.06,15.622499999999974,38000.675675675615,b5,85.0,85.0,0.1557894572853203,0.0002901960750173,635,38008.1971461997,69.37071083333339
1.48,9.5,0.0246666666666666,69.40216666666669,14.06,15.597833333333313,37940.67567567562,b5,85.0,85.0,0.1557894572853203,0.0002901960750173,636,37937.27903972411,69.4021025
1.48,9.5,0.0246666666666666,69.42683333333335,14.06,15.573166666666651,37880.67567567564,b5,85.0,85.0,0.1557894572853203,0.0002901960750173,637,37884.41429729713,69.42448833333329
1.48,9.5,0.0246666666666666,69.45150000000001,14.06,15.54849999999999,37820.67567567565,b5,85.0,85.0,0.1557894572853203,0.0002901960750173,638,37830.575675675515,69.44742999999995
1.48,9.5,0.0246666666666666,69.47616666666667,14.06,15.523833333333329,37760.675675675666,b5,85.0,85.0,0.1557894572853203,0.0002901960750173,639,37756.92644787629,69.47967791666673
1.48,9.5,0.0246666666666666,69.50083333333333,14.06,15.499166666666667,37700.67567567567,b5,85.0,85.0,0.1557894572853203,0.0002901960750173,640,37694.862651682146,69.50809833333341
1.48,9.5,0.0246666666666666,69.5255,14.06,15.474500000000006,37640.67567567569,b5,85.0,85.0,0.1557894572853203,0.0002901960750173,641,37635.99126447862,69.53399249999998
1.48,9.5,0.0246666666666666,69.55016666666666,14.06,15.449833333333345,37580.6756756757,b5,85.0,85.0,0.1557894572853203,0.0002901960750173,642,37586.12200772189,69.55876291666664
1.48,9.5,0.0246666666666666,69.57483333333332,14.06,15.425166666666684,37520.67567567572,b5,85.0,85.0,0.1557894572853203,0.0002901960750173,643,37565.76937396569,69.57028
1.47,9.5,0.0245,69.59933333333332,13.965,15.40066666666668,37715.918367346974,b5,85.0,85.0,0.1547368258171762,0.0002882352907266,644,37640.32315912846,69.6092854166667
1.48,9.5,0.0246666666666666,69.62399999999998,14.06,15.37600000000002,37401.08108108113,b5,85.0,85.0,0.1557894572853203,0.0002901960750173,645,37499.59967595147,69.61307333333325
1.47,9.5,0.0245,69.64849999999998,13.965,15.351500000000016,37595.51020408167,b5,85.0,85.0,0.1547368258171762,0.0002882352907266,646,37554.86425813568,69.64748791666658
1.47,9.5,0.0245,69.67299999999999,13.965,15.327000000000012,37535.510204081664,b5,85.0,85.0,0.1547368258171762,0.0002882352907266,647,37527.41680226143,69.66208499999998
1.47,9.5,0.0245,69.69749999999999,13.965,15.302500000000007,37475.51020408166,b5,85.0,85.0,0.1547368258171762,0.0002882352907266,648,37483.95696359621,69.68311875000003
1.48,9.5,0.0246666666666666,69.72216666666665,14.06,15.277833333333348,37162.29729729734,b5,85.0,85.0,0.1557894572853203,0.0002901960750173,649,37213.57327633755,69.73577208333326
1.47,9.5,0.0245,69.74666666666666,13.965,15.253333333333345,37355.10204081636,b5,85.0,85.0,0.1547368258171762,0.0002882352907266,650,37279.09858659679,69.75936583333328
1.47,9.5,0.0245,69.77116666666666,13.965,15.22883333333334,37295.102040816346,b5,85.0,85.0,0.1547368258171762,0.0002882352907266,651,37271.436583011564,69.7647654166666
1.48,9.5,0.0246666666666666,69.79583333333332,14.06,15.20416666666668,36983.10810810814,b5,85.0,85.0,0.1557894572853203,0.0002901960750173,652,37120.83147407608,69.77352624999997
1.47,9.5,0.0245,69.82033333333332,13.965,15.179666666666677,37174.69387755105,b5,85.0,85.0,0.1547368258171762,0.0002882352907266,653,37180.12895063427,69.79050541666658
21.3,12.0,0.355,0.355,255.6,88.455,14950.140845070422,b2,88.81,88.81,1.774999852083346,0.0039972975566118,177,14453.488514852143,2.0274532295833323
21.79,11.99,0.3631666666666666,0.7181666666666666,261.2621,88.09183333333334,14553.951353832035,b2,88.81,88.81,1.8173476382529077,0.0040892541670691,178,14477.02435604797,1.8258786462499983
21.85,12.04,0.3641666666666667,1.0823333333333334,263.074,87.72766666666666,14453.98627002288,b2,88.81,88.81,1.8147839024265864,0.0041005141601863,179,14421.0776087085,1.917239375833334
21.87,12.06,0.3645,1.4468333333333334,263.7522,87.36316666666667,14380.76817558299,b2,88.81,88.81,1.813432685453343,0.0041042674912254,180,14348.152133208885,2.274187605416666
21.87,12.07,0.3645,1.8113333333333337,263.97090000000003,86.99866666666667,14320.76817558299,b2,88.81,88.81,1.8119302558467063,0.0041042674912254,181,14327.521623901732,2.2475889591666647
21.87,12.08,0.3645,2.1758333333333333,264.18960000000004,86.63416666666667,14260.768175582987,b2,88.81,88.81,1.8104303137061,0.0041042674912254,182,14260.278361847324,2.318148542499999
21.87,12.08,0.3645,2.5403333333333333,264.18960000000004,86.26966666666667,14200.768175582987,b2,88.81,88.81,1.8104303137061,0.0041042674912254,183,14252.009710970618,2.317016668333332
4.66,12.45,0.0776666666666666,2.618,58.017,86.19200000000001,66586.09442060086,b2,88.81,88.81,0.3742971586909913,0.0008745261321038,184,66414.48055127944,2.747597083333332
4.66,12.46,0.0776666666666666,2.6956666666666664,58.06360000000001,86.11433333333333,66526.09442060086,b2,88.81,88.81,0.3739967597113355,0.0008745261321038,185,66381.63055127944,2.7901195833333317
4.66,12.46,0.0776666666666666,2.773333333333333,58.06360000000001,86.03666666666668,66466.09442060087,b2,88.81,88.81,0.3739967597113355,0.0008745261321038,186,66369.48055127944,2.8058470833333318
4.66,12.46,0.0776666666666666,2.8509999999999995,58.06360000000001,85.959,66406.09442060086,b2,88.81,88.81,0.3739967597113355,0.0008745261321038,187,66341.43055127944,2.842156250000001
4.66,12.46,0.0776666666666666,2.928666666666666,58.06360000000001,85.88133333333333,66346.09442060086,b2,88.81,88.81,0.3739967597113355,0.0008745261321038,188,66331.53055127944,2.8549712500000015
8.03,12.37,0.1338333333333333,3.0624999999999996,99.3311,85.7475,38442.21668742217,b2,88.81,88.81,0.6491511197129248,0.0015069624121874,189,38248.107786645785,3.6812003162499956
8.03,12.37,0.1338333333333333,3.196333333333333,99.3311,85.61366666666667,38382.21668742217,b2,88.81,88.81,0.6491511197129248,0.0015069624121874,190,38248.107786645785,3.6812003162499956
8.03,12.36,0.1338333333333333,3.3301666666666665,99.25079999999998,85.47983333333333,38322.21668742217,b2,88.81,88.81,0.6496763228417215,0.0015069624121874,191,38229.0671591986,3.5959948995833297
8.03,12.36,0.1338333333333333,3.464,99.25079999999998,85.346,38262.21668742217,b2,88.81,88.81,0.6496763228417215,0.0015069624121874,192,38214.40769602322,3.6628044829166635
8.02,12.36,0.1336666666666666,3.5976666666666666,99.1272,85.21233333333333,38249.92518703242,b2,88.81,88.81,0.6488672614185064,0.0015050857466679,193,38190.8662457801,3.9665604216666623
8.02,12.36,0.1336666666666666,3.731333333333333,99.1272,85.07866666666666,38189.92518703242,b2,88.81,88.81,0.6488672614185064,0.0015050857466679,194,38161.71735227401,4.164481987916663
8.02,12.36,0.1336666666666666,3.865,99.1272,84.94500000000001,38129.92518703242,b2,88.81,88.81,0.6488672614185064,0.0015050857466679,195,38139.05461556239,4.417264176666662
8.02,12.36,0.1336666666666666,3.9986666666666664,99.1272,84.81133333333334,38069.92518703242,b2,88.81,88.81,0.6488672614185064,0.0015050857466679,196,38137.25048488496,4.470459802499995
10.31,12.31,0.1718333333333333,4.1705,126.9161,84.6395,29554.044616876818,b2,88.81,88.81,0.8375303950015927,0.0019348421506417,197,29496.29263953417,4.363355833333318
10.32,12.3,0.172,4.342499999999999,126.936,84.4675,29465.406976744187,b2,88.81,88.81,0.839024322030543,0.0019367188161612,198,29431.444097396845,4.438408749999988
10.32,12.3,0.172,4.514499999999999,126.936,84.2955,29405.406976744183,b2,88.81,88.81,0.839024322030543,0.0019367188161612,199,29400.330104011548,4.534699166666659
10.31,12.3,0.1718333333333333,4.686333333333333,126.81300000000002,84.12366666666667,29373.928225024247,b2,88.81,88.81,0.8382113139665599,0.0019348421506417,200,29394.23298955956,4.557901666666659
10.31,12.3,0.1718333333333333,4.8581666666666665,126.81300000000002,83.95183333333334,29313.92822502425,b2,88.81,88.81,0.8382113139665599,0.0019348421506417,201,29361.340205741628,4.641144166666662
10.32,12.3,0.172,5.030166666666666,126.936,83.77983333333333,29225.52325581395,b2,88.81,88.81,0.839024322030543,0.0019367188161612,202,29313.547255428064,4.758762083333333
12.67,12.25,0.2111666666666666,5.2413333333333325,155.2075,83.56866666666667,23744.846093133387,b2,88.81,88.81,1.0342856298542344,0.0023777352132522,203,23726.01651681027,5.261609583333336
12.66,12.24,0.211,5.452333333333333,154.9584,83.35766666666667,23703.6018957346,b2,88.81,88.81,1.0343136409874476,0.0023758585477327,204,23735.932106994944,5.228891666666665
12.67,12.24,0.2111666666666666,5.663499999999999,155.0808,83.1465,23624.893449092346,b2,88.81,88.81,1.0351306343847522,0.0023777352132522,205,23671.624676276446,5.4788500000000075
12.67,12.24,0.2111666666666666,5.874666666666665,155.0808,82.93533333333333,23564.893449092346,b2,88.81,88.81,1.0351306343847522,0.0023777352132522,206,23662.428290884687,5.518929166666676
12.99,12.23,0.2165,6.091166666666665,158.8677,82.71883333333334,22924.387990762123,b2,88.81,88.81,1.0621421862516611,0.0024377885098773,207,22815.51709131488,5.920013750000001
12.99,12.23,0.2165,6.307666666666665,158.8677,82.50233333333334,22864.387990762127,b2,88.81,88.81,1.0621421862516611,0.0024377885098773,208,22799.43134796259,5.8941141666666645
23.39,12.03,0.3898333333333333,6.697499999999999,281.38169999999997,82.1125,12638.093202223172,b2,88.81,88.81,1.9443057402904624,0.0043895206501949,209,12621.225883071978,5.594024583333329
23.35,12.03,0.3891666666666667,7.086666666666666,280.9005,81.72333333333333,12599.743040685224,b2,88.81,88.81,1.9409807197854767,0.0043820139881167,210,12590.302641666134,6.142757499999999
23.34,12.02,0.389,7.475666666666666,280.54679999999996,81.33433333333333,12545.141388174809,b2,88.81,88.81,1.9417635655770744,0.0043801373225972,211,12520.045748765378,6.013022500000008
23.34,12.02,0.389,7.864666666666667,280.54679999999996,80.94533333333334,12485.141388174809,b2,88.81,88.81,1.9417635655770744,0.0043801373225972,212,12491.029497466472,6.337747083333337
23.32,12.01,0.3886666666666666,8.253333333333334,280.0732,80.55666666666667,12435.849056603773,b2,88.81,88.81,1.941715075627388,0.0043763839915581,213,12446.596763048577,6.568969583333337
23.85,12.0,0.3975,8.650833333333335,286.20000000000005,80.15916666666666,12099.496855345911,b2,88.81,88.81,1.987499834375014,0.0044758472640936,214,12160.664871059433,7.080125625833334
14.98,12.15,0.2496666666666666,8.900500000000001,182.007,79.90950000000001,19203.88518024032,b2,88.81,88.81,1.2329217092245508,0.002811244948265,215,19149.9149216354,9.232935000000001
14.97,12.15,0.2495,9.15,181.8855,79.66,19156.71342685371,b2,88.81,88.81,1.2320986640248015,0.0028093682827455,216,19132.25314176315,9.39248666666667
14.97,12.15,0.2495,9.3995,181.8855,79.4105,19096.713426853705,b2,88.81,88.81,1.2320986640248015,0.0028093682827455,217,19107.294862081137,9.553217500000004
14.96,12.15,0.2493333333333333,9.648833333333332,181.764,79.16116666666667,19049.47860962567,b2,88.81,88.81,1.231275618825052,0.002807491617226,218,19088.096757053194,9.536645833333337
17.17,12.1,0.2861666666666667,9.935,207.757,78.875,16537.565521258006,b2,88.81,88.81,1.4190081471894096,0.0032222346970434,219,16581.009518449857,9.707936879166668
17.16,12.1,0.286,10.220999999999998,207.636,78.589,16487.202797202797,b2,88.81,88.81,1.418181700976719,0.0032203580315239,220,16479.328508860337,10.24733854583334
17.16,12.09,0.286,10.506999999999998,207.4644,78.303,16427.202797202797,b2,88.81,88.81,1.4193547213106104,0.0032203580315239,221,16435.60064809313,10.51766427375002
17.15,12.09,0.2858333333333333,10.79283333333333,207.3435,78.01716666666667,16376.781341107871,b2,88.81,88.81,1.4185275915196367,0.0032184813660044,222,16392.286008117044,10.829439901250021
17.14,12.09,0.2856666666666667,11.078499999999996,207.2226,77.73150000000001,16326.336056009335,b2,88.81,88.81,1.4177004617286633,0.0032166047004848,223,16361.059063883005,10.940030734583356
10.77,12.21,0.1795,11.257999999999996,131.5017,77.552,25922.674094707523,b2,88.81,88.81,0.8820638098227838,0.0020211687645403,224,25829.493021256392,10.752099583333342
10.77,12.21,0.1795,11.437499999999996,131.5017,77.3725,25862.674094707523,b2,88.81,88.81,0.8820638098227838,0.0020211687645403,225,25825.210710400155,10.766553750000009
10.76,12.21,0.1793333333333333,11.61683333333333,131.3796,77.19316666666667,25826.71003717473,b2,88.81,88.81,0.8812448090708592,0.0020192920990208,226,25787.494762983766,10.89517583333334
10.76,12.21,0.1793333333333333,11.796166666666664,131.3796,77.01383333333334,25766.71003717472,b2,88.81,88.81,0.8812448090708592,0.0020192920990208,227,25740.440476513453,11.056611250000008
10.76,12.21,0.1793333333333333,11.975499999999998,131.3796,76.8345,25706.71003717472,b2,88.81,88.81,0.8812448090708592,0.0020192920990208,228,25720.349943811238,10.906382083333344
10.76,12.21,0.1793333333333333,12.154833333333332,131.3796,76.65516666666667,25646.71003717473,b2,88.81,88.81,0.8812448090708592,0.0020192920990208,229,25683.4485627156,10.868844166666669
14.24,12.13,0.2373333333333333,12.392166666666666,172.7312,76.41783333333333,19319.115168539327,b2,88.81,88.81,1.1739487902762744,0.0026723716998194,230,19361.247378294353,11.99702583333333
14.24,12.13,0.2373333333333333,12.6295,172.7312,76.1805,19259.115168539323,b2,88.81,88.81,1.1739487902762744,0.0026723716998194,231,19280.31924414635,12.318925833333328
14.23,12.13,0.2371666666666666,12.866666666666667,172.6099,75.94333333333333,19212.649332396344,b2,88.81,88.81,1.173124388035912,0.0026704950342998,232,19252.244886737055,12.389317499999994
14.23,12.12,0.2371666666666666,13.103833333333334,172.4676,75.70616666666666,19152.64933239634,b2,88.81,88.81,1.174092312368621,0.0026704950342998,233,19182.19888233511,12.166441875833325
16.73,12.07,0.2788333333333333,13.382666666666667,201.9311,75.42733333333334,16230.627615062762,b2,88.81,88.81,1.3860810782037218,0.0031396614141838,234,16209.216822885024,12.823853127500017
16.72,12.07,0.2786666666666667,13.661333333333332,201.8104,75.14866666666667,16180.334928229668,b2,88.81,88.81,1.3852525778581128,0.0031377847486643,235,16190.044802638038,13.0922706275
16.72,12.06,0.2786666666666667,13.94,201.6432,74.87,16120.334928229666,b2,88.81,88.81,1.386401211741193,0.0031377847486643,236,16160.062070325468,13.182185836666681
24.36,11.92,0.4059999999999999,14.346,290.3712,74.464,11004.532019704437,b2,88.81,88.81,2.04362398962886,0.0045715572055899,237,10976.07950702843,13.775462928333337
24.33,11.91,0.4054999999999999,14.7515,289.77029999999996,74.05850000000001,10958.101109741065,b2,88.81,88.81,2.0428209871686827,0.0045659272090313,238,10916.941734083512,14.40917792666666
24.32,11.9,0.4053333333333333,15.156833333333331,289.408,73.65316666666666,10902.606907894737,b2,88.81,88.81,2.043697307252327,0.0045640505435117,239,10833.416693568208,14.96320969541666
24.3,11.89,0.405,15.561833333333333,288.927,73.24816666666666,10851.580246913578,b2,88.81,88.81,2.043734058558952,0.0045602972124727,240,10817.994590002292,15.331481778749996
24.28,11.88,0.4046666666666667,15.9665,288.44640000000004,72.8435,10800.518945634269,b2,88.81,88.81,2.043770871736459,0.0045565438814336,241,10804.893670440526,15.66362834
24.26,11.87,0.4043333333333334,16.370833333333334,287.9662,72.43916666666667,10749.42291838417,b2,88.81,88.81,2.043807746941218,0.0045527905503945,242,10750.936688075548,15.731376044166668
7.13,12.24,0.1188333333333333,16.48966666666667,87.2712,72.32033333333334,36515.17531556803,b2,88.81,88.81,0.5825162922780807,0.0013380625154292,243,36469.993993023956,15.967893125833344
7.13,12.24,0.1188333333333333,16.608500000000003,87.2712,72.2015,36455.17531556802,b2,88.81,88.81,0.5825162922780807,0.0013380625154292,244,36447.61748266712,16.089126459166668
7.13,12.24,0.1188333333333333,16.727333333333338,87.2712,72.08266666666667,36395.17531556803,b2,88.81,88.81,0.5825162922780807,0.0013380625154292,245,36435.29097231029,16.19045520916667
7.13,12.24,0.1188333333333333,16.846166666666672,87.2712,71.96383333333333,36335.17531556802,b2,88.81,88.81,0.5825162922780807,0.0013380625154292,246,36417.89097231029,16.22491687583334
12.94,12.1,0.2156666666666666,17.06183333333334,156.57399999999998,71.74816666666666,19960.850077279752,b2,88.81,88.81,1.069421399221372,0.0024284051822797,247,19923.25420805005,15.198044166666664
12.94,12.1,0.2156666666666666,17.277500000000007,156.57399999999998,71.5325,19900.850077279752,b2,88.81,88.81,1.069421399221372,0.0024284051822797,248,19906.593880322507,15.204042916666662
12.94,12.09,0.2156666666666666,17.493166666666674,156.44459999999998,71.31683333333334,19840.850077279752,b2,88.81,88.81,1.0703059495197726,0.0024284051822797,249,19806.44380107381,16.561134999999997
12.94,12.09,0.2156666666666666,17.70883333333334,156.44459999999998,71.10116666666666,19780.85007727975,b2,88.81,88.81,1.0703059495197726,0.0024284051822797,250,19785.23274720958,16.697032916666664
12.93,12.09,0.2155,17.92433333333334,156.3237,70.88566666666667,19736.14849187935,b2,88.81,88.81,1.069478819728799,0.0024265285167601,251,19778.882467537263,16.161825833333335
12.93,12.08,0.2155,18.13983333333334,156.1944,70.67016666666666,19676.14849187935,b2,88.81,88.81,1.0703641498042922,0.0024265285167601,252,19720.555274467755,16.443572500000023
12.93,12.08,0.2155,18.355333333333338,156.1944,70.45466666666667,19616.14849187935,b2,88.81,88.81,1.0703641498042922,0.0024265285167601,253,19631.68788702249,16.531119792500018
4.59,12.3,0.0765,18.431833333333337,56.457,70.37816666666666,55198.56209150326,b2,88.81,88.81,0.3731707013682356,0.000861389473467,254,54737.13692424439,17.993827294166678
4.59,12.3,0.0765,18.508333333333336,56.457,70.30166666666666,55138.56209150326,b2,88.81,88.81,0.3731707013682356,0.000861389473467,255,54720.63692424439,18.014864794166666
4.59,12.31,0.0765,18.584833333333336,56.5029,70.22516666666667,55078.56209150327,b2,88.81,88.81,0.3728675570375664,0.000861389473467,256,54730.767542699425,17.3831881275
4.59,12.31,0.0765,18.661333333333335,56.5029,70.14866666666667,55018.56209150327,b2,88.81,88.81,0.3728675570375664,0.000861389473467,257,54730.767542699425,17.3831881275
21.06,11.92,0.351,19.012333333333338,251.03519999999995,69.79766666666667,11931.225071225072,b2,88.81,88.81,1.7667783752702706,0.003952257584143,258,11931.469232131616,16.81202416666664
21.04,11.91,0.3506666666666666,19.363,250.5864,69.447,11882.566539923955,b2,88.81,88.81,1.766582555282741,0.0039485042531039,259,11883.716659880683,17.370197083333306
21.02,11.91,0.3503333333333333,19.71333333333333,250.3482,69.09666666666666,11833.872502378686,b2,88.81,88.81,1.764903294298632,0.0039447509220648,260,11857.145443509193,17.48530958333331
21.01,11.9,0.3501666666666667,20.0635,250.01900000000003,68.7465,11779.50499762018,b2,88.81,88.81,1.7655460701221792,0.0039428742565453,261,11796.639147237216,18.337508750000005
20.99,11.89,0.3498333333333333,20.41333333333333,249.5711,68.39666666666668,11730.728918532635,b2,88.81,88.81,1.7653488843272591,0.0039391209255062,262,11735.319947814502,19.31067333333336
20.98,11.88,0.3496666666666667,20.763,249.24240000000003,68.047,11676.32030505243,b2,88.81,88.81,1.765993117340647,0.0039372442599867,263,11672.952021236659,19.993465000000015
20.97,11.87,0.3495,21.112499999999997,248.9139,67.6975,11621.88841201717,b2,88.81,88.81,1.7666384358350098,0.0039353675944672,264,11607.424621877006,20.06828833333336
20.95,11.86,0.3491666666666667,21.461666666666662,248.467,67.34833333333334,11572.983293556088,b2,88.81,88.81,1.766441672306773,0.0039316142634281,265,11496.259509126525,19.805514583333355
9.19,12.12,0.1531666666666666,21.61483333333333,111.3828,67.19516666666667,26322.372143634388,b2,88.81,88.81,0.7582507625205642,0.0017246556124536,266,26227.47640338994,21.63076916666669
9.19,12.12,0.1531666666666666,21.767999999999997,111.3828,67.042,26262.372143634388,b2,88.81,88.81,0.7582507625205642,0.0017246556124536,267,26219.455201291727,21.651064166666682
9.19,12.12,0.1531666666666666,21.921166666666664,111.3828,66.88883333333334,26202.372143634388,b2,88.81,88.81,0.7582507625205642,0.0017246556124536,268,26200.334666364328,21.729200000000006
9.2,12.12,0.1533333333333333,22.074499999999997,111.504,66.7355,26113.89130434783,b2,88.81,88.81,0.7590758449607389,0.0017265322779732,269,26106.498298561346,21.933434166666675
9.2,12.12,0.1533333333333333,22.22783333333333,111.504,66.58216666666667,26053.891304347828,b2,88.81,88.81,0.7590758449607389,0.0017265322779732,270,26055.027612974423,22.054932083333338
9.2,12.12,0.1533333333333333,22.38116666666666,111.504,66.42883333333334,25993.89130434783,b2,88.81,88.81,0.7590758449607389,0.0017265322779732,271,26010.831840099832,22.16800208333335
9.2,12.12,0.1533333333333333,22.53449999999999,111.504,66.27550000000001,25933.89130434783,b2,88.81,88.81,0.7590758449607389,0.0017265322779732,272,25973.784181432577,22.271475833333344
9.19,12.12,0.1531666666666666,22.68766666666666,111.3828,66.12233333333334,25902.110990206755,b2,88.81,88.81,0.7582507625205642,0.0017246556124536,273,26008.75854278028,22.19061625000001
22.08,11.83,0.368,23.05566666666666,261.2064,65.75433333333334,10720.815217391306,b2,88.81,88.81,1.8664410932847768,0.0041436774671357,274,10661.18398305584,22.31993750000001
22.06,11.82,0.3676666666666666,23.42333333333333,260.7492,65.38666666666667,10670.534904805078,b2,88.81,88.81,1.866328099295423,0.0041399241360966,275,10641.212397138217,22.750431666666678
22.04,11.81,0.3673333333333333,23.790666666666663,260.2924,65.01933333333334,10620.21778584392,b2,88.81,88.81,1.866214913953013,0.0041361708050575,276,10599.80761130989,23.267965416666684
22.02,11.8,0.367,24.157666666666664,259.836,64.65233333333333,10569.863760217984,b2,88.81,88.81,1.8661015367710565,0.0041324174740184,277,10579.67066792465,23.226212709166685
10.15,12.05,0.1691666666666666,24.32683333333333,122.3075,64.48316666666668,22870.87684729064,b2,88.81,88.81,0.8423235815499103,0.0019048155023291,278,22785.606307713962,23.82720812583339
10.15,12.05,0.1691666666666666,24.495999999999995,122.3075,64.31400000000001,22810.87684729064,b2,88.81,88.81,0.8423235815499103,0.0019048155023291,279,22731.255022721045,23.915089375833382
10.15,12.05,0.1691666666666666,24.66516666666666,122.3075,64.14483333333334,22750.87684729064,b2,88.81,88.81,0.8423235815499103,0.0019048155023291,280,22722.250884887977,24.017986251666706
6.48,12.16,0.108,24.77316666666666,78.7968,64.03683333333333,35576.01851851852,b2,88.81,88.81,0.5328946930185285,0.0012160792566593,281,35695.099213608766,23.519973750000016
6.47,12.16,0.1078333333333333,24.880999999999993,78.6752,63.92900000000001,35571.00463678517,b2,88.81,88.81,0.5320723246651049,0.0012142025911398,282,35682.15352231381,23.58250791666667
6.47,12.16,0.1078333333333333,24.988833333333325,78.6752,63.82116666666668,35511.00463678517,b2,88.81,88.81,0.5320723246651049,0.0012142025911398,283,35673.90858592323,23.530510416666672
6.47,12.16,0.1078333333333333,25.096666666666657,78.6752,63.713333333333345,35451.00463678517,b2,88.81,88.81,0.5320723246651049,0.0012142025911398,284,35666.495023849115,23.47376791666667
15.15,11.94,0.2525,25.349166666666655,180.891,63.46083333333334,15079.80198019802,b2,88.81,88.81,1.2688441148371763,0.0028431482620971,285,14981.62478644172,25.526610000000034
15.15,11.94,0.2525,25.60166666666666,180.891,63.20833333333334,15019.80198019802,b2,88.81,88.81,1.2688441148371763,0.0028431482620971,286,14976.371788309967,25.50093875000003
15.14,11.93,0.2523333333333333,25.853999999999992,180.6202,62.95600000000001,14969.72258916777,b2,88.81,88.81,1.2690694661299695,0.0028412715965776,287,14960.712482867217,25.658884583333315
15.14,11.93,0.2523333333333333,26.106333333333325,180.6202,62.70366666666668,14909.72258916777,b2,88.81,88.81,1.2690694661299695,0.0028412715965776,288,14953.689136786168,25.70394749999998
15.14,11.92,0.2523333333333333,26.358666666666657,180.4688,62.451333333333345,14849.72258916777,b2,88.81,88.81,1.2701341216330435,0.0028412715965776,289,14928.139244837237,25.760267083333325
3.12,12.16,0.052,26.410666666666657,37.9392,62.399333333333345,71999.23076923078,b2,88.81,88.81,0.2565789262681804,0.0005855196420952,290,62066.33509829977,23.368241249999986
12.53,11.98,0.2088333333333333,26.61949999999999,150.1094,62.190500000000014,17867.980845969676,b2,88.81,88.81,1.045909762444928,0.0023514618959787,291,17842.314855453937,26.029562292499932
12.53,11.97,0.2088333333333333,26.82833333333333,149.9841,61.98166666666667,17807.980845969676,b2,88.81,88.81,1.046783538280406,0.0023514618959787,292,17735.947352888288,26.492755209166592
12.52,11.97,0.2086666666666666,27.036999999999992,149.8644,61.77300000000001,17762.204472843456,b2,88.81,88.81,1.0459481164621456,0.0023495852304591,293,17726.298084079517,26.586026459166597
4.57,12.19,0.0761666666666666,27.113166666666658,55.7083,61.696833333333345,48601.444201312916,b2,88.81,88.81,0.3748974261774056,0.0008576361424279,294,48385.94952941679,26.784634166666663
4.57,12.2,0.0761666666666666,27.189333333333323,55.754,61.62066666666668,48541.444201312916,b2,88.81,88.81,0.374590133230317,0.0008576361424279,295,48419.74531907938,26.807160833333324
4.57,12.2,0.0761666666666666,27.26549999999999,55.754,61.54450000000001,48481.444201312916,b2,88.81,88.81,0.374590133230317,0.0008576361424279,296,48406.08503821448,26.83494875
4.56,12.2,0.076,27.34149999999999,55.63199999999999,61.46850000000001,48527.76315789475,b2,88.81,88.81,0.3737704611663556,0.0008557594769084,297,49167.46199498412,26.23544916666666
14.09,11.95,0.2348333333333333,27.576333333333324,168.3755,61.23366666666668,15645.223562810506,b2,88.81,88.81,1.1790793992402178,0.0026442217170263,298,15680.900240168892,25.713643545833346
14.42,11.93,0.2403333333333333,27.816666666666656,172.0306,60.99333333333335,15227.184466019422,b2,88.81,88.81,1.2087174175425468,0.002706151679171,299,15254.241816336824,27.10194812583329
14.42,11.92,0.2403333333333333,28.056999999999988,171.8864,60.753000000000014,15167.18446601942,b2,88.81,88.81,1.209731442136624,0.002706151679171,300,15189.982726828364,27.507176042499964
14.42,11.92,0.2403333333333333,28.29733333333332,171.8864,60.51266666666668,15107.184466019422,b2,88.81,88.81,1.209731442136624,0.002706151679171,301,15141.646207136462,27.41789520916663
16.93,11.85,0.2821666666666667,28.579499999999985,200.6205,60.23050000000002,12807.430596574131,b2,88.81,88.81,1.4286918625576488,0.0031771947245746,302,12853.231815862879,26.874971251666633
16.93,11.85,0.2821666666666667,28.86166666666665,200.6205,59.94833333333335,12747.430596574131,b2,88.81,88.81,1.4286918625576488,0.0031771947245746,303,12831.871625915335,27.047439584999978
16.92,11.84,0.282,29.14366666666665,200.3328,59.666333333333355,12694.964539007096,b2,88.81,88.81,1.4290539333569316,0.003175318059055,304,12737.877688803126,27.614785416666678
16.92,11.84,0.282,29.42566666666665,200.3328,59.38433333333335,12634.964539007096,b2,88.81,88.81,1.4290539333569316,0.003175318059055,305,12692.776523646115,27.696507709166685
24.01,11.67,0.4001666666666666,29.82583333333332,280.1967,58.98416666666668,8843.94002498959,b2,88.81,88.81,2.0574119916527858,0.0045058739124061,306,8727.177828714772,27.902920235833307
25.53,11.63,0.4255,30.251333333333317,296.9139,58.55866666666668,8257.391304347828,b2,88.81,88.81,2.1951846779720827,0.0047911270713756,307,8239.3991759403,27.798293545833285
25.5,11.61,0.425,30.67633333333332,296.055,58.13366666666669,8207.105882352944,b2,88.81,88.81,2.1963822397603585,0.004785497074817,308,8073.60952013916,28.944639584999962
25.47,11.6,0.4245,31.100833333333316,295.452,57.70916666666669,8156.772673733808,b2,88.81,88.81,2.1956894658888393,0.0047798670782584,309,7900.284529900241,30.13393250166662
4.68,12.11,0.078,31.178833333333316,56.67479999999999,57.63116666666669,44331.666666666686,b2,88.81,88.81,0.3864574412504177,0.0008782794631428,310,44266.57926728906,31.201555416666643
4.68,12.12,0.078,31.256833333333315,56.721599999999995,57.55316666666669,44271.66666666668,b2,88.81,88.81,0.3861385820017672,0.0008782794631428,311,44245.12926728906,31.22944041666663
4.68,12.13,0.078,31.33483333333331,56.7684,57.47516666666669,44211.666666666686,b2,88.81,88.81,0.3858202484896744,0.0008782794631428,312,44189.60465472042,31.38423916666662
4.68,12.13,0.078,31.41283333333331,56.7684,57.39716666666669,44151.66666666669,b2,88.81,88.81,0.3858202484896744,0.0008782794631428,313,44138.40871079924,31.44822124999997
19.88,11.72,0.3313333333333333,31.744166666666647,232.9936,57.06583333333336,10333.85311871228,b2,88.81,88.81,1.6962455890575436,0.0037308110528377,314,10169.632232210492,29.190222294166684
19.87,11.71,0.3311666666666666,32.07533333333331,232.6777,56.73466666666669,10279.053850025166,b2,88.81,88.81,1.6968401625243243,0.0037289343873182,315,10063.44555022656,30.03800229416668
19.85,11.7,0.3308333333333333,32.40616666666664,232.245,56.40383333333336,10229.410579345093,b2,88.81,88.81,1.6965810515742694,0.0037251810562791,316,10036.040929529101,30.402461251666686
19.84,11.7,0.3306666666666666,32.73683333333331,232.128,56.073166666666694,10174.56653225807,b2,88.81,88.81,1.6957263507926197,0.0037233043907596,317,10031.137902541159,30.48763458500002
20.71,11.67,0.3451666666666667,33.08199999999997,241.6857,55.72800000000003,9687.146306132308,b2,88.81,88.81,1.7746356662694376,0.0038865742909592,318,9556.739576166578,32.86287896249999
20.69,11.66,0.3448333333333334,33.426833333333306,241.2454,55.383166666666696,9636.51039149348,b2,88.81,88.81,1.7744423864114591,0.0038828209599201,319,9526.152597555756,33.34975885708334
20.68,11.65,0.3446666666666667,33.771499999999975,240.922,55.03850000000003,9581.170212765965,b2,88.81,88.81,1.7751071437676271,0.0038809442944006,320,9431.669297230437,32.942486666666646
20.66,11.64,0.3443333333333333,34.115833333333306,240.4824,54.694166666666696,9530.445304937082,b2,88.81,88.81,1.774913936863064,0.0038771909633615,321,9321.9526175612,33.54797249999999
20.66,11.63,0.3443333333333333,34.46016666666664,240.2758,54.349833333333365,9470.445304937082,b2,88.81,88.81,1.7764400880103106,0.0038771909633615,322,9274.11809643344,33.86730791666666
7.66,11.97,0.1276666666666666,34.58783333333331,91.6902,54.222166666666695,25483.002610966072,b2,88.81,88.81,0.6399331127875428,0.0014375257879646,323,25357.936949825045,32.321151982916675
7.66,11.97,0.1276666666666666,34.71549999999998,91.6902,54.094500000000025,25423.00261096607,b2,88.81,88.81,0.6399331127875428,0.0014375257879646,324,25357.936949825045,32.321151982916675
7.66,11.97,0.1276666666666666,34.84316666666665,91.6902,53.966833333333355,25363.002610966065,b2,88.81,88.81,0.6399331127875428,0.0014375257879646,325,25343.056395634132,32.37770448291668
7.66,11.97,0.1276666666666666,34.97083333333332,91.6902,53.839166666666685,25303.002610966065,b2,88.81,88.81,0.6399331127875428,0.0014375257879646,326,25341.556395634132,32.38089614958335
14.7,11.77,0.245,35.215833333333315,173.01899999999998,53.59416666666669,13125.102040816331,b2,88.81,88.81,1.2489378717979718,0.002758698313718,327,12924.532292432883,33.89420427208335
14.7,11.77,0.245,35.46083333333331,173.01899999999998,53.34916666666669,13065.102040816331,b2,88.81,88.81,1.2489378717979718,0.002758698313718,328,12918.936464360067,33.97974562750001
14.7,11.76,0.245,35.70583333333331,172.872,53.10416666666669,13005.102040816331,b2,88.81,88.81,1.249999893707492,0.002758698313718,329,12757.449621835634,34.32213271083335
14.7,11.76,0.245,35.95083333333331,172.872,52.859166666666695,12945.102040816337,b2,88.81,88.81,1.249999893707492,0.002758698313718,330,12746.934738327087,34.370486877500014
24.73,11.52,0.4121666666666667,36.36299999999997,284.8896,52.44700000000003,7634.824100283061,b2,88.81,88.81,2.1467012025432988,0.0046409938298127,331,7632.550409890216,34.158515836666666
24.69,11.5,0.4115,36.77449999999997,283.935,52.035500000000035,7587.193195625764,b2,88.81,88.81,2.1469563350472756,0.0046334871677346,332,7507.456556111172,34.21250396083332
24.66,11.49,0.411,37.18549999999997,283.34340000000003,51.62450000000003,7536.423357664239,b2,88.81,88.81,2.1462139124269877,0.004627857171176,333,7420.183704422611,35.02924625166662
24.64,11.47,0.4106666666666667,37.59616666666663,282.62080000000003,51.21383333333337,7482.540584415589,b2,88.81,88.81,2.148212541568218,0.0046241038401369,334,7388.283763963246,35.25953333499996
4.76,11.98,0.0793333333333333,37.67549999999997,57.0248,51.13450000000004,38673.15126050423,b2,88.81,88.81,0.3973288483031011,0.0008932927872991,335,38263.74055737386,37.19074083333338
4.77,12.1,0.0794999999999999,37.75499999999997,57.71699999999999,51.055000000000035,38532.07547169814,b2,88.81,88.81,0.3942148434533187,0.0008951694528187,336,38937.132636226444,36.83534666833335
4.48,12.2,0.0746666666666666,37.82966666666663,54.656,50.98033333333337,40966.33928571431,b2,88.81,88.81,0.3672130846546653,0.0008407461527521,337,43765.33284856792,32.14256958333331
4.47,12.14,0.0745,37.90416666666663,54.2658,50.90583333333337,40997.98657718123,b2,88.81,88.81,0.3682042530309511,0.0008388694872326,338,41037.094843531035,37.279581249999914
4.47,12.14,0.0745,37.97866666666663,54.2658,50.83133333333337,40937.98657718124,b2,88.81,88.81,0.3682042530309511,0.0008388694872326,339,41036.79484353103,37.27995374999992
10.67,11.93,0.1778333333333333,38.156499999999966,127.2931,50.65350000000004,17090.21555763825,b2,88.81,88.81,0.8943838311497209,0.002002402109345,340,17093.16357441603,37.467939583333276
10.67,11.92,0.1778333333333333,38.3343333333333,127.1864,50.475666666666704,17030.21555763825,b2,88.81,88.81,0.8951341530927724,0.002002402109345,341,17058.849784376285,37.663561666666595
10.66,11.92,0.1776666666666666,38.511999999999965,127.0672,50.29800000000004,16986.191369606015,b2,88.81,88.81,0.8942952269886555,0.0020005254438254,342,17039.673516548995,37.82275374999989
10.66,11.91,0.1776666666666666,38.68966666666663,126.9606,50.12033333333337,16926.191369606015,b2,88.81,88.81,0.895046104530134,0.0020005254438254,343,17027.623793193892,37.67354958333321
23.93,11.55,0.3988333333333333,39.08849999999997,276.3915,49.721500000000034,7480.041788549942,b2,88.81,88.81,2.0718612924795416,0.0044908605882498,344,7524.335915290625,35.88113458499997
23.89,11.53,0.3981666666666666,39.48666666666664,275.4517,49.323333333333366,7432.565927166183,b2,88.81,88.81,2.0719859434530843,0.0044833539261717,345,7464.853520962579,35.949405834999986
23.85,11.51,0.3975,39.88416666666664,274.5135,48.925833333333365,7385.031446540885,b2,88.81,88.81,2.0721110276185035,0.0044758472640936,346,7445.015484274085,35.96337250166665
4.8,12.04,0.08,39.964166666666635,57.791999999999994,48.84583333333337,36634.37500000003,b2,88.81,88.81,0.3986710632333004,0.0009007994493773,347,36569.09478890464,39.83823249999993
4.8,12.05,0.08,40.044166666666634,57.84,48.76583333333337,36574.37500000003,b2,88.81,88.81,0.3983402159053762,0.0009007994493773,348,36571.55548275183,39.89560916666659
4.8,12.05,0.08,40.12416666666663,57.84,48.68583333333337,36514.37500000003,b2,88.81,88.81,0.3983402159053762,0.0009007994493773,349,36539.56753585723,39.958168749999885
4.79,12.05,0.0798333333333333,40.203999999999965,57.7195,48.60600000000004,36530.60542797497,b2,88.81,88.81,0.3975103404555734,0.0008989227838577,350,36558.75791164364,39.974122916666545
4.79,12.04,0.0798333333333333,40.2838333333333,57.6716,48.526166666666704,36470.60542797497,b2,88.81,88.81,0.397840498518231,0.0008989227838577,351,36515.589694174974,39.9202783333332
9.34,11.89,0.1556666666666666,40.43949999999997,111.0526,48.370500000000035,18643.87580299787,b2,88.81,88.81,0.7855339961703957,0.0017528055952467,352,18677.289649490045,40.14113895916677
9.34,11.89,0.1556666666666666,40.59516666666664,111.0526,48.21483333333337,18583.87580299787,b2,88.81,88.81,0.7855339961703957,0.0017528055952467,353,18662.482714273807,40.18393229250005
9.33,11.88,0.1555,40.75066666666664,110.8404,48.05933333333336,18543.794212218658,b2,88.81,88.81,0.785353469246341,0.0017509289297271,354,18563.990259441918,40.516949166666684
9.33,11.88,0.1555,40.90616666666664,110.8404,47.90383333333336,18483.79421221866,b2,88.81,88.81,0.785353469246341,0.0017509289297271,355,18550.684548087374,40.55504750000001
9.33,11.87,0.1555,41.061666666666646,110.7471,47.74833333333336,18423.794212218658,b2,88.81,88.81,0.7860150980610702,0.0017509289297271,356,18493.050711510696,40.57798250000001
19.86,11.57,0.331,41.39266666666665,229.7802,47.41733333333335,8595.287009063448,b2,88.81,88.81,1.7165080625317146,0.0037270577217986,357,8339.546870931039,38.773887916666666
20.31,11.55,0.3384999999999999,41.73116666666665,234.5805,47.07883333333335,8344.844903988185,b2,88.81,88.81,1.7584414061955491,0.0038115076701778,358,8213.726709564746,38.54038291666667
20.29,11.54,0.3381666666666666,42.06933333333332,234.1466,46.74066666666669,8293.070478068017,b2,88.81,88.81,1.7582320833421072,0.0038077543391387,359,8188.439354925033,38.53993916666668
20.27,11.52,0.3378333333333333,42.407166666666654,233.5104,46.40283333333335,8241.253083374448,b2,88.81,88.81,1.7595484583725298,0.0038040010080996,360,8153.856762055723,38.756840000000004
20.25,11.51,0.3375,42.74466666666665,233.0775,46.06533333333335,8189.392592592596,b2,88.81,88.81,1.7593395517515595,0.0038002476770606,361,8121.692239417676,38.99196333333333
20.23,11.5,0.3371666666666666,43.08183333333332,232.645,45.72816666666668,8137.488877904105,b2,88.81,88.81,1.7591302818147585,0.0037964943460215,362,8011.153137501829,39.32663833333332
7.29,11.87,0.1215,43.20333333333332,86.53229999999999,45.60666666666668,22521.810699588485,b2,88.81,88.81,0.6141532759769777,0.0013680891637418,363,22313.562133884436,42.29810083499995
7.29,11.87,0.1215,43.32483333333331,86.53229999999999,45.485166666666686,22461.810699588485,b2,88.81,88.81,0.6141532759769777,0.0013680891637418,364,22312.062133884436,42.30113833499995
7.29,11.87,0.1215,43.446333333333314,86.53229999999999,45.36366666666669,22401.81069958849,b2,88.81,88.81,0.6141532759769777,0.0013680891637418,365,22297.81270051001,42.15917583499995
7.29,11.87,0.1215,43.56783333333331,86.53229999999999,45.24216666666669,22341.81069958849,b2,88.81,88.81,0.6141532759769777,0.0013680891637418,366,22285.06270051001,42.184994584999956
9.52,11.79,0.1586666666666666,43.72649999999998,112.2408,45.08350000000002,17048.382352941186,b2,88.81,88.81,0.8074638840149378,0.0017865855745983,367,17057.509354256803,42.608009999999915
9.51,11.79,0.1585,43.88499999999998,112.1229,44.925000000000026,17006.309148264994,b2,88.81,88.81,0.8066157076661826,0.0017847089090788,368,17157.955804365814,42.58467374999992
9.51,11.79,0.1585,44.04349999999997,112.1229,44.76650000000003,16946.309148264998,b2,88.81,88.81,0.8066157076661826,0.0017847089090788,369,17157.955804365814,42.58467374999992
24.01,11.38,0.4001666666666666,44.44366666666664,273.23380000000003,44.366333333333365,6652.178259058729,b2,88.81,88.81,2.109841642368924,0.0045058739124061,370,6684.154879538388,39.58766416833337
23.97,11.36,0.3994999999999999,44.84316666666664,272.2992,43.96683333333336,6603.279098873596,b2,88.81,88.81,2.110035025525086,0.004498367250328,371,6570.460946726948,40.86935625166669
23.93,11.35,0.3988333333333333,45.241999999999976,271.6055,43.568000000000026,6554.316757208529,b2,88.81,88.81,2.108369858293405,0.0044908605882498,372,6563.203362224215,40.47181708500003
23.9,11.33,0.3983333333333333,45.64033333333331,270.787,43.16966666666669,6502.543933054398,b2,88.81,88.81,2.1094437679219977,0.0044852305916912,373,6430.358855143945,41.48195708500005
11.95,11.65,0.1991666666666666,45.83949999999997,139.2175,42.97050000000003,12945.087866108795,b2,88.81,88.81,1.0257509849140785,0.0022426152958456,374,12748.484849939048,43.42536166666666
11.95,11.65,0.1991666666666666,46.03866666666664,139.2175,42.77133333333337,12885.0878661088,b2,88.81,88.81,1.0257509849140785,0.0022426152958456,375,12729.259788807125,43.99482916666664
11.94,11.65,0.1989999999999999,46.237666666666634,139.101,42.57233333333337,12835.879396984938,b2,88.81,88.81,1.024892615889046,0.0022407386303261,376,12737.914982716346,44.220618749999986
11.94,11.64,0.1989999999999999,46.43666666666663,138.9816,42.37333333333337,12775.879396984938,b2,88.81,88.81,1.0257731077514511,0.0022407386303261,377,12413.27801120745,44.57989229249998
13.53,11.59,0.2254999999999999,46.66216666666663,156.81269999999998,42.147833333333374,11214.501108647462,b2,88.81,88.81,1.167385576584506,0.0025391284479323,378,10970.31899042914,46.61908291666665
13.52,11.59,0.2253333333333333,46.88749999999996,156.6968,41.92250000000004,11162.795857988176,b2,88.81,88.81,1.1665227638893216,0.0025372517824128,379,10971.07196866842,46.61309999999997
13.52,11.59,0.2253333333333333,47.11283333333329,156.6968,41.69716666666671,11102.795857988178,b2,88.81,88.81,1.1665227638893216,0.0025372517824128,380,10956.433231590747,46.604362916666624
13.52,11.58,0.2253333333333333,47.33816666666662,156.5616,41.47183333333338,11042.795857988178,b2,88.81,88.81,1.167530123702062,0.0025372517824128,381,10892.884763158923,47.004489583333296
13.51,11.58,0.2251666666666666,47.56333333333329,156.4458,41.24666666666671,10990.96965210956,b2,88.81,88.81,1.166666565918259,0.0025353751168932,382,10892.742830456791,47.085976666666646
4.86,11.86,0.081,47.64433333333329,57.6396,41.16566666666671,30493.086419753112,b2,88.81,88.81,0.4097807411651989,0.0009120594424945,383,30371.712417205545,47.173230317916676
4.86,11.87,0.081,47.725333333333296,57.6882,41.084666666666706,30433.086419753112,b2,88.81,88.81,0.4094355173179851,0.0009120594424945,384,30412.53680648858,47.29839365291663
4.86,11.87,0.081,47.8063333333333,57.6882,41.0036666666667,30373.086419753112,b2,88.81,88.81,0.4094355173179851,0.0009120594424945,385,30363.280730231403,47.339212612083294
4.86,11.87,0.081,47.8873333333333,57.6882,40.9226666666667,30313.08641975311,b2,88.81,88.81,0.4094355173179851,0.0009120594424945,386,30198.32089369067,47.22879542999996
4.86,11.87,0.081,47.968333333333305,57.6882,40.8416666666667,30253.08641975311,b2,88.81,88.81,0.4094355173179851,0.0009120594424945,387,29738.110544791532,47.247220637499964
17.45,11.46,0.2908333333333333,48.25916666666664,199.977,40.550833333333365,8365.787965616053,b2,88.81,88.81,1.522687476205281,0.0032747813315904,388,8426.62516172132,45.22587270916663
24.12,11.26,0.402,48.66116666666664,271.5912,40.14883333333336,5992.363184079606,b2,88.81,88.81,2.142095724503044,0.004526517233121,389,5947.231979174075,42.146570416666684
24.08,11.24,0.4013333333333333,49.06249999999997,270.6592,39.74750000000003,5942.317275747513,b2,88.81,88.81,2.1423485638479924,0.0045190105710429,390,5885.541612253325,43.17598750000001
24.04,11.22,0.4006666666666666,49.46316666666664,269.7288,39.346833333333365,5892.2046589018355,b2,88.81,88.81,2.1426023045808997,0.0045115039089647,391,5850.798775751324,44.14605875000001
24.01,11.21,0.4001666666666666,49.8633333333333,269.1521,38.9466666666667,5839.566847147026,b2,88.81,88.81,2.141837453894964,0.0045058739124061,392,5828.842337652513,44.43183541666667
20.28,11.29,0.338,50.2013333333333,228.9612,38.6086666666667,6853.609467455627,b2,88.81,88.81,1.7962797346076411,0.0038058776736192,393,6657.02193574953,45.29695124999998
20.26,11.28,0.3376666666666666,50.538999999999966,228.5328,38.27100000000003,6800.375123395859,b2,88.81,88.81,1.7960991315514958,0.0038021243425801,394,6628.644776590905,45.65467999999997
20.25,11.27,0.3375,50.876499999999965,228.2175,37.93350000000004,6743.733333333339,b2,88.81,88.81,1.7968055193606465,0.0038002476770606,395,6620.298388504719,45.52784208333332
20.23,11.26,0.3371666666666666,51.21366666666663,227.7898,37.59633333333337,6690.400395452305,b2,88.81,88.81,1.7966250624666908,0.0037964943460215,396,6599.063824719076,45.98251249999999
20.21,11.25,0.3368333333333334,51.55049999999997,227.3625,37.25950000000004,6637.02127659575,b2,88.81,88.81,1.7964442847605082,0.0037927410149824,397,6583.212352073673,46.15008374999999
20.2,11.23,0.3366666666666666,51.88716666666663,226.846,36.92283333333337,6580.306930693076,b2,88.81,88.81,1.798753179095888,0.0037908643494629,398,6532.625895072415,46.10586291666667
20.18,11.21,0.3363333333333333,52.223499999999966,226.2178,36.58650000000003,6526.828543111999,b2,88.81,88.81,1.800178251545205,0.0037871110184238,399,6512.226530954313,45.53202916666667
25.27,11.05,0.4211666666666666,52.64466666666663,279.2335,36.16533333333337,5152.1646220815255,b2,88.81,88.81,2.2868776210970476,0.0047423337678677,400,5063.69655885202,50.29772458333331
25.23,11.03,0.4205,53.06516666666663,278.2869,35.744833333333375,5100.332936979792,b2,88.81,88.81,2.2873977980600366,0.0047348271057895,401,5046.271672008182,50.90894291666665
25.18,11.0,0.4196666666666667,53.48483333333329,276.98,35.32516666666671,5050.4606830818175,b2,88.81,88.81,2.2890907009917547,0.0047254437781919,402,4997.874561949974,51.763175000000025
25.13,10.98,0.4188333333333333,53.90366666666662,275.9274,34.90633333333338,5000.509351372868,b2,88.81,88.81,2.2887065310831938,0.0047160604505942,403,4963.761709283295,51.516025000000035
25.1,10.96,0.4183333333333333,54.32199999999996,275.09600000000006,34.48800000000004,4946.486055776898,b2,88.81,88.81,2.290145776446553,0.0047104304540356,404,4925.469143093186,51.738318333333375
9.45,11.48,0.1575,54.47949999999996,108.486,34.33050000000004,13078.285714285732,b2,88.81,88.81,0.8231706600025557,0.0017734489159616,405,12686.322939355192,52.48093437583334
9.45,11.48,0.1575,54.63699999999996,108.486,34.173000000000044,13018.285714285732,b2,88.81,88.81,0.8231706600025557,0.0017734489159616,406,12683.648743791724,52.5103972925
13.38,11.34,0.223,54.85999999999996,151.72920000000002,33.950000000000045,9134.529147982072,b2,88.81,88.81,1.1798940758470835,0.0025109784651393,407,8900.837824561757,52.35989583333333
13.37,11.34,0.2228333333333333,55.08283333333329,151.61579999999998,33.72716666666671,9081.361256544516,b2,88.81,88.81,1.1790122417096789,0.0025091017996197,408,8900.837824561757,52.35989583333333
13.37,11.34,0.2228333333333333,55.305666666666625,151.61579999999998,33.50433333333338,9021.361256544516,b2,88.81,88.81,1.1790122417096789,0.0025091017996197,409,8895.250151826292,52.21990625
13.37,11.33,0.2228333333333333,55.52849999999996,151.4821,33.281500000000044,8961.361256544515,b2,88.81,88.81,1.180052852599042,0.0025091017996197,410,8748.100434276632,52.463640416666706
18.15,11.16,0.3025,55.83099999999996,202.55399999999997,32.97900000000004,6541.289256198356,b2,88.81,88.81,1.6263439402917617,0.003406147917958,411,6439.773863075778,43.25865499999996
18.14,11.15,0.3023333333333333,56.1333333333333,202.261,32.676666666666705,6484.895259095928,b2,88.81,88.81,1.626905683685589,0.0034042712524384,412,6371.211499872038,45.49394208333328
18.13,11.14,0.3021666666666666,56.43549999999996,201.9682,32.37450000000004,6428.472145615011,b2,88.81,88.81,1.6274684355952929,0.0034023945869189,413,6332.427378754829,46.30965999999996
18.12,11.13,0.302,56.73749999999996,201.67560000000003,32.07250000000004,6372.019867549677,b2,88.81,88.81,1.6280321987392454,0.0034005179213994,414,6273.2577090200475,46.70580999999997
25.31,10.88,0.4218333333333333,57.159333333333294,275.3728,31.65066666666671,4501.872777558284,b2,88.81,88.81,2.32628655089278,0.0047498404299458,415,4493.850957237786,52.30423583333333
25.03,10.86,0.4171666666666667,57.57649999999996,271.8258,31.23350000000004,4492.2333200159865,b2,88.81,88.81,2.3047880014007367,0.0046972937953988,416,4478.411767349176,52.36006666666668
24.98,10.83,0.4163333333333333,57.992833333333294,270.53340000000003,30.817166666666708,4441.224979983993,b2,88.81,88.81,2.306555650364206,0.0046879104678011,417,4450.885941298565,52.61304916666668
24.93,10.81,0.4155,58.408333333333296,269.49330000000003,30.401666666666703,4390.132370637792,b2,88.81,88.81,2.306197751508071,0.0046785271402035,418,4420.15778020232,52.72327333333334
4.92,11.55,0.082,58.4903333333333,56.826,30.319666666666706,22185.12195121954,b2,88.81,88.81,0.4259739890931611,0.0009233194356117,419,22034.36331826355,58.42581124999999
4.92,11.56,0.082,58.5723333333333,56.8752,30.237666666666705,22125.121951219546,b2,88.81,88.81,0.4256054995150952,0.0009233194356117,420,22009.767811449623,58.507657500000015
4.92,11.56,0.082,58.6543333333333,56.8752,30.155666666666704,22065.121951219546,b2,88.81,88.81,0.4256054995150952,0.0009233194356117,421,21993.71781144962,58.529592500000014
4.92,11.57,0.082,58.7363333333333,56.9244,30.073666666666703,22005.12195121954,b2,88.81,88.81,0.42523764691118,0.0009233194356117,422,21957.552489941856,58.39559833333337
4.92,11.58,0.082,58.8183333333333,56.9736,29.991666666666703,21945.12195121954,b2,88.81,88.81,0.4248704296312237,0.0009233194356117,423,21928.675787927004,58.2114675
9.54,11.39,0.1589999999999999,58.9773333333333,108.6606,29.832666666666704,11257.610062893096,b2,88.81,88.81,0.8375767482373355,0.0017903389056374,424,11154.014902642499,56.19280166666669
9.76,11.38,0.1626666666666666,59.139999999999965,111.0688,29.670000000000037,10943.852459016409,b2,88.81,88.81,0.8576449158484256,0.0018316255470672,425,10764.365666524529,56.2224891666666
9.76,11.38,0.1626666666666666,59.30266666666663,111.0688,29.50733333333337,10883.852459016409,b2,88.81,88.81,0.8576449158484256,0.0018316255470672,426,10747.315698392795,56.31982958333326
9.76,11.38,0.1626666666666666,59.4653333333333,111.0688,29.344666666666704,10823.852459016409,b2,88.81,88.81,0.8576449158484256,0.0018316255470672,427,10717.72611614168,56.317739166666605
19.67,11.01,0.3278333333333333,59.79316666666663,216.56670000000005,29.016833333333373,5310.655821047288,b2,88.81,88.81,1.78655751257425,0.0036914010769275,428,5252.856681764537,53.38976374999997
19.64,10.99,0.3273333333333333,60.12049999999997,215.8436,28.68950000000004,5258.767820773938,b2,88.81,88.81,1.7870790002657873,0.0036857710803689,429,5187.292580121799,53.97074624999998
19.62,10.97,0.327,60.44749999999996,215.23140000000004,28.36250000000004,5204.12844036698,b2,88.81,88.81,1.7885139664071137,0.0036820177493298,430,5134.5874656870155,54.726174583333325
19.6,10.95,0.3266666666666667,60.77416666666663,214.62,28.035833333333372,5149.438775510211,b2,88.81,88.81,1.789954174433409,0.0036782644182907,431,5080.01981978522,54.46522874999999
24.54,10.75,0.409,61.18316666666663,263.805,27.626833333333373,4052.836185819077,b2,88.81,88.81,2.2827904853218155,0.0046053371849415,432,4109.470267920476,55.268902710833316
24.48,10.71,0.408,61.59116666666663,262.18080000000003,27.21883333333337,4002.7696078431422,b2,88.81,88.81,2.2857140722956046,0.0045940771918243,433,4069.32961377235,55.80943656624998
24.43,10.68,0.4071666666666667,61.9983333333333,260.9124,26.811666666666703,3950.9619320507622,b2,88.81,88.81,2.28745296933961,0.0045846938642266,434,4015.549958660698,56.73876553041664
24.35,10.64,0.4058333333333334,62.40416666666663,259.084,26.40583333333337,3903.942505133475,b2,88.81,88.81,2.28853361949872,0.0045696805400704,435,3928.580904763728,57.36984563916667
24.29,10.6,0.4048333333333333,62.80899999999997,257.474,26.001000000000033,3853.585837793336,b2,88.81,88.81,2.291509217782149,0.0045584205469531,436,3883.234859540577,57.64658387041667
5.03,11.41,0.0838333333333333,62.8928333333333,57.392300000000006,25.917166666666706,18549.065606361855,b2,88.81,88.81,0.440841328585335,0.0009439627563266,437,18408.93311927776,62.86420791666672
5.03,11.42,0.0838333333333333,62.97666666666663,57.442600000000006,25.83333333333337,18489.065606361855,b2,88.81,88.81,0.440455302937364,0.0009439627563266,438,18461.219101859424,62.97637375000002
5.03,11.43,0.0838333333333333,63.06049999999996,57.4929,25.74950000000004,18429.065606361855,b2,88.81,88.81,0.4400699527497855,0.0009439627563266,439,18401.669101859425,63.05957833333328
5.03,11.44,0.0838333333333333,63.14433333333329,57.5432,25.66566666666671,18369.06560636186,b2,88.81,88.81,0.4396852762512871,0.0009439627563266,440,18369.119101859425,63.10505791666663
5.03,11.45,0.0838333333333333,63.228166666666624,57.5935,25.58183333333338,18309.065606361863,b2,88.81,88.81,0.4393012716767449,0.0009439627563266,441,18251.591896537295,63.07564833333326
11.27,11.17,0.1878333333333333,63.415999999999954,125.8859,25.394000000000048,8111.659272404629,b2,88.81,88.81,1.0089524611501826,0.0021150020405171,442,7858.060891845274,60.1524291666666
11.55,11.15,0.1925,63.60849999999996,128.7825,25.20150000000005,7855.012987013001,b2,88.81,88.81,1.0358743465583546,0.0021675486750641,443,7683.997250183707,60.122952500000004
11.55,11.14,0.1925,63.80099999999996,128.667,25.009000000000043,7795.012987013,b2,88.81,88.81,1.0368042157267312,0.0021675486750641,444,7631.9135596584865,59.94300541666664
14.11,11.03,0.2351666666666666,64.03616666666663,155.6333,24.77383333333337,6320.751240255148,b2,88.81,88.81,1.2792383246384114,0.0026479750480654,445,6315.651466223253,60.336367500000016
14.1,11.02,0.235,64.27116666666663,155.38199999999998,24.538833333333372,6265.234042553201,b2,88.81,88.81,1.2794917169245268,0.0026460983825459,446,6286.071930371432,61.0575225
14.09,11.01,0.2348333333333333,64.50599999999996,155.1309,24.304000000000045,6209.680624556434,b2,88.81,88.81,1.279745569505398,0.0026442217170263,447,6246.343581557661,61.37827958333329
14.08,11.0,0.2346666666666666,64.74066666666663,154.88,24.069333333333375,6154.09090909092,b2,88.81,88.81,1.2799998836363744,0.0026423450515068,448,6029.104417334052,62.02879666666662
22.62,10.62,0.377,65.11766666666662,240.2244,23.69233333333338,3770.6631299734822,b2,88.81,88.81,2.129943302265226,0.0042450174051906,449,3877.05920243565,56.90205583333332
22.56,10.58,0.376,65.49366666666663,238.6848,23.316333333333375,3720.691489361709,b2,88.81,88.81,2.1323249402339375,0.0042337574120734,450,3813.548641443853,55.942654999999995
22.5,10.54,0.375,65.86866666666663,237.15,22.941333333333375,3670.61333333334,b2,88.81,88.81,2.134724655149464,0.0042224974189562,451,3674.2837746743353,54.75613250000001
24.49,10.41,0.4081666666666666,66.2768333333333,254.9409,22.533166666666705,3312.3478971008626,b2,88.81,88.81,2.352545403213698,0.0045959538573439,452,3362.328549410485,55.63560604416667
24.0,10.37,0.4,66.6768333333333,248.88,22.133166666666696,3319.9750000000045,b2,88.81,88.81,2.3143681471197546,0.0045039972468866,453,3301.0353886374573,56.447799375833355
23.9,10.31,0.3983333333333333,67.07516666666663,246.409,21.73483333333337,3273.866108786616,b2,88.81,88.81,2.318137505515276,0.0044852305916912,454,3290.1380930831288,56.56704166666669
23.8,10.24,0.3966666666666666,67.4718333333333,243.712,21.33816666666671,3227.621848739502,b2,88.81,88.81,2.324218523025535,0.0044664639364959,455,3282.3087271691284,56.83701500000003
23.69,10.17,0.3948333333333333,67.86666666666663,240.9273,20.94333333333337,3182.608695652179,b2,88.81,88.81,2.329399967610623,0.004445820615781,456,3269.57772899371,58.209118750000016
23.57,10.09,0.3928333333333333,68.25949999999996,237.8213,20.55050000000004,3138.81204921511,b2,88.81,88.81,2.3359759825593676,0.0044233006295465,457,3266.7751461431526,58.26884333333335
11.32,10.77,0.1886666666666666,68.44816666666662,121.9164,20.36183333333338,6475.494699646658,b2,88.81,88.81,1.0510676832806238,0.0021243853681148,458,5964.926913241921,67.36986458333341
11.33,10.78,0.1888333333333333,68.63699999999996,122.1374,20.173000000000044,6409.77934686674,b2,88.81,88.81,1.0510203106660196,0.0021262620336344,459,5939.531635820105,67.43221416666674
14.79,10.57,0.2465,68.88349999999996,156.3303,19.926500000000047,4850.263691683582,b2,88.81,88.81,1.399243008586281,0.0027755883033938,460,4674.418226756768,59.41662416666664
14.79,10.57,0.2465,69.12999999999995,156.3303,19.68000000000005,4790.263691683582,b2,88.81,88.81,1.399243008586281,0.0027755883033938,461,4669.757257215206,59.484533749999976
14.77,10.55,0.2461666666666666,69.37616666666662,155.8235,19.433833333333386,4736.75016926203,b2,88.81,88.81,1.3999998672985907,0.0027718349723548,462,4648.741915868613,59.738592083333316
14.76,10.53,0.246,69.62216666666662,155.4228,19.187833333333387,4679.959349593509,b2,88.81,88.81,1.401709268593612,0.0027699583068352,463,4565.007711757608,59.74718479249999
14.74,10.51,0.2456666666666666,69.86783333333328,154.9174,18.94216666666672,4626.309362279526,b2,88.81,88.81,1.4024737010015509,0.0027662049757962,464,4513.52987114182,59.59676687583334
16.77,10.36,0.2794999999999999,70.14733333333328,173.73719999999997,18.662666666666723,4006.296958855111,b2,88.81,88.81,1.6187257124782133,0.003147168076262,465,3992.5169906855363,63.143259067916624
16.73,10.32,0.2788333333333333,70.42616666666662,172.6536,18.383833333333385,3955.8756724447217,b2,88.81,88.81,1.6211238739221054,0.0031396614141838,466,3928.9448661174188,64.10848260874997
16.69,10.28,0.2781666666666667,70.70433333333328,171.5732,18.10566666666672,3905.3565008987534,b2,88.81,88.81,1.6235406980991542,0.0031321547521057,467,3852.4002010116133,64.92940156624996
5.61,10.88,0.0935,70.79783333333329,61.03680000000001,18.012166666666715,11558.60962566848,b2,88.81,88.81,0.5156249526080007,0.0010528093564597,468,10979.70729023139,71.02121500000004
5.43,11.0,0.0905,70.88833333333329,59.73,17.92166666666671,11881.767955801131,b2,88.81,88.81,0.4936363187603346,0.0010190293771081,469,11707.744394648062,71.05811249999975
5.44,11.02,0.0906666666666666,70.97899999999996,59.9488,17.831000000000046,11799.926470588263,b2,88.81,88.81,0.4936478680900302,0.0010209060426276,470,11681.137947349927,71.04670333333314
5.44,11.04,0.0906666666666666,71.06966666666662,60.0576,17.740333333333382,11739.926470588263,b2,88.81,88.81,0.4927535785549295,0.0010209060426276,471,11629.405326569991,70.99687333333313
16.88,10.39,0.2813333333333333,71.35099999999996,175.3832,17.459000000000046,3723.483412322285,b2,88.81,88.81,1.6246389196690163,0.0031678113969769,472,3763.6913123978443,65.74266781624995
16.79,10.31,0.2798333333333333,71.63083333333329,173.1049,17.179166666666717,3683.442525312697,b2,88.81,88.81,1.6285158459247482,0.0031509214073011,473,3743.0543150696544,66.01566531624995
19.86,10.06,0.331,71.96183333333329,199.7916,16.848166666666714,3054.0483383685887,b2,88.81,88.81,1.974154873344446,0.0037270577217986,474,3130.469698520053,62.913712503333365
19.7,9.93,0.3283333333333333,72.29016666666662,195.621,16.51983333333338,3018.852791878181,b2,88.81,88.81,1.9838870106861015,0.0036970310734861,475,3102.5695564369134,63.83523771083333
21.38,9.7,0.3563333333333333,72.64649999999996,207.38599999999997,16.16350000000004,2721.637043966331,b2,88.81,88.81,2.204123484110981,0.0040123108807681,476,2796.666351858048,62.36194572958344
9.18,10.47,0.153,72.79949999999997,96.1146,16.010500000000036,6278.627450980406,b2,88.81,88.81,0.8767907472024119,0.0017227789469341,477,6161.882640275236,71.64285666666665
9.22,10.57,0.1536666666666666,72.95316666666663,97.4554,15.85683333333337,6191.38828633407,b2,88.81,88.81,0.8722799553188312,0.0017302856090122,478,6054.119532447333,71.52457666666662
9.23,10.58,0.1538333333333333,73.10699999999997,97.6534,15.703000000000031,6124.680390032515,b2,88.81,88.81,0.8724006736861368,0.0017321622745318,479,6034.318714437675,71.44280958333334
9.23,10.59,0.1538333333333333,73.26083333333331,97.7457,15.549166666666691,6064.680390032513,b2,88.81,88.81,0.8715768770937794,0.0017321622745318,480,6003.969096227852,71.24570333333335
14.47,10.19,0.2411666666666666,73.50199999999998,147.4493,15.30800000000002,3808.4865238424377,b2,88.81,88.81,1.4200194877311594,0.0027155350067687,481,4093.2006141986635,64.39914000333334
14.41,10.12,0.2401666666666666,73.74216666666665,145.8292,15.067833333333354,3764.344205412913,b2,88.81,88.81,1.4239129027754052,0.0027042750136515,482,4073.006923562408,65.28061917000001
14.37,10.06,0.2395,73.98166666666665,144.5622,14.828333333333347,3714.822546972864,b2,88.81,88.81,1.4284292814682622,0.0026967683515733,483,4104.555596274944,64.78757667
14.32,10.0,0.2386666666666666,74.22033333333331,143.2,14.589666666666687,3667.793296089391,b2,88.81,88.81,1.4319998568000143,0.0026873850239756,484,4152.351396112268,65.01322875333334
5.59,10.78,0.0931666666666666,74.31349999999998,60.2602,14.496500000000026,9335.849731663702,b2,88.81,88.81,0.5185528275925021,0.0010490560254206,485,9144.158342508194,73.11303458333329
5.59,10.81,0.0931666666666666,74.40666666666664,60.4279,14.403333333333364,9275.849731663704,b2,88.81,88.81,0.5171137356971567,0.0010490560254206,486,9170.687611749325,73.43422833333325
5.6,10.83,0.0933333333333333,74.49999999999997,60.648,14.31000000000003,9199.285714285734,b2,88.81,88.81,0.5170821313866915,0.0010509326909402,487,9103.67916222863,73.24941
5.6,10.85,0.0933333333333333,74.5933333333333,60.75999999999999,14.216666666666695,9139.285714285734,b2,88.81,88.81,0.5161289846885728,0.0010509326909402,488,9083.394005622513,73.40161375000007
5.61,10.86,0.0935,74.68683333333331,60.9246,14.123166666666693,9062.994652406433,b2,88.81,88.81,0.516574538068643,0.0010528093564597,489,9038.827617397472,73.31281000000006
9.63,10.62,0.1605,74.84733333333331,102.2706,13.962666666666692,5219.688473520258,b2,88.81,88.81,0.9067795756328084,0.0018072288953132,490,5212.926253249221,69.48848416666664
9.6,10.56,0.16,75.0073333333333,101.376,13.802666666666696,5176.000000000011,b2,88.81,88.81,0.909090823002763,0.0018015988987546,491,5174.41148469135,69.50871874999997
9.59,10.54,0.1598333333333333,75.16716666666665,101.0786,13.642833333333355,5121.397288842553,b2,88.81,88.81,0.9098670863503714,0.0017997222332351,492,5135.848629154692,69.64546083333332
9.58,10.53,0.1596666666666666,75.32683333333331,100.8774,13.48316666666669,5066.743215031324,b2,88.81,88.81,0.9097814900492414,0.0017978455677155,493,5089.9820379790435,69.65328083333331
7.94,10.64,0.1323333333333333,75.45916666666665,84.48160000000001,13.350833333333355,6053.274559193965,b2,88.81,88.81,0.7462405313683712,0.0014900724225116,494,6011.267953159083,72.35451583333335
7.94,10.64,0.1323333333333333,75.59149999999998,84.48160000000001,13.21850000000002,5993.274559193964,b2,88.81,88.81,0.7462405313683712,0.0014900724225116,495,5993.4109272941305,72.47415708333334
7.94,10.64,0.1323333333333333,75.72383333333332,84.48160000000001,13.086166666666683,5933.274559193962,b2,88.81,88.81,0.7462405313683712,0.0014900724225116,496,5963.011707729965,72.61038041666667
9.21,10.54,0.1535,75.87733333333331,97.0734,12.932666666666693,5055.1140065146665,b2,88.81,88.81,0.8738139588411806,0.0017284089434927,497,5102.520335574585,72.8030770833333
9.2,10.52,0.1533333333333333,76.03066666666665,96.784,12.779333333333357,5000.608695652183,b2,88.81,88.81,0.8745246316991795,0.0017265322779732,498,5074.181869803612,73.03869999999993
9.19,10.5,0.1531666666666666,76.18383333333331,96.495,12.626166666666691,4946.050054406975,b2,88.81,88.81,0.8752380118820942,0.0017246556124536,499,5048.229740216171,73.79841124999992
9.19,10.5,0.1531666666666666,76.33699999999997,96.495,12.473000000000027,4886.050054406975,b2,88.81,88.81,0.8752380118820942,0.0017246556124536,500,4980.125773748309,74.16439583333326
9.18,10.48,0.153,76.48999999999998,96.2064,12.320000000000022,4831.372549019617,b2,88.81,88.81,0.8759541148898745,0.0017227789469341,501,4916.663746290565,74.44232791666663
9.18,10.47,0.153,76.64299999999999,96.1146,12.167000000000016,4771.372549019614,b2,88.81,88.81,0.8767907472024119,0.0017227789469341,502,4931.048076577875,74.0331820833333
5.59,10.78,0.0931666666666666,76.73616666666665,60.2602,12.073833333333354,7775.63506261182,b2,88.81,88.81,0.5185528275925021,0.0010490560254206,503,7781.627628884009,75.75288958333343
5.59,10.79,0.0931666666666666,76.82933333333331,60.31609999999999,11.980666666666693,7715.635062611824,b2,88.81,88.81,0.5180722411425172,0.0010490560254206,504,7716.3311834864935,75.42571625000006
5.59,10.8,0.0931666666666666,76.92249999999997,60.372,11.887500000000031,7655.635062611827,b2,88.81,88.81,0.5175925446673569,0.0010490560254206,505,7658.227908561435,74.86197875000008
3.65,10.99,0.0608333333333333,76.9833333333333,40.1135,11.826666666666696,11664.657534246606,b2,88.81,88.81,0.3321200789699655,0.0006849829146306,506,11551.922173808636,76.34863250000008
3.65,11.0,0.0608333333333333,77.04416666666664,40.15,11.765833333333362,11604.657534246604,b2,88.81,88.81,0.3318181516528953,0.0006849829146306,507,11555.637064695951,76.30644291666674
3.52,11.03,0.0586666666666666,77.10283333333331,38.8256,11.707166666666694,11973.238636363663,b2,88.81,88.81,0.3191296174859821,0.0006605862628767,508,11675.85974530482,75.94461208333335
9.63,10.61,0.1605,77.2633333333333,102.1743,11.546666666666695,4316.510903426802,b2,88.81,88.81,0.9076342217121376,0.0018072288953132,509,4293.589532708808,71.67741624999996
9.59,10.53,0.1598333333333333,77.42316666666665,100.9827,11.386833333333357,4274.515119916588,b2,88.81,88.81,0.9107311575753888,0.0017997222332351,510,4253.286482310759,72.12204541666667
9.57,10.5,0.1595,77.58266666666664,100.485,11.227333333333362,4223.44827586208,b2,88.81,88.81,0.9114284846258588,0.001795968902196,511,4248.278265786161,72.19065916666665
9.55,10.47,0.1591666666666666,77.7418333333333,99.98850000000002,11.068166666666698,4172.29319371729,b2,88.81,88.81,0.9121298078195028,0.0017922155711569,512,4231.638101433074,72.63725833333328
9.54,10.43,0.1589999999999999,77.90083333333331,99.5022,10.909166666666692,4116.666666666677,b2,88.81,88.81,0.9146691356980694,0.0017903389056374,513,4208.605597723981,72.44225083333328
5.56,10.74,0.0926666666666666,77.99349999999998,59.7144,10.81650000000002,7003.4892086331065,b2,88.81,88.81,0.5176908270306493,0.001043426028862,514,7176.791241167992,75.79049916666673
3.96,10.92,0.066,78.05949999999999,43.2432,10.750500000000017,9773.181818181834,b2,88.81,88.81,0.362637329428816,0.0007431595457362,515,9966.325255992597,77.68762375000007
3.96,10.93,0.066,78.12549999999999,43.2828,10.684500000000014,9713.18181818183,b2,88.81,88.81,0.3623055478219993,0.0007431595457362,516,9902.028093344657,77.78250875000009
3.96,10.95,0.066,78.19149999999999,43.361999999999995,10.618500000000012,9653.181818181827,b2,88.81,88.81,0.3616438025896071,0.0007431595457362,517,9903.36896698561,77.80373291666675
5.2,10.92,0.0866666666666666,78.27816666666666,56.784,10.531833333333338,7291.269230769234,b2,88.81,88.81,0.4761904325832938,0.0009758660701587,518,7518.485114775971,75.13373791666675
5.88,10.79,0.098,78.37616666666666,63.44519999999999,10.43383333333334,6388.0612244898,b2,88.81,88.81,0.5449489763717353,0.0011034793254872,519,6372.078397956558,76.96184958333343
5.87,10.78,0.0978333333333333,78.47399999999999,63.2786,10.336000000000013,6338.943781942086,b2,88.81,88.81,0.544526851157064,0.0011016026599676,520,6335.769824956228,77.30596708333341
5.87,10.78,0.0978333333333333,78.57183333333332,63.2786,10.238166666666686,6278.94378194209,b2,88.81,88.81,0.544526851157064,0.0011016026599676,521,6283.791752463431,77.64468416666674
5.87,10.78,0.0978333333333333,78.66966666666664,63.2786,10.14033333333336,6218.943781942094,b2,88.81,88.81,0.544526851157064,0.0011016026599676,522,6213.47812244745,76.98340458333338
11.68,10.24,0.1946666666666666,78.8643333333333,119.6032,9.945666666666696,3065.445205479461,b2,88.81,88.81,1.1406248886108508,0.0021919453268181,523,3104.880408264469,64.88626198124996
11.63,10.16,0.1938333333333333,79.05816666666664,118.1608,9.751833333333366,3018.6242476354355,b2,88.81,88.81,1.1446849267042396,0.0021825619992204,524,3084.870597981464,66.12761354416659
11.58,10.08,0.193,79.25116666666663,116.7264,9.558833333333368,2971.6580310880936,b2,88.81,88.81,1.1488094098403363,0.0021731786716228,525,3123.165356447169,67.80063062916659
11.52,9.99,0.192,79.44316666666663,115.0848,9.366833333333377,2927.1354166666797,b2,88.81,88.81,1.1531530377224186,0.0021619186785055,526,3126.3624212251593,68.00812792166661
11.47,9.91,0.1911666666666666,79.63433333333329,113.6677,9.175666666666714,2879.8953792502325,b2,88.81,88.81,1.1574166339640128,0.0021525353509079,527,2898.8618164890704,70.86388011041666
9.91,10.0,0.1651666666666666,79.79949999999995,99.1,9.01050000000005,3273.2391523713604,b2,88.81,88.81,0.99099990090001,0.0018597755298602,528,3251.416108669622,72.60974823625
9.89,9.95,0.1648333333333333,79.96433333333329,98.4055,8.845666666666716,3219.858442871605,b2,88.81,88.81,0.993969749349774,0.0018560221988212,529,3226.3716430303593,73.37249229916665
9.86,9.9,0.1643333333333333,80.12866666666662,97.614,8.681333333333384,3169.655172413812,b2,88.81,88.81,0.9959594953576268,0.0018503922022625,530,3177.982213931422,73.81330625333327
9.82,9.84,0.1636666666666666,80.29233333333329,96.6288,8.517666666666713,3122.566191446045,b2,88.81,88.81,0.997967378255348,0.0018428855401844,531,3152.1702915240767,72.81064531791658
7.72,10.08,0.1286666666666666,80.42099999999995,77.8176,8.389000000000053,3911.968911917123,b2,88.81,88.81,0.7658729398935575,0.0014487857810818,532,3869.074981703053,69.30065583333331
7.72,10.08,0.1286666666666666,80.54966666666661,77.8176,8.260333333333392,3851.968911917126,b2,88.81,88.81,0.7658729398935575,0.0014487857810818,533,3843.191165491957,70.15333499999993
7.71,10.08,0.1285,80.67816666666661,77.7168,8.13183333333339,3796.9649805447734,b2,88.81,88.81,0.7648808764999131,0.0014469091155623,534,3814.295538457393,70.92681749999993
7.71,10.06,0.1285,80.80666666666662,77.5626,8.003333333333387,3736.964980544772,b2,88.81,88.81,0.7664015142742033,0.0014469091155623,535,3744.988738175675,70.61655906291662
9.74,9.69,0.1623333333333333,80.96899999999995,94.3806,7.841000000000051,2898.1108829568975,b2,88.81,88.81,1.0051598549886631,0.0018278722160281,536,2870.0750028276257,71.81729119291661
9.7,9.62,0.1616666666666666,81.13066666666661,93.31399999999998,7.679333333333389,2850.0618556701243,b2,88.81,88.81,1.0083159035014655,0.00182036555395,537,2839.925199584058,74.78466140708326
9.64,9.53,0.1606666666666666,81.29133333333328,91.8692,7.518666666666718,2807.8008298755376,b2,88.81,88.81,1.0115423912337471,0.0018091055608328,538,2815.9710784867852,75.53419670833328
6.07,10.09,0.1011666666666666,81.39249999999996,61.246300000000005,7.417500000000047,4399.1762767710325,b2,88.81,88.81,0.6015856688220349,0.0011391359703584,539,4338.283328574605,71.16285208333329
9.14,9.67,0.1523333333333333,81.54483333333329,88.38380000000001,7.265166666666715,2861.5536105033016,b2,88.81,88.81,0.9451912155955312,0.0017152722848559,540,2795.186516330101,75.29934680041663
9.06,9.53,0.151,81.69583333333328,86.34179999999999,7.114166666666719,2826.8211920530007,b2,88.81,88.81,0.9506819569064056,0.0017002589606997,541,2698.2347496694088,71.82836772583329
7.56,9.71,0.126,81.82183333333329,73.4076,6.988166666666714,3327.6984126984357,b2,88.81,88.81,0.7785787045747986,0.0014187591327692,542,3333.2183606609697,72.51299541666673
7.54,9.68,0.1256666666666666,81.94749999999995,72.9872,6.862500000000054,3276.5251989390176,b2,88.81,88.81,0.7789255393671964,0.0014150058017302,543,3315.9222930023448,73.87492750000008
7.53,9.64,0.1255,82.07299999999995,72.5892,6.737000000000052,3220.876494023929,b2,88.81,88.81,0.7811202509211358,0.0014131291362106,544,3245.6491777971037,76.35723250000015
7.5,9.59,0.125,82.19799999999995,71.925,6.612000000000052,3173.760000000025,b2,88.81,88.81,0.7820645691277822,0.001407499139652,545,3202.3510488376337,76.64314666666681
7.48,9.54,0.1246666666666666,82.32266666666662,71.3592,6.487333333333382,3122.2459893048363,b2,88.81,88.81,0.7840670037665616,0.001403745808613,546,3149.687864614499,76.60263958333344
5.36,9.95,0.0893333333333333,82.41199999999995,53.332,6.398000000000053,4297.164179104513,b2,88.81,88.81,0.538693413196642,0.0010058927184713,547,4181.8220242787975,77.69793083333342
5.37,10.0,0.0895,82.50149999999995,53.7,6.308500000000052,4229.162011173219,b2,88.81,88.81,0.5369999463000055,0.0010077693839908,548,4158.752204209867,77.4500541666668
5.38,10.03,0.0896666666666666,82.59116666666662,53.9614,6.218833333333379,4161.301115241666,b2,88.81,88.81,0.5363907740388062,0.0010096460495104,549,4097.27528917618,77.25989208333345
5.39,10.05,0.0898333333333333,82.68099999999995,54.1695,6.1290000000000475,4093.580705009309,b2,88.81,88.81,0.5363183545951886,0.0010115227150299,550,4060.5618830571566,78.03683875000007
5.39,10.07,0.0898333333333333,82.77083333333329,54.2773,6.039166666666716,4033.58070500931,b2,88.81,88.81,0.5352531742548983,0.0010115227150299,551,4017.79650797095,77.34056875333343
5.4,10.08,0.09,82.86083333333329,54.432,5.949166666666713,3966.111111111142,b2,88.81,88.81,0.5357142325680325,0.0010133993805494,552,3961.074445093208,76.83050323291677
3.87,10.31,0.0645,82.92533333333328,39.8997,5.884666666666718,5474.108527131831,b2,88.81,88.81,0.3753636881315531,0.0007262695560604,553,6628.8614851041975,80.25395291833328
3.89,10.43,0.0648333333333333,82.99016666666662,40.5727,5.819833333333378,5385.964010282818,b2,88.81,88.81,0.3729625721033009,0.0007300228870995,554,6709.959964129613,80.11696895916661
7.37,9.92,0.1228333333333333,83.11299999999996,73.1104,5.697000000000045,2782.795115332451,b2,88.81,88.81,0.7429434734936016,0.0013831024878981,555,2929.0703292498965,74.80850875999998
7.28,9.69,0.1213333333333333,83.2343333333333,70.5432,5.575666666666706,2757.197802197821,b2,88.81,88.81,0.751289912147584,0.0013662124982222,556,2829.1124749491887,74.25236938249995
7.21,9.53,0.1201666666666666,83.35449999999996,68.7113,5.455500000000043,2723.9667128987735,b2,88.81,88.81,0.7565581577588503,0.0013530758395855,557,2750.8772555891082,74.83226583833327
5.33,9.85,0.0888333333333333,83.44333333333329,52.500499999999995,5.366666666666717,3624.765478424049,b2,88.81,88.81,0.5411166963333304,0.0010002627219127,558,3598.5753111148993,77.95946553041658
5.33,9.85,0.0888333333333333,83.53216666666661,52.500499999999995,5.27783333333339,3564.7654784240535,b2,88.81,88.81,0.5411166963333304,0.0010002627219127,559,3574.161083321334,78.25432011874992
5.33,9.84,0.0888333333333333,83.62099999999994,52.4472,5.189000000000064,3504.765478424058,b2,88.81,88.81,0.5416666116192469,0.0010002627219127,560,3506.5893040230276,78.74945126999987
5.32,9.82,0.0886666666666666,83.7096666666666,52.2424,5.100333333333396,3451.3533834586883,b2,88.81,88.81,0.541751472326734,0.0009983860563932,561,3562.5107629876134,80.15618574791655
5.31,9.8,0.0885,83.7981666666666,52.038,5.011833333333399,3397.853107344678,b2,88.81,88.81,0.5418366794044205,0.0009965093908736,562,3715.9800544187533,80.55802907125003
5.3,9.77,0.0883333333333333,83.88649999999994,51.781,4.923500000000061,3344.264150943438,b2,88.81,88.81,0.5424769147925369,0.0009946327253541,563,3828.593377060812,80.74198094375005
4.48,9.97,0.0746666666666666,83.96116666666661,44.665600000000005,4.848833333333388,3896.383928571473,b2,88.81,88.81,0.4493479990623873,0.0008407461527521,564,5132.925991191578,80.2895417720834
4.48,9.98,0.0746666666666666,84.03583333333329,44.71040000000001,4.774166666666716,3836.383928571468,b2,88.81,88.81,0.4488977506114479,0.0008407461527521,565,4802.9940508591535,79.75267823125006
4.48,9.98,0.0746666666666666,84.11049999999996,44.71040000000001,4.699500000000043,3776.3839285714625,b2,88.81,88.81,0.4488977506114479,0.0008407461527521,566,3834.0504856664106,80.8587358350001
4.48,9.99,0.0746666666666666,84.18516666666663,44.7552,4.62483333333337,3716.383928571458,b2,88.81,88.81,0.4484484035587184,0.0008407461527521,567,3614.9875829281823,80.70126927541675
4.47,9.99,0.0745,84.25966666666663,44.6553,4.55033333333337,3664.697986577211,b2,88.81,88.81,0.4474474026579176,0.0008388694872326,568,3581.82541466747,81.86679385875004
4.47,9.98,0.0745,84.33416666666663,44.6106,4.4758333333333695,3604.6979865772105,b2,88.81,88.81,0.447895746703833,0.0008388694872326,569,3513.0470060716634,80.82532448458332
5.96,9.63,0.0993333333333333,84.43349999999997,57.3948,4.376500000000036,2643.5234899329075,b2,88.81,88.81,0.61889920883705,0.0011184926496435,570,2569.6571433739273,73.63625562749998
4.86,9.84,0.081,84.51449999999997,47.8224,4.2955000000000325,3181.851851851876,b2,88.81,88.81,0.4939023888310581,0.0009120594424945,571,3156.13246126145,83.59353042833324
4.84,9.75,0.0806666666666666,84.59516666666664,47.19,4.21483333333336,3135.0000000000196,b2,88.81,88.81,0.4964102054963892,0.0009083061114554,572,3075.4456187856495,83.64972824124992
4.84,9.72,0.0806666666666666,84.67583333333332,47.0448,4.134166666666687,3075.000000000015,b2,88.81,88.81,0.4979423356026403,0.0009083061114554,573,3032.3058059563864,83.34043001833327
4.83,9.69,0.0805,84.75633333333332,46.8027,4.053666666666686,3021.366459627344,b2,88.81,88.81,0.4984519609440701,0.0009064294459359,574,2971.5653906257094,83.49078283124993
4.82,9.65,0.0803333333333333,84.83666666666664,46.513000000000005,3.9733333333333576,2967.634854771802,b2,88.81,88.81,0.4994818135252007,0.0009045527804164,575,2933.8836980052424,83.54402460333326
4.82,9.62,0.0803333333333333,84.91699999999997,46.3684,3.893000000000029,2907.6348547718057,b2,88.81,88.81,0.5010394489563983,0.0009045527804164,576,2905.587159499495,83.52356762708322
5.66,9.41,0.0943333333333333,85.01133333333331,53.2606,3.7986666666666906,2416.1130742049622,b2,88.81,88.81,0.6014877150385001,0.0010621926840574,577,2398.5192865855406,81.79352552208329
5.61,9.28,0.0935,85.10483333333332,52.0608,3.7051666666666847,2377.6470588235406,b2,88.81,88.81,0.6045257969260996,0.0010528093564597,578,2359.9552324655224,81.10857510541658
4.41,9.57,0.0735,85.17833333333331,42.203700000000005,3.631666666666689,2964.625850340154,b2,88.81,88.81,0.4608149988699061,0.0008276094941154,579,2920.1827406247667,84.17254720541663
4.41,9.56,0.0735,85.25183333333331,42.159600000000005,3.5581666666666933,2904.6258503401577,b2,88.81,88.81,0.4612970228768804,0.0008276094941154,580,2911.713133611739,84.12466345541662
4.41,9.54,0.0735,85.3253333333333,42.0714,3.4846666666666977,2844.6258503401614,b2,88.81,88.81,0.4622641024880397,0.0008276094941154,581,2857.9424649798907,84.34868012375001
4.4,9.51,0.0733333333333333,85.39866666666664,41.844,3.41133333333336,2791.090909090931,b2,88.81,88.81,0.4626708241145296,0.0008257328285958,582,2830.182823214921,84.38549116625
2.82,10.06,0.047,85.44566666666664,28.3692,3.364333333333363,4294.893617021315,b2,88.81,88.81,0.2803180635866736,0.0005292196765091,583,4514.727516786194,82.52479408791658
4.41,9.63,0.0735,85.51916666666664,42.468300000000006,3.2908333333333672,2686.394557823157,b2,88.81,88.81,0.4579438776797634,0.0008276094941154,584,2783.2127309770003,84.45023158791668
4.39,9.49,0.0731666666666666,85.5923333333333,41.6611,3.2176666666667018,2638.633257403218,b2,88.81,88.81,0.462592153573008,0.0008238561630763,585,2695.1869883644235,83.70546366791669
9.15,12.23,0.1525,0.1525,111.9045,60.8475,23940.0,b3,88.35,61.0,0.748160200477498,0.0024999999590163,252,23673.014308494327,0.8845745833333347
9.14,12.22,0.1523333333333333,0.3048333333333333,111.6908,60.695166666666665,23906.192560175055,b3,88.35,61.0,0.7479541122787142,0.002497267718624,253,23727.837896334207,0.8092850000000013
9.15,12.21,0.1525,0.4573333333333333,111.7215,60.54266666666667,23820.06557377049,b3,88.35,61.0,0.7493856880110001,0.0024999999590163,254,23695.36995389183,0.9113370833333347
9.14,12.21,0.1523333333333333,0.6096666666666667,111.59940000000002,60.39033333333333,23786.12691466083,b3,88.35,61.0,0.7485666872590756,0.002497267718624,255,23659.413982890997,1.0305058333333346
9.14,12.21,0.1523333333333333,0.762,111.59940000000002,60.238,23726.12691466083,b3,88.35,61.0,0.7485666872590756,0.002497267718624,256,23643.373508126857,1.0773512500000009
13.66,12.11,0.2276666666666666,0.9896666666666668,165.4226,60.010333333333335,15815.314787701318,b3,88.35,61.0,1.1279933007437408,0.0037322403759742,257,15280.722588940114,4.343718647916671
14.3,12.09,0.2383333333333333,1.228,172.887,59.772,15047.4965034965,b3,88.35,61.0,1.1827956010921754,0.0039071037610857,258,14691.661571964632,5.556842190416663
24.09,11.94,0.4015,1.6295,287.6346,59.3705,8872.303860523038,b3,88.35,61.0,2.0175877707212924,0.0065819671052136,259,8958.22571179472,18.78350043
25.13,11.89,0.4188333333333333,2.0483333333333333,298.7957,58.95166666666667,8445.125348189415,b3,88.35,61.0,2.1135406128224883,0.0068661201060198,260,8467.11031289303,9.759627709166672
25.1,11.88,0.4183333333333333,2.466666666666667,298.18800000000005,58.53333333333333,8395.219123505976,b3,88.35,61.0,2.1127944349499637,0.0068579233848427,261,8402.839756424197,8.59465729249999
25.07,11.86,0.4178333333333333,2.8845,297.3302,58.1155,8345.265257279616,b3,88.35,61.0,2.11382781502295,0.0068497266636656,262,8357.63196165264,8.686197083333306
25.05,11.85,0.4175,3.302,296.8425,57.698,8291.928143712574,b3,88.35,61.0,2.1139238722427116,0.0068442621828809,263,8286.230806397658,7.769979583333319
25.02,11.84,0.417,3.719,296.2368,57.281,8241.870503597123,b3,88.35,61.0,2.1131754971980157,0.0068360654617038,264,8252.894186717172,9.143965625833324
25.0,11.83,0.4166666666666667,4.135666666666666,295.75,56.864333333333335,8188.464,b3,88.35,61.0,2.113271165403959,0.0068306009809191,265,8206.43131840413,11.765933438749984
24.98,11.82,0.4163333333333333,4.552,295.2636,56.448,8135.02001601281,b3,88.35,61.0,2.113366995485026,0.0068251365001343,266,8183.694547879227,13.400368438749993
22.7,11.84,0.3783333333333333,4.930333333333333,268.768,56.06966666666667,8892.105726872247,b3,88.35,61.0,1.917229567801557,0.0062021856906745,267,8843.886259684165,11.451671909166656
22.69,11.83,0.3781666666666667,5.3085,268.4227,55.6915,8836.024680475979,b3,88.35,61.0,1.9180049097206333,0.0061994534502821,268,8822.66665905709,12.662537852916657
22.67,11.83,0.3778333333333333,5.686333333333333,268.1861,55.31366666666667,8783.820026466696,b3,88.35,61.0,1.9163142927883103,0.0061939889694974,269,8783.032467803185,13.077663686249997
22.66,11.82,0.3776666666666666,6.063999999999999,267.8412,54.936,8727.696381288615,b3,88.35,61.0,1.917089516320684,0.006191256729105,270,8708.492936507819,13.886208890416649
22.64,11.81,0.3773333333333333,6.441333333333333,267.3784,54.55866666666667,8675.40636042403,b3,88.35,61.0,1.9170193126994657,0.0061857922483203,271,8655.744570009929,14.621692521666654
22.63,11.8,0.3771666666666666,6.818499999999999,267.034,54.1815,8619.239946973044,b3,88.35,61.0,1.9177964476443687,0.0061830600079279,272,8613.93218443138,16.179331052499993
18.43,11.79,0.3071666666666666,7.125666666666666,217.2897,53.87433333333333,10523.472599023333,b3,88.35,61.0,1.5631890107558093,0.0050355190431335,273,10697.514365776517,14.824786251666655
14.16,11.95,0.236,7.3616666666666655,169.212,53.638333333333335,13636.86440677966,b3,88.35,61.0,1.1849371393358044,0.0038688523955925,274,13577.902886710644,8.604844792499986
14.16,11.94,0.236,7.597666666666665,169.0704,53.40233333333333,13576.86440677966,b3,88.35,61.0,1.185929548917123,0.0038688523955925,275,13565.954303545705,8.671822709166648
14.16,11.94,0.236,7.833666666666665,169.0704,53.166333333333334,13516.86440677966,b3,88.35,61.0,1.185929548917123,0.0038688523955925,276,13539.620016997209,8.78035979249999
14.15,11.94,0.2358333333333333,8.069499999999998,168.951,52.9305,13466.416961130742,b3,88.35,61.0,1.185092028049244,0.0038661201552002,277,13496.43708873442,9.127160625833325
14.15,11.94,0.2358333333333333,8.305333333333332,168.951,52.69466666666667,13406.416961130742,b3,88.35,61.0,1.185092028049244,0.0038661201552002,278,13488.852160777249,9.137936459166657
14.15,11.93,0.2358333333333333,8.541166666666665,168.8095,52.45883333333333,13346.41696113074,b3,88.35,61.0,1.186085399322263,0.0038661201552002,279,13393.385511554809,9.137965209166662
14.15,11.93,0.2358333333333333,8.777,168.8095,52.223,13286.41696113074,b3,88.35,61.0,1.186085399322263,0.0038661201552002,280,13383.573729026853,8.974216459166662
19.88,11.84,0.3313333333333333,9.108333333333333,235.3792,51.891666666666666,9396.88128772636,b3,88.35,61.0,1.6790539122420682,0.0054316939000268,281,9743.981004421843,12.30217916833333
20.3,11.8,0.3383333333333333,9.446666666666664,239.54,51.553333333333335,9142.463054187192,b3,88.35,61.0,1.7203388372594206,0.0055464479965063,282,9103.63732520047,10.795550938750017
20.3,11.8,0.3383333333333333,9.784999999999998,239.54,51.215,9082.463054187192,b3,88.35,61.0,1.7203388372594206,0.0055464479965063,283,9085.379109684258,10.889069272083347
20.29,11.79,0.3381666666666666,10.123166666666664,239.21909999999997,50.87683333333334,9026.939379004436,b3,88.35,61.0,1.720949811624274,0.0055437157561139,284,9045.844162706508,10.950856355416665
20.25,11.78,0.3375,10.460666666666665,238.545,50.53933333333333,8984.77037037037,b3,88.35,61.0,1.7190151342092417,0.0055327867945444,285,8990.924919190113,11.16934073125
20.25,11.78,0.3375,10.798166666666663,238.545,50.20183333333333,8924.77037037037,b3,88.35,61.0,1.7190151342092417,0.0055327867945444,286,8978.455503018988,11.479915314583327
14.82,11.87,0.247,11.045166666666663,175.9134,49.95483333333333,12134.777327935222,b3,88.35,61.0,1.2485255898462015,0.0040491802614888,287,11980.615605732752,12.486422814583339
14.82,11.87,0.247,11.292166666666663,175.9134,49.70783333333333,12074.777327935224,b3,88.35,61.0,1.2485255898462015,0.0040491802614888,288,11972.862018216332,12.460471147916671
14.82,11.87,0.247,11.539166666666665,175.9134,49.46083333333333,12014.777327935222,b3,88.35,61.0,1.2485255898462015,0.0040491802614888,289,11943.686195862478,12.407114064583336
14.81,11.87,0.2468333333333333,11.785999999999998,175.7947,49.214,11962.889939230248,b3,88.35,61.0,1.2476831299340247,0.0040464480210964,290,11922.572125301655,12.342111772083337
14.81,11.86,0.2468333333333333,12.03283333333333,175.6466,48.96716666666667,11902.88993923025,b3,88.35,61.0,1.2487351392297523,0.0040464480210964,291,11806.618927727073,13.231265
14.81,11.86,0.2468333333333333,12.279666666666664,175.6466,48.720333333333336,11842.88993923025,b3,88.35,61.0,1.2487351392297523,0.0040464480210964,292,11777.7892512796,13.310766249999999
14.81,11.86,0.2468333333333333,12.526499999999997,175.6466,48.4735,11782.88993923025,b3,88.35,61.0,1.2487351392297523,0.0040464480210964,293,11734.69408715057,13.415384999999997
14.8,11.86,0.2466666666666666,12.773166666666665,175.528,48.22683333333334,11730.851351351352,b3,88.35,61.0,1.2478919689804413,0.0040437157807041,294,11667.792747979809,13.744170416666666
14.8,11.85,0.2466666666666666,13.01983333333333,175.38,47.98016666666667,11670.851351351352,b3,88.35,61.0,1.248945042283119,0.0040437157807041,295,11447.145969585372,14.503909896250006
24.79,11.65,0.4131666666666666,13.432999999999996,288.8035,47.56700000000001,6907.6724485679715,b3,88.35,61.0,2.1278968130560676,0.0067732239326793,296,6933.989337269288,16.71214886541665
24.76,11.64,0.4126666666666667,13.845666666666665,288.20640000000003,47.15433333333334,6856.0420032310185,b3,88.35,61.0,2.1271475835783864,0.0067650272115022,297,6834.600864329125,15.033506984583319
24.74,11.63,0.4123333333333333,14.257999999999996,287.7262,46.742,6801.584478577204,b3,88.35,61.0,2.1272569108119592,0.0067595627307175,298,6807.091350725971,15.841396991249974
24.72,11.61,0.412,14.669999999999996,286.9992,46.330000000000005,6747.087378640778,b3,88.35,61.0,2.1291987830147474,0.0067540982499328,299,6730.767181683717,14.74126854749999
24.7,11.6,0.4116666666666667,15.081666666666663,286.52,45.91833333333334,6692.55060728745,b3,88.35,61.0,2.1293101612663654,0.006748633769148,300,6678.6124206729,15.508152921666653
24.68,11.59,0.4113333333333333,15.492999999999997,286.0412,45.507000000000005,6637.974068071313,b3,88.35,61.0,2.1294217317151225,0.0067431692883633,301,6632.214895874395,15.104408959166662
24.66,11.58,0.411,15.903999999999996,285.5628,45.096,6583.3576642335765,b3,88.35,61.0,2.1295334948589386,0.0067377048075786,302,6606.745249531706,16.579449688750003
20.52,11.65,0.3419999999999999,16.245999999999995,239.058,44.754000000000005,7851.578947368423,b3,88.35,61.0,1.761373239367104,0.0056065572851384,303,7789.583026867473,21.62547229250003
20.51,11.65,0.3418333333333334,16.58783333333333,238.9415,44.41216666666667,7795.407118478791,b3,88.35,61.0,1.7605148703420714,0.005603825044746,304,7780.642668231481,21.597714375833363
20.51,11.64,0.3418333333333334,16.929666666666662,238.73640000000003,44.07033333333334,7735.407118478791,b3,88.35,61.0,1.7620273400320157,0.005603825044746,305,7710.367591890391,22.10500541666669
20.5,11.64,0.3416666666666667,17.271333333333327,238.62,43.72866666666667,7679.180487804879,b3,88.35,61.0,1.7611682335766123,0.0056010928043536,306,7669.3128710007,22.172291250000015
20.49,11.63,0.3414999999999999,17.612833333333327,238.2987,43.38716666666667,7622.928257686678,b3,88.35,61.0,1.761822720393575,0.0055983605639613,307,7614.507932549919,22.79611208333335
20.49,11.62,0.3414999999999999,17.954333333333327,238.09379999999996,43.04566666666667,7562.928257686678,b3,88.35,61.0,1.7633389188176491,0.0055983605639613,308,7515.857891343386,23.68542166666668
20.48,11.62,0.3413333333333333,18.295666666666666,237.9776,42.70433333333334,7506.62109375,b3,88.35,61.0,1.7624783336937753,0.0055956283235689,309,7526.119130557641,23.495058750000016
20.47,11.61,0.3411666666666667,18.63683333333333,237.65669999999997,42.36316666666667,7450.288226673182,b3,88.35,61.0,1.7631350763880211,0.0055928960831765,310,7465.755520469579,23.346261666666678
20.46,11.6,0.341,18.97783333333333,237.336,42.02216666666667,7393.929618768329,b3,88.35,61.0,1.7637929513971595,0.0055901638427842,311,7345.579607249621,23.54257750000002
11.03,11.82,0.1838333333333333,19.16166666666666,130.3746,41.83833333333334,13655.30371713509,b3,88.35,61.0,0.9331640496477116,0.0030136611527815,312,13484.050902174102,20.50731749999999
11.03,11.82,0.1838333333333333,19.34549999999999,130.3746,41.654500000000006,13595.303717135088,b3,88.35,61.0,0.9331640496477116,0.0030136611527815,313,13476.096598841967,20.537351249999986
11.03,11.82,0.1838333333333333,19.529333333333327,130.3746,41.47066666666667,13535.30371713509,b3,88.35,61.0,0.9331640496477116,0.0030136611527815,314,13467.546598841967,20.563547499999984
11.03,11.82,0.1838333333333333,19.71316666666666,130.3746,41.28683333333334,13475.30371713509,b3,88.35,61.0,0.9331640496477116,0.0030136611527815,315,13433.078546254257,20.944892916666653
11.03,11.82,0.1838333333333333,19.89699999999999,130.3746,41.10300000000001,13415.303717135088,b3,88.35,61.0,0.9331640496477116,0.0030136611527815,316,13398.731565426575,21.68582041666666
11.03,11.82,0.1838333333333333,20.080833333333324,130.3746,40.91916666666667,13355.30371713509,b3,88.35,61.0,0.9331640496477116,0.0030136611527815,317,13370.906236507657,21.937889166666668
11.03,11.82,0.1838333333333333,20.264666666666656,130.3746,40.735333333333344,13295.30371713509,b3,88.35,61.0,0.9331640496477116,0.0030136611527815,318,13352.085904387073,21.81450458333333
11.02,11.82,0.1836666666666666,20.448333333333323,130.2564,40.55166666666668,13247.368421052635,b3,88.35,61.0,0.932318026030624,0.0030109289123891,319,13329.550334536681,22.119851666666662
23.81,11.45,0.3968333333333333,20.845166666666657,272.62449999999995,40.15483333333334,6071.289374212517,b3,88.35,61.0,2.0794758009191443,0.0065054643742273,320,6176.635085236248,20.08836041833333
23.78,11.44,0.3963333333333333,21.24149999999999,272.0432,39.75850000000001,6018.948696383517,b3,88.35,61.0,2.0786711469693055,0.0064972676530502,321,6081.671485354713,21.421666249999998
23.76,11.42,0.396,21.637499999999992,271.3392,39.36250000000001,5964.015151515152,b3,88.35,61.0,2.0805602381295767,0.0064918031722655,322,6020.732144101692,21.660867916666653
23.74,11.41,0.3956666666666666,22.03316666666666,270.8734,38.96683333333334,5909.03959561921,b3,88.35,61.0,2.0806308430647813,0.0064863386914807,323,6017.372075593707,21.640777292499983
21.55,11.45,0.3591666666666667,22.39233333333333,246.7475,38.607666666666674,6449.5406032482615,b3,88.35,61.0,1.882095905493808,0.0058879780455522,324,6404.700460964476,22.011154272083314
21.54,11.44,0.359,22.751333333333328,246.4176,38.24866666666667,6392.534818941505,b3,88.35,61.0,1.8828669682808596,0.0058852458051599,325,6341.930167702539,23.690848022083305
21.52,11.43,0.3586666666666666,23.109999999999996,245.9736,37.89,6338.4758364312265,b3,88.35,61.0,1.8827644896968951,0.0058797813243751,326,6315.077892313463,24.18939427208332
21.51,11.42,0.3585,23.468499999999995,245.6442,37.53150000000001,6281.42259414226,b3,88.35,61.0,1.8835374883067,0.0058770490839828,327,6248.877144100144,24.373471772083313
23.66,11.36,0.3943333333333333,23.862833333333327,268.7776,37.13716666666667,5650.625528317837,b3,88.35,61.0,2.0827462955328966,0.0064644807683418,328,5596.040740160729,36.05600083333333
23.65,11.35,0.3941666666666666,24.25699999999999,268.42749999999995,36.74300000000001,5593.014799154336,b3,88.35,61.0,2.0837002569427088,0.0064617485279494,329,5566.395778371214,36.02330916666667
6.1,11.8,0.1016666666666666,24.35866666666666,71.98,36.641333333333336,21624.393442622953,b3,88.35,61.0,0.5169491087331264,0.0016666666393442,330,21350.470701281512,26.387203125833334
6.1,11.82,0.1016666666666666,24.460333333333327,72.102,36.53966666666667,21564.39344262296,b3,88.35,61.0,0.516074406423485,0.0016666666393442,331,21367.260046054682,25.892822709166673
6.1,11.83,0.1016666666666666,24.56199999999999,72.163,36.438,21504.393442622953,b3,88.35,61.0,0.515638164358566,0.0016666666393442,332,21482.08980447582,25.33788895916665
6.1,11.83,0.1016666666666666,24.66366666666666,72.163,36.33633333333334,21444.393442622957,b3,88.35,61.0,0.515638164358566,0.0016666666393442,333,21469.48980447582,25.356697292499984
6.1,11.84,0.1016666666666666,24.765333333333327,72.22399999999999,36.23466666666667,21384.393442622953,b3,88.35,61.0,0.5152026591889646,0.0016666666393442,334,21415.39228109498,25.29204562583334
6.1,11.84,0.1016666666666666,24.866999999999994,72.22399999999999,36.13300000000001,21324.393442622957,b3,88.35,61.0,0.5152026591889646,0.0016666666393442,335,21403.363549767695,25.16863229250001
6.1,11.85,0.1016666666666666,24.96866666666666,72.285,36.031333333333336,21264.393442622953,b3,88.35,61.0,0.5147678890491233,0.0016666666393442,336,21262.31114514513,25.454418959166684
8.45,11.77,0.1408333333333333,25.109499999999993,99.4565,35.8905,15290.627218934917,b3,88.35,61.0,0.7179268718838682,0.0023087431315506,337,15154.126461086817,24.897133750000002
8.46,11.77,0.141,25.250499999999995,99.5742,35.749500000000005,15212.553191489362,b3,88.35,61.0,0.7187764894837309,0.002311475371943,338,15113.576510836314,25.30670291666669
8.46,11.77,0.141,25.391499999999994,99.5742,35.60850000000001,15152.553191489362,b3,88.35,61.0,0.7187764894837309,0.002311475371943,339,15085.367017744506,25.444735416666695
8.46,11.77,0.141,25.53249999999999,99.5742,35.46750000000001,15092.553191489364,b3,88.35,61.0,0.7187764894837309,0.002311475371943,340,15048.15915061901,25.66529833333335
8.46,11.77,0.141,25.67349999999999,99.5742,35.32650000000001,15032.553191489364,b3,88.35,61.0,0.7187764894837309,0.002311475371943,341,15005.742803334422,25.828259583333338
8.46,11.77,0.141,25.81449999999999,99.5742,35.18550000000001,14972.553191489364,b3,88.35,61.0,0.7187764894837309,0.002311475371943,342,14998.09280333442,25.855020833333345
15.15,11.57,0.2525,26.06699999999999,175.2855,34.93300000000001,8300.91089108911,b3,88.35,61.0,1.309420802988695,0.0041393441944369,343,8186.077336612544,28.80027583333332
15.14,11.57,0.2523333333333333,26.31933333333332,175.1698,34.68066666666668,8246.393659180982,b3,88.35,61.0,1.3085564988283065,0.0041366119540446,344,8185.716489000815,28.851992499999987
15.48,11.55,0.258,26.57733333333332,178.794,34.42266666666668,8005.271317829461,b3,88.35,61.0,1.340259624219946,0.0042295081273851,345,7916.550458479643,28.923052916666652
15.47,11.54,0.2578333333333333,26.835166666666655,178.5238,34.16483333333335,7950.446024563675,b3,88.35,61.0,1.3405544765550717,0.0042267758869927,346,7928.201238247163,29.002712916666656
15.46,11.54,0.2576666666666666,27.09283333333332,178.4084,33.90716666666668,7895.588615782668,b3,88.35,61.0,1.3396879255036462,0.0042240436466003,347,7913.166724129537,28.641031666666652
15.46,11.53,0.2576666666666666,27.350499999999982,178.2538,33.64950000000002,7835.588615782669,b3,88.35,61.0,1.3408498403425986,0.0042240436466003,348,7866.367778073115,28.361742083333326
15.46,11.52,0.2576666666666666,27.60816666666665,178.0992,33.39183333333335,7775.588615782669,b3,88.35,61.0,1.342013772394638,0.0042240436466003,349,7838.99437848788,28.26697041666666
15.45,11.52,0.2575,27.86566666666665,177.98399999999998,33.134333333333345,7720.621359223303,b3,88.35,61.0,1.3411457169144343,0.004221311406208,350,7827.658801761017,28.03754874999999
15.44,11.51,0.2573333333333333,28.122999999999983,177.71439999999998,32.87700000000002,7665.621761658035,b3,88.35,61.0,1.341442107607115,0.0042185791658156,351,7765.406682174673,28.50655916666666
15.44,11.5,0.2573333333333333,28.380333333333315,177.56,32.61966666666669,7605.621761658036,b3,88.35,61.0,1.342608578903602,0.0042185791658156,352,7621.263628012666,29.190368749999983
15.44,11.49,0.2573333333333333,28.637666666666647,177.4056,32.36233333333335,7545.621761658036,b3,88.35,61.0,1.34377708061122,0.0042185791658156,353,7532.7060820910565,29.85829749999999
15.43,11.49,0.2571666666666666,28.894833333333313,177.2907,32.10516666666669,7490.511989630595,b3,88.35,61.0,1.3429067586678192,0.0042158469254232,354,7520.4144748383005,29.656461249999992
15.42,11.48,0.257,29.151833333333315,177.0216,31.848166666666685,7435.369649805451,b3,88.35,61.0,1.3432054579089323,0.0042131146850309,355,7503.886766474714,29.693234999999994
15.42,11.48,0.257,29.408833333333316,177.0216,31.591166666666684,7375.369649805451,b3,88.35,61.0,1.3432054579089323,0.0042131146850309,356,7499.8933360108085,29.691467499999995
22.94,11.27,0.3823333333333333,29.791166666666648,258.5338,31.208833333333352,4897.637314734091,b3,88.35,61.0,2.035492277241147,0.0062677594600913,357,4963.459044862583,43.41418041666667
22.91,11.25,0.3818333333333333,30.17299999999998,257.7375,30.82700000000002,4844.050632911395,b3,88.35,61.0,2.036444263427177,0.0062595627389142,358,4887.260055176979,43.935867083333335
22.89,11.23,0.3815,30.55449999999998,257.0547,30.44550000000002,4788.283093053738,b3,88.35,61.0,2.0382901123517265,0.0062540982581295,359,4823.81121445755,43.91480541666666
20.07,11.29,0.3345,30.888999999999974,226.5903,30.111000000000026,5401.0762331838605,b3,88.35,61.0,1.7776792048114085,0.0054836064674818,360,5210.19938523243,46.68834833333332
20.05,11.28,0.3341666666666666,31.223166666666646,226.164,29.776833333333354,5346.463840399007,b3,88.35,61.0,1.777482111925345,0.0054781419866971,361,5210.99797732939,47.06898833333334
20.04,11.27,0.3339999999999999,31.55716666666665,225.8508,29.44283333333335,5289.13173652695,b3,88.35,61.0,1.7781719806413503,0.0054754097463047,362,5193.269760828245,47.25358249999999
22.19,11.22,0.3698333333333333,31.92699999999998,248.97180000000003,29.07300000000002,4716.665164488511,b3,88.35,61.0,1.9777181838040836,0.0060628414306638,363,4790.50628838456,44.85171749999999
22.17,11.18,0.3695,32.29649999999998,247.8606,28.70350000000002,4660.920162381599,b3,88.35,61.0,1.983005189355529,0.006057376949879,364,4760.092973332093,45.12189708333332
14.59,11.39,0.2431666666666666,32.53966666666665,166.1801,28.460333333333352,7022.426319396852,b3,88.35,61.0,1.280948087713074,0.0039863387324643,365,7202.842059497754,35.38879166666666
14.59,11.39,0.2431666666666666,32.782833333333315,166.1801,28.217166666666685,6962.426319396852,b3,88.35,61.0,1.280948087713074,0.0039863387324643,366,7193.8964425314325,35.81362875
16.88,11.31,0.2813333333333333,33.06416666666665,190.9128,27.93583333333335,5957.879146919435,b3,88.35,61.0,1.4924843950058009,0.0046120217823165,367,5942.9855905084905,39.8337275
16.87,11.3,0.2811666666666667,33.345333333333315,190.63100000000003,27.654666666666685,5901.410788381746,b3,88.35,61.0,1.4929202218654671,0.0046092895419242,368,5755.441508086732,43.01401708333333
16.86,11.29,0.2809999999999999,33.626333333333314,190.34939999999995,27.373666666666686,5844.911032028474,b3,88.35,61.0,1.4933568207832757,0.0046065573015318,369,5710.723865413916,44.45317458333333
16.85,11.29,0.2808333333333334,33.90716666666665,190.2365,27.092833333333353,5788.3798219584605,b3,88.35,61.0,1.4924710812691695,0.0046038250611394,370,5700.694884051855,44.180786250000004
16.85,11.28,0.2808333333333334,34.18799999999998,190.068,26.81200000000002,5728.3798219584605,b3,88.35,61.0,1.4937941938125718,0.0046038250611394,371,5656.4248574225985,44.516423749999994
16.84,11.27,0.2806666666666667,34.46866666666665,189.7868,26.53133333333335,5671.781472684089,b3,88.35,61.0,1.4942323430139892,0.0046010928207471,372,5632.658544400179,44.615147500000006
20.34,11.15,0.339,34.80766666666665,226.791,26.19233333333335,4635.811209439531,b3,88.35,61.0,1.8242150830300377,0.0055573769580757,373,4828.119020720112,47.221646249999985
20.32,11.14,0.3386666666666666,35.14633333333332,226.3648,25.853666666666683,4580.374015748034,b3,88.35,61.0,1.824057286888933,0.005551912477291,374,4754.054148487874,47.14301624999998
20.3,11.12,0.3383333333333333,35.48466666666665,225.736,25.515333333333352,4524.886699507392,b3,88.35,61.0,1.8255394041781112,0.0055464479965063,375,4687.857341491128,47.37477833333333
14.51,11.28,0.2418333333333333,35.72649999999998,163.6728,25.27350000000002,6270.475534114409,b3,88.35,61.0,1.286347403692606,0.0039644808093254,376,6226.324901360174,49.91518958333334
12.18,11.36,0.2029999999999999,35.92949999999998,138.3648,25.070500000000017,7410.000000000005,b3,88.35,61.0,1.0721830042092426,0.0033278687979037,377,7255.67589643564,39.56491958333336
12.18,11.36,0.2029999999999999,36.132499999999986,138.3648,24.867500000000017,7350.000000000004,b3,88.35,61.0,1.0721830042092426,0.0033278687979037,378,7254.475896435641,39.56897958333336
12.18,11.36,0.2029999999999999,36.33549999999999,138.3648,24.66450000000001,7290.000000000004,b3,88.35,61.0,1.0721830042092426,0.0033278687979037,379,7250.1003244633,39.60979208333336
17.77,11.17,0.2961666666666666,36.63166666666665,198.4909,24.368333333333347,4936.747326955546,b3,88.35,61.0,1.5908682550699862,0.0048551911772373,380,4988.638457377334,46.364163333333316
17.73,11.16,0.2955,36.92716666666665,197.8668,24.07283333333335,4887.884940778345,b3,88.35,61.0,1.5887095350618698,0.0048442622156678,381,4984.040843772193,46.26045916666664
17.71,11.15,0.2951666666666667,37.22233333333332,197.4665,23.777666666666683,4833.404856013555,b3,88.35,61.0,1.5883406647228104,0.004838797734883,382,4914.320840387928,48.310805416666646
17.7,11.14,0.295,37.51733333333332,197.178,23.48266666666668,4776.135593220342,b3,88.35,61.0,1.5888687981266787,0.0048360654944907,383,4876.389308405796,49.46642458333332
23.46,10.93,0.391,37.90833333333332,256.4178,23.091666666666683,3543.4782608695677,b3,88.35,61.0,2.146385896945481,0.0064098359604944,384,3543.6836959296475,47.09393593875
23.46,10.93,0.391,38.299333333333315,256.4178,22.700666666666685,3483.4782608695677,b3,88.35,61.0,2.146385896945481,0.0064098359604944,385,3466.056859689719,47.83987104250001
23.42,10.9,0.3903333333333333,38.689666666666646,255.278,22.31033333333335,3429.4278394534613,b3,88.35,61.0,2.148623656089573,0.006398906998925,386,3399.506395901719,49.36942812583336
23.38,10.87,0.3896666666666666,39.07933333333331,254.1406,21.92066666666669,3375.295124037643,b3,88.35,61.0,2.150873767168927,0.0063879780373555,387,3338.649017078008,51.448216250000044
23.34,10.85,0.389,39.46833333333331,253.239,21.531666666666688,3321.0796915167125,b3,88.35,61.0,2.1511518754698735,0.006377049075786,388,3334.6618567147093,52.21133916666671
23.3,10.82,0.3883333333333333,39.85666666666665,252.106,21.143333333333352,3266.7811158798313,b3,88.35,61.0,2.153419394323531,0.0063661201142166,389,3340.2334892688564,52.637913750000045
8.13,11.38,0.1355,39.99216666666665,92.51940000000002,21.007833333333352,9302.361623616243,b3,88.35,61.0,0.7144111850253793,0.0022213114389948,390,9144.78805047215,45.584968231249974
7.81,11.38,0.1301666666666666,40.12233333333331,88.87780000000001,20.877666666666684,9623.50832266326,b3,88.35,61.0,0.6862916795877259,0.0021338797464391,391,9446.55343608264,46.685093647916645
7.81,11.39,0.1301666666666666,40.25249999999998,88.9559,20.747500000000016,9563.50832266326,b3,88.35,61.0,0.6856891408525776,0.0021338797464391,392,9373.097489139349,46.04492531458331
7.81,11.4,0.1301666666666666,40.38266666666665,89.03399999999999,20.61733333333335,9503.50832266326,b3,88.35,61.0,0.6850876592028369,0.0021338797464391,393,9591.347814909439,44.30543531458329
9.9,11.31,0.165,40.54766666666665,111.969,20.45233333333335,7437.2121212121265,b3,88.35,61.0,0.8753314875922646,0.0027049179884439,394,7113.493081359208,47.30569916666664
9.89,11.31,0.1648333333333333,40.712499999999984,111.8559,20.287500000000016,7384.732052578367,b3,88.35,61.0,0.8744473143724745,0.0027021857480515,395,7074.696742322921,47.25970916666666
9.9,11.31,0.165,40.87749999999998,111.969,20.122500000000016,7317.2727272727325,b3,88.35,61.0,0.8753314875922646,0.0027049179884439,396,7053.598367005524,46.71360333333331
9.89,11.31,0.1648333333333333,41.04233333333332,111.8559,19.95766666666668,7264.67138523762,b3,88.35,61.0,0.8744473143724745,0.0027021857480515,397,7020.585083105152,46.73130374999998
12.4,11.21,0.2066666666666666,41.24899999999998,139.00400000000002,19.75100000000002,5734.161290322586,b3,88.35,61.0,1.106155119879115,0.0033879780865358,398,5635.206279254267,48.81766499999999
12.4,11.2,0.2066666666666666,41.45566666666664,138.88,19.544333333333356,5674.161290322587,b3,88.35,61.0,1.107142758290825,0.0033879780865358,399,5557.209995481535,48.25526791666667
12.39,11.2,0.2065,41.66216666666664,138.768,19.337833333333357,5618.740920096859,b3,88.35,61.0,1.1062499012276876,0.0033852458461435,400,5557.209995481535,48.25526791666667
12.39,11.19,0.2065,41.86866666666664,138.6441,19.13133333333336,5558.74092009686,b3,88.35,61.0,1.1072385069491952,0.0033852458461435,401,5477.596076444696,47.937889999999996
16.6,11.02,0.2766666666666666,42.145333333333305,182.932,18.854666666666695,4088.9638554216926,b3,88.35,61.0,1.5063519504217833,0.0045355190513302,402,4302.311200964845,53.16244635541665
16.58,11.0,0.2763333333333333,42.42166666666664,182.38,18.57833333333336,4033.896260554892,b3,88.35,61.0,1.5072725902479462,0.0045300545705455,403,4237.6434617685845,53.04133739624999
16.55,10.99,0.2758333333333333,42.69749999999997,181.8845,18.30250000000003,3981.208459214509,b3,88.35,61.0,1.5059143306720355,0.0045218578493684,404,4160.474017682675,53.773906562916665
16.54,10.97,0.2756666666666666,42.97316666666664,181.4438,18.026833333333364,3923.615477629995,b3,88.35,61.0,1.507748267297332,0.004519125608976,405,4083.834852140235,54.30984656291665
16.53,10.95,0.2755,43.24866666666664,181.0035,17.751333333333363,3865.98911070781,b3,88.35,61.0,1.5095889032338905,0.0045163933685837,406,3991.013512703172,54.63906072958331
21.63,10.73,0.3605,43.60916666666664,232.0899,17.39083333333336,2894.4521497919604,b3,88.35,61.0,2.015843241766706,0.0059098359686912,407,2868.8946200982487,58.33242666666671
21.57,10.69,0.3595,43.968666666666635,230.5833,17.031333333333365,2842.5034770514653,b3,88.35,61.0,2.0177734314524387,0.005893442526337,408,2830.738583214109,58.253228750000055
21.52,10.65,0.3586666666666666,44.3273333333333,229.188,16.6726666666667,2789.1078066914556,b3,88.35,61.0,2.020657087262246,0.0058797813243751,409,2820.467281188433,58.16361333333339
21.47,10.61,0.3578333333333333,44.68516666666663,227.7967,16.314833333333368,2735.6031672100667,b3,88.35,61.0,2.0235624859978807,0.0058661201224133,410,2784.5416628193575,57.852737083333395
21.42,10.57,0.357,45.04216666666663,226.40940000000003,15.957833333333369,2681.988795518213,b3,88.35,61.0,2.0264898745042697,0.0058524589204514,411,2763.6405515574716,57.133477500000055
22.03,10.5,0.3671666666666667,45.4093333333333,231.315,15.5906666666667,2547.725828415802,b3,88.35,61.0,2.098095038276663,0.0060191255843859,412,2676.4246297945297,55.28565750000004
21.96,10.44,0.366,45.7753333333333,229.2624,15.2246666666667,2495.8469945355246,b3,88.35,61.0,2.1034480743823685,0.0059999999016393,413,2626.2055900522328,53.710697500000045
21.89,10.38,0.3648333333333333,46.14016666666663,227.2182,14.85983333333337,2443.8282320694443,b3,88.35,61.0,2.1088629952925824,0.0059808742188927,414,2598.855409771775,52.91965583333337
21.81,10.32,0.3635,46.50366666666663,225.0792,14.496333333333368,2392.7922971114226,b3,88.35,61.0,2.113371888239158,0.0059590162957538,415,2583.3524898886,52.325484166666705
21.73,10.25,0.3621666666666667,46.8658333333333,222.7325,14.1341666666667,2341.6014726185053,b3,88.35,61.0,2.119999793170752,0.0059371583726148,416,2571.2082395047687,52.170252083333374
16.74,10.42,0.2789999999999999,47.1448333333333,174.43079999999998,13.855166666666696,2979.6057347670317,b3,88.35,61.0,1.6065257575311174,0.0045737704168234,417,3124.8360226203013,59.81757510708335
16.72,10.39,0.2786666666666667,47.42349999999997,173.7208,13.576500000000031,2923.169856459337,b3,88.35,61.0,1.6092394986294996,0.0045683059360387,418,3105.7663371521653,58.93671364791667
16.68,10.36,0.2779999999999999,47.70149999999997,172.8048,13.298500000000033,2870.179856115115,b3,88.35,61.0,1.610038454629493,0.0045573769744692,419,3046.5064141099633,57.63111698124996
16.64,10.31,0.2773333333333333,47.9788333333333,171.5584,13.0211666666667,2817.0793269230844,b3,88.35,61.0,1.613966865764611,0.0045464480128997,420,2936.1580692967445,56.13728343874996
18.59,10.07,0.3098333333333333,48.28866666666663,187.2013,12.711333333333371,2461.5814954276566,b3,88.35,61.0,1.8460772744709757,0.0050792348894114,421,2480.9277736265067,50.983999999999966
18.46,9.94,0.3076666666666667,48.5963333333333,183.4924,12.403666666666702,2418.916576381372,b3,88.35,61.0,1.8571426703075788,0.0050437157643106,422,2458.1746400842762,51.08755749999996
18.31,9.78,0.3051666666666666,48.90149999999996,179.07179999999997,12.098500000000035,2378.732932823601,b3,88.35,61.0,1.8721879476290444,0.0050027321584251,423,2453.6080356971547,51.14100499999997
13.61,10.14,0.2268333333333333,49.128333333333295,138.0054,11.871666666666703,3140.191036002949,b3,88.35,61.0,1.3422089406105582,0.0037185791740123,424,3124.1765815867116,50.78575249999999
13.6,10.13,0.2266666666666666,49.35499999999996,137.768,11.64500000000004,3082.5000000000105,b3,88.35,61.0,1.3425467578927188,0.0037158469336199,425,3097.699427366145,51.534874583333334
13.57,10.09,0.2261666666666666,49.581166666666626,136.9213,11.418833333333374,3029.3146647015583,b3,88.35,61.0,1.3448958032808918,0.0037076502124428,426,3052.1294714213877,52.811740833333346
13.53,10.04,0.2254999999999999,49.80666666666662,135.8412,11.193333333333378,2978.270509977839,b3,88.35,61.0,1.3476094275289416,0.0036967212508734,427,3065.3599656854603,53.527125416666685
16.09,9.63,0.2681666666666666,50.07483333333329,154.94670000000002,10.925166666666712,2444.4126786824218,b3,88.35,61.0,1.6708201795617674,0.0043961747913195,428,2498.979978892609,54.659688542500014
15.95,9.48,0.2658333333333333,50.34066666666662,151.206,10.65933333333338,2405.8683385580043,b3,88.35,61.0,1.6824892739990218,0.0043579234258263,429,2463.1906888881344,55.20098104250005
12.13,9.88,0.2021666666666667,50.54283333333328,119.84440000000002,10.457166666666716,3103.528441879652,b3,88.35,61.0,1.227732669257827,0.0033142075959419,430,3088.9505579339007,55.151355416666675
12.12,9.87,0.2019999999999999,50.74483333333328,119.62439999999998,10.255166666666716,3046.0891089109064,b3,88.35,61.0,1.227963401422148,0.0033114753555495,431,3067.141197092083,56.128109166666675
6.96,10.59,0.116,50.86083333333328,73.7064,10.139166666666718,5244.396551724164,b3,88.35,61.0,0.6572237339732074,0.0019016393130878,432,5148.19082297511,60.430314583333285
7.0,10.7,0.1166666666666666,50.97749999999995,74.89999999999999,10.02250000000005,5154.428571428597,b3,88.35,61.0,0.6542055463359303,0.0019125682746573,433,5113.781157416084,59.59977291666659
7.01,10.74,0.1168333333333333,51.09433333333328,75.2874,9.905666666666718,5087.075606276774,b3,88.35,61.0,0.6527001254469157,0.0019153005150497,434,5094.289823018433,59.75519708333326
7.01,10.75,0.1168333333333333,51.211166666666614,75.3575,9.788833333333386,5027.075606276775,b3,88.35,61.0,0.6520929625960035,0.0019153005150497,435,5084.839804011492,59.913498749999924
7.02,10.77,0.1169999999999999,51.32816666666661,75.60539999999999,9.671833333333389,4959.914529914559,b3,88.35,61.0,0.6518105244372773,0.001918032755442,436,5071.19994688836,59.985063333333265
7.77,10.7,0.1295,51.45766666666661,83.139,9.542333333333389,4421.158301158327,b3,88.35,61.0,0.7261681564328827,0.0021229507848696,437,4531.647092658955,60.675107083333295
7.77,10.7,0.1295,51.58716666666661,83.139,9.412833333333388,4361.158301158327,b3,88.35,61.0,0.7261681564328827,0.0021229507848696,438,4443.497826452897,60.4266366666666
7.77,10.71,0.1295,51.71666666666661,83.2167,9.283333333333388,4301.158301158327,b3,88.35,61.0,0.7254901283389236,0.0021229507848696,439,4349.128941439464,59.66053874999992
7.77,10.71,0.1295,51.84616666666661,83.2167,9.153833333333388,4241.158301158327,b3,88.35,61.0,0.7254901283389236,0.0021229507848696,440,4187.494483487048,57.22814499999988
7.77,10.71,0.1295,51.97566666666661,83.2167,9.024333333333388,4181.158301158326,b3,88.35,61.0,0.7254901283389236,0.0021229507848696,441,4153.164159579651,57.271559479583246
7.77,10.7,0.1295,52.10516666666661,83.139,8.894833333333388,4121.158301158326,b3,88.35,61.0,0.7261681564328827,0.0021229507848696,442,4101.044265016462,56.275235312916585
8.64,10.63,0.144,52.24916666666661,91.8432,8.75083333333339,3646.180555555579,b3,88.35,61.0,0.8127939028415896,0.0023606556990056,443,3574.3221533895307,47.66660500000002
8.64,10.61,0.144,52.39316666666661,91.6704,8.606833333333391,3586.18055555558,b3,88.35,61.0,0.814326030695002,0.0023606556990056,444,3550.1283662441883,48.98611208333335
8.63,10.6,0.1438333333333333,52.53699999999994,91.478,8.463000000000058,3530.336037079978,b3,88.35,61.0,0.8141508665895411,0.0023579234586132,445,3513.879377932972,47.72629541666668
8.63,10.59,0.1438333333333333,52.680833333333275,91.3917,8.319166666666725,3470.336037079978,b3,88.35,61.0,0.8149196586478133,0.0023579234586132,446,3477.4491320218744,49.74430041666669
8.62,10.57,0.1436666666666666,52.824499999999944,91.1134,8.175500000000056,3414.3619489559405,b3,88.35,61.0,0.8155155330638095,0.0023551912182209,447,3426.5814957173293,53.087745938750025
10.85,10.35,0.1808333333333333,53.00533333333328,112.2975,7.994666666666724,2652.6082949308948,b3,88.35,61.0,1.04830907745806,0.0029644808257188,448,2713.5658559385156,59.458548552499934
10.78,10.2,0.1796666666666666,53.184999999999945,109.956,7.815000000000055,2609.833024118757,b3,88.35,61.0,1.056862641484055,0.0029453551429723,449,2634.2716294127076,59.80775073791659
10.78,10.2,0.1796666666666666,53.364666666666615,109.956,7.635333333333385,2549.833024118756,b3,88.35,61.0,1.056862641484055,0.0029453551429723,450,2597.2029488270646,59.54513291999992
5.29,10.75,0.0881666666666666,53.45283333333328,56.8675,7.547166666666719,5136.068052930093,b3,88.35,61.0,0.4920929774797231,0.0014453551675624,451,5130.936093816909,48.48457083333334
5.29,10.8,0.0881666666666666,53.54099999999995,57.132000000000005,7.459000000000053,5076.068052930093,b3,88.35,61.0,0.4898147694615954,0.0014453551675624,452,5056.160198794733,49.04589770916666
5.29,10.83,0.0881666666666666,53.62916666666661,57.2907,7.370833333333387,5016.0680529300935,b3,88.35,61.0,0.4884579419706425,0.0014453551675624,453,5003.798671211266,50.05957145916672
7.63,10.64,0.1271666666666666,53.75633333333328,81.1832,7.243666666666719,3417.719528178269,b3,88.35,61.0,0.7171051957607899,0.0020846994193765,454,3461.487198563966,55.832977709166634
7.62,10.62,0.127,53.88333333333328,80.92439999999999,7.116666666666717,3362.2047244094724,b3,88.35,61.0,0.7175140567312566,0.0020819671789841,455,3382.03837285576,56.86040916666664
7.62,10.61,0.127,54.010333333333286,80.84819999999999,6.989666666666714,3302.204724409471,b3,88.35,61.0,0.7181903187379531,0.0020819671789841,456,3342.9261817710994,57.58195666666669
7.62,10.6,0.127,54.13733333333329,80.77199999999999,6.862666666666712,3242.20472440947,b3,88.35,61.0,0.7188678567105796,0.0020819671789841,457,3298.7358247537395,58.14691531291667
7.61,10.58,0.1268333333333333,54.26416666666662,80.5138,6.735833333333382,3186.465177398183,b3,88.35,61.0,0.7192815955310402,0.0020792349385917,458,3258.4493046381167,58.728439479583336
6.97,10.57,0.1161666666666666,54.38033333333328,73.6729,6.619666666666717,3419.05308464852,b3,88.35,61.0,0.6594133718625003,0.0019043715534802,459,3458.0548159398163,59.78320291666666
6.98,10.62,0.1163333333333333,54.49666666666661,74.1276,6.503333333333387,3354.154727793724,b3,88.35,61.0,0.6572504089218072,0.0019071037938726,460,3367.546733607754,57.37567833333332
6.97,10.62,0.1161666666666666,54.61283333333328,74.02139999999999,6.387166666666722,3298.967001434749,b3,88.35,61.0,0.6563087894247845,0.0019043715534802,461,3342.2258002349977,57.939966249999976
6.97,10.61,0.1161666666666666,54.72899999999994,73.95169999999999,6.271000000000058,3238.96700143475,b3,88.35,61.0,0.6569273650398337,0.0019043715534802,462,3256.27602218219,56.88862656458331
6.97,10.61,0.1161666666666666,54.84516666666661,73.95169999999999,6.154833333333393,3178.967001434751,b3,88.35,61.0,0.6569273650398337,0.0019043715534802,463,3237.493275796567,57.17270677374997
9.22,10.41,0.1536666666666666,54.99883333333327,95.9802,6.001166666666727,2343.188720173559,b3,88.35,61.0,0.8856867544969498,0.0025191256417629,464,2391.611251724428,61.74578458333333
9.18,10.32,0.153,55.15183333333327,94.7376,5.848166666666728,2293.3986928104814,b3,88.35,61.0,0.889534797525698,0.0025081966801934,465,2345.0215525457406,60.601856875833356
9.13,10.23,0.1521666666666666,55.30399999999994,93.39990000000002,5.696000000000062,2245.9583789704516,b3,88.35,61.0,0.8924730310388045,0.0024945354782316,466,2234.1575971873062,56.59231687583331
9.07,10.1,0.1511666666666666,55.45516666666661,91.607,5.5448333333333935,2200.8158765160106,b3,88.35,61.0,0.8980197130673553,0.0024781420358774,467,2193.6813617276553,54.41779791666667
9.0,9.96,0.15,55.605166666666605,89.64000000000001,5.394833333333395,2157.933333333358,b3,88.35,61.0,0.9036143671069912,0.0024590163531308,468,2143.7324423842506,52.81186499999998
8.92,9.8,0.1486666666666666,55.75383333333327,87.41600000000001,5.246166666666731,2117.286995515721,b3,88.35,61.0,0.910203988754695,0.0024371584299919,469,2135.9695164272575,53.84608833333333
6.78,10.04,0.113,55.86683333333327,68.07119999999999,5.133166666666732,2725.5752212389725,b3,88.35,61.0,0.6752987375200462,0.0018524589860252,470,2708.899222502643,62.79791375833332
6.78,10.04,0.113,55.97983333333327,68.07119999999999,5.020166666666732,2665.5752212389725,b3,88.35,61.0,0.6752987375200462,0.0018524589860252,471,2658.551431278243,61.20698802874995
6.77,10.0,0.1128333333333333,56.0926666666666,67.69999999999999,4.907333333333398,2609.5125553914672,b3,88.35,61.0,0.6769999323000068,0.0018497267456328,472,2628.2870971795755,60.49479844375001
6.75,9.96,0.1125,56.2051666666666,67.23,4.794833333333401,2557.2444444444805,b3,88.35,61.0,0.6777107753302435,0.0018442622648481,473,2594.980770296237,60.24184302875001
9.99,9.4,0.1665,56.3716666666666,93.906,4.628333333333401,1667.8678678678923,b3,88.35,61.0,1.0627658443866124,0.0027295081519752,474,1640.705213102465,55.41505624999999
9.85,9.17,0.1641666666666666,56.535833333333265,90.3245,4.464166666666735,1631.5736040609388,b3,88.35,61.0,1.074154735642886,0.0026912567864821,475,1641.5847231783284,56.25138937750001
24.47,12.1,0.4078333333333333,0.4078333333333333,296.087,66.59216666666667,9796.967715570088,b5,85.0,67.0,2.0223138824533984,0.0060870645857652,654,9863.06751635483,2.7490537533333304
24.47,12.1,0.4078333333333333,0.8156666666666667,296.087,66.18433333333333,9736.967715570085,b5,85.0,67.0,2.0223138824533984,0.0060870645857652,655,9773.244268359475,1.7777866666666662
24.49,12.07,0.4081666666666666,1.223833333333333,295.5943,65.77616666666667,9669.015924867294,b5,85.0,67.0,2.028997346396243,0.006092039710069,656,9666.600321041358,2.99618416666667
24.51,12.06,0.4085,1.6323333333333334,295.59060000000005,65.36766666666666,9601.126070991431,b5,85.0,67.0,2.0323381399387945,0.0060970148343729,657,9615.286307334567,4.360479583333335
24.53,12.05,0.4088333333333333,2.041166666666667,295.58650000000006,64.95883333333333,9533.298002445985,b5,85.0,67.0,2.0356844783664334,0.0061019899586767,658,9541.799836139939,6.255249999999992
24.55,12.03,0.4091666666666667,2.4503333333333335,295.3365,64.54966666666667,9465.531568228103,b5,85.0,67.0,2.0407313349350513,0.0061069650829806,659,9485.985578033418,8.435879377500001
18.85,12.13,0.3141666666666667,2.7645,228.6505,64.2355,12267.787798408488,b5,85.0,67.0,1.5539982230834113,0.0046890546563822,660,12210.69313765561,5.093289166666661
18.88,12.12,0.3146666666666666,3.0791666666666666,228.8256,63.920833333333334,12188.294491525425,b5,85.0,67.0,1.557755647049864,0.004696517342838,661,12158.117931024002,5.27351041666666
18.87,12.11,0.3145,3.3936666666666664,228.5157,63.60633333333333,12134.753577106518,b5,85.0,67.0,1.558216221452005,0.0046940297806861,662,12141.509632164323,5.612685416666659
18.89,12.1,0.3148333333333333,3.7085,228.569,63.2915,12061.905770248808,b5,85.0,67.0,1.5611568957721575,0.0046990049049899,663,12069.149438811019,5.176759166666657
18.89,12.09,0.3148333333333333,4.023333333333333,228.3801,62.97666666666667,12001.905770248808,b5,85.0,67.0,1.5624481751490344,0.0046990049049899,664,12063.016215512547,5.130651666666657
21.86,12.03,0.3643333333333333,4.387666666666667,262.9758,62.61233333333333,10311.271729185728,b5,85.0,67.0,1.8171237059747545,0.0054378108641122,665,10312.000818977676,10.276839690416667
21.89,12.02,0.3648333333333333,4.7525,263.1178,62.2475,10237.140246687984,b5,85.0,67.0,1.8211312960789272,0.005445273550568,666,10230.128442592428,9.729613753333336
21.91,12.01,0.3651666666666667,5.1176666666666675,263.1391,61.882333333333335,10167.79552715655,b5,85.0,67.0,1.82431292054014,0.0054502486748719,667,10150.855390405746,9.967711982916661
21.91,12.0,0.3651666666666667,5.482833333333335,262.92,61.51716666666667,10107.79552715655,b5,85.0,67.0,1.8258331811805684,0.0054502486748719,668,10124.974236607977,10.543826669999994
21.91,11.99,0.3651666666666667,5.848000000000002,262.7009,61.152,10047.79552715655,b5,85.0,67.0,1.8273559777017536,0.0054502486748719,669,10069.04128229007,10.996522607083328
21.96,11.98,0.366,6.214000000000001,263.0808,60.786,9964.918032786883,b5,85.0,67.0,1.8330549388101056,0.0054626864856315,670,10015.04718233956,12.241331773749996
17.29,12.07,0.2881666666666666,6.5021666666666675,208.6903,60.49783333333333,12596.425679583574,b5,85.0,67.0,1.4324770975578212,0.0043009949606816,671,12499.312940705653,8.366267084999997
17.32,12.06,0.2886666666666667,6.790833333333334,208.87920000000005,60.20916666666667,12514.60739030023,b5,85.0,67.0,1.4361524513969774,0.0043084576471374,672,12462.24475201895,8.31435937583333
17.32,12.06,0.2886666666666667,7.079500000000001,208.87920000000005,59.9205,12454.60739030023,b5,85.0,67.0,1.4361524513969774,0.0043084576471374,673,12439.923052910077,8.137374583333333
17.32,12.05,0.2886666666666667,7.368166666666668,208.706,59.63183333333333,12394.60739030023,b5,85.0,67.0,1.437344279058566,0.0043084576471374,674,12405.207730465221,8.46460625
17.35,12.05,0.2891666666666667,7.657333333333335,209.0675,59.342666666666666,12313.175792507203,b5,85.0,67.0,1.4398339054079747,0.0043159203335932,675,12275.835952385893,8.796250416666663
25.06,11.89,0.4176666666666666,8.075000000000001,297.9634,58.925,8464.88427773344,b5,85.0,67.0,2.1076533130653226,0.0062338307527288,676,8492.721429737354,13.288133129166642
25.07,11.87,0.4178333333333333,8.492833333333335,297.5809,58.50716666666666,8401.507778220981,b5,85.0,67.0,2.1120469998275486,0.0062363183148808,677,8406.058553016377,11.223408334999979
25.11,11.86,0.4185,8.911333333333335,297.8046,58.08866666666667,8328.124253285545,b5,85.0,67.0,2.1172004960201947,0.0062462685634885,678,8349.562959494271,9.295693959166641
25.12,11.85,0.4186666666666667,9.330000000000002,297.672,57.67,8264.808917197452,b5,85.0,67.0,2.1198310447399966,0.0062487561256404,679,8280.019266997153,9.297622292499984
5.24,12.31,0.0873333333333333,9.417333333333335,64.5044,57.58266666666667,39560.6106870229,b5,85.0,67.0,0.4256701522607513,0.0013034825676097,680,39568.3189083037,10.44464604249999
5.22,12.33,0.087,9.504333333333337,64.3626,57.495666666666665,39652.183908045976,b5,85.0,67.0,0.4233576298980024,0.0012985074433058,681,39550.83855911104,10.613114999999986
5.21,12.33,0.0868333333333333,9.591166666666668,64.2393,57.408833333333334,39668.29174664107,b5,85.0,67.0,0.4225465999556691,0.0012960198811539,682,39517.435931431966,10.443565416666651
5.21,12.34,0.0868333333333333,9.678,64.2914,57.322,39608.29174664108,b5,85.0,67.0,0.4222041797241346,0.0012960198811539,683,39214.65364712907,10.906714792499997
19.4,11.97,0.3233333333333333,10.001333333333337,232.218,56.998666666666665,10577.072164948451,b5,85.0,67.0,1.6207183274253694,0.0048258705747382,684,10510.761101574148,11.970444792500004
19.42,11.96,0.3236666666666667,10.325,232.26320000000004,56.675,10506.179196704428,b5,85.0,67.0,1.6237456836333042,0.0048308456990421,685,10476.267664294483,12.260329585
19.43,11.95,0.3238333333333333,10.648833333333334,232.1885,56.351166666666664,10440.772002058671,b5,85.0,67.0,1.62594128653211,0.004833333261194,686,10435.06009759069,11.981037085000004
19.42,11.94,0.3236666666666667,10.9725,231.8748,56.0275,10386.148300720906,b5,85.0,67.0,1.626465525421648,0.0048308456990421,687,10420.497563030278,12.180216879166665
19.46,11.94,0.3243333333333333,11.296833333333334,232.3524,55.70316666666667,10304.799588900309,b5,85.0,67.0,1.6298156088931652,0.0048407959476498,688,10336.714879430036,13.369803241249981
21.16,11.89,0.3526666666666667,11.6495,251.59240000000003,55.3505,9416.909262759924,b5,85.0,67.0,1.7796466123089476,0.0052636815134773,689,9475.011900556583,17.515188348333325
21.18,11.88,0.353,12.0025,251.6184,54.9975,9348.016997167138,b5,85.0,67.0,1.7828281327585749,0.0052686566377812,690,9348.923336726188,18.890867834583318
22.94,11.84,0.3823333333333333,12.384833333333331,271.6096,54.61516666666667,8570.819529206627,b5,85.0,67.0,1.9374998363598113,0.0057064675765203,691,8570.079302147058,15.989023654583336
22.95,11.83,0.3825,12.767333333333331,271.4985,54.23266666666667,8507.084967320261,b5,85.0,67.0,1.9399829298408344,0.0057089551386723,692,8506.77710678037,17.59738510874999
23.54,11.81,0.3923333333333333,13.159666666666666,278.0074,53.840333333333334,8233.865760407818,b5,85.0,67.0,1.993225910819144,0.005855721305636,693,8224.452020995568,18.889785625833333
23.54,11.8,0.3923333333333333,13.552,277.772,53.448,8173.865760407816,b5,85.0,67.0,1.9949150851766877,0.005855721305636,694,8206.40759284891,19.49694479250002
23.02,11.8,0.3836666666666666,13.935666666666666,271.636,53.06433333333334,8298.50564726325,b5,85.0,67.0,1.950847292301077,0.0057263680737357,695,8298.620445504559,17.511478647916675
23.05,11.79,0.3841666666666666,14.319833333333332,271.7595,52.680166666666665,8227.704989154014,b5,85.0,67.0,1.9550464838807056,0.0057338307601915,696,8264.821068970727,17.66485250333334
22.33,11.8,0.3721666666666666,14.692,263.49399999999997,52.308,8432.995969547694,b5,85.0,67.0,1.8923727209853625,0.0055547262852528,697,8427.330730684866,19.268017195416668
22.35,11.79,0.3725,15.0645,263.5065,51.9355,8365.449664429529,b5,85.0,67.0,1.8956741394678427,0.0055597014095566,698,8346.593293865204,18.25891302541666
22.37,11.78,0.3728333333333333,15.437333333333337,263.5186,51.562666666666665,8297.970496200269,b5,85.0,67.0,1.8989811630746043,0.0055646765338605,699,8316.19775051341,19.093418442083333
15.96,11.92,0.266,15.703333333333337,190.2432,51.29666666666667,11570.676691729324,b5,85.0,67.0,1.3389260621706325,0.0039701491944753,700,11552.230901065524,16.542629166666696
15.96,11.92,0.266,15.969333333333337,190.2432,51.03066666666666,11510.676691729324,b5,85.0,67.0,1.3389260621706325,0.0039701491944753,701,11532.836014256189,16.773274166666685
15.94,11.92,0.2656666666666666,16.235000000000003,190.0048,50.765,11465.119196988708,b5,85.0,67.0,1.3372482099623986,0.0039651740701715,702,11508.79665374569,17.03464750000002
15.96,11.91,0.266,16.501000000000005,190.0836,50.498999999999995,11390.751879699246,b5,85.0,67.0,1.3400502653190374,0.0039701491944753,703,11412.184256866243,17.610665107083364
17.62,11.87,0.2936666666666667,16.79466666666667,209.1494,50.20533333333333,10257.616345062428,b5,85.0,67.0,1.4844143652557404,0.0043830845116952,704,10366.070489938204,17.734131782083324
17.64,11.87,0.294,17.088666666666672,209.3868,49.91133333333333,10185.986394557822,b5,85.0,67.0,1.4860992850800945,0.0043880596359991,705,10290.234456139966,18.241169387499987
17.66,11.86,0.2943333333333333,17.383000000000006,209.4476,49.61699999999999,10114.450736126835,b5,85.0,67.0,1.4890386602834185,0.0043930347603029,706,10209.199514520993,18.54635969874998
17.64,11.86,0.294,17.677000000000007,209.2104,49.32299999999999,10065.918367346938,b5,85.0,67.0,1.4873523197847962,0.0043880596359991,707,10209.771175368358,18.67944365791665
23.48,11.72,0.3913333333333333,18.06833333333334,275.1856,48.93166666666666,7502.299829642248,b5,85.0,67.0,2.003412798343618,0.0058407959327244,708,7624.685294657485,26.31614584333334
23.53,11.71,0.3921666666666666,18.460500000000007,275.53630000000004,48.53949999999999,7426.357841053971,b5,85.0,67.0,2.0093935090184876,0.005853233743484,709,7528.678139552255,27.321418967500012
23.53,11.7,0.3921666666666666,18.852666666666675,275.301,48.14733333333332,7366.357841053972,b5,85.0,67.0,2.011110939221288,0.005853233743484,710,7457.000388199734,26.43035948291666
23.57,11.69,0.3928333333333333,19.245500000000007,275.5333,47.75449999999999,7293.856597369537,b5,85.0,67.0,2.0162530353932393,0.0058631839920917,711,7423.773962911198,26.26191927708334
16.04,11.85,0.2673333333333333,19.51283333333334,190.074,47.48716666666666,10657.967581047382,b5,85.0,67.0,1.3535863836635964,0.0039900496916908,712,10607.620799259363,19.530223025416664
16.05,11.85,0.2675,19.78033333333334,190.1925,47.21966666666666,10591.327102803738,b5,85.0,67.0,1.3544302654489229,0.0039925372538427,713,10589.476151458894,19.38491469208333
16.04,11.85,0.2673333333333333,20.04766666666667,190.074,46.95233333333333,10537.930174563591,b5,85.0,67.0,1.3535863836635964,0.0039900496916908,714,10597.149620976372,19.673379487916666
20.76,11.74,0.346,20.39366666666667,243.7224,46.606333333333325,8082.02312138728,b5,85.0,67.0,1.7683133076394115,0.0051641790274003,715,8161.044345320359,26.809082192083352
20.77,11.73,0.3461666666666667,20.739833333333337,243.6321,46.26016666666666,8018.131921039961,b5,85.0,67.0,1.7706733358334752,0.0051666665895522,716,8049.581359958963,26.148873231250015
21.29,11.71,0.3548333333333333,21.09466666666667,249.3059,45.90533333333333,7762.292155941756,b5,85.0,67.0,1.818104029196923,0.0052960198214524,717,7881.174243869248,24.068356562916687
20.76,11.71,0.346,21.44066666666667,243.09960000000004,45.55933333333333,7900.462427745663,b5,85.0,67.0,1.7728435719177138,0.0051641790274003,718,7915.527458153237,24.095191979583348
20.8,11.7,0.3466666666666667,21.787333333333336,243.36,45.212666666666664,7825.26923076923,b5,85.0,67.0,1.7777776258309723,0.005174129276008,719,7885.121073884637,23.652040416666683
24.78,11.6,0.413,22.200333333333337,287.448,44.79966666666667,6508.426150121065,b5,85.0,67.0,2.136206712395974,0.0061641790124749,720,6563.873479817448,23.765048967500007
24.83,11.59,0.4138333333333333,22.61416666666667,287.7797,44.38583333333333,6435.320177204994,b5,85.0,67.0,2.1423639221428887,0.0061766168232345,721,6516.835391407974,23.618227091666682
24.82,11.57,0.4136666666666667,23.027833333333337,287.1674,43.972166666666666,6377.912973408541,b5,85.0,67.0,2.145202926084449,0.0061741292610826,722,6461.802167653556,23.022491571250008
24.85,11.56,0.4141666666666667,23.442000000000004,287.266,43.55799999999999,6310.213279678068,b5,85.0,67.0,2.149653793282544,0.0061815919475384,723,6426.411486546363,23.51303240958334
23.96,11.57,0.3993333333333334,23.84133333333334,277.2172,43.15866666666666,6484.607679465776,b5,85.0,67.0,2.0708727682910313,0.0059601989160169,724,6484.4861186218695,24.319691362083343
23.97,11.56,0.3994999999999999,24.240833333333335,277.0932,42.75916666666666,6421.902377972465,b5,85.0,67.0,2.073529232393665,0.0059626864781688,725,6457.558844295121,24.23691782125
23.99,11.55,0.3998333333333333,24.64066666666667,277.0845,42.359333333333325,6356.548561900791,b5,85.0,67.0,2.07705609722458,0.0059676616024727,726,6430.975654302133,24.262242094999987
23.98,11.54,0.3996666666666666,25.04033333333334,276.7292,41.959666666666664,6299.199332777313,b5,85.0,67.0,2.0779894213180747,0.0059651740403207,727,6406.562864966594,24.475425429999987
22.06,11.58,0.3676666666666666,25.40800000000001,255.4548,41.59199999999999,6787.452402538531,b5,85.0,67.0,1.9050084710700803,0.0054875621071508,728,6800.674424342778,27.590232816250026
21.52,11.59,0.3586666666666666,25.766666666666676,249.4168,41.23333333333332,6897.769516728622,b5,85.0,67.0,1.856772920036849,0.0053532337509467,729,6903.4649105941935,27.470684899583354
21.56,11.58,0.3593333333333333,26.12600000000001,249.6648,40.873999999999995,6824.972170686457,b5,85.0,67.0,1.8618305818799152,0.0053631839995544,730,6845.320517275239,27.43513604416669
17.71,11.67,0.2951666666666667,26.421166666666675,206.6757,40.57883333333332,8248.661773009597,b5,85.0,67.0,1.5175662795573026,0.0044054725710625,731,8216.218305425766,28.514261877500015
17.72,11.67,0.2953333333333333,26.716500000000007,206.7924,40.28349999999999,8184.006772009027,b5,85.0,67.0,1.5184231775130097,0.0044079601332145,732,8206.948554601091,28.87881875333335
17.71,11.67,0.2951666666666667,27.01166666666667,206.6757,39.98833333333333,8128.627893845285,b5,85.0,67.0,1.5175662795573026,0.0044054725710625,733,8205.801789240022,28.779073336666674
12.15,11.79,0.2025,27.21416666666667,143.2485,39.78583333333333,11788.395061728392,b5,85.0,67.0,1.030534263737552,0.0030223880145912,734,11662.019998349593,28.881876459166673
12.1,11.82,0.2016666666666666,27.415833333333342,143.022,39.58416666666666,11777.107438016526,b5,85.0,67.0,1.0236885766760933,0.0030099502038315,735,11728.72368594577,28.24243375000003
12.1,11.82,0.2016666666666666,27.61750000000001,143.022,39.38249999999999,11717.107438016526,b5,85.0,67.0,1.0236885766760933,0.0030099502038315,736,11721.883477218498,28.305873750000043
12.1,11.82,0.2016666666666666,27.81916666666668,143.022,39.180833333333325,11657.107438016526,b5,85.0,67.0,1.0236885766760933,0.0030099502038315,737,11701.183516125144,28.352632916666717
12.1,11.82,0.2016666666666666,28.020833333333343,143.022,38.97916666666666,11597.107438016526,b5,85.0,67.0,1.0236885766760933,0.0030099502038315,738,11695.394451970777,28.39277020916672
14.36,11.75,0.2393333333333333,28.26016666666668,168.73,38.73983333333332,9711.93593314763,b5,85.0,67.0,1.2221275555636124,0.003572139250167,739,9716.881704281852,27.58841166833335
14.35,11.75,0.2391666666666666,28.499333333333347,168.61249999999998,38.50066666666665,9658.703832752612,b5,85.0,67.0,1.221276491806256,0.0035696516880151,740,9767.257480631226,27.709912292500018
14.37,11.74,0.2395,28.738833333333343,168.7038,38.261166666666654,9585.260960334026,b5,85.0,67.0,1.224020338669477,0.003574626812319,741,9617.483118427463,28.033601875833398
14.37,11.74,0.2395,28.978333333333342,168.7038,38.021666666666654,9525.260960334026,b5,85.0,67.0,1.224020338669477,0.003574626812319,742,9614.154994436478,27.95202979250006
18.08,11.64,0.3013333333333333,29.27966666666668,210.4512,37.72033333333332,7510.685840707963,b5,85.0,67.0,1.5532644713690316,0.0044975123706838,743,7539.495266102758,31.210831464166674
18.11,11.63,0.3018333333333333,29.581500000000013,210.6193,37.41849999999999,7438.244064053007,b5,85.0,67.0,1.55717957375928,0.0045049750571396,744,7479.39907047874,31.073307712500014
18.11,11.62,0.3018333333333333,29.883333333333347,210.43819999999997,37.11666666666665,7378.244064053007,b5,85.0,67.0,1.5585196593356576,0.0045049750571396,745,7448.261976252443,32.21318458833333
18.14,11.61,0.3023333333333333,30.18566666666668,210.6054,36.81433333333332,7306.04189636163,b5,85.0,67.0,1.5624460325197218,0.0045124377435954,746,7424.238082354187,32.758447921666644
24.2,11.44,0.4033333333333333,30.589000000000013,276.84799999999996,36.41099999999999,5416.512396694213,b5,85.0,67.0,2.115384430473389,0.0060199004076631,747,5503.152456406224,31.794248969166667
24.2,11.43,0.4033333333333333,30.992333333333345,276.606,36.00766666666665,5356.512396694213,b5,85.0,67.0,2.11723516034688,0.0060199004076631,748,5433.207232389261,32.02330010875001
24.25,11.42,0.4041666666666667,31.39650000000001,276.935,35.60349999999999,5285.468041237112,b5,85.0,67.0,2.1234674147576698,0.0060323382184228,749,5414.592183433227,32.05548312916665
24.25,11.4,0.4041666666666667,31.800666666666675,276.45,35.19933333333333,5225.468041237113,b5,85.0,67.0,2.127192795860281,0.0060323382184228,750,5369.920779684818,34.63800625333333
15.85,11.62,0.2641666666666666,32.06483333333334,184.177,34.93516666666666,7934.801261829652,b5,85.0,67.0,1.364027421340153,0.0039427860108041,751,7872.143545009894,33.39484021083329
15.83,11.62,0.2638333333333333,32.32866666666667,183.9446,34.67133333333333,7884.826279216676,b5,85.0,67.0,1.362306251092405,0.0039378108865003,752,7868.109227079783,33.57310000166663
15.83,11.62,0.2638333333333333,32.5925,183.9446,34.4075,7824.826279216677,b5,85.0,67.0,1.362306251092405,0.0039378108865003,753,7853.260086343233,33.57454875166662
15.83,11.62,0.2638333333333333,32.85633333333333,183.9446,34.14366666666667,7764.826279216678,b5,85.0,67.0,1.362306251092405,0.0039378108865003,754,7841.807531942766,33.246552084999955
15.85,11.61,0.2641666666666666,33.1205,184.0185,33.8795,7695.028391167192,b5,85.0,67.0,1.3652022941255562,0.0039427860108041,755,7779.984876998521,33.270723440416624
21.76,11.44,0.3626666666666667,33.48316666666667,248.9344,33.51683333333333,5545.064338235294,b5,85.0,67.0,1.902097735830618,0.005412935242593,756,5539.718435278268,34.420772088333344
21.83,11.43,0.3638333333333333,33.847,249.51689999999996,33.153,5467.283554741181,b5,85.0,67.0,1.9098860971228264,0.0054303481776564,757,5481.958027674997,34.46892625333332
21.85,11.42,0.3641666666666667,34.21116666666667,249.527,32.78883333333333,5402.279176201372,b5,85.0,67.0,1.9133098149466017,0.0054353233019603,758,5458.47622527789,34.20617948124999
22.33,11.39,0.3721666666666666,34.583333333333336,254.3387,32.416666666666664,5226.153157187639,b5,85.0,67.0,1.960491487226384,0.0055547262852528,759,5321.106538846516,38.16089187583333
15.92,11.56,0.2653333333333333,34.84866666666667,184.0352,32.15133333333333,7270.402010050251,b5,85.0,67.0,1.3771625106260803,0.0039601989458676,760,7382.320342211912,35.56651177708332
17.66,11.5,0.2943333333333333,35.143,203.09,31.857,6494.0656851642125,b5,85.0,67.0,1.5356520403780836,0.0043930347603029,761,6561.181221931295,36.66873834000004
17.69,11.5,0.2948333333333333,35.43783333333334,203.435,31.562166666666663,6423.052572074617,b5,85.0,67.0,1.5382607358034144,0.0044004974467587,762,6540.309440579399,36.43144709000005
17.69,11.49,0.2948333333333333,35.732666666666674,203.2581,31.26733333333333,6363.052572074616,b5,85.0,67.0,1.5395995178764563,0.0044004974467587,763,6499.070230329824,36.699762608750035
17.69,11.48,0.2948333333333333,36.02750000000001,203.0812,30.97249999999999,6303.0525720746155,b5,85.0,67.0,1.5409406323222448,0.0044004974467587,764,6453.953640230758,37.16178792166671
17.71,11.48,0.2951666666666667,36.32266666666668,203.31080000000003,30.677333333333323,6235.934500282324,b5,85.0,67.0,1.542682792449234,0.0044054725710625,765,6439.44260262117,37.256345838333374
20.16,11.4,0.336,36.65866666666667,229.824,30.341333333333324,5418.095238095237,b5,85.0,67.0,1.7684208975069389,0.0050149252982846,766,5630.356241157286,37.710218544166686
20.21,11.39,0.3368333333333334,36.99550000000001,230.19190000000003,30.004499999999993,5344.690747154872,b5,85.0,67.0,1.7743633209514205,0.0050273631090443,767,5362.468167023816,39.53606520916668
20.2,11.38,0.3366666666666666,37.33216666666667,229.876,29.667833333333327,5287.336633663365,b5,85.0,67.0,1.7750437807518646,0.0050248755468924,768,5364.933455162571,40.26527312583335
20.22,11.37,0.3369999999999999,37.66916666666667,229.90139999999997,29.330833333333324,5222.106824925815,b5,85.0,67.0,1.7783639596865473,0.0050298506711962,769,5259.144570692905,42.84619979250003
20.24,11.36,0.3373333333333333,38.00650000000001,229.92639999999997,28.99349999999999,5156.946640316204,b5,85.0,67.0,1.7816899840061635,0.0050348257955001,770,5199.264524195409,42.74772666833335
22.58,11.28,0.3763333333333333,38.382833333333345,254.70239999999995,28.617166666666655,4562.524357838794,b5,85.0,67.0,2.001772872183256,0.005616915339051,771,4695.561445849305,47.16933000000003
22.58,11.26,0.3763333333333333,38.75916666666668,254.25079999999997,28.24083333333332,4502.524357838794,b5,85.0,67.0,2.005328418709732,0.005616915339051,772,4661.71861296509,46.86870875
22.57,11.25,0.3761666666666666,39.13533333333335,253.9125,27.86466666666665,4444.5192733717295,b5,85.0,67.0,2.006222043891374,0.005614427776899,773,4631.244654803929,47.28678083333335
22.56,11.24,0.376,39.51133333333335,253.5744,27.488666666666653,4386.489361702126,b5,85.0,67.0,2.0071172591532687,0.0056119402147471,774,4603.913865231639,46.20227312583334
22.53,11.22,0.3755,39.88683333333335,252.7866,27.11316666666665,4332.330226364844,b5,85.0,67.0,2.008021211406309,0.0056044775282913,775,4582.763490223314,46.23313750166666
15.5,11.42,0.2583333333333333,40.14516666666668,177.01,26.85483333333332,6237.251612903222,b5,85.0,67.0,1.3572678321131495,0.0038557213354867,776,6543.9373625203625,38.607603962500036
25.58,11.1,0.4263333333333333,40.571500000000015,283.938,26.428499999999985,3719.413604378419,b5,85.0,67.0,2.304504296891505,0.006363183984629,777,3837.072190959845,48.99014024416669
25.39,11.09,0.4231666666666667,40.99466666666668,281.5751,26.00533333333332,3687.24694761717,b5,85.0,67.0,2.2894497484716188,0.0063159203037424,778,3804.742206337965,49.78093847875002
25.34,11.07,0.4223333333333333,41.417000000000016,280.5138,25.582999999999984,3634.522494080503,b5,85.0,67.0,2.289069350580908,0.0063034824929828,779,3701.307290369058,49.209737739166656
25.35,11.05,0.4225,41.839500000000015,280.1175,25.160499999999985,3573.0887573964474,b5,85.0,67.0,2.294117439446386,0.0063059700551347,780,3656.228405293063,48.10255273249999
25.31,11.03,0.4218333333333333,42.26133333333335,279.16929999999996,24.738666666666653,3518.735677597786,b5,85.0,67.0,2.2946507439119905,0.006296019806527,781,3630.002396715522,47.895227730833334
25.28,11.01,0.4213333333333333,42.68266666666669,278.3328,24.317333333333316,3462.9113924050607,b5,85.0,67.0,2.296094251035945,0.0062885571200712,782,3579.7650425446695,47.30352626666665
25.22,10.99,0.4203333333333333,43.103000000000016,277.1678,23.896999999999984,3411.149881046786,b5,85.0,67.0,2.2948132579787752,0.0062736317471597,783,3524.6845141900053,47.636727407916666
5.16,11.7,0.086,43.189000000000014,60.372,23.810999999999986,16612.325581395336,b5,85.0,67.0,0.4410256033311451,0.0012835820703942,784,16144.123366281878,44.287347295833385
5.15,11.72,0.0858333333333333,43.27483333333335,60.358,23.725166666666652,16584.582524271835,b5,85.0,67.0,0.4394197577286896,0.0012810945082423,785,16152.909725069434,43.975902920000046
5.14,11.73,0.0856666666666666,43.360500000000016,60.2922,23.639499999999984,16556.848249027225,b5,85.0,67.0,0.4381926310151209,0.0012786069460904,786,16369.98941723752,43.82897021083336
5.13,11.74,0.0854999999999999,43.44600000000002,60.2262,23.55399999999998,16529.12280701753,b5,85.0,67.0,0.4369675948068488,0.0012761193839385,787,16416.90050563018,43.68311145916668
5.13,11.75,0.0854999999999999,43.53150000000002,60.2775,23.468499999999977,16469.122807017528,b5,85.0,67.0,0.4365957075237696,0.0012761193839385,788,16308.361549820995,44.269217088333335
10.42,11.56,0.1736666666666666,43.70516666666669,120.4552,23.294833333333308,8048.119001919377,b5,85.0,67.0,0.9013840050705878,0.0025920397623078,789,7967.626597860525,45.181686062500006
10.43,11.54,0.1738333333333333,43.879000000000026,120.3622,23.120999999999977,7980.402684563749,b5,85.0,67.0,0.9038127466366772,0.0025945273244597,790,7922.712130657238,44.66288741125
10.43,11.54,0.1738333333333333,44.05283333333336,120.3622,22.94716666666664,7920.402684563749,b5,85.0,67.0,0.9038127466366772,0.0025945273244597,791,7918.391705873003,44.82374501666666
10.45,11.53,0.1741666666666666,44.227000000000025,120.4885,22.772999999999975,7845.244019138749,b5,85.0,67.0,0.9063312310207086,0.0025995024487636,792,7866.121823802878,44.59907876333331
10.44,11.53,0.174,44.401000000000025,120.37319999999998,22.598999999999975,7792.758620689647,b5,85.0,67.0,0.9054639284072916,0.0025970148866117,793,7865.65092702676,44.87031168333332
15.11,11.36,0.2518333333333333,44.652833333333355,171.6496,22.347166666666645,5324.2753143613445,b5,85.0,67.0,1.3301055167160638,0.0037587064115615,794,5616.342806921348,45.39046604416668
15.11,11.35,0.2518333333333333,44.904666666666685,171.49849999999998,22.095333333333315,5264.275314361346,b5,85.0,67.0,1.3312774157464833,0.0037587064115615,795,5581.741152436845,45.84878771083335
15.13,11.34,0.2521666666666667,45.15683333333335,171.57420000000002,21.843166666666647,5197.3165895571665,b5,85.0,67.0,1.334215049892853,0.0037636815358654,796,5430.547886585182,47.439883334999976
15.13,11.33,0.2521666666666667,45.40900000000002,171.4229,21.59099999999998,5137.3165895571665,b5,85.0,67.0,1.3353926447138005,0.0037636815358654,797,5379.970960391515,48.3765127108333
15.17,11.32,0.2528333333333333,45.661833333333355,171.7244,21.338166666666645,5063.770599868156,b5,85.0,67.0,1.340105888683225,0.0037736317844731,798,5335.84965215731,48.898887086666655
21.14,11.1,0.3523333333333333,46.01416666666669,234.654,20.98583333333331,3573.746452223269,b5,85.0,67.0,1.9045043329275375,0.0052587063891735,799,3695.0029809382104,50.47057740125002
21.14,11.08,0.3523333333333333,46.36650000000002,234.2312,20.633499999999977,3513.7464522232694,b5,85.0,67.0,1.9079420660702109,0.0052587063891735,800,3536.0386281125843,50.84830521083335
21.1,11.06,0.3516666666666667,46.71816666666669,233.366,20.28183333333331,3460.4075829383846,b5,85.0,67.0,1.9077755960419895,0.0052487561405658,801,3503.04329458604,51.47142833500002
21.1,11.04,0.3516666666666667,47.06983333333336,232.944,19.930166666666643,3400.4075829383846,b5,85.0,67.0,1.911231710939157,0.0052487561405658,802,3490.448567879448,52.173105209166685
24.89,10.89,0.4148333333333333,47.48466666666669,271.0521,19.51533333333331,2822.6275612695827,b5,85.0,67.0,2.285582893885868,0.0061915421961461,803,3092.3221580023824,54.71095541666669
24.89,10.85,0.4148333333333333,47.899500000000025,270.05649999999997,19.100499999999975,2762.6275612695827,b5,85.0,67.0,2.2940090051604605,0.0061915421961461,804,2980.5824808778666,55.31662250000003
24.81,10.82,0.4135,48.313000000000024,268.44419999999997,18.686999999999976,2711.535671100359,b5,85.0,67.0,2.2929757585050132,0.0061716416989307,805,2939.671836188181,55.79950250000004
20.02,10.96,0.3336666666666666,48.64666666666669,219.4192,18.35333333333331,3300.299700299696,b5,85.0,67.0,1.826642169101992,0.0049800994281577,806,3319.287907684912,58.41894916666669
20.18,10.94,0.3363333333333333,48.983000000000025,220.7692,18.016999999999975,3214.132804757181,b5,85.0,67.0,1.844606778372324,0.0050199004225885,807,3211.810958634489,59.12282718875001
19.99,10.92,0.3331666666666666,49.31616666666669,218.2908,17.68383333333331,3184.682341170582,b5,85.0,67.0,1.830585912950008,0.0049726367417019,808,3169.9828152084337,59.36848010541669
19.95,10.9,0.3324999999999999,49.64866666666669,217.455,17.351333333333308,3131.0676691729277,b5,85.0,67.0,1.8302750614426548,0.0049626864930942,809,3127.828031124026,59.29876718875003
19.93,10.88,0.3321666666666666,49.98083333333336,216.8384,17.019166666666642,3074.209734069238,b5,85.0,67.0,1.831801302224145,0.0049577113687903,810,3120.830205435721,59.885628438750025
19.92,10.86,0.332,50.31283333333336,216.3312,16.68716666666664,3015.753012048188,b5,85.0,67.0,1.8342539747464115,0.0049552238066384,811,3104.4559061023947,60.17598635541668
16.98,10.96,0.283,50.59583333333336,186.1008,16.40416666666664,3477.915194346284,b5,85.0,67.0,1.5492699316359553,0.0042238805339719,812,3409.9868335547126,61.06919469041669
16.97,10.94,0.2828333333333333,50.878666666666696,185.6518,16.121333333333304,3419.964643488503,b5,85.0,67.0,1.5511881580266766,0.00422139297182,813,3394.412388342867,61.04265760708335
21.58,10.74,0.3596666666666666,51.238333333333365,231.7692,15.761666666666637,2629.3790546802543,b5,85.0,67.0,2.0093107998779516,0.0053681591238583,814,2751.259873308511,57.43909916666673
21.54,10.71,0.359,51.59733333333337,230.6934,15.402666666666631,2574.261838440106,b5,85.0,67.0,2.0112042940052013,0.0053582088752506,815,2712.6714403789806,56.5108916666667
7.46,11.32,0.1243333333333333,51.7216666666667,84.4472,15.2783333333333,7372.922252010709,b5,85.0,67.0,0.6590105424902348,0.0018557213653374,816,7214.552696943902,52.63429958500001
9.43,11.24,0.1571666666666666,51.87883333333337,105.9932,15.121166666666632,5772.661717921514,b5,85.0,67.0,0.8389678968889771,0.002345771109267,817,5728.298073570995,55.827675833333394
9.44,11.24,0.1573333333333333,52.0361666666667,106.1056,14.963833333333298,5706.546610169478,b5,85.0,67.0,0.8398575765251266,0.002348258671419,818,5707.44034564829,55.605763750000044
9.42,11.24,0.157,52.1931666666667,105.8808,14.806833333333302,5658.662420382153,b5,85.0,67.0,0.8380782172528277,0.0023432835471151,819,5697.460606901612,55.52659833333339
7.16,11.35,0.1193333333333333,52.31250000000003,81.266,14.687499999999972,7384.776536312835,b5,85.0,67.0,0.6308369488249385,0.0017810945007796,820,7403.964993323408,51.77134854250001
7.16,11.36,0.1193333333333333,52.43183333333336,81.3376,14.568166666666642,7324.776536312836,b5,85.0,67.0,0.6302816346583069,0.0017810945007796,821,7348.363702354492,51.97859729250003
7.15,11.36,0.1191666666666666,52.55100000000002,81.224,14.448999999999977,7275.0209790209665,b5,85.0,67.0,0.6294013530456557,0.0017786069386277,822,7344.575638381855,52.03332770916668
9.42,11.26,0.157,52.70800000000002,106.0692,14.29199999999998,5461.91082802547,b5,85.0,67.0,0.8365896237487014,0.0023432835471151,823,5608.364960398604,55.119734583333354
9.42,11.25,0.157,52.865000000000016,105.975,14.134999999999984,5401.910828025471,b5,85.0,67.0,0.8373332589037104,0.0023432835471151,824,5569.149197864204,54.904015
18.59,10.89,0.3098333333333333,53.174833333333346,202.4451,13.825166666666654,2677.2781065088734,b5,85.0,67.0,1.7070705503149173,0.0046243780404321,825,3006.6738687467364,59.70704802375002
11.79,11.14,0.1964999999999999,53.37133333333335,131.3406,13.628666666666652,4161.424936386765,b5,85.0,67.0,1.0583481994301436,0.0029328357771218,826,4488.622888030239,50.14588969208333
11.8,11.13,0.1966666666666666,53.56800000000001,131.334,13.431999999999988,4097.898305084742,b5,85.0,67.0,1.0601975687154026,0.0029353233392737,827,4413.400025713601,50.16560479583332
11.1,11.15,0.185,53.753000000000014,123.765,13.246999999999986,4296.32432432432,b5,85.0,67.0,0.9955156057833536,0.0027611939886388,828,4494.370193574901,51.032320110416656
11.1,11.14,0.185,53.93800000000002,123.654,13.061999999999983,4236.324324324319,b5,85.0,67.0,0.9964092462828325,0.0027611939886388,829,4423.704163300917,51.776356255
8.77,11.25,0.1461666666666666,54.08416666666668,98.6625,12.915833333333318,5301.824401368294,b5,85.0,67.0,0.7795554862617345,0.0021815920072399,830,5728.047623521043,57.819199377500034
9.46,11.22,0.1576666666666666,54.241833333333346,106.1412,12.758166666666654,4855.116279069762,b5,85.0,67.0,0.8431371797560446,0.0023532337957228,831,4935.6529258349065,51.78740719375001
9.46,11.21,0.1576666666666666,54.39950000000001,106.0466,12.60049999999999,4795.116279069763,b5,85.0,67.0,0.8438893091980991,0.0023532337957228,832,4898.7274304256025,52.70516594375003
9.47,11.21,0.1578333333333333,54.55733333333335,106.1587,12.442666666666652,4730.052798310449,b5,85.0,67.0,0.8447813697786468,0.0023557213578748,833,4855.164410620904,52.45319636041668
15.24,10.94,0.254,54.811333333333344,166.7256,12.188666666666656,2879.2125984251943,b5,85.0,67.0,1.393052889117652,0.0037910447195366,834,3018.151005371239,56.267131775416644
15.22,10.91,0.2536666666666666,55.06500000000001,166.05020000000002,11.934999999999988,2822.9960578186565,b5,85.0,67.0,1.3950502845966744,0.0037860695952327,835,2915.7801538127433,56.14353156791665
15.19,10.89,0.2531666666666666,55.31816666666668,165.4191,11.681833333333325,2768.571428571426,b5,85.0,67.0,1.3948575394988485,0.003778606908777,836,2878.9975473836325,57.46005657124997
7.22,11.26,0.1203333333333333,55.43850000000001,81.29719999999999,11.561499999999988,5764.736842105258,b5,85.0,67.0,0.641207758329684,0.0017960198736912,837,5755.798817081093,51.16439583333334
7.2,11.27,0.12,55.55850000000001,81.144,11.44149999999999,5720.749999999995,b5,85.0,67.0,0.6388641846615631,0.0017910447493873,838,5718.516495834362,50.81350312583334
7.44,11.39,0.124,55.68250000000001,84.7416,11.317499999999988,5476.209677419349,b5,85.0,67.0,0.6532045080593057,0.0018507462410336,839,5899.813125262518,52.70161647083337
13.05,11.07,0.2175,55.90000000000001,144.4635,11.099999999999987,3062.0689655172378,b5,85.0,67.0,1.178861682126316,0.0032462686082646,840,3097.4928464678173,54.973776773750025
13.02,11.03,0.217,56.11700000000001,143.61059999999998,10.882999999999988,3009.1244239631305,b5,85.0,67.0,1.1804169374055362,0.0032388059218088,841,3046.4168380250985,55.87479729250001
13.01,11.01,0.2168333333333333,56.333833333333345,143.24009999999998,10.666166666666657,2951.4373558800894,b5,85.0,67.0,1.1816529353630396,0.0032363183596569,842,3009.398798958555,56.44321979250004
18.29,10.74,0.3048333333333333,56.63866666666668,196.4346,10.36133333333332,2039.409513395295,b5,85.0,67.0,1.7029793572644918,0.0045497511758743,843,2039.3002554998252,58.774030833333285
18.23,10.69,0.3038333333333333,56.94250000000001,194.8787,10.05749999999999,1986.121777290179,b5,85.0,67.0,1.705331926535835,0.0045348258029627,844,2015.1806859613985,58.34994291666664
18.17,10.64,0.3028333333333333,57.24533333333334,193.32880000000003,9.754666666666658,1932.6802421574,b5,85.0,67.0,1.7077066064185522,0.0045199004300512,845,1991.3762820123825,59.01067999999999
18.12,10.59,0.302,57.54733333333334,191.8908,9.45266666666666,1878.0132450331107,b5,85.0,67.0,1.711047997068178,0.0045074626192916,846,1955.5727085041951,58.841627916666695
15.97,10.62,0.2661666666666666,57.813500000000005,169.60139999999998,9.186499999999995,2070.8453350031295,b5,85.0,67.0,1.5037663367451664,0.0039726367566273,847,2031.9281227520164,57.27087583333335
15.97,10.62,0.2661666666666666,58.07966666666667,169.60139999999998,8.920333333333332,2010.8453350031305,b5,85.0,67.0,1.5037663367451664,0.0039726367566273,848,2018.0573818153239,58.72559291666665
15.93,10.58,0.2655,58.34516666666667,168.5394,8.654833333333329,1955.894538606402,b5,85.0,67.0,1.5056709351917832,0.0039626865080196,849,1983.5648012682284,59.915115833333296
14.36,10.61,0.2393333333333333,58.584500000000006,152.35959999999997,8.415499999999994,2109.735376044567,b5,85.0,67.0,1.3534400232384522,0.003572139250167,850,2124.2284847551705,57.003337396250075
19.69,10.28,0.3281666666666666,58.912666666666674,202.4132,8.087333333333326,1478.6389029964437,b5,85.0,67.0,1.9153694634854612,0.0048980098771441,851,1715.8721626314866,55.933681666666686
16.36,10.35,0.2726666666666666,59.18533333333334,169.326,7.81466666666666,1719.6088019559888,b5,85.0,67.0,1.5806761757800798,0.0040696516805524,852,1720.913431503471,57.547755416666654
16.3,10.27,0.2716666666666666,59.45700000000001,167.401,7.542999999999992,1665.9386503067465,b5,85.0,67.0,1.587146875642953,0.0040547263076409,853,1621.9267718627984,57.54615666666674
18.2,10.03,0.3033333333333333,59.76033333333334,182.546,7.239666666666658,1432.0219780219763,b5,85.0,67.0,1.8145561500941028,0.004527363116507,854,1409.6450172136128,57.335291666666656
17.96,9.78,0.2993333333333333,60.05966666666668,175.6488,6.940333333333321,1391.158129175944,b5,85.0,67.0,1.8364006302248848,0.0044676616248607,855,1391.4997665588046,58.46251125
17.68,9.49,0.2946666666666667,60.354333333333344,167.7832,6.645666666666656,1353.190045248867,b5,85.0,67.0,1.863013502316807,0.0043980098846068,856,1373.388274770496,59.6652483333333
17.38,9.19,0.2896666666666666,60.64400000000001,159.7222,6.355999999999987,1316.5477560414245,b5,85.0,67.0,1.8911858660298295,0.004323383020049,857,1350.783663746777,61.05410000000004
15.0,9.74,0.25,60.89400000000001,146.1,6.105999999999987,1465.439999999997,b5,85.0,67.0,1.540040909646724,0.0037313432278904,858,1436.677221688829,58.28948833333338
14.68,9.35,0.2446666666666666,61.13866666666668,137.25799999999998,5.86133333333332,1437.384196185283,b5,85.0,67.0,1.570053308015689,0.0036517412390287,859,1428.9465263703228,58.90693874999998
14.49,9.12,0.2415,61.38016666666668,132.1488,5.619833333333318,1396.2318840579674,b5,85.0,67.0,1.588815615261446,0.0036044775581421,860,1381.972245272056,61.01105374999997
6.42,10.35,0.107,61.48716666666668,66.447,5.512833333333319,3091.308411214945,b5,85.0,67.0,0.6202897951410826,0.001597014901537,861,3092.9232351735805,60.32797687916659
6.46,10.49,0.1076666666666666,61.59483333333335,67.7654,5.405166666666652,3012.16718266253,b5,85.0,67.0,0.6158245361463741,0.0016069651501447,862,3029.4320501069797,62.43625104416657
8.09,10.39,0.1348333333333333,61.72966666666668,84.05510000000001,5.270333333333319,2345.265760197769,b5,85.0,67.0,0.7786332263105653,0.0020124377809088,863,2364.399811747179,62.166316467499946
8.09,10.37,0.1348333333333333,61.864500000000014,83.8933,5.135499999999986,2285.265760197769,b5,85.0,67.0,0.7801349295916173,0.0020124377809088,864,2310.6695960736224,61.38837938249993
8.08,10.35,0.1346666666666666,61.99916666666668,83.628,5.000833333333318,2228.094059405934,b5,85.0,67.0,0.7806762530747583,0.0020099502187569,865,2269.3977863009604,61.06957031958327
8.08,10.33,0.1346666666666666,62.13383333333335,83.46640000000001,4.8661666666666505,2168.0940594059334,b5,85.0,67.0,0.7821877267969287,0.0020099502187569,866,2224.720678557216,59.65393166999998
4.8,10.41,0.08,62.21383333333335,49.968,4.786166666666652,3589.6249999999895,b5,85.0,67.0,0.4610950565710801,0.0011940298329249,867,3754.1962232371934,68.76940782458333
4.48,10.76,0.0746666666666666,62.28850000000001,48.204800000000006,4.711499999999987,3786.0267857142744,b5,85.0,67.0,0.4163568386285466,0.0011144278440632,868,4038.637271314527,69.34806010875009
12.98,9.49,0.2163333333333333,62.504833333333345,123.1802,4.495166666666655,1246.7334360554669,b5,85.0,67.0,1.367755388013131,0.0032288556732011,869,1239.8078029175342,65.35358648083319
4.41,10.24,0.0735,62.57833333333335,45.1584,4.421666666666653,3609.523809523798,b5,85.0,67.0,0.4306640204429668,0.0010970149089997,870,3566.15361433408,72.8082640662499
4.46,10.57,0.0743333333333333,62.65266666666668,47.1422,4.347333333333317,3509.0582959641124,b5,85.0,67.0,0.4219488720956602,0.0011094527197594,871,3463.1025758743403,74.44260240458328
6.7,10.29,0.1116666666666666,62.76433333333335,68.943,4.235666666666653,2275.880597014918,b5,85.0,67.0,0.6511175266163727,0.001666666641791,872,2234.443682490167,63.515310418333264
6.69,10.27,0.1115,62.87583333333335,68.7063,4.124166666666653,2219.282511210755,b5,85.0,67.0,0.6514118158313715,0.0016641790796391,873,2198.7181161477215,63.91088854249994
6.68,10.23,0.1113333333333333,62.98716666666668,68.3364,4.012833333333319,2162.604790419154,b5,85.0,67.0,0.6529813633449303,0.0016616915174871,874,2155.7692627392094,63.714335416666636
6.67,10.19,0.1111666666666666,63.09833333333335,67.9673,3.9016666666666495,2105.84707646176,b5,85.0,67.0,0.6545632331145013,0.0016592039553352,875,2097.2892728641036,64.04227041666667
6.66,10.15,0.111,63.20933333333335,67.599,3.790666666666653,2049.009009009001,b5,85.0,67.0,0.6561575708219143,0.0016567163931833,876,2062.937527863128,63.694238750000046
11.82,9.64,0.197,63.40633333333335,113.9448,3.5936666666666497,1094.5177664974567,b5,85.0,67.0,1.2261409516451296,0.0029402984635776,877,1152.5671188983674,66.3698484787499
8.73,9.64,0.1455,63.55183333333335,84.1572,3.4481666666666513,1421.9243986254232,b5,85.0,67.0,0.9056015658089662,0.0021716417586322,878,1438.5384023196013,63.50013760541663
8.02,9.63,0.1336666666666666,63.68550000000002,77.2326,3.314499999999981,1487.8054862842807,b5,85.0,67.0,0.8328140360525403,0.0019950248458453,879,1458.5808296014231,63.64756666666664
5.93,9.84,0.0988333333333333,63.78433333333335,58.3512,3.2156666666666496,1952.1753794266335,b5,85.0,67.0,0.6026422151786367,0.0014751243560926,880,1939.5264619365116,67.39022864624998
5.91,9.84,0.0985,63.88283333333335,58.1544,3.117166666666648,1898.7817258883135,b5,85.0,67.0,0.6006096950599904,0.0014701492317888,881,1926.362291672064,68.12275468875
7.94,9.47,0.1323333333333333,64.01516666666669,75.19180000000001,2.984833333333313,1353.3249370276983,b5,85.0,67.0,0.8384370814744371,0.0019751243486299,882,1399.3680020384109,60.20454375
7.9,9.39,0.1316666666666666,64.14683333333335,74.18100000000001,2.8531666666666524,1300.177215189867,b5,85.0,67.0,0.8413204641831242,0.0019651741000222,883,1348.9233286981107,61.12528822958333
5.84,9.67,0.0973333333333333,64.24416666666669,56.4728,2.755833333333314,1698.8013698630016,b5,85.0,67.0,0.6039296169669476,0.0014527362967253,884,1682.836717860718,65.78610647250004
5.84,9.67,0.0973333333333333,64.34150000000002,56.4728,2.658499999999975,1638.8013698629986,b5,85.0,67.0,0.6039296169669476,0.0014527362967253,885,1648.163827156116,66.85237002000002
5.84,9.66,0.0973333333333333,64.43883333333336,56.4144,2.5611666666666366,1578.8013698629952,b5,85.0,67.0,0.6045548028411177,0.0014527362967253,886,1559.9960317381813,68.67004221208333
5.84,9.65,0.0973333333333333,64.5361666666667,56.356,2.463833333333298,1518.8013698629918,b5,85.0,67.0,0.6051812844371726,0.0014527362967253,887,1512.7577822523745,68.12596626666668
6.51,9.52,0.1085,64.64466666666671,61.975199999999994,2.3553333333332915,1302.4884792626497,b5,85.0,67.0,0.6838234575815696,0.0016194029609044,888,1293.948602011303,71.18469520916673
6.4,9.51,0.1066666666666666,64.75133333333338,60.864,2.2486666666666224,1264.874999999975,b5,85.0,67.0,0.6729757441665886,0.0015920397772332,889,1280.7210023346397,71.75317979250009
8.8,12.47,0.1466666666666666,0.1466666666666666,109.73600000000002,84.85333333333334,34712.72727272727,b2,85.0,85.0,0.7056936082042015,0.0017254901757785,586,34524.98112276482,0.5733427091666662
8.8,12.48,0.1466666666666666,0.2933333333333333,109.824,84.70666666666666,34652.72727272727,b2,85.0,85.0,0.7051281486275522,0.0017254901757785,587,34520.03112276482,0.5854427091666661
8.8,12.38,0.1466666666666666,0.44,108.94400000000002,84.56,34592.72727272727,b2,85.0,85.0,0.71082385211439,0.0017254901757785,588,34446.49242843878,0.7830995866666663
8.8,12.4,0.1466666666666666,0.5866666666666667,109.12000000000002,84.41333333333333,34532.72727272727,b2,85.0,85.0,0.7096773621227934,0.0017254901757785,589,34441.139398135754,0.8049162533333327
8.8,12.42,0.1466666666666666,0.7333333333333334,109.296,84.26666666666667,34472.72727272727,b2,85.0,85.0,0.7085345645302285,0.0017254901757785,590,34459.01487028066,0.7835500016666663
16.7,12.24,0.2783333333333333,1.0116666666666667,204.408,83.98833333333333,18105.269461077845,b2,85.0,85.0,1.36437897349845,0.0032745097653979,591,18053.712492166236,1.7810866666666656
16.7,12.24,0.2783333333333333,1.29,204.408,83.71,18045.269461077845,b2,85.0,85.0,1.36437897349845,0.0032745097653979,592,18050.11776858659,1.7426908333333324
16.7,12.26,0.2783333333333333,1.5683333333333334,204.742,83.43166666666667,17985.269461077845,b2,85.0,85.0,1.3621532331033253,0.0032745097653979,593,17981.934673553696,1.8544758333333322
16.7,12.27,0.2783333333333333,1.846666666666667,204.909,83.15333333333334,17925.269461077845,b2,85.0,85.0,1.3610430838595695,0.0032745097653979,594,17933.446675754556,2.1591337500000036
16.7,12.28,0.2783333333333333,2.125,205.076,82.875,17865.269461077845,b2,85.0,85.0,1.359934742676324,0.0032745097653979,595,17880.79935819302,2.623406666666665
16.7,12.29,0.2783333333333333,2.4033333333333333,205.24299999999997,82.59666666666666,17805.269461077845,b2,85.0,85.0,1.3588282051400973,0.0032745097653979,596,17860.710144740384,2.7842262499999957
23.4,12.18,0.3899999999999999,2.7933333333333334,285.012,82.20666666666666,12647.179487179488,b2,85.0,85.0,1.921182108277331,0.0045882352401384,597,12576.715978240776,4.733977605416662
23.4,12.2,0.3899999999999999,3.1833333333333336,285.47999999999996,81.81666666666666,12587.179487179488,b2,85.0,85.0,1.9180326296694568,0.0045882352401384,598,12551.765226820287,5.046520522083334
23.4,12.21,0.3899999999999999,3.5733333333333337,285.714,81.42666666666666,12527.179487179488,b2,85.0,85.0,1.9164617595035416,0.0045882352401384,599,12501.93731077412,4.818133855416675
23.4,12.21,0.3899999999999999,3.963333333333334,285.714,81.03666666666666,12467.179487179488,b2,85.0,85.0,1.9164617595035416,0.0045882352401384,600,12464.207975059788,4.922924688750006
18.1,12.3,0.3016666666666667,4.265000000000001,222.63,80.735,16057.790055248615,b2,85.0,85.0,1.471544595809383,0.0035490195660899,601,16158.558361700256,4.25724084
18.1,12.28,0.3016666666666667,4.566666666666667,222.268,80.43333333333334,15997.790055248615,b2,85.0,85.0,1.4739412480503873,0.0035490195660899,602,16058.375750679987,4.773960632500004
18.1,12.29,0.3016666666666667,4.868333333333334,222.449,80.13166666666666,15937.790055248615,b2,85.0,85.0,1.4727419468883691,0.0035490195660899,603,15975.093100868373,5.485050003333335
18.1,12.29,0.3016666666666667,5.170000000000001,222.449,79.83,15877.790055248615,b2,85.0,85.0,1.4727419468883691,0.0035490195660899,604,15932.57792090886,5.832810625833333
18.1,12.3,0.3016666666666667,5.471666666666668,222.63,79.52833333333334,15817.790055248615,b2,85.0,85.0,1.471544595809383,0.0035490195660899,605,15945.085129015415,5.703228959166666
15.9,12.31,0.265,5.736666666666667,195.729,79.26333333333334,17946.415094339623,b2,85.0,85.0,1.2916327139209818,0.0031176470221453,606,17271.13183561632,7.277260649166674
15.9,12.35,0.265,6.001666666666667,196.365,78.99833333333333,17886.415094339623,b2,85.0,85.0,1.2874492884656448,0.0031176470221453,607,17704.571210511695,6.141193858750001
15.9,12.5,0.265,6.266666666666667,198.75,78.73333333333333,17826.415094339623,b2,85.0,85.0,1.2719998982400085,0.0031176470221453,608,17731.96989681082,6.186371045833333
9.0,12.46,0.15,6.416666666666667,112.14,78.58333333333333,31433.333333333332,b2,85.0,85.0,0.7223113384982874,0.0017647058615916,609,31384.64265814141,7.456582916666672
9.0,12.48,0.15,6.566666666666667,112.32,78.43333333333334,31373.333333333332,b2,85.0,85.0,0.7211537883690875,0.0017647058615916,610,31343.345863292798,7.043835000000001
9.0,12.49,0.15,6.716666666666668,112.41,78.28333333333333,31313.333333333332,b2,85.0,85.0,0.7205764034766691,0.0017647058615916,611,31317.494758449626,7.203072916666668
9.0,12.48,0.15,6.866666666666668,112.32,78.13333333333333,31253.333333333332,b2,85.0,85.0,0.7211537883690875,0.0017647058615916,612,31286.654094604142,6.976496249999994
9.0,12.48,0.15,7.016666666666668,112.32,77.98333333333333,31193.333333333332,b2,85.0,85.0,0.7211537883690875,0.0017647058615916,613,31251.191107345847,7.029463749999992
9.0,12.48,0.15,7.166666666666669,112.32,77.83333333333333,31133.333333333332,b2,85.0,85.0,0.7211537883690875,0.0017647058615916,614,31172.016326531706,7.163128542499991
4.7,12.6,0.0783333333333333,7.245000000000002,59.22,77.755,59557.02127659574,b2,85.0,85.0,0.373015843411441,0.0009215686166089,615,59240.87957271022,7.638337083333316
4.7,12.62,0.0783333333333333,7.323333333333335,59.314,77.67666666666666,59497.02127659574,b2,85.0,85.0,0.3724246931517676,0.0009215686166089,616,59468.29511543174,7.365761666666654
4.7,12.62,0.0783333333333333,7.401666666666668,59.314,77.59833333333333,59437.02127659574,b2,85.0,85.0,0.3724246931517676,0.0009215686166089,617,59434.033688664065,7.403605833333322
4.7,12.62,0.0783333333333333,7.480000000000001,59.314,77.52,59377.02127659574,b2,85.0,85.0,0.3724246931517676,0.0009215686166089,618,59384.23368866406,7.468622500000001
4.7,12.62,0.0783333333333333,7.5583333333333345,59.314,77.44166666666666,59317.02127659574,b2,85.0,85.0,0.3724246931517676,0.0009215686166089,619,59365.783688664065,7.492710000000004
24.5,12.17,0.4083333333333333,7.966666666666668,298.165,77.03333333333333,11319.183673469388,b2,85.0,85.0,2.0131469175721515,0.0048039215121107,620,11515.621960302447,7.857194743749993
24.5,12.15,0.4083333333333333,8.375000000000002,297.675,76.625,11259.183673469388,b2,85.0,85.0,2.0164607393859475,0.0048039215121107,621,11476.46368283764,8.066179117916661
24.5,12.16,0.4083333333333333,8.783333333333335,297.92,76.21666666666667,11199.183673469388,b2,85.0,85.0,2.0148024658879553,0.0048039215121107,622,11297.930216256198,8.91599110083332
24.5,12.15,0.4083333333333333,9.191666666666668,297.675,75.80833333333334,11139.183673469388,b2,85.0,85.0,2.0164607393859475,0.0048039215121107,623,11252.969410626078,9.101896515833316
24.5,12.14,0.4083333333333333,9.6,297.43,75.4,11079.183673469388,b2,85.0,85.0,2.0181217448005153,0.0048039215121107,624,11109.780595343962,9.990132647083314
24.5,12.14,0.4083333333333333,10.008333333333336,297.43,74.99166666666666,11019.183673469388,b2,85.0,85.0,2.0181217448005153,0.0048039215121107,625,11010.806035527841,11.052049715416667
11.1,12.4,0.185,10.193333333333335,137.64,74.80666666666667,24261.621621621623,b2,85.0,85.0,0.8951612181321599,0.0021764705626297,626,24261.724731827107,10.428340001666683
11.1,12.4,0.185,10.378333333333336,137.64,74.62166666666667,24201.621621621623,b2,85.0,85.0,0.8951612181321599,0.0021764705626297,627,24239.129325470774,10.509442501666678
11.1,12.4,0.185,10.563333333333336,137.64,74.43666666666667,24141.621621621623,b2,85.0,85.0,0.8951612181321599,0.0021764705626297,628,24220.408442420085,10.585808542500008
11.1,12.4,0.185,10.748333333333337,137.64,74.25166666666667,24081.621621621623,b2,85.0,85.0,0.8951612181321599,0.0021764705626297,629,24195.658442420085,10.66212104250002
7.9,12.47,0.1316666666666666,10.880000000000004,98.513,74.12,33776.20253164557,b2,85.0,85.0,0.6335203982742263,0.0015490195896193,630,34661.66247045333,9.512141467500033
7.9,12.48,0.1316666666666666,11.011666666666668,98.592,73.98833333333333,33716.20253164557,b2,85.0,85.0,0.6330127697906435,0.0015490195896193,631,33840.367841219406,10.867747503333373
7.9,12.48,0.1316666666666666,11.143333333333334,98.592,73.85666666666667,33656.20253164557,b2,85.0,85.0,0.6330127697906435,0.0015490195896193,632,33785.05601643637,11.003817190416703
7.9,12.48,0.1316666666666666,11.275,98.592,73.725,33596.20253164557,b2,85.0,85.0,0.6330127697906435,0.0015490195896193,633,33764.585103378144,11.067062816250035
7.9,12.49,0.1316666666666666,11.406666666666666,98.671,73.59333333333333,33536.20253164557,b2,85.0,85.0,0.632505954162854,0.0015490195896193,634,33724.7243930634,11.145861149583368
15.4,12.32,0.2566666666666666,11.663333333333332,189.728,73.33666666666667,17143.636363636364,b2,85.0,85.0,1.249999898538969,0.0030196078076124,635,17179.956803728688,12.193239283750023
15.4,12.32,0.2566666666666666,11.919999999999998,189.728,73.08,17083.636363636364,b2,85.0,85.0,1.249999898538969,0.0030196078076124,636,17172.89421271792,12.21861365791669
15.4,12.3,0.2566666666666666,12.176666666666664,189.42,72.82333333333334,17023.636363636364,b2,85.0,85.0,1.2520324185339498,0.0030196078076124,637,17082.950272792044,12.267862722500022
10.3,12.42,0.1716666666666667,12.348333333333333,127.926,72.65166666666667,25392.815533980585,b2,85.0,85.0,0.8293075016660628,0.0020196078193771,638,25329.75865822081,12.610080522083326
10.3,12.42,0.1716666666666667,12.519999999999998,127.926,72.48,25332.81553398058,b2,85.0,85.0,0.8293075016660628,0.0020196078193771,639,25322.204824574696,12.67607843874999
10.3,12.42,0.1716666666666667,12.691666666666665,127.926,72.30833333333334,25272.81553398058,b2,85.0,85.0,0.8293075016660628,0.0020196078193771,640,25297.661239618315,12.686380522083319
10.3,12.42,0.1716666666666667,12.863333333333332,127.926,72.13666666666667,25212.81553398058,b2,85.0,85.0,0.8293075016660628,0.0020196078193771,641,25276.15433399005,12.718075105416649
10.3,12.41,0.1716666666666667,13.034999999999998,127.823,71.965,25152.81553398058,b2,85.0,85.0,0.8299757590672234,0.0020196078193771,642,25233.676969658136,12.279439272083328
20.1,12.21,0.335,13.37,245.421,71.63,12829.25373134328,b2,85.0,85.0,1.646191511368427,0.0039411764242214,643,12874.24152502945,12.510750836666633
20.1,12.21,0.335,13.705,245.421,71.295,12769.253731343282,b2,85.0,85.0,1.646191511368427,0.0039411764242214,644,12783.615270248001,13.071005210833299
20.1,12.19,0.335,14.04,245.019,70.96,12709.25373134328,b2,85.0,85.0,1.6488923995986549,0.0039411764242214,645,12740.543623891357,12.989173127499967
16.2,12.27,0.2699999999999999,14.31,198.77399999999997,70.69,15708.888888888889,b2,85.0,85.0,1.3202932909296423,0.003176470550865,646,15696.767199796606,14.527715001666635
16.2,12.26,0.2699999999999999,14.58,198.612,70.42,15648.888888888889,b2,85.0,85.0,1.321370202172088,0.003176470550865,647,15649.511855189965,14.98919291833331
16.2,12.26,0.2699999999999999,14.85,198.612,70.15,15588.88888888889,b2,85.0,85.0,1.321370202172088,0.003176470550865,648,15553.67376393844,15.137195629166635
16.2,12.26,0.2699999999999999,15.12,198.612,69.88,15528.888888888889,b2,85.0,85.0,1.321370202172088,0.003176470550865,649,15438.479516635585,15.357858239583292
16.2,12.26,0.2699999999999999,15.39,198.612,69.61,15468.888888888889,b2,85.0,85.0,1.321370202172088,0.003176470550865,650,15294.5589918128,15.688809698749962
5.5,12.51,0.0916666666666666,15.481666666666666,68.80499999999999,69.51833333333333,45502.90909090909,b2,85.0,85.0,0.4396482462311554,0.0010784313598615,651,45454.6912480344,15.507003959166632
5.5,12.52,0.0916666666666666,15.573333333333332,68.86,69.42666666666666,45442.90909090909,b2,85.0,85.0,0.439297089513012,0.0010784313598615,652,45416.694061966955,15.615510833333317
5.5,12.53,0.0916666666666666,15.665,68.91499999999999,69.33500000000001,45382.909090909096,b2,85.0,85.0,0.4389464933003597,0.0010784313598615,653,45374.68716564701,15.692577499999988
5.5,12.53,0.0916666666666666,15.756666666666666,68.91499999999999,69.24333333333334,45322.909090909096,b2,85.0,85.0,0.4389464933003597,0.0010784313598615,654,45328.487165647006,15.763160833333325
5.5,12.53,0.0916666666666666,15.848333333333333,68.91499999999999,69.15166666666667,45262.909090909096,b2,85.0,85.0,0.4389464933003597,0.0010784313598615,655,45291.58716564701,15.819535833333335
5.5,12.53,0.0916666666666666,15.94,68.91499999999999,69.06,45202.90909090909,b2,85.0,85.0,0.4389464933003597,0.0010784313598615,656,45272.83716564701,15.848181666666676
13.0,12.34,0.2166666666666666,16.156666666666666,160.42,68.84333333333333,19064.30769230769,b2,85.0,85.0,1.0534845175458252,0.0025490195778546,657,18734.989863118644,15.839026377083345
13.0,12.33,0.2166666666666666,16.37333333333333,160.29,68.62666666666667,19004.30769230769,b2,85.0,85.0,1.0543389250333397,0.0025490195778546,658,18645.341134900315,16.109081171250004
13.0,12.32,0.2166666666666666,16.589999999999996,160.16,68.41,18944.30769230769,b2,85.0,85.0,1.0551947195458833,0.0025490195778546,659,18630.017281030305,16.21987940083334
19.4,12.19,0.3233333333333333,16.91333333333333,236.48599999999996,68.08666666666667,12634.639175257736,b2,85.0,85.0,1.5914682861797962,0.0038039215238754,660,12718.157033313495,15.128354703749991
19.4,12.19,0.3233333333333333,17.236666666666665,236.48599999999996,67.76333333333334,12574.639175257733,b2,85.0,85.0,1.5914682861797962,0.0038039215238754,661,12587.866106721565,15.705665001666667
19.4,12.19,0.3233333333333333,17.56,236.48599999999996,67.44,12514.639175257733,b2,85.0,85.0,1.5914682861797962,0.0038039215238754,662,12524.614499142475,15.829836249999998
19.4,12.18,0.3233333333333333,17.883333333333333,236.29199999999997,67.11666666666667,12454.639175257736,b2,85.0,85.0,1.592774910281206,0.0038039215238754,663,12482.074775305402,16.262021249999997
19.4,12.17,0.3233333333333333,18.206666666666667,236.098,66.79333333333334,12394.639175257733,b2,85.0,85.0,1.594083681669377,0.0038039215238754,664,12415.24006063518,16.377436666666664
19.4,12.16,0.3233333333333333,18.53,235.904,66.47,12334.639175257733,b2,85.0,85.0,1.5953946056418908,0.0038039215238754,665,12383.721655727793,16.53104291666667
25.1,12.04,0.4183333333333333,18.948333333333338,302.204,66.05166666666666,9473.545816733063,b2,85.0,85.0,2.0847174348241335,0.0049215685695501,666,9531.578679109058,15.899012499999992
25.1,12.03,0.4183333333333333,19.366666666666667,301.953,65.63333333333333,9413.545816733063,b2,85.0,85.0,2.0864503668786067,0.0049215685695501,667,9420.777408495289,18.11661833333332
25.1,12.02,0.4183333333333333,19.785,301.702,65.215,9353.545816733067,b2,85.0,85.0,2.08818618234724,0.0049215685695501,668,9367.110815240989,19.17566208333331
25.1,12.01,0.4183333333333333,20.203333333333333,301.451,64.79666666666667,9293.545816733067,b2,85.0,85.0,2.0899248884325656,0.0049215685695501,669,9306.587219712666,19.784349583333317
25.1,12.01,0.4183333333333333,20.621666666666663,301.451,64.37833333333333,9233.545816733067,b2,85.0,85.0,2.0899248884325656,0.0049215685695501,670,9238.43721197742,19.90684770916663
25.1,12.01,0.4183333333333333,21.04,301.451,63.96,9173.545816733067,b2,85.0,85.0,2.0899248884325656,0.0049215685695501,671,9199.386094027397,20.187601042499963
4.9,12.45,0.0816666666666666,21.121666666666663,61.005,63.87833333333333,46931.02040816326,b2,85.0,85.0,0.3935742655763642,0.0009607843024221,672,47511.41799455761,20.182282424583278
4.9,12.47,0.0816666666666666,21.203333333333333,61.10300000000001,63.79666666666667,46871.02040816326,b2,85.0,85.0,0.3929430318409758,0.0009607843024221,673,47338.44308205232,20.41665533624996
4.9,12.48,0.0816666666666666,21.285,61.15200000000001,63.715,46811.02040816326,b2,85.0,85.0,0.3926281736676143,0.0009607843024221,674,46828.3483488065,20.89545250999999
4.9,12.48,0.0816666666666666,21.366666666666667,61.15200000000001,63.63333333333333,46751.02040816326,b2,85.0,85.0,0.3926281736676143,0.0009607843024221,675,46824.26921804901,20.881311572916662
4.9,12.49,0.0816666666666666,21.448333333333338,61.20100000000001,63.55166666666666,46691.020408163255,b2,85.0,85.0,0.392313819670631,0.0009607843024221,676,46681.86979257132,20.403045230833346
4.9,12.49,0.0816666666666666,21.53,61.20100000000001,63.47,46631.02040816326,b2,85.0,85.0,0.392313819670631,0.0009607843024221,677,46656.14316873758,20.379028878750013
7.1,12.43,0.1183333333333333,21.648333333333333,88.253,63.35166666666667,32121.971830985916,b2,85.0,85.0,0.5711986668384017,0.0013921568463667,678,32533.02507603202,20.865415836666724
7.1,12.41,0.1183333333333333,21.766666666666666,88.11099999999999,63.233333333333334,32061.971830985916,b2,85.0,85.0,0.5721192125609015,0.0013921568463667,679,32418.723900444562,21.01045042000005
7.1,12.41,0.1183333333333333,21.885,88.11099999999999,63.115,32001.971830985916,b2,85.0,85.0,0.5721192125609015,0.0013921568463667,680,32394.873900444563,21.057487920000042
7.1,12.42,0.1183333333333333,22.00333333333333,88.182,62.99666666666667,31941.971830985916,b2,85.0,85.0,0.571658569109616,0.0013921568463667,681,32344.72611960971,21.153051253333388
10.7,12.32,0.1783333333333333,22.181666666666665,131.82399999999998,62.818333333333335,21135.14018691589,b2,85.0,85.0,0.8685064230108422,0.0020980391910034,682,21084.899686700384,22.445438333333353
10.7,12.32,0.1783333333333333,22.36,131.82399999999998,62.64,21075.14018691589,b2,85.0,85.0,0.8685064230108422,0.0020980391910034,683,21064.299791271464,22.468971666666686
10.7,12.32,0.1783333333333333,22.538333333333338,131.82399999999998,62.461666666666666,21015.14018691589,b2,85.0,85.0,0.8685064230108422,0.0020980391910034,684,21037.060460890807,22.537225000000017
10.7,12.32,0.1783333333333333,22.71666666666667,131.82399999999998,62.28333333333333,20955.14018691589,b2,85.0,85.0,0.8685064230108422,0.0020980391910034,685,21003.7604608908,22.636200000000017
10.7,12.32,0.1783333333333333,22.895000000000003,131.82399999999998,62.105,20895.14018691589,b2,85.0,85.0,0.8685064230108422,0.0020980391910034,686,20990.110460890803,22.676770833333354
16.9,12.17,0.2816666666666666,23.17666666666667,205.67299999999997,61.82333333333333,13169.467455621305,b2,85.0,85.0,1.3886605268150758,0.003313725451211,687,13096.318608172203,23.156347852916653
16.9,12.16,0.2816666666666666,23.458333333333336,205.504,61.541666666666664,13109.467455621305,b2,85.0,85.0,1.3898025172859771,0.003313725451211,688,13080.41475695628,23.32735879666664
16.9,12.15,0.2816666666666666,23.74,205.335,61.26,13049.467455621305,b2,85.0,85.0,1.390946387576429,0.003313725451211,689,13037.439379134017,23.624338999166618
16.9,12.14,0.2816666666666666,24.02166666666667,205.166,60.97833333333333,12989.467455621305,b2,85.0,85.0,1.3920921423317838,0.003313725451211,690,12994.039706697738,23.774835466666623
16.9,12.14,0.2816666666666666,24.303333333333335,205.166,60.696666666666665,12929.467455621305,b2,85.0,85.0,1.3920921423317838,0.003313725451211,691,12981.33207276988,23.846218487083284
16.9,12.13,0.2816666666666666,24.585,204.997,60.415,12869.467455621305,b2,85.0,85.0,1.3932397862127133,0.003313725451211,692,12952.957464688077,23.825098282916628
23.7,12.01,0.3949999999999999,24.98,284.637,60.02,9116.962025316456,b2,85.0,85.0,1.9733553727430997,0.0046470587688581,693,9167.676569180632,25.006934380833318
23.7,11.98,0.3949999999999999,25.375,283.926,59.625,9056.962025316456,b2,85.0,85.0,1.978296996803256,0.0046470587688581,694,9114.525377876986,25.569779489583322
23.7,11.9,0.3949999999999999,25.77,282.03,59.23,8996.962025316456,b2,85.0,85.0,1.991596471294414,0.0046470587688581,695,8985.40452289892,26.308145341249993
12.4,12.22,0.2066666666666666,25.976666666666667,151.52800000000002,59.02333333333333,17135.8064516129,b2,85.0,85.0,1.014729867861713,0.0024313725204152,696,17109.586502206712,25.22131532124999
12.4,12.22,0.2066666666666666,26.183333333333337,151.52800000000002,58.81666666666666,17075.8064516129,b2,85.0,85.0,1.014729867861713,0.0024313725204152,697,17105.38650220671,25.235781987916667
12.4,12.21,0.2066666666666666,26.39,151.40400000000002,58.61,17015.8064516129,b2,85.0,85.0,1.015560932386492,0.0024313725204152,698,17026.43393061713,25.511493967500005
12.4,12.21,0.2066666666666666,26.596666666666668,151.40400000000002,58.403333333333336,16955.8064516129,b2,85.0,85.0,1.015560932386492,0.0024313725204152,699,17001.732776240533,25.597027717499987
12.4,12.21,0.2066666666666666,26.803333333333335,151.40400000000002,58.196666666666665,16895.8064516129,b2,85.0,85.0,1.015560932386492,0.0024313725204152,700,16976.082776240535,25.685377717499993
12.4,12.21,0.2066666666666666,27.01,151.40400000000002,57.989999999999995,16835.8064516129,b2,85.0,85.0,1.015560932386492,0.0024313725204152,701,16894.260430710045,25.848981571249993
14.3,12.16,0.2383333333333333,27.248333333333335,173.888,57.751666666666665,14538.881118881118,b2,85.0,85.0,1.175986745395827,0.0028039215356401,702,14983.145608133085,26.130882610416652
14.3,12.15,0.2383333333333333,27.486666666666668,173.745,57.513333333333335,14478.881118881118,b2,85.0,85.0,1.176954635641594,0.0028039215356401,703,14624.57921650484,27.15930427375
14.3,12.15,0.2383333333333333,27.725,173.745,57.275,14418.881118881118,b2,85.0,85.0,1.176954635641594,0.0028039215356401,704,14593.893257726773,27.276388440416678
14.3,12.15,0.2383333333333333,27.963333333333335,173.745,57.03666666666666,14358.881118881116,b2,85.0,85.0,1.176954635641594,0.0028039215356401,705,14559.158631063116,27.37080927375001
14.3,12.14,0.2383333333333333,28.201666666666668,173.602,56.79833333333333,14298.881118881118,b2,85.0,85.0,1.1779241204345865,0.0028039215356401,706,14552.447460583797,27.333276149583345
17.6,12.07,0.2933333333333333,28.495,212.432,56.504999999999995,11557.840909090906,b2,85.0,85.0,1.458160608271698,0.003450980351557,707,11415.427267397503,28.042150421666676
17.6,12.06,0.2933333333333333,28.788333333333338,212.25600000000003,56.211666666666666,11497.840909090908,b2,85.0,85.0,1.459369696569677,0.003450980351557,708,11428.814417173706,28.171573129166678
17.6,12.06,0.2933333333333333,29.081666666666667,212.25600000000003,55.91833333333334,11437.840909090908,b2,85.0,85.0,1.459369696569677,0.003450980351557,709,11423.237814689297,28.196088129166675
17.6,12.07,0.2933333333333333,29.375,212.432,55.625,11377.840909090908,b2,85.0,85.0,1.458160608271698,0.003450980351557,710,11415.514896269591,28.222675629166673
21.2,12.01,0.3533333333333333,29.72833333333333,254.612,55.27166666666667,9385.754716981131,b2,85.0,85.0,1.765195523297625,0.0041568626961937,711,9414.061737220862,28.05934542166669
21.2,11.99,0.3533333333333333,30.081666666666663,254.188,54.91833333333334,9325.754716981131,b2,85.0,85.0,1.7681399692960826,0.0041568626961937,712,9340.278931884097,28.843555108750007
21.2,12.01,0.3533333333333333,30.434999999999995,254.612,54.565000000000005,9265.754716981131,b2,85.0,85.0,1.765195523297625,0.0041568626961937,713,9299.940413429118,29.331719591666694
21.2,11.92,0.3533333333333333,30.788333333333327,252.704,54.21166666666667,9205.754716981131,b2,85.0,85.0,1.7785233407279075,0.0041568626961937,714,9218.514698894405,29.091807610416637
21.2,12.92,0.3533333333333333,31.14166666666666,273.904,53.85833333333334,9145.754716981131,b2,85.0,85.0,1.6408667460629454,0.0041568626961937,715,9376.897843355078,28.841835214166657
21.2,11.91,0.3533333333333333,31.49499999999999,252.492,53.50500000000001,9085.754716981131,b2,85.0,85.0,1.7800166431556137,0.0041568626961937,716,9189.336828969448,29.625652923333302
10.0,12.19,0.1666666666666666,31.661666666666655,121.9,53.33833333333334,19201.800000000003,b2,85.0,85.0,0.8203444774122661,0.0019607842906574,717,19671.217497640682,29.831555209166655
10.0,12.21,0.1666666666666666,31.82833333333333,122.1,53.171666666666674,19141.800000000003,b2,85.0,85.0,0.8190007519245903,0.0019607842906574,718,19679.68419857526,29.787721875833324
10.0,12.21,0.1666666666666666,31.99499999999999,122.1,53.00500000000001,19081.800000000003,b2,85.0,85.0,0.8190007519245903,0.0019607842906574,719,19679.084198575263,29.789388542499992
4.5,12.36,0.075,32.06999999999999,55.62,52.93000000000001,42344.00000000001,b2,85.0,85.0,0.3640776404467928,0.0008823529307958,720,42521.83732797474,31.64375166666671
4.5,12.38,0.075,32.144999999999996,55.71,52.855,42284.0,b2,85.0,85.0,0.3634894698312221,0.0008823529307958,721,42224.69795125202,32.01600125000004
4.5,12.38,0.075,32.22,55.71,52.78,42224.0,b2,85.0,85.0,0.3634894698312221,0.0008823529307958,722,42213.645770106,32.09885958333334
4.5,12.38,0.075,32.295,55.71,52.705,42164.0,b2,85.0,85.0,0.3634894698312221,0.0008823529307958,723,42193.245770106,32.12435958333335
4.5,12.39,0.075,32.370000000000005,55.755,52.629999999999995,42103.99999999999,b2,85.0,85.0,0.3631960965943425,0.0008823529307958,724,42222.15916061369,32.16970104249998
24.0,11.89,0.4,32.77,285.36,52.23,7834.5,b2,85.0,85.0,2.018502773885385,0.0047058822975778,725,7971.895366315748,31.836953972500027
24.0,11.84,0.4,33.17,284.15999999999997,51.83,7774.5,b2,85.0,85.0,2.0270268558254347,0.0047058822975778,726,7778.043021902588,32.909225015
24.0,11.83,0.4,33.57,283.92,51.43,7714.5,b2,85.0,85.0,2.0287403187878006,0.0047058822975778,727,7720.22670375654,33.343155958749975
24.0,11.83,0.4,33.97,283.92,51.03,7654.5,b2,85.0,85.0,2.0287403187878006,0.0047058822975778,728,7680.755203280781,33.68628240791668
24.0,11.82,0.4,34.37,283.68,50.63,7594.5,b2,85.0,85.0,2.030456681010433,0.0047058822975778,729,7622.516731442473,33.96480386208335
24.0,11.81,0.4,34.769999999999996,283.44,50.23,7534.5,b2,85.0,85.0,2.0321759498580905,0.0047058822975778,730,7590.630788226209,34.0075522991667
11.6,12.12,0.1933333333333333,34.96333333333333,140.59199999999998,50.03666666666667,15528.620689655172,b2,85.0,85.0,0.9570956306026708,0.0022745097771626,731,15717.204623620573,34.40685166666667
11.6,12.12,0.1933333333333333,35.156666666666666,140.59199999999998,49.843333333333334,15468.620689655172,b2,85.0,85.0,0.9570956306026708,0.0022745097771626,732,15716.004623620573,34.410718333333335
11.6,12.13,0.1933333333333333,35.35,140.708,49.65,15408.620689655172,b2,85.0,85.0,0.9563065988205608,0.0022745097771626,733,15890.52203647912,33.97974333333336
11.6,12.13,0.1933333333333333,35.54333333333334,140.708,49.45666666666666,15348.620689655172,b2,85.0,85.0,0.9563065988205608,0.0022745097771626,734,15812.48962151634,34.21238416666669
11.6,12.13,0.1933333333333333,35.73666666666667,140.708,49.26333333333333,15288.62068965517,b2,85.0,85.0,0.9563065988205608,0.0022745097771626,735,15846.339761311307,34.067725833333355
21.5,11.79,0.3583333333333333,36.095000000000006,253.485,48.904999999999994,8188.744186046511,b2,85.0,85.0,1.823579149823652,0.0042156862249134,736,8273.924327697345,33.83450198124994
21.5,11.79,0.3583333333333333,36.45333333333334,253.485,48.54666666666666,8128.744186046511,b2,85.0,85.0,1.823579149823652,0.0042156862249134,737,8210.772597917188,34.88778885541661
21.5,11.79,0.3583333333333333,36.811666666666675,253.485,48.188333333333325,8068.744186046511,b2,85.0,85.0,1.823579149823652,0.0042156862249134,738,8154.027030476588,35.247044481249944
21.5,11.78,0.3583333333333333,37.17000000000001,253.27,47.82999999999999,8008.744186046511,b2,85.0,85.0,1.8251271795308,0.0042156862249134,739,8136.601202935625,35.58423781624997
12.3,12.03,0.205,37.37500000000001,147.969,47.62499999999999,13939.0243902439,b2,85.0,85.0,1.022443805283142,0.0024117646775086,740,13957.59114009952,37.555815833333284
12.3,12.04,0.205,37.580000000000005,148.09199999999998,47.419999999999995,13879.0243902439,b2,85.0,85.0,1.0215945995353324,0.0024117646775086,741,13876.057098538096,37.561537499999915
12.3,12.04,0.205,37.785,148.09199999999998,47.215,13819.024390243902,b2,85.0,85.0,1.0215945995353324,0.0024117646775086,742,13871.086270235754,37.59971249999992
12.3,12.04,0.205,37.99,148.09199999999998,47.01,13759.024390243902,b2,85.0,85.0,1.0215945995353324,0.0024117646775086,743,13824.736270235753,37.75807499999988
12.3,12.04,0.205,38.195,148.09199999999998,46.805,13699.024390243902,b2,85.0,85.0,1.0215945995353324,0.0024117646775086,744,13802.236270235753,37.834949999999864
12.3,12.04,0.205,38.4,148.09199999999998,46.6,13639.024390243902,b2,85.0,85.0,1.0215945995353324,0.0024117646775086,745,13760.836270235754,37.97639999999986
15.6,11.96,0.26,38.66,186.576,46.34,10693.846153846154,b2,85.0,85.0,1.3043477170277828,0.0030588234934256,746,10636.54954463946,38.10857261541664
15.6,11.95,0.26,38.919999999999995,186.42,46.080000000000005,10633.846153846156,b2,85.0,85.0,1.3054392213021573,0.0030588234934256,747,10616.074437045074,38.21639761874998
15.6,11.95,0.26,39.17999999999999,186.42,45.82000000000001,10573.846153846156,b2,85.0,85.0,1.3054392213021573,0.0030588234934256,748,10573.062717718047,38.59582543
15.6,11.95,0.26,39.43999999999999,186.42,45.56000000000001,10513.846153846156,b2,85.0,85.0,1.3054392213021573,0.0030588234934256,749,10545.758469777948,38.773521159583304
15.6,11.95,0.26,39.69999999999999,186.42,45.30000000000001,10453.846153846156,b2,85.0,85.0,1.3054392213021573,0.0030588234934256,750,10518.52463932269,38.90186292999993
15.6,11.95,0.26,39.95999999999999,186.42,45.04000000000001,10393.846153846158,b2,85.0,85.0,1.3054392213021573,0.0030588234934256,751,10518.52463932269,38.90186292999993
6.0,12.22,0.1,40.05999999999999,73.32000000000001,44.94000000000001,26964.000000000004,b2,85.0,85.0,0.4909983231588933,0.0011764705743944,752,27553.517018662216,39.13293791666671
6.0,12.24,0.1,40.15999999999999,73.44,44.84000000000001,26904.000000000004,b2,85.0,85.0,0.4901960383826766,0.0011764705743944,753,27421.809811108196,39.158478646250025
6.0,12.24,0.1,40.25999999999999,73.44,44.74000000000001,26844.000000000004,b2,85.0,85.0,0.4901960383826766,0.0011764705743944,754,27418.659811108195,39.16372864625003
14.0,11.99,0.2333333333333333,40.493333333333325,167.86,44.506666666666675,11444.571428571431,b2,85.0,85.0,1.1676396023653377,0.0027450980069204,755,11500.801320277043,40.34535625166655
14.0,11.99,0.2333333333333333,40.72666666666666,167.86,44.27333333333334,11384.571428571431,b2,85.0,85.0,1.1676396023653377,0.0027450980069204,756,11482.951320277043,40.414772918333256
14.0,11.99,0.2333333333333333,40.959999999999994,167.86,44.040000000000006,11324.571428571431,b2,85.0,85.0,1.1676396023653377,0.0027450980069204,757,11447.701320277043,40.551856251666656
14.0,11.99,0.2333333333333333,41.19333333333333,167.86,43.80666666666667,11264.571428571431,b2,85.0,85.0,1.1676396023653377,0.0027450980069204,758,11434.351320277043,40.60377291833335
24.6,11.69,0.41,41.603333333333325,287.574,43.396666666666675,6350.731707317074,b2,85.0,85.0,2.104362523151196,0.0048235293550173,759,6381.401005776108,40.82187887708333
24.6,11.7,0.41,42.01333333333332,287.82,42.98666666666668,6290.731707317075,b2,85.0,85.0,2.102563922857785,0.0048235293550173,760,6406.622628114634,40.55109876333333
24.6,11.68,0.41,42.42333333333332,287.32800000000003,42.57666666666668,6230.731707317075,b2,85.0,85.0,2.1061642032393664,0.0048235293550173,761,6338.876066038173,41.052608664583275
24.6,11.67,0.41,42.833333333333314,287.082,42.166666666666686,6170.731707317075,b2,85.0,85.0,2.1079689710395058,0.0048235293550173,762,6346.076890676227,41.02274637208327
16.9,11.86,0.2816666666666666,43.11499999999998,200.43399999999997,41.88500000000002,8922.248520710064,b2,85.0,85.0,1.424957721335774,0.003313725451211,763,8957.49145425421,42.707149588333266
16.9,11.84,0.2816666666666666,43.39666666666665,200.096,41.60333333333335,8862.248520710064,b2,85.0,85.0,1.42736474431041,0.003313725451211,764,8863.003604319483,43.0018551070833
16.9,11.83,0.2816666666666666,43.67833333333331,199.927,41.32166666666669,8802.248520710064,b2,85.0,85.0,1.4285713078130762,0.003313725451211,765,8822.560110026407,43.32641937749996
16.9,11.84,0.2816666666666666,43.95999999999998,200.096,41.04000000000002,8742.248520710065,b2,85.0,85.0,1.42736474431041,0.003313725451211,766,8784.682717999232,43.5977877108333
16.9,11.83,0.2816666666666666,44.241666666666646,199.927,40.758333333333354,8682.248520710065,b2,85.0,85.0,1.4285713078130762,0.003313725451211,767,8758.491019387397,43.65842927374999
5.4,12.17,0.09,44.33166666666665,65.718,40.66833333333335,27112.22222222223,b2,85.0,85.0,0.4437140144852906,0.001058823516955,768,27709.9644670395,43.55154375000006
5.4,12.19,0.09,44.42166666666665,65.82600000000001,40.57833333333335,27052.22222222223,b2,85.0,85.0,0.4429860178026237,0.001058823516955,769,27459.453402567604,43.700008750000045
5.4,12.19,0.09,44.511666666666656,65.82600000000001,40.488333333333344,26992.222222222223,b2,85.0,85.0,0.4429860178026237,0.001058823516955,770,27429.294513678713,43.76771708333331
5.4,12.19,0.09,44.60166666666666,65.82600000000001,40.39833333333334,26932.222222222223,b2,85.0,85.0,0.4429860178026237,0.001058823516955,771,27378.176476357905,43.9119943758333
7.7,12.12,0.1283333333333333,44.72999999999999,93.324,40.27000000000001,18827.53246753247,b2,85.0,85.0,0.6353134789345315,0.0015098039038062,772,19102.206475470626,44.18755145916655
7.7,12.11,0.1283333333333333,44.85833333333332,93.247,40.14166666666668,18767.532467532474,b2,85.0,85.0,0.6358380977838071,0.0015098039038062,773,18963.21772898309,44.27091999999993
7.7,12.11,0.1283333333333333,44.98666666666665,93.247,40.01333333333335,18707.532467532474,b2,85.0,85.0,0.6358380977838071,0.0015098039038062,774,18955.26772898309,44.28792416666661
7.7,12.11,0.1283333333333333,45.11499999999998,93.247,39.88500000000002,18647.532467532474,b2,85.0,85.0,0.6358380977838071,0.0015098039038062,775,18954.367728983092,44.289849166666606
7.7,12.11,0.1283333333333333,45.24333333333331,93.247,39.75666666666669,18587.532467532477,b2,85.0,85.0,0.6358380977838071,0.0015098039038062,776,18954.367728983092,44.289849166666606
10.1,12.04,0.1683333333333333,45.41166666666665,121.60399999999998,39.58833333333335,14110.693069306935,b2,85.0,85.0,0.8388703622200696,0.001980392133564,777,14170.450273407767,44.93920041666659
10.1,12.04,0.1683333333333333,45.579999999999984,121.60399999999998,39.420000000000016,14050.693069306935,b2,85.0,85.0,0.8388703622200696,0.001980392133564,778,14071.987246971476,45.17627624999993
10.1,12.03,0.1683333333333333,45.74833333333332,121.503,39.25166666666668,13990.693069306935,b2,85.0,85.0,0.8395676775089213,0.001980392133564,779,14028.3336061496,45.125937083333284
10.1,12.03,0.1683333333333333,45.91666666666666,121.503,39.08333333333334,13930.693069306932,b2,85.0,85.0,0.8395676775089213,0.001980392133564,780,13980.61914698317,45.50074916666668
10.1,12.03,0.1683333333333333,46.084999999999994,121.503,38.915000000000006,13870.693069306932,b2,85.0,85.0,0.8395676775089213,0.001980392133564,781,13968.640992601158,45.56154708333335
20.7,11.74,0.345,46.42999999999999,243.018,38.57000000000001,6707.826086956524,b2,85.0,85.0,1.7632025755364076,0.0040588234816609,782,6964.997885832697,43.46840230583336
20.7,11.73,0.345,46.77499999999999,242.811,38.22500000000001,6647.826086956524,b2,85.0,85.0,1.7647057319091448,0.0040588234816609,783,6800.75806106313,44.01936616458333
20.7,11.72,0.345,47.11999999999999,242.604,37.88000000000001,6587.826086956524,b2,85.0,85.0,1.7662114533949271,0.0040588234816609,784,6734.2524836905495,44.08460481416664
20.7,11.71,0.345,47.46499999999999,242.397,37.53500000000001,6527.826086956524,b2,85.0,85.0,1.7677197465653502,0.0040588234816609,785,6713.683072172001,43.23561117124999
6.4,12.12,0.1066666666666666,47.57166666666666,77.568,37.42833333333334,21053.437500000004,b2,85.0,85.0,0.5280527617118185,0.0012549019460207,786,20977.15594820873,46.42971020916665
6.4,12.13,0.1066666666666666,47.67833333333333,77.632,37.32166666666667,20993.437500000004,b2,85.0,85.0,0.5276174338320335,0.0012549019460207,787,20977.784671939356,46.270031042499966
6.4,12.13,0.1066666666666666,47.785,77.632,37.215,20933.4375,b2,85.0,85.0,0.5276174338320335,0.0012549019460207,788,20950.39333806321,46.60319145916661
6.4,12.13,0.1066666666666666,47.891666666666666,77.632,37.108333333333334,20873.4375,b2,85.0,85.0,0.5276174338320335,0.0012549019460207,789,20925.092612944347,46.79903145916659
6.4,12.13,0.1066666666666666,47.998333333333335,77.632,37.001666666666665,20813.4375,b2,85.0,85.0,0.5276174338320335,0.0012549019460207,790,20904.25273348504,46.88873062583323
6.4,12.14,0.1066666666666666,48.105,77.69600000000001,36.895,20753.4375,b2,85.0,85.0,0.5271828231315632,0.0012549019460207,791,21473.062250624458,46.16396145916658
15.9,11.86,0.265,48.370000000000005,188.574,36.629999999999995,8293.584905660375,b2,85.0,85.0,1.340640696404663,0.0031176470221453,792,8471.916615990143,48.20190406291669
15.9,11.84,0.265,48.635000000000005,188.256,36.364999999999995,8233.584905660377,b2,85.0,85.0,1.3429052919843505,0.0031176470221453,793,8226.30868584742,49.230961562916676
15.9,11.84,0.265,48.900000000000006,188.256,36.099999999999994,8173.584905660376,b2,85.0,85.0,1.3429052919843505,0.0031176470221453,794,8212.624938287237,49.40467822958329
15.9,11.83,0.265,49.165000000000006,188.097,35.834999999999994,8113.584905660376,b2,85.0,85.0,1.344040461196918,0.0031176470221453,795,8169.911892855818,49.68436281291668
15.9,11.82,0.265,49.43000000000001,187.938,35.56999999999999,8053.584905660376,b2,85.0,85.0,1.345177551169412,0.0031176470221453,796,8122.562620704433,50.14021593875008
15.9,11.82,0.265,49.69500000000001,187.938,35.30499999999999,7993.584905660376,b2,85.0,85.0,1.345177551169412,0.0031176470221453,797,8113.737734030108,50.15718052375008
12.7,11.91,0.2116666666666666,49.90666666666667,151.257,35.09333333333333,9947.71653543307,b2,85.0,85.0,1.066330724909259,0.0024901960491349,798,9971.888631115122,49.68327666833332
12.7,11.91,0.2116666666666666,50.11833333333334,151.257,34.88166666666666,9887.71653543307,b2,85.0,85.0,1.066330724909259,0.0024901960491349,799,9927.845834580947,49.93526541833332
12.7,11.91,0.2116666666666666,50.330000000000005,151.257,34.669999999999995,9827.71653543307,b2,85.0,85.0,1.066330724909259,0.0024901960491349,800,9889.667101240795,50.0861004183333
12.7,11.9,0.2116666666666666,50.54166666666667,151.13,34.45833333333333,9767.71653543307,b2,85.0,85.0,1.067226801073378,0.0024901960491349,801,9778.102225286195,50.512866666666625
12.7,11.9,0.2116666666666666,50.75333333333334,151.13,34.24666666666666,9707.71653543307,b2,85.0,85.0,1.067226801073378,0.0024901960491349,802,9770.902225286194,50.538266666666644
14.5,11.85,0.2416666666666666,50.995000000000005,171.825,34.004999999999995,8442.620689655172,b2,85.0,85.0,1.223628588723326,0.0028431372214532,803,8435.343559642175,50.56501447958333
14.5,11.85,0.2416666666666666,51.23666666666667,171.825,33.76333333333333,8382.620689655172,b2,85.0,85.0,1.223628588723326,0.0028431372214532,804,8405.99164272662,50.586085312916666
14.5,11.84,0.2416666666666666,51.47833333333334,171.68,33.52166666666666,8322.620689655172,b2,85.0,85.0,1.2246620587278667,0.0028431372214532,805,8298.475752055476,50.82856614625
14.5,11.83,0.2416666666666666,51.720000000000006,171.535,33.279999999999994,8262.620689655172,b2,85.0,85.0,1.2256972759342963,0.0028431372214532,806,8220.518671468459,51.181416979583304
14.5,11.83,0.2416666666666666,51.96166666666667,171.535,33.03833333333333,8202.62068965517,b2,85.0,85.0,1.2256972759342963,0.0028431372214532,807,8210.681618768394,51.26287531291664
14.5,11.82,0.2416666666666666,52.20333333333334,171.39,32.79666666666666,8142.62068965517,b2,85.0,85.0,1.2267342447771368,0.0028431372214532,808,8162.558131004218,51.47021656291659
10.0,11.95,0.1666666666666666,52.370000000000005,119.5,32.629999999999995,11746.8,b2,85.0,85.0,0.8368200136552291,0.0019607842906574,809,11722.108396039614,52.43279166666668
10.0,11.95,0.1666666666666666,52.53666666666667,119.5,32.46333333333333,11686.8,b2,85.0,85.0,0.8368200136552291,0.0019607842906574,810,11703.658396039615,52.48404166666667
10.0,11.95,0.1666666666666666,52.70333333333333,119.5,32.29666666666667,11626.8,b2,85.0,85.0,0.8368200136552291,0.0019607842906574,811,11672.308396039616,52.57112499999997
10.0,11.95,0.1666666666666666,52.87,119.5,32.13,11566.8,b2,85.0,85.0,0.8368200136552291,0.0019607842906574,812,11657.008396039617,52.613625
25.0,11.55,0.4166666666666667,53.28666666666666,288.75,31.71333333333334,4566.72,b2,85.0,85.0,2.164501977099396,0.0049019607266436,813,4997.776229914713,48.83485667333335
25.0,11.53,0.4166666666666667,53.703333333333326,288.25,31.29666666666667,4506.720000000001,b2,85.0,85.0,2.168256533542365,0.0049019607266436,814,4857.70914785672,50.23547844541664
25.0,11.51,0.4166666666666667,54.11999999999999,287.75,30.88000000000001,4446.720000000001,b2,85.0,85.0,2.1720241379648884,0.0049019607266436,815,4705.3970281825805,51.12462239791669
25.0,11.5,0.4166666666666667,54.536666666666655,287.5,30.463333333333345,4386.720000000002,b2,85.0,85.0,2.1739128544423605,0.0049019607266436,816,4613.5463676120235,51.861767295833346
25.0,11.48,0.4166666666666667,54.95333333333332,287.0,30.04666666666668,4326.720000000002,b2,85.0,85.0,2.17770015873692,0.0049019607266436,817,4500.962312331606,52.56391281458332
25.0,11.47,0.4166666666666667,55.36999999999998,286.75,29.630000000000017,4266.720000000002,b2,85.0,85.0,2.179598763766455,0.0049019607266436,818,4482.193247052345,52.727029794166675
4.9,12.02,0.0816666666666666,55.45166666666665,58.898,29.548333333333353,21708.97959183675,b2,85.0,85.0,0.4076538762351185,0.0009607843024221,819,21582.353630253394,54.53629145916668
4.9,12.06,0.0816666666666666,55.53333333333331,59.09400000000001,29.46666666666669,21648.979591836753,b2,85.0,85.0,0.4063017905222396,0.0009607843024221,820,21585.736166911654,55.217497500000015
4.9,12.06,0.0816666666666666,55.614999999999974,59.09400000000001,29.385000000000023,21588.979591836753,b2,85.0,85.0,0.4063017905222396,0.0009607843024221,821,21554.644695668612,55.28698458333329
4.9,12.07,0.0816666666666666,55.69666666666664,59.14300000000001,29.303333333333363,21528.979591836753,b2,85.0,85.0,0.4059651693483704,0.0009607843024221,822,21475.25794117486,55.2481541666667
4.9,12.07,0.0816666666666666,55.7783333333333,59.14300000000001,29.2216666666667,21468.979591836756,b2,85.0,85.0,0.4059651693483704,0.0009607843024221,823,21416.78179830168,55.318552085000036
4.9,12.07,0.0816666666666666,55.85999999999997,59.14300000000001,29.140000000000036,21408.97959183676,b2,85.0,85.0,0.4059651693483704,0.0009607843024221,824,21338.04051473797,55.56790812916672
11.2,11.87,0.1866666666666666,56.04666666666663,132.944,28.95333333333337,9306.428571428583,b2,85.0,85.0,0.9435551016381548,0.0021960784055363,825,9314.25387649044,55.697362085000115
11.2,11.85,0.1866666666666666,56.2333333333333,132.72,28.7666666666667,9246.428571428583,b2,85.0,85.0,0.9451475995656036,0.0021960784055363,826,9169.100525406811,55.9078868775
11.2,11.85,0.1866666666666666,56.419999999999966,132.72,28.58000000000003,9186.428571428582,b2,85.0,85.0,0.9451475995656036,0.0021960784055363,827,9144.576152353378,56.297391668333304
11.2,11.85,0.1866666666666666,56.606666666666634,132.72,28.393333333333366,9126.428571428582,b2,85.0,85.0,0.9451475995656036,0.0021960784055363,828,9133.804435775606,56.31198229249996
11.2,11.85,0.1866666666666666,56.7933333333333,132.72,28.2066666666667,9066.428571428582,b2,85.0,85.0,0.9451475995656036,0.0021960784055363,829,9123.919229080577,56.39532312583327
11.2,11.84,0.1866666666666666,56.97999999999997,132.608,28.02000000000003,9006.428571428582,b2,85.0,85.0,0.9459458660518696,0.0021960784055363,830,8987.140015516306,56.51496625333322
7.9,11.95,0.1316666666666666,57.11166666666664,94.405,27.888333333333364,12708.607594936722,b2,85.0,85.0,0.661087810787631,0.0015490195896193,831,13062.218944294886,56.03161083499987
7.9,11.95,0.1316666666666666,57.243333333333304,94.405,27.756666666666696,12648.60759493672,b2,85.0,85.0,0.661087810787631,0.0015490195896193,832,13061.918944294886,56.032269168333194
7.9,11.95,0.1316666666666666,57.37499999999997,94.405,27.62500000000003,12588.60759493672,b2,85.0,85.0,0.661087810787631,0.0015490195896193,833,13061.918944294886,56.032269168333194
7.9,11.95,0.1316666666666666,57.50666666666664,94.405,27.49333333333336,12528.60759493672,b2,85.0,85.0,0.661087810787631,0.0015490195896193,834,13064.617868173063,55.88165083499987
18.2,11.65,0.3033333333333333,57.809999999999974,212.03,27.190000000000023,5378.241758241763,b2,85.0,85.0,1.562231625559517,0.0035686274089965,835,5582.767518572986,56.24615178041664
18.2,11.64,0.3033333333333333,58.11333333333331,211.848,26.88666666666669,5318.241758241763,b2,85.0,85.0,1.5635737488338703,0.0035686274089965,836,5418.556358603437,57.44193167166662
18.2,11.63,0.3033333333333333,58.41666666666664,211.666,26.583333333333357,5258.241758241763,b2,85.0,85.0,1.5649181801446104,0.0035686274089965,837,5336.467448626976,57.9818889641666
18.2,11.61,0.3033333333333333,58.71999999999998,211.302,26.280000000000022,5198.241758241763,b2,85.0,85.0,1.5676139907309226,0.0035686274089965,838,5307.963127159826,58.14866542499989
18.2,11.6,0.3033333333333333,59.02333333333331,211.12,25.976666666666688,5138.241758241762,b2,85.0,85.0,1.568965381985743,0.0035686274089965,839,5267.3266209919275,58.84052084166654
18.2,11.6,0.3033333333333333,59.32666666666665,211.12,25.673333333333353,5078.241758241762,b2,85.0,85.0,1.568965381985743,0.0035686274089965,840,5251.6456711803785,59.05118761374986
18.2,11.59,0.3033333333333333,59.62999999999998,210.938,25.37000000000002,5018.241758241762,b2,85.0,85.0,1.5703191052356251,0.0035686274089965,841,5266.558272999955,58.763687302499854
5.8,11.97,0.0966666666666666,59.726666666666645,69.426,25.273333333333355,15686.89655172415,b2,85.0,85.0,0.4845446545910898,0.0011372548885813,842,15872.099430125683,58.49805573291675
5.8,11.98,0.0966666666666666,59.82333333333331,69.484,25.17666666666669,15626.896551724154,b2,85.0,85.0,0.4841401933105014,0.0011372548885813,843,15872.099430125683,58.49805573291675
5.8,11.99,0.0966666666666666,59.91999999999997,69.542,25.080000000000027,15566.896551724156,b2,85.0,85.0,0.4837364066942113,0.0011372548885813,844,15894.17717731799,58.53110344041674
5.22,12.08,0.087,60.00699999999998,63.0576,24.993000000000023,17236.55172413795,b2,85.0,85.0,0.4321191695265588,0.0010235293997231,845,17324.388406027927,58.901705210833214
5.21,12.06,0.0868333333333333,60.09383333333331,62.8326,24.906166666666692,17209.635316698677,b2,85.0,85.0,0.4320065976777282,0.0010215686154325,846,17157.43506477551,59.02284812583323
5.21,12.06,0.0868333333333333,60.18066666666664,62.8326,24.81933333333336,17149.635316698674,b2,85.0,85.0,0.4320065976777282,0.0010215686154325,847,17141.748117346433,59.52721979249996
5.2,12.05,0.0866666666666666,60.267333333333305,62.66,24.732666666666695,17122.615384615405,b2,85.0,85.0,0.431535233897491,0.0010196078311418,848,17061.148946162066,58.40004520916663
5.2,12.05,0.0866666666666666,60.35399999999997,62.66,24.64600000000003,17062.615384615405,b2,85.0,85.0,0.431535233897491,0.0010196078311418,849,17046.668989687412,58.512239794166625
5.2,12.05,0.0866666666666666,60.44066666666664,62.66,24.559333333333363,17002.615384615405,b2,85.0,85.0,0.431535233897491,0.0010196078311418,850,17045.454914692546,59.31944375499996
5.2,12.05,0.0866666666666666,60.5273333333333,62.66,24.472666666666697,16942.615384615405,b2,85.0,85.0,0.431535233897491,0.0010196078311418,851,17052.64721296881,59.32539084333328
10.02,11.87,0.1669999999999999,60.694333333333304,118.93739999999998,24.305666666666696,8732.574850299412,b2,85.0,85.0,0.8441448320012779,0.0019647058592387,852,8759.479135118618,60.10780854249995
10.01,11.86,0.1668333333333333,60.86116666666664,118.7186,24.13883333333336,8681.29870129871,b2,85.0,85.0,0.84401341956042,0.001962745074948,853,8684.941507872381,60.61188416833331
10.01,11.86,0.1668333333333333,61.02799999999998,118.7186,23.972000000000023,8621.29870129871,b2,85.0,85.0,0.84401341956042,0.001962745074948,854,8646.638155308134,60.7212106258334
10.01,11.85,0.1668333333333333,61.194833333333314,118.6185,23.80516666666669,8561.298701298709,b2,85.0,85.0,0.8447256671117581,0.001962745074948,855,8571.09360031331,60.87561260541666
10.0,11.85,0.1666666666666666,61.36149999999998,118.5,23.638500000000025,8509.860000000008,b2,85.0,85.0,0.8438817853264317,0.0019607842906574,856,8616.295794995694,60.757979899583354
11.13,11.81,0.1855,61.546999999999976,131.4453,23.453000000000024,7585.876010781679,b2,85.0,85.0,0.9424215967466896,0.0021823529155017,857,7966.350009008052,59.81442750499998
11.13,11.8,0.1855,61.73249999999997,131.334,23.267500000000027,7525.87601078168,b2,85.0,85.0,0.9432202590491306,0.0021823529155017,858,7602.867308488665,61.050165838333335
11.13,11.79,0.1855,61.91799999999997,131.2227,23.08200000000003,7465.87601078168,b2,85.0,85.0,0.944020276164523,0.0021823529155017,859,7558.2860996964455,61.18383458833331
11.12,11.79,0.1853333333333333,62.1033333333333,131.10479999999998,22.896666666666697,7412.589928057564,b2,85.0,85.0,0.9431720998157676,0.002180392131211,860,7554.042732672653,61.279532088333305
5.43,11.99,0.0905,62.1938333333333,65.1057,22.806166666666694,15120.11049723759,b2,85.0,85.0,0.4528773600602702,0.0010647058698269,861,15150.537948462756,62.14984312583326
5.43,11.99,0.0905,62.2843333333333,65.1057,22.7156666666667,15060.11049723759,b2,85.0,85.0,0.4528773600602702,0.0010647058698269,862,15130.137948462756,62.18061312583327
5.43,11.99,0.0905,62.3748333333333,65.1057,22.6251666666667,15000.110497237592,b2,85.0,85.0,0.4528773600602702,0.0010647058698269,863,15104.173355958199,62.06940979249994
13.58,11.71,0.2263333333333333,62.60116666666664,159.0218,22.398833333333364,5937.8350515464,b2,85.0,85.0,1.1596924714182346,0.0026627450667128,864,6376.913835672537,59.73273969541674
13.87,11.69,0.2311666666666666,62.8323333333333,162.1403,22.167666666666697,5753.684210526324,b2,85.0,85.0,1.186484073012483,0.0027196078111418,865,6225.881492931661,59.26725521416676
13.86,11.68,0.2309999999999999,63.063333333333304,161.88479999999998,21.936666666666696,5697.8354978355055,b2,85.0,85.0,1.1866437340202285,0.0027176470268512,866,6233.189637525383,59.41801188083344
25.84,11.33,0.4306666666666666,63.49399999999997,292.7672,21.50600000000003,2996.1919504644006,b2,85.0,85.0,2.2806705842303105,0.0050666666070588,867,3570.684188435357,58.61427626166669
24.11,11.3,0.4018333333333333,63.89583333333331,272.443,21.104166666666693,3151.182082123604,b2,85.0,85.0,2.133628129767422,0.004727450924775,868,3468.235682447987,58.970166991250025
24.08,11.28,0.4013333333333333,64.29716666666664,271.62239999999997,20.70283333333336,3095.107973421931,b2,85.0,85.0,2.1347515837986184,0.0047215685719031,869,3423.0876059913044,58.89403271916668
24.05,11.27,0.4008333333333333,64.69799999999998,271.0435,20.30200000000002,3038.9688149688177,b2,85.0,85.0,2.133983839043138,0.0047156862190311,870,3406.96682508453,58.81900771916669
24.01,11.25,0.4001666666666666,65.09816666666664,270.1125,19.901833333333357,2984.031653477721,b2,85.0,85.0,2.1342220325135974,0.0047078430818685,871,3380.667999526843,59.19524126166669
4.83,11.92,0.0805,65.17866666666664,57.5736,19.821333333333357,14773.664596273313,b2,85.0,85.0,0.4052013082884809,0.0009470588123875,872,14883.396500601577,63.41821281624998
4.83,11.93,0.0805,65.25916666666664,57.6219,19.740833333333356,14713.66459627331,b2,85.0,85.0,0.4048616592739598,0.0009470588123875,873,14886.04112561707,64.51186698291663
4.82,11.93,0.0803333333333333,65.33949999999997,57.5026,19.660500000000027,14684.190871369316,b2,85.0,85.0,0.4040234363769123,0.0009450980280968,874,14870.659541379551,64.5377886495833
4.82,11.93,0.0803333333333333,65.4198333333333,57.5026,19.5801666666667,14624.19087136932,b2,85.0,85.0,0.4040234363769123,0.0009450980280968,875,14729.609351221865,64.7733031275
7.0,11.84,0.1166666666666666,65.53649999999996,82.88,19.46350000000004,10009.80000000002,b2,85.0,85.0,0.5912161662824185,0.0013725490034602,876,10632.58222036871,61.85283564416676
7.0,11.84,0.1166666666666666,65.65316666666662,82.88,19.34683333333338,9949.800000000025,b2,85.0,85.0,0.5912161662824185,0.0013725490034602,877,10370.47376351314,63.36034512208345
7.0,11.84,0.1166666666666666,65.76983333333328,82.88,19.23016666666672,9889.800000000028,b2,85.0,85.0,0.5912161662824185,0.0013725490034602,878,10292.407787956448,63.511408664583456
5.32,11.9,0.0886666666666666,65.85849999999995,63.30800000000001,19.14150000000005,12952.89473684214,b2,85.0,85.0,0.4470587859614466,0.0010431372426297,879,13270.480737120286,64.02239907125006
5.32,11.91,0.0886666666666666,65.94716666666662,63.3612,19.052833333333385,12892.894736842138,b2,85.0,85.0,0.4466834217730125,0.0010431372426297,880,13426.433124815212,64.70229584000005
17.89,11.49,0.2981666666666667,66.24533333333328,205.5561,18.75466666666672,3773.996646171057,b2,85.0,85.0,1.5570059567444774,0.0035078430959861,881,4278.048566212027,63.58032208833327
17.85,11.47,0.2975,66.54283333333328,204.7395,18.457166666666723,3722.453781512616,b2,85.0,85.0,1.5562335173292488,0.0034999999588235,882,4164.49234679747,64.15046604583327
17.84,11.45,0.2973333333333333,66.8401666666666,204.26799999999997,18.159833333333395,3664.540358744407,b2,85.0,85.0,1.5580784665433656,0.0034980391745328,883,4085.0360942150937,64.50758708833331
17.82,11.44,0.297,67.1371666666666,203.8608,17.8628333333334,3608.653198653212,b2,85.0,85.0,1.5576921715304048,0.0034941176059515,884,4043.0410995085604,64.76645834
18.23,11.41,0.3038333333333333,67.44099999999993,208.0043,17.55900000000007,3467.4931431706113,b2,85.0,85.0,1.5977211570796532,0.0035745097618685,885,4002.7357706204466,64.0918156308334
18.21,11.4,0.3035,67.74449999999993,207.594,17.25550000000007,3411.301482701826,b2,85.0,85.0,1.597368280932607,0.0035705881932871,886,4046.4981920903065,63.65416688416669
15.96,11.46,0.266,68.01049999999994,182.90160000000003,16.989500000000064,3832.218045112796,b2,85.0,85.0,1.392670035543627,0.0031294117278892,887,3983.18720581569,67.42357708666664
15.95,11.45,0.2658333333333333,68.27633333333327,182.62749999999997,16.72366666666673,3774.620689655187,b2,85.0,85.0,1.3930129787761591,0.0031274509435986,888,3885.032122752241,67.70838312916666
15.94,11.44,0.2656666666666666,68.54199999999993,182.3536,16.45800000000007,3716.988707653717,b2,85.0,85.0,1.3933565215597448,0.0031254901593079,889,3876.727305935899,67.89055886208332
11.4,11.59,0.19,68.73199999999993,132.126,16.26800000000007,5137.263157894759,b2,85.0,85.0,0.9836064725102268,0.0022352940913494,890,5174.250323961362,66.93713792999989
11.4,11.58,0.19,68.92199999999993,132.012,16.078000000000074,5077.26315789476,b2,85.0,85.0,0.9844558735357622,0.0022352940913494,891,5074.4279698870005,67.41804969708323
11.39,11.58,0.1898333333333333,69.11183333333327,131.8962,15.888166666666734,5021.720807726097,b2,85.0,85.0,0.983592315751959,0.0022333333070588,892,5053.765937592792,67.86926428041653
11.39,11.58,0.1898333333333333,69.3016666666666,131.8962,15.698333333333396,4961.720807726095,b2,85.0,85.0,0.983592315751959,0.0022333333070588,893,5041.084998144975,67.93900678041649
14.39,11.46,0.2398333333333333,69.54149999999994,164.9094,15.458500000000058,3867.310632383614,b2,85.0,85.0,1.2556717926987966,0.002821568594256,894,3983.7228024507917,68.51066719374995
14.38,11.45,0.2396666666666666,69.7811666666666,164.651,15.218833333333391,3810.0000000000146,b2,85.0,85.0,1.25589508682139,0.0028196078099653,895,3917.1695926149378,68.32342521250001
14.38,11.45,0.2396666666666666,70.02083333333327,164.651,14.979166666666728,3750.000000000015,b2,85.0,85.0,1.25589508682139,0.0028196078099653,896,3897.5190153127205,68.46560146250003
17.48,11.33,0.2913333333333333,70.3121666666666,198.0484,14.6878333333334,3024.954233409625,b2,85.0,85.0,1.54280657168521,0.0034274509400692,897,3408.4681116055704,67.09424262374999
17.47,11.31,0.2911666666666666,70.60333333333327,197.5857,14.396666666666732,2966.685746994862,b2,85.0,85.0,1.5446506149734205,0.0034254901557785,898,3385.375767976441,67.04949137208332
17.45,11.3,0.2908333333333333,70.8941666666666,197.185,14.105833333333392,2910.0859598853995,b2,85.0,85.0,1.5442476509515353,0.0034215685871972,899,3222.3299882396495,67.59561043000002
17.43,11.29,0.2905,71.1846666666666,196.7847,13.8153333333334,2853.4251290877933,b2,85.0,85.0,1.5438439730873366,0.0034176470186159,900,3142.297028490459,68.25763355416667
17.42,11.27,0.2903333333333334,71.47499999999994,196.3234,13.525000000000064,2795.063145809427,b2,85.0,85.0,1.5456964023339486,0.0034156862343252,901,3119.626100540461,68.45189376666666
17.42,11.26,0.2903333333333334,71.76533333333327,196.1492,13.234666666666726,2735.0631458094263,b2,85.0,85.0,1.5470691343633098,0.0034156862343252,902,3057.819776731229,67.77691189249992
15.21,11.33,0.2535,72.01883333333328,172.32930000000002,12.981166666666724,3072.4654832347273,b2,85.0,85.0,1.3424535443553802,0.0029823529060899,903,3354.3849044313024,67.84885844874997
15.2,11.32,0.2533333333333333,72.2721666666666,172.064,12.727833333333392,3014.4868421052774,b2,85.0,85.0,1.342756065127556,0.0029803921217993,904,3284.278693526896,68.0773897004166
15.19,11.31,0.2531666666666666,72.52533333333328,171.7989,12.47466666666672,2956.471362738657,b2,85.0,85.0,1.3430591208612626,0.0029784313375086,905,3229.64320803473,67.98378918333329
15.18,11.3,0.253,72.77833333333328,171.53400000000002,12.22166666666672,2898.4189723320287,b2,85.0,85.0,1.3433627129767511,0.0029764705532179,906,3164.893901239836,67.39714950291668
3.66,11.77,0.061,72.83933333333329,43.0782,12.160666666666714,11961.311475409882,b2,85.0,85.0,0.3109600415496991,0.0007176470503806,907,12167.024575091831,72.31167521083326
3.66,11.78,0.061,72.9003333333333,43.1148,12.099666666666709,11901.311475409871,b2,85.0,85.0,0.3106960687015222,0.0007176470503806,908,12146.511204330549,72.33302271083325
3.66,11.79,0.061,72.9613333333333,43.151399999999995,12.0386666666667,11841.311475409868,b2,85.0,85.0,0.3104325436443984,0.0007176470503806,909,12112.939271940071,72.27296833833321
3.65,11.79,0.0608333333333333,73.02216666666664,43.0335,11.977833333333365,11813.753424657563,b2,85.0,85.0,0.3095843672956432,0.0007156862660899,910,12119.071843563826,72.23659125499988
11.07,11.48,0.1845,73.20666666666664,127.0836,11.793333333333363,3835.2303523035334,b2,85.0,85.0,0.9642856302887082,0.0021705882097577,911,4030.925204921439,71.46236688416673
11.05,11.47,0.1841666666666666,73.3908333333333,126.7435,11.609166666666695,3782.1719457013664,b2,85.0,85.0,0.963382653584773,0.0021666666411764,912,4003.742643737742,71.62690459166673
11.05,11.46,0.1841666666666666,73.57499999999997,126.63300000000002,11.425000000000026,3722.171945701366,b2,85.0,85.0,0.9642233015511954,0.0021666666411764,913,3973.295718500749,71.82671917500008
19.13,11.17,0.3188333333333333,73.8938333333333,213.6821,11.106166666666695,2090.0261369576633,b2,85.0,85.0,1.7126229442593603,0.0037509803480276,914,2606.251811654524,66.18112678874996
19.09,11.14,0.3181666666666666,74.21199999999997,212.6626,10.788000000000023,2034.4054478784751,b2,85.0,85.0,1.7136443704089437,0.003743137210865,915,2149.0175462673124,68.05215135541654
19.06,11.12,0.3176666666666666,74.52966666666664,211.9472,10.470333333333356,1977.6075550891967,b2,85.0,85.0,1.7140286228391528,0.003737254857993,916,2036.464889695959,67.17048291833328
19.04,11.1,0.3173333333333333,74.84699999999998,211.344,10.15300000000002,1919.684873949584,b2,85.0,85.0,1.715315160782418,0.0037333332894117,917,1973.732184593463,67.39034333333329
19.02,11.08,0.317,75.16399999999997,210.7416,9.836000000000029,1861.703470031551,b2,85.0,85.0,1.7166063432665757,0.0037294117208304,918,1983.6672213881432,64.10923916666668
13.47,11.28,0.2245,75.38849999999998,151.9416,9.61150000000002,2568.775055679293,b2,85.0,85.0,1.1941488303059549,0.0026411764395155,919,2813.3650829825388,68.11348502666657
13.46,11.27,0.2243333333333333,75.61283333333331,151.6942,9.387166666666689,2510.6835066864837,b2,85.0,85.0,1.194321100770089,0.0026392156552249,920,2741.9034547560686,67.49238449958325
13.46,11.26,0.2243333333333333,75.83716666666665,151.55960000000002,9.162833333333351,2450.6835066864833,b2,85.0,85.0,1.1953817766090786,0.0026392156552249,921,2485.1444901073182,60.60018511041669
9.54,11.39,0.1589999999999999,75.99616666666665,108.6606,9.003833333333347,3397.6729559748483,b2,85.0,85.0,0.8375767482373355,0.0018705882132871,922,3380.2587105675025,74.12538294000005
9.54,11.4,0.1589999999999999,76.15516666666666,108.756,8.84483333333334,3337.672955974846,b2,85.0,85.0,0.8368420318559621,0.0018705882132871,923,3372.1163459413287,75.44999647250009
9.54,11.4,0.1589999999999999,76.31416666666667,108.756,8.685833333333335,3277.6729559748437,b2,85.0,85.0,0.8368420318559621,0.0018705882132871,924,3361.81836823051,75.54922272416675
9.54,11.4,0.1589999999999999,76.47316666666667,108.756,8.526833333333329,3217.6729559748414,b2,85.0,85.0,0.8368420318559621,0.0018705882132871,925,3339.3411499803037,75.64740365958339
18.88,11.01,0.3146666666666666,76.78783333333334,207.8688,8.212166666666661,1565.8792372881346,b2,85.0,85.0,1.7148045672293764,0.0037019607407612,926,1779.0340629974144,55.61523541666671
18.85,10.98,0.3141666666666667,77.102,206.973,7.897999999999996,1508.371352785145,b2,85.0,85.0,1.7167575849947556,0.0036960783878892,927,1588.4542106788015,62.25368416666669
18.82,10.95,0.3136666666666666,77.41566666666667,206.079,7.584333333333333,1450.7757704569606,b2,85.0,85.0,1.7187213042263652,0.0036901960350173,928,1533.6734723580325,62.99162416666666
18.79,10.93,0.3131666666666666,77.72883333333333,205.3747,7.271166666666673,1393.0920702501344,b2,85.0,85.0,1.7191215261553956,0.0036843136821453,929,1417.4717003210703,66.39102999999992
18.77,10.9,0.3128333333333333,78.04166666666666,204.593,6.958333333333343,1334.576451784765,b2,85.0,85.0,1.722018190640533,0.003680392113564,930,1379.4451215368442,69.11743333333327
13.78,11.09,0.2296666666666666,78.27133333333332,152.8202,6.728666666666683,1757.8519593613976,b2,85.0,85.0,1.2425607536013747,0.0027019607525259,931,1758.9014004986786,72.89111708333343
13.77,11.08,0.2294999999999999,78.50083333333332,152.5716,6.499166666666682,1699.128540305015,b2,85.0,85.0,1.2427796712292716,0.0026999999682352,932,1720.5205235321016,73.03710250000009
13.77,11.06,0.2294999999999999,78.73033333333332,152.2962,6.26966666666668,1639.1285403050142,b2,85.0,85.0,1.245027012203706,0.0026999999682352,933,1686.4612842550089,72.20005083333338
13.76,11.05,0.2293333333333333,78.95966666666665,152.048,6.040333333333351,1580.319767441865,b2,85.0,85.0,1.2452487560860854,0.0026980391839446,934,1648.839847730752,75.01016125000012
17.19,10.87,0.2865,79.24616666666665,186.8553,5.753833333333347,1204.9912739965123,b2,85.0,85.0,1.5814165978457595,0.0033705881956401,935,1227.075348344383,76.16870343874977
17.16,10.84,0.286,79.53216666666665,186.0144,5.4678333333333455,1147.0979020979046,b2,85.0,85.0,1.583025684222723,0.0033647058427681,936,1166.529590428503,78.11457583499975
17.13,10.82,0.2855,79.81766666666665,185.3466,5.182333333333347,1089.1068301225948,b2,85.0,85.0,1.5831791512773428,0.0033588234898961,937,1111.371494760408,78.85591562583308
17.1,10.79,0.285,80.10266666666665,184.509,4.89733333333335,1031.0175438596525,b2,85.0,85.0,1.584800594550455,0.0033529411370242,938,1067.4689445271565,75.61703197958309
17.07,10.75,0.2845,80.38716666666664,183.5025,4.612833333333356,972.8295254833088,b2,85.0,85.0,1.587906829031923,0.0033470587841522,939,993.9339839649231,70.5480297924999
5.22,11.27,0.087,80.47416666666665,58.82939999999999,4.5258333333333525,3121.2643678161053,b2,85.0,85.0,0.4631765338796332,0.0010235293997231,940,3083.288738315932,80.04721399916664
5.23,11.34,0.0871666666666666,80.56133333333331,59.30820000000001,4.438666666666691,3055.2963671128273,b2,85.0,85.0,0.4611992538624997,0.0010254901840138,941,3111.2358502234088,80.35194545999985
5.23,11.35,0.0871666666666666,80.64849999999997,59.3605,4.35150000000003,2995.296367112831,b2,85.0,85.0,0.4607929109433559,0.0010254901840138,942,3127.6489887949224,80.28623743124989
5.08,11.37,0.0846666666666666,80.73316666666663,57.7596,4.266833333333366,3023.7401574803384,b2,85.0,85.0,0.4467897584177873,0.0009960784196539,943,3255.345412859149,80.26394993124991
5.08,11.38,0.0846666666666666,80.8178333333333,57.8104,4.182166666666703,2963.7401574803407,b2,85.0,85.0,0.4463971488227461,0.0009960784196539,944,3610.8321862720973,79.41180462666652
15.08,10.85,0.2513333333333333,81.06916666666663,163.618,3.930833333333368,938.3952254641993,b2,85.0,85.0,1.3898616230542284,0.0029568627103114,945,944.989350466028,78.8159392804165
15.05,10.82,0.2508333333333333,81.31999999999996,162.841,3.6800000000000352,880.2657807309055,b2,85.0,85.0,1.390942570153182,0.0029509803574394,946,894.7910130557376,80.3205227141665
15.02,10.79,0.2503333333333333,81.5703333333333,162.0658,3.429666666666705,822.023968042619,b2,85.0,85.0,1.3920295280788206,0.0029450980045674,947,855.559298795189,80.57308135874985
15.0,10.75,0.25,81.8203333333333,161.25,3.179666666666705,763.1200000000092,b2,85.0,85.0,1.3953487074094226,0.0029411764359861,948,789.850574516337,80.44444229416655
14.97,10.72,0.2495,82.06983333333329,160.47840000000002,2.930166666666707,704.6492985972043,b2,85.0,85.0,1.3964550936142637,0.0029352940831141,949,770.3679921313912,80.07595114791657
19.02,10.45,0.317,82.38683333333329,198.759,2.6131666666667144,494.6056782334476,b2,85.0,85.0,1.8200955196080844,0.0037294117208304,950,567.4894985868332,81.0600540629166
18.93,10.37,0.3155,82.70233333333329,196.3041,2.2976666666667143,436.95721077655423,b2,85.0,85.0,1.8254578760407063,0.0037117646622145,951,506.02478367035854,80.63857719041653
18.84,10.27,0.314,83.01633333333328,193.4868,1.983666666666721,379.0445859872716,b2,85.0,85.0,1.8344691495161491,0.0036941176035986,952,457.4267959528292,81.04161969041652
8.0,10.86,0.1333333333333333,83.14966666666662,86.88,1.8503333333333811,832.6500000000216,b2,85.0,85.0,0.7366481826290808,0.0015686274325259,953,825.9173817511537,78.93606118458328
8.01,10.9,0.1335,83.28316666666662,87.309,1.7168333333333834,771.6104868914083,b2,85.0,85.0,0.7348623179025396,0.0015705882168166,954,788.616046164772,80.18310751999998
8.02,10.91,0.1336666666666666,83.41683333333329,87.4982,1.5831666666667132,710.64837905239,b2,85.0,85.0,0.7351053405036352,0.0015725490011072,955,726.9341484675991,78.8401212566666
8.02,10.91,0.1336666666666666,83.55049999999996,87.4982,1.449500000000043,650.6483790523885,b2,85.0,85.0,0.7351053405036352,0.0015725490011072,956,698.4864966196332,78.90354480416657
8.02,10.91,0.1336666666666666,83.68416666666663,87.4982,1.315833333333373,590.6483790523869,b2,85.0,85.0,0.7351053405036352,0.0015725490011072,957,697.0619254821629,78.94039105583325
15.53,10.43,0.2588333333333333,83.94299999999996,161.97789999999998,1.0570000000000448,245.02253702512309,b2,85.0,85.0,1.488973970376417,0.003045098003391,958,330.928602194523,75.92972877999986
15.43,10.32,0.2571666666666666,84.20016666666662,159.2376,0.7998333333333818,186.6104990278791,b2,85.0,85.0,1.4951548938803398,0.0030254901604844,959,211.96373181773993,78.84567473041658
15.34,10.21,0.2556666666666666,84.45583333333329,156.62140000000002,0.5441666666667118,127.70534550196624,b2,85.0,85.0,1.5024484326691054,0.0030078431018685,960,157.25738103975073,79.1733353295833
15.23,10.09,0.2538333333333333,84.70966666666662,153.6707,0.2903333333333791,68.62770847013556,b2,85.0,85.0,1.5094151130411189,0.0029862744746712,961,109.24113204289195,77.67725595041654
7.83,10.65,0.1305,84.84016666666662,83.3895,0.1598333333333812,73.4865900383362,b2,85.0,85.0,0.7352111985717185,0.0015352940995847,962,93.70271337129108,79.06752411458332
7.84,10.68,0.1306666666666666,84.97083333333329,83.7312,0.0291666666667111,13.39285714287759,b2,85.0,85.0,0.734082328269445,0.0015372548838754,963,18.910092295659858,77.24433702958324
7.85,10.69,0.1308333333333333,85.10166666666662,83.9165,-0.1016666666666168,-46.6242038216332,b2,85.0,85.0,0.7343310819147726,0.001539215668166,964,-59.68008925626324,76.71326088000002
7.85,10.69,0.1308333333333333,85.23249999999994,83.9165,-0.2324999999999448,-106.62420382163076,b2,85.0,85.0,0.7343310819147726,0.001539215668166,965,-117.09244135197811,80.27450213166651
8.48,10.64,0.1413333333333333,85.37383333333328,90.2272,-0.3738333333332804,-158.70283018865678,b2,85.0,85.0,0.7969924062977062,0.0016627450784775,966,-204.0172599526144,72.56040876499995
8.47,10.62,0.1411666666666667,85.51499999999994,89.9514,-0.5149999999999437,-218.8902007083586,b2,85.0,85.0,0.7975517139781816,0.0016607842941868,967,-374.34243133984614,67.3842308833333
4.22,10.91,0.0703333333333333,85.58533333333328,46.0402,-0.5853333333332813,-499.33649289095086,b2,85.0,85.0,0.3868010644545312,0.0008274509706574,968,-495.31248211509023,82.05022298166654
4.2,11.01,0.07,85.65533333333327,46.242,-0.6553333333332745,-561.7142857142352,b2,85.0,85.0,0.3814713549980604,0.0008235294020761,969,-567.8352243443716,81.17270139874994
4.2,11.04,0.07,85.72533333333327,46.367999999999995,-0.7253333333332677,-621.7142857142294,b2,85.0,85.0,0.3804347481490265,0.0008235294020761,970,-626.7693730318279,80.60195209333337
4.21,11.06,0.0701666666666666,85.79549999999993,46.5626,-0.795499999999933,-680.2375296911542,b2,85.0,85.0,0.380650960158141,0.0008254901863667,971,-687.2900924245014,83.64379625500013
3.6,11.12,0.06,85.85549999999994,40.032,-0.8554999999999353,-855.4999999999353,b2,85.0,85.0,0.3237409780808473,0.0007058823446366,972,-993.9135141866755,74.73410511874988
5.16,11.0,0.086,85.94149999999993,56.760000000000005,-0.9414999999999338,-656.860465116233,b2,85.0,85.0,0.4690908664462849,0.0010117646939792,973,-680.9510696578395,81.34526187750006
5.15,11.01,0.0858333333333333,86.02733333333326,56.7015,-1.0273333333332602,-718.1359223300459,b2,85.0,85.0,0.4677565424380979,0.0010098039096885,974,-708.5874697918159,81.2382781291667
5.16,11.01,0.086,86.11333333333326,56.8116,-1.113333333333259,-776.7441860464595,b2,85.0,85.0,0.4686648075690456,0.0010117646939792,975,-753.09824484665,81.9658063620833
8.65,10.72,0.1441666666666666,86.25749999999992,92.728,-1.257499999999922,-523.3526011560369,b2,85.0,85.0,0.8069029098038331,0.0016960784114186,976,-659.7231098703314,83.89416387874991
8.63,10.69,0.1438333333333333,86.40133333333326,92.2547,-1.4013333333332554,-584.5654692931308,b2,85.0,85.0,0.8072964633024825,0.0016921568428373,977,-691.4435680420115,85.02477731249995
8.62,10.65,0.1436666666666666,86.54499999999992,91.803,-1.5449999999999164,-645.2436194895243,b2,85.0,85.0,0.8093895953624792,0.0016901960585467,978,-702.3425335147002,85.0516324145833
8.61,10.62,0.1435,86.68849999999992,91.43819999999998,-1.6884999999999195,-705.9930313588515,b2,85.0,85.0,0.8107343869364985,0.001688235274256,979,-745.0974848402351,85.29834950291665
5.69,10.86,0.0948333333333333,86.78333333333325,61.7934,-1.7833333333332462,-1128.2952548329852,b2,85.0,85.0,0.5239410198949338,0.001115686261384,980,-1084.1416279433217,83.5817758433333
5.69,10.87,0.0948333333333333,86.87816666666657,61.8503,-1.8781666666665728,-1188.295254832981,b2,85.0,85.0,0.5234590134812316,0.001115686261384,981,-1227.194755803152,84.51748333666669
5.69,10.88,0.0948333333333333,86.9729999999999,61.90720000000001,-1.9729999999998995,-1248.2952548329768,b2,85.0,85.0,0.5229778931086496,0.001115686261384,982,-1273.7131959364567,85.0952978145833
5.69,10.88,0.0948333333333333,87.06783333333323,61.90720000000001,-2.067833333333226,-1308.2952548329724,b2,85.0,85.0,0.5229778931086496,0.001115686261384,983,-1299.5935814193504,85.69173573124988
5.69,10.88,0.0948333333333333,87.16266666666655,61.90720000000001,-2.162666666666553,-1368.2952548329683,b2,85.0,85.0,0.5229778931086496,0.001115686261384,984,-1346.335827344994,85.33386219041662
10.04,10.48,0.1673333333333333,87.32999999999988,105.2192,-2.3299999999998846,-835.458167330636,b2,85.0,85.0,0.9580151757619106,0.00196862742782,985,-891.7777469376974,86.86442699624993
9.99,10.39,0.1665,87.49649999999988,103.7961,-2.496499999999884,-899.6396396395977,b2,85.0,85.0,0.9615013511548268,0.0019588235063667,986,-933.5225655656326,86.97200116124992
9.95,10.3,0.1658333333333333,87.66233333333322,102.485,-2.662333333333222,-963.2562814069952,b2,85.0,85.0,0.9660193236874444,0.0019509803692041,987,-967.202015747125,87.33253491124997
9.9,10.19,0.165,87.82733333333323,100.881,-2.827333333333229,-1028.121212121174,b2,85.0,85.0,0.9715406308596046,0.0019411764477508,988,-1022.1848076451251,87.02119156791657
9.84,10.06,0.164,87.99133333333323,98.9904,-2.9913333333332304,-1094.3902439024014,b2,85.0,85.0,0.978131115493925,0.0019294117420069,989,-1082.8594414638317,86.78372563083325
5.61,10.62,0.0935,88.08483333333324,59.5782,-3.0848333333332363,-1979.5721925133064,b2,85.0,85.0,0.5282485378297046,0.0010999999870588,990,-1939.877400824953,85.84696990291654
5.63,10.65,0.0938333333333333,88.17866666666657,59.9595,-3.1786666666665724,-2032.5399644759611,b2,85.0,85.0,0.5286384480151692,0.0011039215556401,991,-1970.652297864676,86.02318063416652
9.24,10.34,0.154,88.33266666666657,95.5416,-3.3326666666665687,-1298.4415584415203,b2,85.0,85.0,0.8936169348532946,0.0018117646845674,992,-1343.5382605067682,87.9118665879166
9.11,10.09,0.1518333333333333,88.4844999999999,91.9199,-3.4844999999998976,-1376.9703622392572,b2,85.0,85.0,0.9028740433226916,0.0017862744887889,993,-1398.525446855932,86.9210279466666
9.0,9.89,0.15,88.6344999999999,89.01,-3.6344999999999033,-1453.7999999999613,b2,85.0,85.0,0.9100100192103115,0.0017647058615916,994,-1528.9972457160702,86.96578347541661
5.55,10.37,0.0925,88.7269999999999,57.55349999999999,-3.726999999999904,-2417.5135135134515,b2,85.0,85.0,0.5351976340214433,0.0010882352813148,995,-2365.9290343290554,88.78881234583324
5.57,10.44,0.0928333333333333,88.81983333333324,58.1508,-3.819833333333236,-2468.8330341112473,b2,85.0,85.0,0.5335248531106463,0.0010921568498961,996,-2446.4559188041962,88.90920849374992
5.57,10.46,0.0928333333333333,88.91266666666657,58.26220000000001,-3.912666666666567,-2528.833034111246,b2,85.0,85.0,0.5325047292060489,0.0010921568498961,997,-2482.6653742059534,88.92829065916665
5.58,10.47,0.093,89.00566666666657,58.4226,-4.005666666666571,-2584.301075268755,b2,85.0,85.0,0.5329512384955837,0.0010941176341868,998,-2484.7722123089193,88.9346521183333
6.19,10.28,0.1031666666666666,89.10883333333324,63.6332,-4.108833333333237,-2389.628432956325,b2,85.0,85.0,0.6021400192470799,0.0012137254759169,999,-2427.47918057726,89.08259868624988
6.19,10.29,0.1031666666666666,89.2119999999999,63.6951,-4.211999999999904,-2449.628432956325,b2,85.0,85.0,0.6015548492172159,0.0012137254759169,1000,-2437.337231054401,89.11941806874984
6.18,10.25,0.103,89.3149999999999,63.345,-4.314999999999898,-2513.5922330096496,b2,85.0,85.0,0.6029267704461687,0.0012117646916262,1001,-2486.244238684675,89.22124628499989
8.12,9.62,0.1353333333333333,89.45033333333323,78.11439999999999,-4.4503333333332336,-1973.054187192074,b2,85.0,85.0,0.8440747563331855,0.0015921568440138,1002,-2127.096358059339,87.22171200291689
4.15,10.6,0.0691666666666666,89.5194999999999,43.99,-4.519499999999894,-3920.530120481835,b2,85.0,85.0,0.3915093970274154,0.0008137254806228,1003,-3958.42126127321,89.45547367291665
4.15,10.64,0.0691666666666666,89.58866666666655,44.156000000000006,-4.588666666666555,-3980.53012048183,b2,85.0,85.0,0.3900375573272973,0.0008137254806228,1004,-3992.414292922842,89.44617504166655
4.15,10.66,0.0691666666666666,89.65783333333322,44.239,-4.657833333333215,-4040.530120481825,b2,85.0,85.0,0.3893057796148425,0.0008137254806228,1005,-4023.2648944933235,89.61757441916654
6.65,10.07,0.1108333333333333,89.76866666666655,66.9655,-4.768666666666547,-2581.5338345864016,b2,85.0,85.0,0.6603772929118875,0.0013039215532871,1006,-2608.1933776092696,89.81572830124995
6.6,9.84,0.11,89.87866666666655,64.944,-4.878666666666547,-2661.0909090908435,b2,85.0,85.0,0.6707316391532887,0.0012941176318339,1007,-2630.5161677909596,89.89552777083335
4.36,9.9,0.0726666666666666,89.95133333333321,43.164,-4.95133333333321,-4088.2568807338425,b2,85.0,85.0,0.4404039959187883,0.0008549019507266,1008,-4073.388067545128,89.8578640995831
4.39,10.14,0.0731666666666666,90.02449999999988,44.5146,-5.024499999999875,-4120.318906605821,b2,85.0,85.0,0.4329388133196436,0.0008607843035986,1009,-4098.917175387568,89.8236797287498
4.39,10.16,0.0731666666666666,90.09766666666654,44.6024,-5.097666666666541,-4180.318906605819,b2,85.0,85.0,0.4320865716450224,0.0008607843035986,1010,-4130.480831663838,89.86742755833315
5.98,9.43,0.0996666666666666,90.1973333333332,56.3914,-5.197333333333205,-3128.82943143805,b2,85.0,85.0,0.6341462742156656,0.0011725490058131,1011,-2923.5836844613673,89.88521109583333
7.43,12.58,0.1238333333333333,0.1238333333333333,93.4694,88.22616666666666,42747.53701211305,b3,88.35,88.35,0.590619984847378,0.0014016223195439,476,42104.75966045499,1.0710416766666642
7.38,12.45,0.123,0.2468333333333333,91.881,88.10316666666667,42977.15447154472,b3,88.35,88.35,0.592771036725218,0.0013921901370436,477,42792.52683645938,0.7818565862499998
7.36,12.35,0.1226666666666666,0.3695,90.896,87.98049999999999,43033.940217391304,b3,88.35,88.35,0.5959513687488771,0.0013884172640435,478,42472.12044271511,1.1926301387499996
7.54,12.24,0.1256666666666666,0.4951666666666666,92.2896,87.85483333333333,41946.604774535816,b3,88.35,88.35,0.6160130215675637,0.0014223731210446,479,41113.86090869933,1.438699792500001
16.9,12.28,0.2816666666666666,0.7768333333333333,207.532,87.57316666666667,18654.63905325444,b3,88.35,88.35,1.37622138630119,0.0031880776851,480,18422.003096592794,1.2551041683333348
17.36,12.28,0.2893333333333333,1.0661666666666667,213.1808,87.28383333333333,18100.33410138249,b3,88.35,88.35,1.4136806666383823,0.0032748537641027,481,18219.59929535019,1.228068440416668
17.37,12.3,0.2895,1.3556666666666668,213.651,86.99433333333333,18029.91364421416,b3,88.35,88.35,1.4121950071386171,0.0032767402006028,482,17949.481950640067,1.7144648979166675
17.37,12.31,0.2895,1.6451666666666669,213.8247,86.70483333333333,17969.91364421416,b3,88.35,88.35,1.4110478138872613,0.0032767402006028,483,17934.90779377245,1.7842078145833327
18.23,12.26,0.3038333333333333,1.9490000000000005,223.4998,86.401,17062.18321448162,b3,88.35,88.35,1.4869493077529117,0.0034389737396079,484,16975.127575147486,1.7396824212500044
22.75,12.24,0.3791666666666666,2.328166666666667,278.46,86.02183333333333,13612.246153846152,b3,88.35,88.35,1.8586599788676488,0.0042916430376346,485,13546.385980231576,2.7076858333333345
22.75,12.24,0.3791666666666666,2.7073333333333336,278.46,85.64266666666666,13552.246153846152,b3,88.35,88.35,1.8586599788676488,0.0042916430376346,486,13526.695354739564,2.820301666666667
22.73,12.23,0.3788333333333333,3.086166666666667,277.9879,85.26383333333332,13504.170699516057,b3,88.35,88.35,1.858544410585085,0.0042878701646345,487,13503.085785063482,2.9375408333333333
22.72,12.23,0.3786666666666666,3.464833333333334,277.8656,84.88516666666666,13450.11443661972,b3,88.35,88.35,1.857726749163798,0.0042859837281344,488,13479.796654304915,2.971382083333333
12.38,12.39,0.2063333333333333,3.671166666666667,153.3882,84.67883333333333,24623.89337641357,b3,88.35,88.35,0.99919281685288,0.0023354083870732,489,24608.579806986116,4.12577001666667
12.37,12.4,0.2061666666666666,3.877333333333334,153.388,84.47266666666665,24583.79951495554,b3,88.35,88.35,0.9975805647112448,0.0023335219505732,490,24601.688791642566,4.416315351250001
12.37,12.39,0.2061666666666666,4.083500000000001,153.2643,84.2665,24523.799514955535,b3,88.35,88.35,0.9983857144160035,0.0023335219505732,491,24546.367725933713,4.417711074166664
12.37,12.39,0.2061666666666666,4.289666666666667,153.2643,84.06033333333333,24463.79951495554,b3,88.35,88.35,0.9983857144160035,0.0023335219505732,492,24509.66207214678,4.501176495833331
14.44,12.35,0.2406666666666666,4.530333333333334,178.33399999999995,83.81966666666666,20896.869806094182,b3,88.35,88.35,1.1692306745562209,0.0027240143060854,493,20787.674078035012,4.819781250000002
14.44,12.35,0.2406666666666666,4.771000000000001,178.33399999999995,83.579,20836.869806094182,b3,88.35,88.35,1.1692306745562209,0.0027240143060854,494,20773.39951515274,4.890189999999999
14.43,12.35,0.2405,5.011500000000001,178.2105,83.3385,20791.30977130977,b3,88.35,88.35,1.1684209580225946,0.0027221278695854,495,20781.191737817382,4.777332083333328
14.43,12.35,0.2405,5.252000000000001,178.2105,83.098,20731.30977130977,b3,88.35,88.35,1.1684209580225946,0.0027221278695854,496,20751.476766117972,4.801684999999993
14.42,12.34,0.2403333333333333,5.492333333333334,177.9428,82.85766666666666,20685.686546463243,b3,88.35,88.35,1.1685574417700615,0.0027202414330853,497,20721.800493973926,5.0846320833333305
14.42,12.34,0.2403333333333333,5.732666666666667,177.9428,82.61733333333333,20625.686546463246,b3,88.35,88.35,1.1685574417700615,0.0027202414330853,498,20721.800493973926,5.0846320833333305
9.32,12.43,0.1553333333333333,5.888,115.8476,82.46199999999999,31852.274678111586,b3,88.35,88.35,0.7497988133709724,0.0017581588180551,499,31731.957716129997,6.5235412499999965
9.32,12.43,0.1553333333333333,6.043333333333333,115.8476,82.30666666666666,31792.274678111586,b3,88.35,88.35,0.7497988133709724,0.0017581588180551,500,31716.744867011454,6.6447999999999965
9.32,12.43,0.1553333333333333,6.198666666666666,115.8476,82.15133333333333,31732.274678111586,b3,88.35,88.35,0.7497988133709724,0.0017581588180551,501,31683.401744418174,7.0252737499999975
9.32,12.43,0.1553333333333333,6.353999999999999,115.8476,81.996,31672.274678111586,b3,88.35,88.35,0.7497988133709724,0.0017581588180551,502,31663.422865792792,7.329470416666664
11.48,12.39,0.1913333333333333,6.545333333333333,142.2372,81.80466666666666,25653.031358885015,b3,88.35,88.35,0.9265535975340116,0.0021656291020679,503,25574.978228436587,7.95006760708334
11.48,12.39,0.1913333333333333,6.736666666666666,142.2372,81.61333333333333,25593.031358885015,b3,88.35,88.35,0.9265535975340116,0.0021656291020679,504,25565.75724495797,7.909605523750006
11.48,12.38,0.1913333333333333,6.928,142.12240000000003,81.422,25533.03135888502,b3,88.35,88.35,0.9273020252583178,0.0021656291020679,505,25549.360901460805,7.76469885708334
15.36,12.32,0.256,7.184,189.2352,81.166,19023.28125,b3,88.35,88.35,1.2467531455557512,0.0028975664640909,506,18977.66533985244,7.377764166666672
15.35,12.31,0.2558333333333333,7.439833333333333,188.9585,80.91016666666665,18975.674267100974,b3,88.35,88.35,1.2469535948859791,0.0028956800275908,507,18952.191782367736,7.343790000000007
13.22,12.34,0.2203333333333333,7.660166666666667,163.1348,80.68983333333333,21973.025718608165,b3,88.35,88.35,1.071312717073524,0.0024938690530782,508,21928.928971938934,6.563587916666661
13.22,12.34,0.2203333333333333,7.8805,163.1348,80.4695,21913.02571860817,b3,88.35,88.35,1.071312717073524,0.0024938690530782,509,21910.904739674435,6.911450416666663
13.21,12.34,0.2201666666666666,8.100666666666667,163.0114,80.24933333333333,21869.613928841783,b3,88.35,88.35,1.0705023443677193,0.0024919826165782,510,21870.32867210089,7.557945833333342
13.21,12.34,0.2201666666666666,8.320833333333335,163.0114,80.02916666666665,21809.61392884178,b3,88.35,88.35,1.0705023443677193,0.0024919826165782,511,21847.98885057315,7.719315000000019
13.21,12.33,0.2201666666666666,8.541000000000002,162.8793,79.809,21749.613928841783,b3,88.35,88.35,1.0713705538223397,0.0024919826165782,512,21825.826264431817,7.546940833333346
7.5,12.43,0.125,8.666000000000002,93.225,79.684,38248.31999999999,b3,88.35,88.35,0.603378873420847,0.0014148273750443,513,38145.57138727379,5.658985430000001
7.5,12.45,0.125,8.791000000000002,93.375,79.559,38188.31999999999,b3,88.35,88.35,0.6024095901679045,0.0014148273750443,514,38138.154588838785,5.609374909583332
7.5,12.45,0.125,8.916000000000002,93.375,79.434,38128.31999999999,b3,88.35,88.35,0.6024095901679045,0.0014148273750443,515,38111.45758972365,6.204289181666667
7.5,12.45,0.125,9.041000000000002,93.375,79.309,38068.31999999999,b3,88.35,88.35,0.6024095901679045,0.0014148273750443,516,38089.91013464005,6.498469392499998
7.49,12.45,0.1248333333333333,9.165833333333335,93.2505,79.18416666666666,38059.145527369816,b3,88.35,88.35,0.601606377381014,0.0014129409385443,517,38080.30524597609,6.791143975833333
7.49,12.45,0.1248333333333333,9.290666666666668,93.2505,79.05933333333333,37999.14552736982,b3,88.35,88.35,0.601606377381014,0.0014129409385443,518,38072.45376651743,6.886715642500003
9.07,12.41,0.1511666666666666,9.441833333333337,112.5587,78.90816666666666,31319.66923925027,b3,88.35,88.35,0.7308621490038559,0.0017109979055536,519,31399.279767475397,9.227061875833323
9.07,12.41,0.1511666666666666,9.593000000000002,112.5587,78.75699999999999,31259.66923925027,b3,88.35,88.35,0.7308621490038559,0.0017109979055536,520,31396.073850533096,9.126715209166656
7.49,12.43,0.1248333333333333,9.717833333333337,93.1007,78.63216666666666,37793.831775700935,b3,88.35,88.35,0.6025743682562859,0.0014129409385443,521,37964.47623550967,7.570224492916674
5.28,12.5,0.088,9.805833333333334,66.0,78.54416666666665,53552.8409090909,b3,88.35,88.35,0.4223999662080027,0.0009960384720312,522,53477.58285944568,9.889976875833337
5.28,12.5,0.088,9.893833333333331,66.0,78.45616666666666,53492.8409090909,b3,88.35,88.35,0.4223999662080027,0.0009960384720312,523,53462.43285944568,9.912196875833336
5.28,12.5,0.088,9.981833333333332,66.0,78.36816666666667,53432.84090909091,b3,88.35,88.35,0.4223999662080027,0.0009960384720312,524,53431.62701915893,9.97109312583333
5.28,12.5,0.088,10.069833333333332,66.0,78.28016666666666,53372.840909090904,b3,88.35,88.35,0.4223999662080027,0.0009960384720312,525,53369.04891029389,10.168017709166662
5.28,12.5,0.088,10.15783333333333,66.0,78.19216666666667,53312.840909090904,b3,88.35,88.35,0.4223999662080027,0.0009960384720312,526,53346.921893997554,10.34218562583334
8.85,12.44,0.1475,10.305333333333332,110.094,78.04466666666666,31746.98305084746,b3,88.35,88.35,0.711414733809105,0.0016694963025523,527,31693.032628120043,9.542979583333311
8.84,12.41,0.1473333333333333,10.452666666666666,109.7044,77.89733333333334,31722.895927601818,b3,88.35,88.35,0.712328709723714,0.0016676098660523,528,31646.86785603063,10.353773333333304
8.84,12.41,0.1473333333333333,10.6,109.7044,77.75,31662.89592760181,b3,88.35,88.35,0.712328709723714,0.0016676098660523,529,31626.62895883306,10.442746249999972
8.84,12.41,0.1473333333333333,10.747333333333334,109.7044,77.60266666666666,31602.895927601807,b3,88.35,88.35,0.712328709723714,0.0016676098660523,530,31596.794527767976,10.55663249999998
8.83,12.41,0.1471666666666666,10.8945,109.5803,77.4555,31578.68629671574,b3,88.35,88.35,0.7115229080158817,0.0016657234295522,531,31582.31932512879,10.605712499999983
8.84,12.41,0.1473333333333333,11.041833333333336,109.7044,77.30816666666666,31482.963800904978,b3,88.35,88.35,0.712328709723714,0.0016676098660523,532,31507.933908959647,10.479360416666681
8.84,12.41,0.1473333333333333,11.189166666666669,109.7044,77.16083333333333,31422.963800904978,b3,88.35,88.35,0.712328709723714,0.0016676098660523,533,31466.370736337703,10.18120791666669
5.4,12.41,0.09,11.279166666666669,67.01400000000001,77.07083333333333,51380.555555555555,b3,88.35,88.35,0.4351329222294181,0.0010186757100319,534,52239.34124652698,9.825787411250014
10.72,12.36,0.1786666666666666,11.457833333333337,132.4992,76.89216666666665,25821.99626865671,b3,88.35,88.35,0.8673138456865822,0.0020222599280634,535,25625.5165228637,11.085130625833349
10.71,12.36,0.1785,11.636333333333337,132.3756,76.71366666666665,25786.106442577024,b3,88.35,88.35,0.8665047842633671,0.0020203734915634,536,25594.844761343506,11.190238125833346
10.71,12.36,0.1785,11.814833333333334,132.3756,76.53516666666665,25726.106442577027,b3,88.35,88.35,0.8665047842633671,0.0020203734915634,537,25594.445202555195,11.21848895916668
14.37,12.29,0.2395,12.054333333333334,176.60729999999998,76.29566666666666,19113.736951983297,b3,88.35,88.35,1.1692431920876167,0.002710809250585,538,19396.132827433965,10.485823959166654
14.73,12.28,0.2455,12.299833333333334,180.8844,76.05016666666666,18586.59877800407,b3,88.35,88.35,1.1995113029713924,0.0027787209645871,539,18700.845370740026,11.366933334999993
14.74,12.28,0.2456666666666666,12.5455,181.0072,75.80449999999999,18513.98914518317,b3,88.35,88.35,1.2003256351526357,0.0027806074010872,540,18624.110659105452,11.584126251666667
14.74,12.27,0.2456666666666666,12.791166666666667,180.8598,75.55883333333333,18453.989145183175,b3,88.35,88.35,1.2013038955742548,0.0027806074010872,541,18413.21915189207,12.132744591666672
14.73,12.27,0.2455,13.036666666666669,180.7371,75.31333333333333,18406.51731160896,b3,88.35,88.35,1.2004888997156562,0.0027787209645871,542,18338.156635044084,12.24791271916667
14.73,12.27,0.2455,13.282166666666669,180.7371,75.06783333333333,18346.517311608957,b3,88.35,88.35,1.2004888997156562,0.0027787209645871,543,18174.097370385196,12.71900772083334
25.23,12.1,0.4205,13.702666666666667,305.283,74.64733333333332,10651.224732461356,b3,88.35,88.35,2.085123794617868,0.0047594792896493,544,10637.065447512581,13.892012926666641
25.2,12.09,0.42,14.122666666666667,304.668,74.22733333333332,10603.90476190476,b3,88.35,88.35,2.0843670732533437,0.0047538199801491,545,10603.320837575196,14.346867397916647
25.17,12.08,0.4195,14.542166666666668,304.0536,73.80783333333332,10556.54350417163,b3,88.35,88.35,2.083609099038982,0.004748160670649,546,10588.108193383883,15.006013129166638
25.14,12.07,0.419,14.961166666666667,303.4398,73.38883333333332,10509.140811455847,b3,88.35,88.35,2.082849868860823,0.0047425013611488,547,10576.098333275027,15.311208753333306
9.49,12.32,0.1581666666666666,15.119333333333334,116.9168,73.23066666666666,27779.810326659637,b3,88.35,88.35,0.7702921452684948,0.0017902282385561,548,27649.315654491977,14.437897399583358
9.26,12.33,0.1543333333333333,15.273666666666667,114.1758,73.07633333333332,28409.805615550755,b3,88.35,88.35,0.751013726600671,0.0017468401990548,549,28498.979951741803,14.802016251666666
9.26,12.33,0.1543333333333333,15.428,114.1758,72.922,28349.80561555076,b3,88.35,88.35,0.751013726600671,0.0017468401990548,550,28497.254777953123,14.793701251666667
6.66,12.39,0.111,15.539,82.51740000000001,72.81099999999999,39357.29729729729,b3,88.35,88.35,0.5375302229596269,0.0012563667090394,551,38635.04599107731,15.59256104250004
6.66,12.39,0.111,15.650000000000002,82.51740000000001,72.69999999999999,39297.29729729729,b3,88.35,88.35,0.5375302229596269,0.0012563667090394,552,38635.04599107731,15.59256104250004
16.14,12.21,0.269,15.919000000000002,197.06940000000003,72.431,16155.613382899626,b3,88.35,88.35,1.3218672136062888,0.0030447085110955,553,16232.904984055334,14.261516788750004
16.55,12.19,0.2758333333333333,16.194833333333335,201.7445,72.15516666666666,15695.383685800602,b3,88.35,88.35,1.3576701101173003,0.0031220524075979,554,15847.163072525114,14.53421261375001
16.55,12.19,0.2758333333333333,16.47066666666667,201.7445,71.87933333333332,15635.3836858006,b3,88.35,88.35,1.3576701101173003,0.0031220524075979,555,15753.861495143337,15.116572401249993
16.54,12.18,0.2756666666666666,16.746333333333336,201.45719999999997,71.60366666666665,15584.83675937122,b3,88.35,88.35,1.3579637637139768,0.0031201659710979,556,15681.326213837561,15.368650942083336
24.14,12.06,0.4023333333333333,17.14866666666667,291.1284,71.20133333333332,10618.260149130072,b3,88.35,88.35,2.0016582088177275,0.0045538577111429,557,10605.426632672406,16.587092812916644
24.12,12.05,0.402,17.55066666666667,290.646,70.79933333333332,10567.064676616912,b3,88.35,88.35,2.001659584924516,0.0045500848381427,558,10580.680361416773,16.705754375833305
24.1,12.04,0.4016666666666666,17.95233333333334,290.164,70.39766666666665,10515.834024896263,b3,88.35,88.35,2.001660963317196,0.0045463119651426,559,10532.196876592612,17.163485833333308
24.07,12.03,0.4011666666666666,18.353500000000004,289.5621,69.9965,10468.94058994599,b3,88.35,88.35,2.0008310888752217,0.0045406526556424,560,10501.90895794796,17.465659166666672
24.05,12.02,0.4008333333333333,18.75433333333334,289.081,69.59566666666666,10417.646569646568,b3,88.35,88.35,2.000831780296857,0.0045368797826423,561,10477.627920936844,17.747361249999997
10.68,12.25,0.178,18.93233333333334,130.82999999999998,69.41766666666666,23399.213483146064,b3,88.35,88.35,0.8718366635235377,0.0020147141820632,562,23899.89706070116,17.228976875833354
10.68,12.26,0.178,19.11033333333334,130.9368,69.23966666666665,23339.21348314606,b3,88.35,88.35,0.8711255406912284,0.0020147141820632,563,23875.882877695105,17.251617083333354
10.67,12.25,0.1778333333333333,19.288166666666672,130.7075,69.06183333333333,23301.087160262417,b3,88.35,88.35,0.8710203370595644,0.0020128277455631,564,23821.90650822289,17.53151479250002
14.83,12.17,0.2471666666666666,19.535333333333337,180.4811,68.81466666666665,16704.841537424138,b3,88.35,88.35,1.2185701545957146,0.0027975853295877,565,16783.17590617142,19.02581646416664
14.83,12.17,0.2471666666666666,19.7825,180.4811,68.5675,16644.841537424138,b3,88.35,88.35,1.2185701545957146,0.0027975853295877,566,16768.91932521006,19.32581396416664
14.82,12.17,0.247,20.0295,180.3594,68.3205,16596.072874493926,b3,88.35,88.35,1.2177484619762975,0.0027956988930877,567,16759.65206118311,19.494216880833314
14.82,12.16,0.247,20.2765,180.2112,68.0735,16536.072874493926,b3,88.35,88.35,1.218749899773857,0.0027956988930877,568,16749.38336967732,19.47207157124997
18.9,12.09,0.315,20.591500000000003,228.501,67.7585,12906.380952380954,b3,88.35,88.35,1.563275304940008,0.0035653649851118,569,12890.853376609919,19.22236198791667
18.9,12.09,0.315,20.906500000000005,228.501,67.44349999999999,12846.38095238095,b3,88.35,88.35,1.563275304940008,0.0035653649851118,570,12839.296517646633,20.081808962500013
18.89,12.08,0.3148333333333333,21.221333333333337,228.1912,67.12866666666666,12793.18157755426,b3,88.35,88.35,1.5637415924054974,0.0035634785486118,571,12777.834973762965,20.61079968875002
18.88,12.08,0.3146666666666666,21.536000000000005,228.0704,66.814,12739.957627118643,b3,88.35,88.35,1.5629137779044886,0.0035615921121117,572,12762.839499635416,20.88061177208335
18.87,12.07,0.3145,21.850500000000004,227.7609,66.49949999999998,12686.709062003176,b3,88.35,88.35,1.5633801521640307,0.0035597056756117,573,12711.74576958574,21.063934272083333
18.86,12.07,0.3143333333333333,22.164833333333338,227.6402,66.18516666666666,12633.43584305408,b3,88.35,88.35,1.5625516518184217,0.0035578192391116,574,12697.504988843584,21.141561564583327
18.86,12.06,0.3143333333333333,22.47916666666667,227.4516,65.87083333333332,12573.43584305408,b3,88.35,88.35,1.5638472998468242,0.0035578192391116,575,12644.207011803705,20.88717635541666
17.49,12.08,0.2915,22.77066666666667,211.27919999999995,65.57933333333332,13498.319039451117,b3,88.35,88.35,1.4478475622642746,0.0032993774386035,576,13383.845239382421,21.86068470041667
17.48,12.07,0.2913333333333333,23.062000000000005,210.9836,65.28799999999998,13446.041189931346,b3,88.35,88.35,1.4482186041243907,0.0032974910021034,577,13388.357528616336,22.28670886375
17.47,12.07,0.2911666666666666,23.35316666666667,210.8629,64.99683333333333,13393.737836290784,b3,88.35,88.35,1.4473901037787815,0.0032956045656034,578,13350.708561247891,22.683312510000015
17.47,12.07,0.2911666666666666,23.644333333333336,210.8629,64.70566666666666,13333.737836290784,b3,88.35,88.35,1.4473901037787815,0.0032956045656034,579,13334.555162231152,22.741940217500016
22.53,11.99,0.3755,24.019833333333334,270.1347,64.33016666666666,10279.12117177097,b3,88.35,88.35,1.87906573152079,0.0042501414346333,580,10296.767269167402,22.688643544166663
22.5,11.97,0.375,24.394833333333334,269.325,63.955166666666656,10232.826666666666,b3,88.35,88.35,1.8796990910861244,0.0042444821251331,581,10256.258599044853,22.986340940416667
20.3,11.97,0.3383333333333333,24.73316666666667,242.991,63.616833333333325,11281.802955665024,b3,88.35,88.35,1.6959062910688143,0.0038294660951201,582,11265.058267377774,23.923114792500037
22.47,11.95,0.3745,25.10766666666667,268.51649999999995,63.24233333333332,10132.283044058744,b3,88.35,88.35,1.8803345706832997,0.004238822815633,583,10158.297609635243,23.535726981250004
22.46,11.95,0.3743333333333333,25.482000000000003,268.397,62.867999999999995,10076.794300979518,b3,88.35,88.35,1.8794977506696449,0.0042369363791329,584,10144.20374465951,23.477672816250003
20.28,11.96,0.338,25.820000000000004,242.54880000000003,62.52999999999999,11099.999999999996,b3,88.35,88.35,1.6956520321361177,0.00382569322212,585,11128.9560749082,24.844945522083343
20.28,11.96,0.338,26.158000000000005,242.54880000000003,62.19199999999999,11039.999999999998,b3,88.35,88.35,1.6956520321361177,0.00382569322212,586,11097.810876098063,25.00202469041668
5.21,12.24,0.0868333333333333,26.24483333333334,63.7704,62.105166666666655,42913.35892514394,b3,88.35,88.35,0.4256535599956242,0.0009828334165308,587,42918.2617403615,26.168861666666626
5.22,12.28,0.087,26.33183333333334,64.10159999999999,62.01816666666666,42771.14942528735,b3,88.35,88.35,0.4250813986090067,0.0009847198530309,588,42868.044452652146,26.220368749999984
5.21,12.28,0.0868333333333333,26.41866666666667,63.9788,61.93133333333332,42793.24376199616,b3,88.35,88.35,0.4242670664277633,0.0009828334165308,589,42863.4050346452,26.233617499999976
5.21,12.29,0.0868333333333333,26.50550000000001,64.03089999999999,61.84449999999998,42733.24376199615,b3,88.35,88.35,0.4239218532203537,0.0009828334165308,590,42831.96707118472,26.31180875
10.84,12.16,0.1806666666666666,26.686166666666676,131.8144,61.663833333333315,20478.76383763837,b3,88.35,88.35,0.8914472951112422,0.0020448971660641,591,20650.66268210477,25.655353750000007
10.84,12.15,0.1806666666666666,26.866833333333343,131.706,61.48316666666665,20418.76383763837,b3,88.35,88.35,0.8921809965283131,0.0020448971660641,592,20452.896172181394,26.328426666666672
10.83,12.15,0.1805,27.04733333333334,131.5845,61.30266666666665,20377.61772853185,b3,88.35,88.35,0.8913579513285637,0.0020430107295641,593,20465.621315872286,26.226869166666678
10.84,12.14,0.1806666666666666,27.22800000000001,131.5976,61.121999999999986,20298.81918819188,b3,88.35,88.35,0.8929159066790852,0.0020448971660641,594,20404.97364384206,26.248430000000006
10.84,12.14,0.1806666666666666,27.408666666666676,131.5976,60.94133333333332,20238.81918819188,b3,88.35,88.35,0.8929159066790852,0.0020448971660641,595,20392.748700166223,26.165011250000003
23.51,11.9,0.3918333333333333,27.80050000000001,279.769,60.54949999999998,9271.72267120374,b3,88.35,88.35,1.9756300860815057,0.0044350122116391,596,9271.680624898965,25.358278751666663
23.49,11.89,0.3914999999999999,28.19200000000001,279.29609999999997,60.15799999999999,9219.616858237549,b3,88.35,88.35,1.9756095899403203,0.004431239338639,597,9229.582180968293,25.955972085000006
23.47,11.88,0.3911666666666666,28.58316666666668,278.8236,59.76683333333332,9167.473370259904,b3,88.35,88.35,1.97558905929385,0.0044274664656389,598,9152.170871254866,26.82110250666667
23.45,11.87,0.3908333333333333,28.97400000000001,278.3515,59.37599999999998,9115.2921108742,b3,88.35,88.35,1.975568494054887,0.0044236935926388,599,9111.765801944048,27.20895532125001
23.44,11.86,0.3906666666666666,29.36466666666668,277.9984,58.985333333333315,9059.18088737201,b3,88.35,88.35,1.9763910643852391,0.0044218071561387,600,9022.872233936354,27.75164782791667
23.42,11.85,0.3903333333333333,29.755000000000013,277.527,58.594999999999985,9006.917164816394,b3,88.35,88.35,1.976371141234503,0.0044180342831386,601,8991.202865875563,27.112856067500015
20.21,11.9,0.3368333333333334,30.091833333333348,240.499,58.25816666666665,10377.506185056898,b3,88.35,88.35,1.6983191850151946,0.0038124881666196,602,10455.555210646091,27.89939450458335
20.2,11.9,0.3366666666666666,30.428500000000017,240.38,57.92149999999998,10322.643564356433,b3,88.35,88.35,1.6974788489513573,0.0038106017301195,603,10355.667512969952,28.439661072500012
20.19,11.89,0.3365,30.765000000000015,240.05910000000003,57.58499999999998,10267.756315007424,b3,88.35,88.35,1.6980654585310802,0.0038087152936195,604,10305.436043192198,28.73377128333335
20.19,11.88,0.3365,31.101500000000016,239.85720000000003,57.24849999999998,10207.756315007424,b3,88.35,88.35,1.6994948064398312,0.0038087152936195,605,10301.688961450114,27.998435341250005
20.18,11.88,0.3363333333333333,31.437833333333348,239.7384,56.91216666666665,10152.814667988105,b3,88.35,88.35,1.6986530556689348,0.0038068288571194,606,10288.450901238986,28.24691482916667
20.17,11.87,0.3361666666666666,31.774000000000015,239.4179,56.57599999999998,10097.848289538915,b3,88.35,88.35,1.699241642860856,0.0038049424206194,607,10246.923213599779,28.23038389208333
8.46,12.12,0.141,31.915000000000013,102.5352,56.43499999999998,24014.893617021266,b3,88.35,88.35,0.69801974438781,0.00159592527905,608,23963.495653406797,31.429920833333327
8.46,12.12,0.141,32.05600000000001,102.5352,56.29399999999998,23954.893617021266,b3,88.35,88.35,0.69801974438781,0.00159592527905,609,23963.495653406797,31.429920833333327
8.45,12.12,0.1408333333333333,32.196833333333345,102.414,56.15316666666665,23923.24260355029,b3,88.35,88.35,0.6971946619476351,0.00159403884255,610,23966.883055603976,31.38460166666666
8.46,12.13,0.141,32.33783333333334,102.6198,56.01216666666665,23834.964539007084,b3,88.35,88.35,0.6974442953467194,0.00159592527905,611,23961.318292180895,31.726318749999987
8.45,12.13,0.1408333333333333,32.478666666666676,102.4985,55.87133333333332,23803.171597633132,b3,88.35,88.35,0.6966198931063566,0.00159403884255,612,23959.06976782165,31.741461249999997
8.45,12.13,0.1408333333333333,32.61950000000001,102.4985,55.730499999999985,23743.171597633132,b3,88.35,88.35,0.6966198931063566,0.00159403884255,613,23959.06976782165,31.741461249999997
12.38,12.03,0.2063333333333333,32.82583333333334,148.9314,55.52416666666665,16145.961227786747,b3,88.35,88.35,1.0290938462931136,0.0023354083870732,614,16120.21759138888,33.00133145916673
12.38,12.03,0.2063333333333333,33.032166666666676,148.9314,55.31783333333332,16085.961227786747,b3,88.35,88.35,1.0290938462931136,0.0023354083870732,615,16104.000502484962,33.061666875833396
12.37,12.03,0.2061666666666666,33.238333333333344,148.81109999999998,55.11166666666665,16038.96523848019,b3,88.35,88.35,1.028262591166867,0.0023335219505732,616,16099.644703495956,33.07840354250007
23.16,11.8,0.386,33.62433333333335,273.288,54.72566666666665,8506.580310880827,b3,88.35,88.35,1.96271169807528,0.0043689869341371,617,8426.1222892562,29.22007271749997
23.12,11.8,0.3853333333333333,34.00966666666668,272.81600000000003,54.34033333333331,8461.297577854668,b3,88.35,88.35,1.9593218678540791,0.0043614411881368,618,8432.038152475572,29.744389594999976
23.59,11.76,0.3931666666666666,34.40283333333335,277.4184,53.94716666666665,8232.717253073333,b3,88.35,88.35,2.0059522103782137,0.0044501037036396,619,8187.759846695222,28.361348753333342
23.57,11.75,0.3928333333333333,34.79566666666668,276.9475,53.55433333333331,8179.703012303772,b3,88.35,88.35,2.0059572760887425,0.0044463308306395,620,8166.605164844926,28.989772920000018
6.94,12.11,0.1156666666666666,34.91133333333335,84.0434,53.43866666666664,27720.34582132563,b3,88.35,88.35,0.573080051768782,0.001309186931041,621,27651.353776213677,33.76086501000007
6.95,12.12,0.1158333333333333,35.02716666666669,84.234,53.32283333333331,27620.46043165466,b3,88.35,88.35,0.5734322959214279,0.0013110733675411,622,27503.575985575022,33.934547515000055
6.94,12.12,0.1156666666666666,35.14283333333336,84.1128,53.20716666666664,27600.25936599422,b3,88.35,88.35,0.5726072134812531,0.001309186931041,623,27609.252206798945,33.8085221970834
12.35,11.99,0.2058333333333333,35.34866666666669,148.0765,53.00133333333331,15449.78137651821,b3,88.35,88.35,1.0300249349437085,0.0023297490775731,624,15505.326036366228,34.88046250000001
12.65,11.98,0.2108333333333333,35.55950000000002,151.547,52.79049999999997,15023.38339920948,b3,88.35,88.35,1.055926456099628,0.0023863421725748,625,15432.91624817781,34.6000056258333
12.65,11.98,0.2108333333333333,35.770333333333355,151.547,52.57966666666664,14963.38339920948,b3,88.35,88.35,1.055926456099628,0.0023863421725748,626,15405.971942332275,34.65150145916662
23.07,11.76,0.3845,36.15483333333336,271.3032,52.19516666666664,8144.889466840047,b3,88.35,88.35,1.9617345270633908,0.0043520090056365,627,8182.466814945094,33.696866044166626
23.04,11.75,0.384,36.53883333333336,270.71999999999997,51.81116666666664,8095.494791666662,b3,88.35,88.35,1.96085089694886,0.0043463496961363,628,8165.486228588948,34.11002646083328
23.02,11.74,0.3836666666666666,36.92250000000003,270.2548,51.42749999999997,8042.528236316241,b3,88.35,88.35,1.9608175501858989,0.0043425768231362,629,8112.442834361431,33.9717937516666
23.0,11.73,0.3833333333333333,37.30583333333336,269.79,51.044166666666634,7989.521739130429,b3,88.35,88.35,1.9607841465657163,0.0043388039501361,630,8115.176933125328,32.82707916833329
23.51,11.71,0.3918333333333333,37.69766666666669,275.30210000000005,50.6523333333333,7756.205869842614,b3,88.35,88.35,2.0076855672343665,0.0044350122116391,631,7824.231048271595,33.349241154583346
24.07,11.68,0.4011666666666666,38.09883333333336,281.1376,50.251166666666634,7515.754050685497,b3,88.35,88.35,2.0607874947955915,0.0045406526556424,632,7662.455163644222,33.98529355083333
24.06,11.67,0.4009999999999999,38.49983333333336,280.7802,49.85016666666663,7458.877805486279,b3,88.35,88.35,2.0616964814313214,0.0045387662191424,633,7584.913252703809,34.195575005
24.04,11.66,0.4006666666666666,38.90050000000003,280.3064,49.449499999999965,7405.083194675535,b3,88.35,88.35,2.0617493943611156,0.0045349933461423,634,7487.3154140424185,34.17001385875
24.02,11.65,0.4003333333333333,39.300833333333365,279.833,49.04916666666663,7351.2489592006605,b3,88.35,88.35,2.06180239812855,0.0045312204731421,635,7442.801560056835,34.31802917000002
24.0,11.64,0.4,39.70083333333336,279.36,48.64916666666663,7297.374999999995,b3,88.35,88.35,2.0618554929677413,0.004527447600142,636,7446.353804138934,34.32297479416666
20.91,11.69,0.3485,40.049333333333365,244.4379,48.30066666666663,8315.753228120511,b3,88.35,88.35,1.7887081446785165,0.0039445387216237,637,8248.049535231097,34.9575297925
20.9,11.69,0.3483333333333333,40.3976666666667,244.32099999999997,47.95233333333329,8259.73205741626,b3,88.35,88.35,1.7878527127585362,0.0039426522851237,638,8236.28244624,35.227676459166666
20.88,11.68,0.348,40.7456666666667,243.87839999999997,47.604333333333294,8207.643678160914,b3,88.35,88.35,1.7876710798226816,0.0039388794121236,639,8231.254642142201,35.29647291833332
20.87,11.67,0.3478333333333333,41.093500000000034,243.5529,47.25649999999996,8151.576425491128,b3,88.35,88.35,1.7883460335607515,0.0039369929756235,640,8248.792831488796,35.013631251666666
20.86,11.67,0.3476666666666667,41.4411666666667,243.4362,46.90883333333329,8095.484180249274,b3,88.35,88.35,1.7874891356050442,0.0039351065391234,641,8230.781619856642,34.57482833500001
22.59,11.62,0.3765,41.8176666666667,262.4958,46.53233333333329,7415.511288180604,b3,88.35,88.35,1.9440617948311711,0.0042614600536337,642,7554.156905687992,36.17929166833333
22.57,11.61,0.3761666666666666,42.19383333333337,262.0377,46.15616666666662,7362.082410279124,b3,88.35,88.35,1.9440136137800508,0.0042576871806336,643,7517.150048569783,37.070118542499976
22.56,11.6,0.376,42.56983333333337,261.69599999999997,45.780166666666624,7305.345744680844,b3,88.35,88.35,1.9448274185493608,0.0042558007441335,644,7435.7240550366905,37.971350627499966
22.54,11.59,0.3756666666666666,42.94550000000004,261.23859999999996,45.40449999999995,7251.827861579407,b3,88.35,88.35,1.9447798149456588,0.0042520278711334,645,7384.184934454695,38.43351687749996
22.53,11.59,0.3755,43.32100000000004,261.1227,45.028999999999954,7195.046604527289,b3,88.35,88.35,1.9439170022504744,0.0042501414346333,646,7359.469403047692,38.30005552374996
22.52,11.58,0.3753333333333333,43.69633333333337,260.78159999999997,44.65366666666662,7138.241563055055,b3,88.35,88.35,1.944732129125032,0.0042482549981333,647,7317.659814929968,38.47549469041664
16.29,11.71,0.2714999999999999,43.967833333333374,190.7559,44.38216666666662,9808.213627992624,b3,88.35,88.35,1.3911185831666453,0.0030730050585964,648,9750.790365370487,41.934706877500005
16.29,11.71,0.2714999999999999,44.23933333333338,190.7559,44.11066666666662,9748.213627992624,b3,88.35,88.35,1.3911185831666453,0.0030730050585964,649,9732.580304435014,41.911475627500025
16.28,11.71,0.2713333333333333,44.51066666666671,190.63880000000003,43.839333333333286,9694.201474201463,b3,88.35,88.35,1.3902646122745848,0.0030711186220963,650,9712.144113883716,41.91632437750003
16.28,11.7,0.2713333333333333,44.78200000000004,190.476,43.567999999999955,9634.201474201463,b3,88.35,88.35,1.3914528725253958,0.0030711186220963,651,9697.86224428116,41.9517025016667
24.04,11.52,0.4006666666666666,45.182666666666705,276.94079999999997,43.16733333333329,6464.326123128114,b3,88.35,88.35,2.0868053744092556,0.0045349933461423,652,6771.899618391892,36.98526063749999
24.01,11.51,0.4001666666666666,45.58283333333337,276.3551,42.767166666666625,6412.403165347765,b3,88.35,88.35,2.086011982101479,0.0045293340366421,653,6766.547579277773,37.346997720833315
24.01,11.49,0.4001666666666666,45.98300000000003,275.8749,42.36699999999996,6352.403165347766,b3,88.35,88.35,2.0896429861059196,0.0045293340366421,654,6685.758031459069,37.71051282458334
9.2,11.84,0.1533333333333333,46.13633333333337,108.928,42.213666666666626,16518.391304347813,b3,88.35,88.35,0.7770269613997499,0.0017355215800544,655,16593.375737969436,45.54257479750004
9.2,11.85,0.1533333333333333,46.289666666666704,109.01999999999998,42.06033333333329,16458.39130434781,b3,88.35,88.35,0.7763712425003171,0.0017355215800544,656,16614.256654333825,45.57194386041672
8.99,11.86,0.1498333333333333,46.43950000000004,106.6214,41.91049999999995,16782.84760845382,b3,88.35,88.35,0.7580100541306869,0.0016959064135532,657,16875.874249081273,45.29501531791679
19.25,11.6,0.3208333333333333,46.76033333333337,223.3,41.58966666666662,7777.807792207784,b3,88.35,88.35,1.6594826155618436,0.0036313902626139,658,7950.226310202436,40.383301984583355
19.25,11.59,0.3208333333333333,47.081166666666704,223.1075,41.26883333333329,7717.807792207784,b3,88.35,88.35,1.6609144382299883,0.0036313902626139,659,7909.163662011498,40.53527688083336
9.2,11.82,0.1533333333333333,47.23450000000004,108.744,41.115499999999955,16088.673913043462,b3,88.35,88.35,0.778341727720666,0.0017355215800544,660,16219.796588172123,46.25573417166677
9.21,11.82,0.1535,47.38800000000004,108.86220000000002,40.961999999999954,16011.205211726365,b3,88.35,88.35,0.7791877513377538,0.0017374080165545,661,16198.091283189035,46.31441313083343
15.26,11.64,0.2543333333333333,47.642333333333376,177.62640000000002,40.70766666666662,9603.381389252938,b3,88.35,88.35,1.310996450945322,0.0028787020990903,662,9537.186349622138,42.924128750000015
15.26,11.64,0.2543333333333333,47.89666666666671,177.62640000000002,40.45333333333328,9543.381389252938,b3,88.35,88.35,1.310996450945322,0.0028787020990903,663,9533.776518942796,43.04570333333336
15.25,11.63,0.2541666666666666,48.15083333333338,177.35750000000002,40.19916666666661,9489.63934426228,b3,88.35,88.35,1.3112638597365556,0.0028768156625902,664,9528.51339726977,43.16783958333335
15.25,11.63,0.2541666666666666,48.40500000000005,177.35750000000002,39.94499999999994,9429.63934426228,b3,88.35,88.35,1.3112638597365556,0.0028768156625902,665,9521.008668022627,43.08938416666669
25.25,11.37,0.4208333333333333,48.825833333333385,287.0925,39.52416666666661,5635.128712871279,b3,88.35,88.35,2.2207561811120335,0.0047632521626494,666,5624.834447382376,45.89593656458337
25.22,11.35,0.4203333333333333,49.24616666666672,286.24699999999996,39.10383333333328,5581.831879460738,b3,88.35,88.35,2.222026235944825,0.0047575928531492,667,5611.286230350699,46.23319958500004
25.18,11.34,0.4196666666666667,49.66583333333338,285.5412,38.68416666666661,5530.698967434464,b3,88.35,88.35,2.220458357984272,0.004750047107149,668,5594.177930746241,46.644994479583346
25.15,11.32,0.4191666666666666,50.08500000000005,284.698,38.264999999999944,5477.296222664008,b3,88.35,88.35,2.2217312524972392,0.0047443877976488,669,5560.519338370201,46.243888646250035
25.12,11.3,0.4186666666666667,50.50366666666672,283.85600000000005,37.84633333333328,5423.837579617825,b3,88.35,88.35,2.223008652831093,0.0047387284881487,670,5552.431566719239,45.87985072958335
16.25,11.29,0.2708333333333333,50.77450000000005,183.4625,37.57549999999994,8324.418461538447,b3,88.35,88.35,1.4393267104227894,0.0030654593125961,671,7163.382477570145,49.46377416666671
22.78,11.33,0.3796666666666667,51.15416666666672,258.0974,37.19583333333328,5878.182616330105,b3,88.35,88.35,2.010591172939879,0.0042973023471348,672,5786.673876358121,49.040331460833364
22.76,11.32,0.3793333333333333,51.53350000000005,257.64320000000004,36.81649999999994,5823.347978910359,b3,88.35,88.35,2.0106005290988933,0.0042935294741347,673,5780.171100138687,48.99687896083337
22.73,11.3,0.3788333333333333,51.912333333333386,256.84900000000005,36.43766666666661,5771.033875934879,b3,88.35,88.35,2.011504246769536,0.0042878701646345,674,5689.273091250009,49.17455479250003
22.71,11.29,0.3785,52.29083333333339,256.3959,36.059166666666606,5716.116248348735,b3,88.35,88.35,2.01151443653548,0.0042840972916344,675,5667.417912589487,49.63466958333336
22.69,11.28,0.3781666666666667,52.669000000000054,255.9432,35.68099999999994,5661.154693697655,b3,88.35,88.35,2.0115246443683827,0.0042803244186343,676,5656.696142875685,49.66362625000002
24.75,11.21,0.4125,53.081500000000055,277.44750000000005,35.26849999999994,5129.963636363628,b3,88.35,88.35,2.207849936855492,0.0046689303376465,677,5314.481140247047,48.183276250000034
24.66,11.19,0.411,53.49250000000006,275.9454,34.85749999999994,5088.686131386852,b3,88.35,88.35,2.2037531542669213,0.0046519524091459,678,5179.538691254012,49.42443250000003
24.64,11.18,0.4106666666666667,53.90316666666672,275.4752,34.446833333333274,5032.81655844155,b3,88.35,88.35,2.2039354021524686,0.0046481795361458,679,5161.604415589242,49.63541791666669
5.45,11.74,0.0908333333333333,53.99400000000006,63.983,34.35599999999994,22693.871559632986,b3,88.35,88.35,0.4642248326895373,0.0010281078925322,680,22579.10141069652,52.79072896083338
5.45,11.76,0.0908333333333333,54.08483333333339,64.092,34.2651666666666,22633.871559632986,b3,88.35,88.35,0.4634353347418933,0.0010281078925322,681,22676.040376597826,53.5940525016667
5.44,11.77,0.0906666666666666,54.175500000000056,64.0288,34.17449999999994,22615.47794117643,b3,88.35,88.35,0.4621919743252359,0.0010262214560322,682,22571.732229572404,53.83893583500002
5.44,11.77,0.0906666666666666,54.26616666666672,64.0288,34.083833333333274,22555.47794117643,b3,88.35,88.35,0.4621919743252359,0.0010262214560322,683,22534.92943876185,53.92249000166661
5.44,11.77,0.0906666666666666,54.356833333333384,64.0288,33.99316666666661,22495.477941176432,b3,88.35,88.35,0.4621919743252359,0.0010262214560322,684,22510.18164616201,53.961932501666645
5.44,11.77,0.0906666666666666,54.44750000000005,64.0288,33.90249999999995,22435.477941176436,b3,88.35,88.35,0.4621919743252359,0.0010262214560322,685,22483.300897633824,54.03871500166668
21.56,11.27,0.3593333333333333,54.80683333333338,242.98119999999997,33.543166666666615,5600.899814471235,b3,88.35,88.35,1.9130433085143472,0.0040671570941276,686,5667.891884411074,49.76130666666668
21.55,11.25,0.3591666666666667,55.16600000000005,242.4375,33.18399999999995,5543.4988399071835,b3,88.35,88.35,1.915555385283966,0.0040652706576275,687,5629.736287021232,49.375931250000015
24.89,11.14,0.4148333333333333,55.58083333333338,277.2746,32.769166666666614,4739.614302932897,b3,88.35,88.35,2.2342906432414145,0.0046953404486473,688,4870.865331539691,47.98234927208335
24.85,11.14,0.4141666666666667,55.99500000000005,276.829,32.35499999999995,4687.24346076458,b3,88.35,88.35,2.2306999792908457,0.0046877947026471,689,4782.709425086017,48.47562885541667
24.78,11.08,0.413,56.40800000000005,274.5624,31.94199999999995,4640.484261501203,b3,88.35,88.35,2.236461892016075,0.0046745896471466,690,4676.353144835496,49.32662739625002
14.17,11.77,0.2361666666666666,56.64416666666671,166.7809,31.70583333333328,8055.116443189824,b3,88.35,88.35,1.203908139005256,0.0026730805205838,691,8841.375901168318,50.77572677208339
14.11,11.68,0.2351666666666666,56.87933333333338,164.8048,31.470666666666617,8029.36924167256,b3,88.35,88.35,1.208047841776726,0.0026617619015835,692,8559.623317400685,48.81631271250003
14.42,11.65,0.2403333333333333,57.11966666666671,167.993,31.230333333333284,7796.754507628281,b3,88.35,88.35,1.2377681340971558,0.0027202414330853,693,8488.343084366368,47.837810420000004
14.39,11.62,0.2398333333333333,57.35950000000004,167.21179999999998,30.990499999999955,7753.009034051413,b3,88.35,88.35,1.238381993254562,0.0027145821235851,694,8499.933449026808,46.753740835
24.57,11.3,0.4095,57.76900000000004,277.641,30.580999999999953,4480.732600732594,b3,88.35,88.35,2.1743360907667175,0.0046349744806454,695,4744.045572564616,50.46924375500002
24.45,11.2,0.4075,58.17650000000004,273.84,30.17349999999995,4442.723926380361,b3,88.35,88.35,2.183035519371829,0.0046123372426447,696,4654.550795615736,50.725475525416726
20.84,11.24,0.3473333333333333,58.52383333333337,234.2416,29.826166666666623,5152.312859884829,b3,88.35,88.35,1.8540923617355551,0.0039313336661233,697,5291.81130883056,52.39075666666668
20.79,11.2,0.3465,58.87033333333337,232.848,29.479666666666624,5104.704184704177,b3,88.35,88.35,1.8562498342634075,0.003921901483623,698,5245.645712975299,52.94886916666668
20.75,11.17,0.3458333333333333,59.2161666666667,231.7775,29.133833333333293,5054.544578313246,b3,88.35,88.35,1.857654265205527,0.0039143557376228,699,5223.590618080318,53.00962416666668
15.29,11.33,0.2548333333333333,59.47100000000003,173.23569999999998,28.87899999999996,6799.502943100057,b3,88.35,88.35,1.34951444399696,0.0028843614085905,700,6780.073566682896,50.784297709166694
15.28,11.32,0.2546666666666666,59.7256666666667,172.9696,28.624333333333297,6743.952879581144,b3,88.35,88.35,1.349823202312438,0.0028824749720904,701,6709.02977212299,51.61582729250001
15.27,11.3,0.2545,59.9801666666667,172.55100000000002,28.369833333333297,6688.369351669932,b3,88.35,88.35,1.3513273140418305,0.0028805885355903,702,6582.780670343596,52.82375208333334
17.53,11.2,0.2921666666666667,60.27233333333336,196.336,28.07766666666663,5766.092413006268,b3,88.35,88.35,1.5651784316804975,0.0033069231846037,703,5696.215344400843,52.28053250000001
17.51,11.18,0.2918333333333333,60.5641666666667,195.7618,27.785833333333297,5712.678469446022,b3,88.35,88.35,1.5661894842406547,0.0033031503116036,704,5682.604875018572,52.376642916666675
17.49,11.16,0.2915,60.8556666666667,195.18839999999997,27.494333333333294,5659.210977701537,b3,88.35,88.35,1.5672041606447884,0.0032993774386035,705,5675.397793112658,52.35692375000001
17.46,11.14,0.291,61.1466666666667,194.50440000000003,27.203333333333298,5608.9347079037725,b3,88.35,88.35,1.5673248144232663,0.0032937181291033,706,5632.567854098338,52.29738291666666
17.45,11.12,0.2908333333333333,61.43750000000003,194.044,26.91249999999997,5552.148997134664,b3,88.35,88.35,1.5692444631974405,0.0032918316926033,707,5573.355166715208,51.74738083333332
22.67,10.92,0.3778333333333333,61.81533333333336,247.5564,26.53466666666663,4213.709748566382,b3,88.35,88.35,2.076007135896783,0.0042765515456342,708,4140.887699950352,55.26772250166664
22.63,10.88,0.3771666666666666,62.19250000000003,246.2144,26.157499999999963,4161.157755192217,b3,88.35,88.35,2.0799630441210435,0.0042690057996339,709,4098.604320572372,55.698929168333315
22.58,10.85,0.3763333333333333,62.568833333333366,244.99299999999997,25.78116666666663,4110.372010628869,b3,88.35,88.35,2.081105798976424,0.0042595736171336,710,4065.0226732886476,55.903737501666654
22.52,10.81,0.3753333333333333,62.944166666666696,243.4412,25.405833333333295,4061.3232682060334,b3,88.35,88.35,2.083256051502678,0.0042482549981333,711,4025.999686427739,56.412335834999986
22.48,10.78,0.3746666666666666,63.318833333333366,242.3344,25.03116666666663,4008.549822064051,b3,88.35,88.35,2.0853430347548207,0.004240709252133,712,3995.6538376727203,57.59839833499998
22.43,10.74,0.3738333333333333,63.692666666666696,240.8982,24.6573333333333,3957.4855104770345,b3,88.35,88.35,2.088454181708177,0.0042312770696327,713,3985.2164187160633,58.117152918333325
22.38,10.7,0.373,64.0656666666667,239.466,24.284333333333297,3906.3270777479834,b3,88.35,88.35,2.09158858957116,0.0042218448871324,714,3958.080204342222,57.64208562583332
13.51,11.03,0.2251666666666666,64.29083333333337,149.0153,24.059166666666627,6411.028867505541,b3,88.35,88.35,1.2248412307487553,0.0025485757115799,715,6263.196042793661,61.744272499999944
13.51,11.02,0.2251666666666666,64.51600000000003,148.8802,23.83399999999996,6351.028867505542,b3,88.35,88.35,1.2259527018191745,0.0025485757115799,716,6221.638540840786,62.28892166666664
13.5,11.01,0.225,64.74100000000003,148.635,23.608999999999966,6295.7333333333245,b3,88.35,88.35,1.22615792677948,0.0025466892750799,717,6118.961139065967,62.10038666666664
17.13,10.85,0.2855,65.02650000000003,185.86049999999997,23.323499999999967,4901.611208406299,b3,88.35,88.35,1.578801697806295,0.0032314657246014,718,4807.182644396614,57.80899333333336
17.1,10.82,0.285,65.31150000000002,185.022,23.03849999999997,4850.210526315783,b3,88.35,88.35,1.5804065082803598,0.0032258064151012,719,4776.880846617941,58.21027041666668
17.08,10.79,0.2846666666666666,65.59616666666669,184.29319999999996,22.753833333333304,4795.889929742383,b3,88.35,88.35,1.582947026603612,0.0032220335421011,720,4733.181380856902,58.40160562583336
24.74,10.43,0.4123333333333333,66.00850000000003,258.03819999999996,22.341499999999968,3250.9862570735604,b3,88.35,88.35,2.3720036076698365,0.0046670439011464,721,3304.431965277685,57.78551333500001
24.61,10.35,0.4101666666666667,66.4186666666667,254.7135,21.9313333333333,3208.1592848435544,b3,88.35,88.35,2.3777775480408168,0.0046425202266456,722,3273.315951447367,58.32167541666666
24.49,10.27,0.4081666666666666,66.82683333333337,251.5123,21.523166666666626,3163.879134340541,b3,88.35,88.35,2.3846151524230623,0.0046198829886449,723,3262.9585158833715,58.5273125
16.24,10.6,0.2706666666666666,67.09750000000004,172.14399999999998,21.252499999999955,4711.145320197035,b3,88.35,88.35,1.532075327162705,0.0030635728760961,724,4608.68980015101,59.81112999999998
16.22,10.58,0.2703333333333333,67.36783333333338,171.6076,20.982166666666615,4656.954377311949,b3,88.35,88.35,1.533081140540535,0.003059800003096,725,4587.426602719334,60.287893333333315
16.19,10.55,0.2698333333333333,67.63766666666672,170.80450000000002,20.712333333333277,4605.583693638035,b3,88.35,88.35,1.5345970109386722,0.0030541406935958,726,4562.725472894552,60.455803333333314
14.01,10.63,0.2334999999999999,67.87116666666672,148.9263,20.47883333333327,5262.226980728035,b3,88.35,88.35,1.3179678910660495,0.0026428975365829,727,5178.701491235719,63.18457749999994
13.99,10.61,0.2331666666666666,68.10433333333339,148.4339,20.245666666666608,5209.749821300914,b3,88.35,88.35,1.3185672649795228,0.0026391246635828,728,5138.684852611256,63.44983874999994
13.97,10.59,0.2328333333333333,68.33716666666672,147.94230000000002,20.012833333333276,5157.208303507501,b3,88.35,88.35,1.319168902816912,0.0026353517905826,729,5089.224653909714,63.74275749999995
8.54,10.81,0.1423333333333333,68.47950000000006,92.3174,19.870499999999936,8376.323185011683,b3,88.35,88.35,0.7900091776124719,0.0016110167710505,730,8133.389750423147,66.6287208333333
8.55,10.88,0.1425,68.62200000000006,93.02400000000002,19.727999999999938,8306.526315789446,b3,88.35,88.35,0.785845516006846,0.0016129032075506,731,8118.640235634306,66.50877041666664
13.95,10.55,0.2324999999999999,68.85450000000006,147.1725,19.495499999999936,5031.096774193532,b3,88.35,88.35,1.3222747561824877,0.0026315789175825,732,5045.573045018179,63.689509999999935
13.92,10.51,0.232,69.08650000000006,146.29919999999998,19.263499999999937,4981.939655172398,b3,88.35,88.35,1.324452775979755,0.0026259196080824,733,5014.937259330234,63.43812458333329
16.09,10.33,0.2681666666666666,69.35466666666673,166.2097,18.995333333333264,4250.043505282769,b3,88.35,88.35,1.557599074772597,0.0030352763285952,734,4255.218293036556,62.74905979416665
16.03,10.25,0.2671666666666666,69.6218333333334,164.3075,18.728166666666596,4205.951341235168,b3,88.35,88.35,1.5639022864485577,0.0030239577095948,735,4201.926026025333,62.457908127500005
15.95,10.16,0.2658333333333333,69.88766666666673,162.052,18.462333333333262,4167.047021943558,b3,88.35,88.35,1.569881735247861,0.0030088662175944,736,4127.585800572782,62.90044562749999
12.43,10.29,0.2071666666666666,70.0948333333334,127.9047,18.255166666666597,5287.0957361222645,b3,88.35,88.35,1.207968784453957,0.0023448405695735,737,5192.8758810677655,67.93341083333331
12.43,10.29,0.2071666666666666,70.30200000000006,127.9047,18.04799999999993,5227.0957361222645,b3,88.35,88.35,1.207968784453957,0.0023448405695735,738,5186.07600628025,67.94474999999997
12.41,10.26,0.2068333333333333,70.5088333333334,127.3266,17.841166666666595,5175.519742143412,b3,88.35,88.35,1.2095515390300646,0.0023410676965734,739,5175.435271993794,68.02951333333333
12.38,10.21,0.2063333333333333,70.71516666666673,126.3998,17.634833333333262,5128.06138933762,b3,88.35,88.35,1.2125366099376484,0.0023354083870732,740,5169.197671810921,68.08952041666664
12.34,10.15,0.2056666666666666,70.9208333333334,125.251,17.42916666666659,5084.683954619102,b3,88.35,88.35,1.2157634270183817,0.002327862641073,741,5154.727788526779,67.91215708333333
12.72,9.99,0.212,71.13283333333341,127.07280000000002,17.217166666666586,4872.783018867902,b3,88.35,88.35,1.273273145818504,0.0023995472280753,742,4963.63453212312,64.71007666666665
9.23,10.31,0.1538333333333333,71.28666666666675,95.1613,17.063333333333247,6655.254604550345,b3,88.35,88.35,0.8952472458538074,0.0017411808895546,743,6512.82340341703,70.71981500000007
9.24,10.35,0.154,71.44066666666674,95.634,16.90933333333325,6588.051948051915,b3,88.35,88.35,0.8927535369320255,0.0017430673260546,744,6442.508600221743,70.76552041666673
9.24,10.35,0.154,71.59466666666674,95.634,16.755333333333255,6528.051948051917,b3,88.35,88.35,0.8927535369320255,0.0017430673260546,745,6412.797840677067,70.91751000000004
9.24,10.35,0.154,71.74866666666674,95.634,16.60133333333326,6468.051948051918,b3,88.35,88.35,0.8927535369320255,0.0017430673260546,746,6351.778471676208,70.94150875000004
9.23,10.34,0.1538333333333333,71.90250000000007,95.4382,16.44749999999992,6415.059588298993,b3,88.35,88.35,0.8926498169584317,0.0017411808895546,747,6355.033134040689,71.15903625000004
9.22,10.32,0.1536666666666666,72.05616666666674,95.1504,16.293833333333254,6362.017353579144,b3,88.35,88.35,0.8934107661423677,0.0017392944530545,748,6331.364823704851,71.3348558333334
6.99,10.56,0.1165,72.17266666666674,73.8144,16.17733333333325,8331.673819742447,b3,88.35,88.35,0.6619317554988868,0.0013186191135413,749,8091.469100640364,68.86495375000008
6.99,10.59,0.1165,72.28916666666674,74.0241,16.06083333333325,8271.673819742446,b3,88.35,88.35,0.6600565948955057,0.0013186191135413,750,8091.967471322761,69.29654291666675
9.97,10.31,0.1661666666666666,72.45533333333341,102.79070000000002,15.89466666666658,5739.297893681011,b3,88.35,88.35,0.9670222146438202,0.001880777190559,751,5468.313814019108,68.64561666666671
9.92,10.23,0.1653333333333333,72.62066666666675,101.4816,15.729333333333244,5708.225806451581,b3,88.35,88.35,0.9696968749074414,0.0018713450080587,752,5454.918837031737,68.65099958333339
4.68,10.66,0.078,72.69866666666675,49.8888,15.65133333333324,12039.487179487109,b3,88.35,88.35,0.4390243490596295,0.0008828522820277,753,11650.086675484505,73.23735875000017
4.69,10.78,0.0781666666666666,72.77683333333341,50.5582,15.57316666666658,11953.816631129996,b3,88.35,88.35,0.4350648947064106,0.0008847387185277,754,11658.75433919579,73.28702125000014
4.52,10.84,0.0753333333333333,72.85216666666675,48.99679999999999,15.497833333333247,12343.407079645953,b3,88.35,88.35,0.4169741312754491,0.0008526692980267,755,12067.54031762993,73.18296458333354
4.52,10.87,0.0753333333333333,72.92750000000008,49.13239999999999,15.422499999999914,12283.407079645953,b3,88.35,88.35,0.4158233288111013,0.0008526692980267,756,12063.02721504965,73.14733208333354
4.53,10.9,0.0755,73.00300000000009,49.377,15.346999999999907,12196.291390728404,b3,88.35,88.35,0.4155962921471292,0.0008545557345268,757,12043.658040975772,73.23690791666687
6.81,10.72,0.1134999999999999,73.11650000000009,73.0032,15.233499999999909,8052.951541850171,b3,88.35,88.35,0.6352611347704165,0.0012846632565403,758,8003.962000449946,72.00512541666674
6.82,10.71,0.1136666666666666,73.23016666666675,73.04220000000001,15.119833333333249,7981.143695014617,b3,88.35,88.35,0.6367879890954259,0.0012865496930403,759,7965.939313936038,72.22584333333343
6.81,10.7,0.1134999999999999,73.34366666666675,72.86699999999999,15.006333333333243,7932.863436123302,b3,88.35,88.35,0.6364485386496693,0.0012846632565403,760,7924.526251726515,72.39384916666678
6.81,10.7,0.1134999999999999,73.45716666666675,72.86699999999999,14.892833333333243,7872.863436123301,b3,88.35,88.35,0.6364485386496693,0.0012846632565403,761,7898.869056038737,72.4880787500001
6.81,10.7,0.1134999999999999,73.57066666666675,72.86699999999999,14.77933333333324,7812.8634361233,b3,88.35,88.35,0.6364485386496693,0.0012846632565403,762,7885.7851188805025,72.49357458333341
5.41,10.68,0.0901666666666666,73.66083333333341,57.7788,14.68916666666658,9774.676524953731,b3,88.35,88.35,0.5065542596859308,0.001020562146532,763,9603.008114039227,72.52014624999994
8.4,10.54,0.14,73.80083333333341,88.536,14.54916666666658,6235.357142857105,b3,88.35,88.35,0.7969638712557998,0.0015846066600497,764,6259.35446137375,71.71795583333335
8.38,10.51,0.1396666666666667,73.94050000000009,88.0738,14.409499999999907,6190.238663484447,b3,88.35,88.35,0.7973357947349388,0.0015808337870496,765,6188.4135388258055,71.77349833333335
8.37,10.48,0.1394999999999999,74.08000000000008,87.71759999999999,14.26999999999991,6137.634408602113,b3,88.35,88.35,0.7986640459290032,0.0015789473505495,766,6113.101579906805,72.01912458333332
8.35,10.44,0.1391666666666666,74.21916666666675,87.17399999999999,14.130833333333245,6092.335329341278,b3,88.35,88.35,0.7998083525087786,0.0015751744775494,767,6084.900937914222,72.22575833333335
8.34,10.41,0.1389999999999999,74.35816666666675,86.8194,13.991833333333249,6039.6402877697465,b3,88.35,88.35,0.8011526607922517,0.0015732880410493,768,6047.263714113837,72.46583833333332
8.32,10.37,0.1386666666666666,74.49683333333341,86.27839999999999,13.85316666666658,5994.158653846117,b3,88.35,88.35,0.802314291001515,0.0015695151680492,769,6001.7547160337235,72.62990499999997
8.3,10.33,0.1383333333333333,74.63516666666675,85.739,13.714833333333246,5948.602409638516,b3,88.35,88.35,0.8034849173780333,0.0015657422950491,770,5982.950371088836,72.83109291666663
8.28,10.28,0.1379999999999999,74.77316666666675,85.1184,13.57683333333324,5902.971014492713,b3,88.35,88.35,0.805447392466207,0.001561969422049,771,5963.748998659258,72.75589124999996
6.91,10.43,0.1151666666666666,74.88833333333342,72.0713,13.461666666666574,7013.314037626579,b3,88.35,88.35,0.6625119211397967,0.0013035276215409,772,7136.426581388372,72.71977166666686
6.91,10.42,0.1151666666666666,75.00350000000009,72.0022,13.346499999999908,6953.31403762658,b3,88.35,88.35,0.6631477290645175,0.0013035276215409,773,6942.481570125511,73.25772125000022
6.9,10.41,0.115,75.11850000000008,71.82900000000001,13.231499999999912,6903.39130434778,b3,88.35,88.35,0.6628241438209277,0.0013016411850408,774,6850.785397437009,73.29620625000018
6.9,10.4,0.115,75.23350000000008,71.76,13.116499999999917,6843.391304347782,b3,88.35,88.35,0.663461474667166,0.0013016411850408,775,6830.997387037381,73.5387158333335
6.89,10.38,0.1148333333333333,75.34833333333341,71.51820000000001,13.00166666666658,6793.323657474556,b3,88.35,88.35,0.6637764293086291,0.0012997547485407,776,6814.035703777019,73.58425375000017
5.27,10.58,0.0878333333333333,75.43616666666675,55.7566,12.913833333333244,8821.593927893677,b3,88.35,88.35,0.4981095937514561,0.0009941520355311,777,8779.360440298187,74.2493754166667
5.27,10.61,0.0878333333333333,75.52400000000009,55.91469999999999,12.825999999999908,8761.593927893677,b3,88.35,88.35,0.4967011784447523,0.0009941520355311,778,8760.086519456501,74.35200541666678
5.27,10.63,0.0878333333333333,75.61183333333342,56.0201,12.738166666666572,8701.593927893675,b3,88.35,88.35,0.4957666513860158,0.0009941520355311,779,8831.2782627973,74.40651708333347
7.57,10.42,0.1261666666666666,75.73800000000008,78.8794,12.61199999999991,5997.780713342097,b3,88.35,88.35,0.7264874542718375,0.0014280324305448,780,5943.545481258971,73.29503499999998
7.54,10.32,0.1256666666666666,75.86366666666675,77.8128,12.48633333333325,5961.644562334177,b3,88.35,88.35,0.7306200842422399,0.0014223731210446,781,5939.869054968462,73.06513749999998
7.51,10.22,0.1251666666666666,75.98883333333342,76.7522,12.361166666666575,5925.459387483313,b3,88.35,88.35,0.7348335875896685,0.0014167138115444,782,5914.112624279988,73.1489758333333
6.85,10.07,0.1141666666666666,76.10300000000008,68.9795,12.246999999999916,6436.379562043751,b3,88.35,88.35,0.6802382641272826,0.0012922090025405,783,6469.9367967043645,73.36947708333345
6.8,9.91,0.1133333333333333,76.21633333333341,67.388,12.133666666666585,6423.705882352898,b3,88.35,88.35,0.6861755109812805,0.0012827768200402,784,6433.009131703081,74.01566208333344
6.76,9.74,0.1126666666666666,76.32900000000008,65.8424,12.020999999999916,6401.715976331316,b3,88.35,88.35,0.6940451032807903,0.00127523107404,785,6426.108076203065,74.41794000000009
6.73,9.64,0.1121666666666666,76.44116666666675,64.8772,11.908833333333249,6370.252600297132,b3,88.35,88.35,0.6981327076625823,0.0012695717645398,786,6357.314173537886,74.99324375000005
6.71,9.56,0.1118333333333333,76.55300000000008,64.1476,11.796999999999912,6329.239940387434,b3,88.35,88.35,0.7018827717695846,0.0012657988915397,787,6332.487268180772,74.81722958333336
4.54,9.79,0.0756666666666666,76.62866666666675,44.4466,11.721333333333249,9294.449339206982,b3,88.35,88.35,0.4637384613137425,0.0008564421710268,788,9156.658078065093,76.76132500000008
4.54,9.85,0.0756666666666666,76.70433333333341,44.719,11.645666666666584,9234.449339206983,b3,88.35,88.35,0.4609136587904915,0.0008564421710268,789,9159.393526130514,76.78406041666672
4.55,9.86,0.0758333333333333,76.78016666666674,44.86299999999999,11.56983333333325,9154.153846153782,b3,88.35,88.35,0.461460399446207,0.0008583286075269,790,9131.88971383,76.74517625000013
4.55,9.87,0.0758333333333333,76.85600000000008,44.9085,11.493999999999916,9094.153846153778,b3,88.35,88.35,0.4609928610949482,0.0008583286075269,791,9089.875890115032,76.78848541666673
4.55,9.88,0.0758333333333333,76.93183333333342,44.954,11.41816666666658,9034.153846153777,b3,88.35,88.35,0.4605262691775031,0.0008583286075269,792,8984.937421774983,76.85639750000003
4.55,9.88,0.0758333333333333,77.00766666666675,44.954,11.342333333333244,8974.153846153775,b3,88.35,88.35,0.4605262691775031,0.0008583286075269,793,8957.235944309716,76.89203833333332
4.55,9.88,0.0758333333333333,77.08350000000009,44.954,11.266499999999908,8914.153846153773,b3,88.35,88.35,0.4605262691775031,0.0008583286075269,794,8922.735944309716,76.93583208333334
4.55,9.88,0.0758333333333333,77.15933333333342,44.954,11.190666666666573,8854.153846153771,b3,88.35,88.35,0.4605262691775031,0.0008583286075269,795,8860.944681980778,77.01592083333331
4.55,9.88,0.0758333333333333,77.23516666666676,44.954,11.114833333333236,8794.15384615377,b3,88.35,88.35,0.4605262691775031,0.0008583286075269,796,8846.476081776429,77.03861833333337
7.96,9.4,0.1326666666666666,77.36783333333342,74.824,10.982166666666572,4966.8090452260885,b3,88.35,88.35,0.8468084205522958,0.0015016034540471,797,4937.490998533676,73.09391708333334
7.92,9.31,0.132,77.49983333333343,73.7352,10.850166666666569,4931.8939393938945,b3,88.35,88.35,0.8506980826317849,0.0014940577080468,798,4923.884679068293,73.33719416666666
7.89,9.23,0.1315,77.63133333333343,72.8247,10.718666666666564,4890.646387832653,b3,88.35,88.35,0.8548211424895837,0.0014883983985467,799,4907.545588268856,73.25641708333332
5.69,9.51,0.0948333333333333,77.72616666666676,54.111900000000006,10.623833333333238,6721.581722319798,b3,88.35,88.35,0.5983174975481076,0.0010733823685336,800,6666.469812083148,77.65747958333344
5.69,9.52,0.0948333333333333,77.82100000000008,54.168800000000005,10.528999999999913,6661.581722319803,b3,88.35,88.35,0.5976890128477929,0.0010733823685336,801,6640.271205592153,77.68427416666677
5.69,9.51,0.0948333333333333,77.91583333333341,54.111900000000006,10.434166666666584,6601.581722319806,b3,88.35,88.35,0.5983174975481076,0.0010733823685336,802,6595.694451864946,77.70909541666671
5.69,9.5,0.0948333333333333,78.01066666666674,54.05500000000001,10.339333333333258,6541.581722319811,b3,88.35,88.35,0.5989473053739679,0.0010733823685336,803,6572.493091058588,77.64608791666674
3.44,12.35,0.0573333333333333,0.0573333333333333,42.483999999999995,53.94266666666667,56451.62790697675,tn1,85.0,54.0,0.2785424875674099,0.0010617283754,0,53345.2795801646,11.726541668333342
6.88,12.22,0.1146666666666666,0.172,84.0736,53.828,28165.813953488378,tn1,85.0,54.0,0.5630114105555311,0.0021234567508001,1,28050.226948193387,1.74712916666667
6.88,12.16,0.1146666666666666,0.2866666666666666,83.6608,53.71333333333333,28105.813953488378,tn1,85.0,54.0,0.5657894271554748,0.0021234567508001,2,27781.206369326035,1.5603862500000034
6.88,12.17,0.1146666666666666,0.4013333333333333,83.7296,53.59866666666667,28045.813953488378,tn1,85.0,54.0,0.5653245221590368,0.0021234567508001,3,27790.683400486003,1.6048800000000027
6.87,12.18,0.1145,0.5158333333333334,83.6766,53.48416666666667,28026.63755458515,tn1,85.0,54.0,0.5640393625583446,0.0021203703311042,4,27997.49826005775,1.5164900000000028
7.65,12.16,0.1275,0.6433333333333333,93.024,53.35666666666667,25109.019607843136,tn1,85.0,54.0,0.6291117903690963,0.0023611110673868,5,25130.995181448343,1.8065400000000016
7.64,12.16,0.1273333333333333,0.7706666666666666,92.9024,53.22933333333334,25081.88481675393,tn1,85.0,54.0,0.6282894220156725,0.0023580246476909,6,25035.33195186071,1.8650870833333348
7.64,12.16,0.1273333333333333,0.8979999999999999,92.9024,53.102,25021.884816753925,tn1,85.0,54.0,0.6282894220156725,0.0023580246476909,7,25025.9008680963,1.8533670833333362
9.42,12.11,0.157,1.055,114.0762,52.945,20233.75796178344,tn1,85.0,54.0,0.7778694650809691,0.0029074073535665,8,19921.521436129235,3.3427266666666693
9.42,12.11,0.157,1.212,114.0762,52.788,20173.75796178344,tn1,85.0,54.0,0.7778694650809691,0.0029074073535665,9,19913.031791915022,3.325537083333336
9.42,12.11,0.157,1.369,114.0762,52.631,20113.75796178344,tn1,85.0,54.0,0.7778694650809691,0.0029074073535665,10,19903.711541140397,3.6570800000000023
7.76,12.15,0.1293333333333333,1.4983333333333333,94.284,52.501666666666665,24356.443298969072,tn1,85.0,54.0,0.6386830750055082,0.002395061684042,11,24369.10793033021,2.418996459166665
7.76,12.15,0.1293333333333333,1.6276666666666666,94.284,52.37233333333333,24296.443298969072,tn1,85.0,54.0,0.6386830750055082,0.002395061684042,12,24368.261155666256,2.3976808333333315
6.1,12.19,0.1016666666666666,1.7293333333333332,74.359,52.27066666666666,30848.262295081968,tn1,85.0,54.0,0.5004101312214823,0.0018827160145176,13,30743.33004784987,3.3129750000000033
6.1,12.19,0.1016666666666666,1.8309999999999995,74.359,52.169,30788.262295081968,tn1,85.0,54.0,0.5004101312214823,0.0018827160145176,14,30735.593375611366,2.7949000000000024
6.09,12.19,0.1014999999999999,1.9324999999999997,74.2371,52.0675,30778.81773399015,tn1,85.0,54.0,0.49958978674407,0.0018796295948216,15,30734.056673090923,2.6512854166666666
6.09,12.18,0.1014999999999999,2.034,74.1762,51.966,30718.81773399015,tn1,85.0,54.0,0.4999999589491002,0.0018796295948216,16,30742.55539368693,2.6452683333333322
5.16,12.21,0.086,2.1199999999999997,63.003600000000006,51.88,36195.3488372093,tn1,85.0,54.0,0.4226043879930886,0.0015925925631001,17,36193.06966784179,3.0413887500000056
5.16,12.21,0.086,2.2059999999999995,63.003600000000006,51.794,36135.3488372093,tn1,85.0,54.0,0.4226043879930886,0.0015925925631001,18,36208.61740093768,2.983054166666671
5.16,12.21,0.086,2.2919999999999994,63.003600000000006,51.708,36075.3488372093,tn1,85.0,54.0,0.4226043879930886,0.0015925925631001,19,36169.61740093768,3.0389541666666684
5.16,12.2,0.086,2.3779999999999992,62.952,51.622,36015.348837209305,tn1,85.0,54.0,0.4229507850040341,0.0015925925631001,20,36121.37035972193,3.072525833333334
6.89,12.16,0.1148333333333333,2.492833333333333,83.7824,51.50716666666667,26912.307692307695,tn1,85.0,54.0,0.5666117955088984,0.0021265431704961,21,26955.96314434308,3.113794166666667
6.88,12.15,0.1146666666666666,2.607499999999999,83.592,51.3925,26891.424418604653,tn1,85.0,54.0,0.566255097427564,0.0021234567508001,22,26934.05741598182,3.8124905220833325
6.89,12.15,0.1148333333333333,2.7223333333333324,83.7135,51.27766666666667,26792.39477503629,tn1,85.0,54.0,0.5670781426273134,0.0021265431704961,23,26779.67407667422,4.176645938750001
6.89,12.15,0.1148333333333333,2.8371666666666657,83.7135,51.16283333333333,26732.39477503628,tn1,85.0,54.0,0.5670781426273134,0.0021265431704961,24,26744.61355310076,4.169100938750001
6.89,12.15,0.1148333333333333,2.951999999999999,83.7135,51.048,26672.39477503629,tn1,85.0,54.0,0.5670781426273134,0.0021265431704961,25,26733.92073861303,4.215029272083333
8.54,12.11,0.1423333333333333,3.0943333333333323,103.41939999999998,50.90566666666667,21459.06323185012,tn1,85.0,54.0,0.7052022539056768,0.0026358024203246,26,21006.905515532664,4.134065833333337
5.39,12.18,0.0898333333333333,3.1841666666666657,65.6502,50.81583333333334,33940.07421150279,tn1,85.0,54.0,0.4425286992997784,0.0016635802161065,27,33495.068379470526,4.5936802108333366
5.38,12.18,0.0896666666666666,3.2738333333333323,65.52839999999999,50.72616666666667,33943.15985130112,tn1,85.0,54.0,0.4417076813047881,0.0016604937964106,28,33812.57103571081,4.60680354416667
5.38,12.18,0.0896666666666666,3.363499999999999,65.52839999999999,50.6365,33883.15985130111,tn1,85.0,54.0,0.4417076813047881,0.0016604937964106,29,33811.65849791558,4.629749377500004
5.38,12.18,0.0896666666666666,3.4531666666666654,65.52839999999999,50.54683333333333,33823.15985130112,tn1,85.0,54.0,0.4417076813047881,0.0016604937964106,30,33811.65849791558,4.629749377500004
7.05,12.14,0.1175,3.5706666666666655,85.587,50.42933333333333,25751.148936170215,tn1,85.0,54.0,0.5807248286058625,0.002175925885631,31,25714.20975138041,5.465530625833336
7.05,12.13,0.1175,3.6881666666666657,85.51650000000001,50.31183333333333,25691.148936170215,tn1,85.0,54.0,0.5812035794555994,0.002175925885631,32,25596.96491980631,5.821540938750004
7.04,12.13,0.1173333333333333,3.805499999999999,85.3952,50.1945,25667.642045454544,tn1,85.0,54.0,0.5803791772152368,0.002172839465935,33,25616.11690318341,5.8475773962500055
7.05,12.13,0.1175,3.922999999999999,85.51650000000001,50.077,25571.23404255319,tn1,85.0,54.0,0.5812035794555994,0.002175925885631,34,25539.092071729716,5.824576875833333
7.05,12.13,0.1175,4.040499999999999,85.51650000000001,49.9595,25511.23404255319,tn1,85.0,54.0,0.5812035794555994,0.002175925885631,35,25510.18621117979,5.918308959166665
7.05,12.13,0.1175,4.157999999999999,85.51650000000001,49.842,25451.23404255319,tn1,85.0,54.0,0.5812035794555994,0.002175925885631,36,25497.45169025636,5.9427018758333325
7.04,12.12,0.1173333333333333,4.275333333333332,85.3248,49.724666666666664,25427.38636363636,tn1,85.0,54.0,0.5808580378830003,0.002172839465935,37,25433.512441339033,6.303392501666665
9.38,12.07,0.1563333333333333,4.431666666666666,113.2166,49.568333333333335,19024.093816631128,tn1,85.0,54.0,0.7771333241811663,0.0028950616747828,38,18940.476629460885,5.9760369795833235
9.38,12.07,0.1563333333333333,4.587999999999999,113.2166,49.412,18964.093816631128,tn1,85.0,54.0,0.7771333241811663,0.0028950616747828,39,18940.176629460886,5.97681864624999
9.39,12.06,0.1565,4.7444999999999995,113.2434,49.2555,18883.897763578272,tn1,85.0,54.0,0.7786069006130265,0.0028981480944787,40,18807.58041233126,6.627538647916668
9.38,12.06,0.1563333333333333,4.900833333333333,113.1228,49.09916666666667,18844.02985074627,tn1,85.0,54.0,0.7777777132854301,0.0028950616747828,41,18902.519108851535,6.2572286462500015
7.77,12.09,0.1295,5.030333333333333,93.9393,48.96966666666667,22688.648648648657,tn1,85.0,54.0,0.6426798475864477,0.0023981481037379,42,22585.286430069173,5.342938333333345
7.77,12.09,0.1295,5.159833333333333,93.9393,48.84016666666667,22628.64864864865,tn1,85.0,54.0,0.6426798475864477,0.0023981481037379,43,22584.37182690173,5.341545833333345
7.77,12.09,0.1295,5.289333333333333,93.9393,48.71066666666667,22568.64864864865,tn1,85.0,54.0,0.6426798475864477,0.0023981481037379,44,22566.675654390623,5.377580000000008
7.77,12.09,0.1295,5.418833333333334,93.9393,48.58116666666667,22508.64864864865,tn1,85.0,54.0,0.6426798475864477,0.0023981481037379,45,22538.911051223185,5.4339362499999995
7.77,12.08,0.1295,5.548333333333334,93.8616,48.45166666666667,22448.64864864865,tn1,85.0,54.0,0.6432118672837859,0.0023981481037379,46,22408.544293031624,5.992751666666663
7.77,12.08,0.1295,5.677833333333334,93.8616,48.32216666666667,22388.648648648657,tn1,85.0,54.0,0.6432118672837859,0.0023981481037379,47,22387.228065523534,6.042749999999996
6.07,12.12,0.1011666666666666,5.779000000000001,73.5684,48.221,28598.94563426688,tn1,85.0,54.0,0.5008250411860528,0.0018734567554298,48,28616.848729244983,8.626501249999999
6.07,12.12,0.1011666666666666,5.880166666666668,73.5684,48.11983333333333,28538.945634266885,tn1,85.0,54.0,0.5008250411860528,0.0018734567554298,49,28577.884195927603,8.382580416666665
6.07,12.12,0.1011666666666666,5.9813333333333345,73.5684,48.01866666666667,28478.945634266885,tn1,85.0,54.0,0.5008250411860528,0.0018734567554298,50,28444.818419019903,8.144892499999997
6.06,12.12,0.1009999999999999,6.0823333333333345,73.4472,47.91766666666666,28465.940594059404,tn1,85.0,54.0,0.499999958745878,0.0018703703357338,51,28735.621821057113,9.610541459166662
9.36,12.04,0.156,6.238333333333334,112.6944,47.76166666666666,18369.871794871797,tn1,85.0,54.0,0.7774085733049358,0.0028888888353909,52,18393.613814198947,7.973660729583337
9.37,12.04,0.1561666666666666,6.394500000000001,112.81479999999998,47.6055,18290.26680896478,tn1,85.0,54.0,0.7782391380200052,0.0028919752550868,53,18307.23159631507,8.251132188750011
9.36,12.03,0.156,6.5505,112.6008,47.4495,18249.807692307695,tn1,85.0,54.0,0.7780547981666834,0.0028888888353909,54,18267.099237536444,8.451310522083347
9.37,12.03,0.1561666666666666,6.706666666666667,112.72109999999998,47.29333333333334,18170.33084311633,tn1,85.0,54.0,0.7788860532929299,0.0028919752550868,55,18198.533417142557,9.012333755000009
9.36,12.03,0.156,6.862666666666667,112.6008,47.13733333333333,18129.74358974359,tn1,85.0,54.0,0.7780547981666834,0.0028888888353909,56,18225.023753209993,8.662059481250008
7.12,12.07,0.1186666666666666,6.981333333333334,85.9384,47.01866666666667,23773.483146067418,tn1,85.0,54.0,0.5898922460735505,0.0021975308235025,57,23581.095121101276,7.40096520916667
7.12,12.07,0.1186666666666666,7.1000000000000005,85.9384,46.9,23713.483146067418,tn1,85.0,54.0,0.5898922460735505,0.0021975308235025,58,23581.095121101276,7.40096520916667
7.12,12.07,0.1186666666666666,7.2186666666666675,85.9384,46.781333333333336,23653.483146067418,tn1,85.0,54.0,0.5898922460735505,0.0021975308235025,59,23544.9061473428,7.575838125833343
7.12,12.07,0.1186666666666666,7.337333333333334,85.9384,46.66266666666667,23593.483146067418,tn1,85.0,54.0,0.5898922460735505,0.0021975308235025,60,23542.18663439669,7.61636104250001
6.05,12.09,0.1008333333333333,7.4381666666666675,73.1445,46.56183333333333,27706.21487603306,tn1,85.0,54.0,0.5004135235389973,0.0018672839160379,61,27625.550282082368,14.67723
6.06,12.09,0.1009999999999999,7.5391666666666675,73.2654,46.46083333333333,27600.495049504952,tn1,85.0,54.0,0.5012406533299708,0.0018703703357338,62,27671.55245104035,15.007095833333333
6.05,12.09,0.1008333333333333,7.640000000000001,73.1445,46.36,27586.11570247934,tn1,85.0,54.0,0.5004135235389973,0.0018672839160379,63,27604.72404020705,15.199735
6.05,12.09,0.1008333333333333,7.740833333333334,73.1445,46.259166666666665,27526.11570247934,tn1,85.0,54.0,0.5004135235389973,0.0018672839160379,64,27573.76258720764,15.586164166666672
6.05,12.09,0.1008333333333333,7.841666666666667,73.1445,46.15833333333333,27466.11570247934,tn1,85.0,54.0,0.5004135235389973,0.0018672839160379,65,27559.243758803812,15.58823083333334
7.7,12.05,0.1283333333333333,7.97,92.785,46.03,21520.51948051948,tn1,85.0,54.0,0.6390040963482078,0.0023765431658664,66,21723.942564808698,9.122292083333338
7.7,12.04,0.1283333333333333,8.098333333333333,92.708,45.90166666666667,21460.519480519484,tn1,85.0,54.0,0.6395348306034195,0.0023765431658664,67,21526.047650511628,9.777006250000001
7.7,12.04,0.1283333333333333,8.226666666666667,92.708,45.77333333333333,21400.51948051948,tn1,85.0,54.0,0.6395348306034195,0.0023765431658664,68,21520.0471412839,9.788283750000003
9.35,12.0,0.1558333333333333,8.3825,112.2,45.6175,17563.957219251337,tn1,85.0,54.0,0.7791666017361165,0.002885802415695,69,17650.639360253535,11.159599379166657
9.35,12.0,0.1558333333333333,8.538333333333334,112.2,45.461666666666666,17503.957219251337,tn1,85.0,54.0,0.7791666017361165,0.002885802415695,70,17641.10761376205,10.910113962499993
9.35,12.0,0.1558333333333333,8.694166666666668,112.2,45.30583333333333,17443.957219251337,tn1,85.0,54.0,0.7791666017361165,0.002885802415695,71,17628.691356353793,10.90191896249999
9.35,11.99,0.1558333333333333,8.850000000000001,112.1065,45.15,17383.957219251337,tn1,85.0,54.0,0.7798164487225647,0.002885802415695,72,17526.31118531553,11.392853129166651
9.34,11.99,0.1556666666666666,9.005666666666668,111.9866,44.99433333333333,17342.56959314775,tn1,85.0,54.0,0.778982420435161,0.002882715995999,73,17548.742066955376,11.249043232916653
7.74,12.02,0.129,9.134666666666668,93.0348,44.86533333333333,20867.5968992248,tn1,85.0,54.0,0.6439267351142484,0.0023888888446502,74,20824.285346299763,10.093600000000011
7.74,12.02,0.129,9.263666666666667,93.0348,44.736333333333334,20807.59689922481,tn1,85.0,54.0,0.6439267351142484,0.0023888888446502,75,20824.285346299763,10.093600000000011
7.74,12.02,0.129,9.392666666666669,93.0348,44.60733333333333,20747.596899224805,tn1,85.0,54.0,0.6439267351142484,0.0023888888446502,76,20838.123434490637,10.099962500000009
7.15,12.03,0.1191666666666666,9.511833333333334,86.0145,44.488166666666665,22399.63636363636,tn1,85.0,54.0,0.5943474152662166,0.0022067900825903,77,22015.027063965055,10.865377083333328
7.15,12.03,0.1191666666666666,9.631,86.0145,44.369,22339.63636363636,tn1,85.0,54.0,0.5943474152662166,0.0022067900825903,78,22015.18274145727,10.882105833333329
5.33,12.07,0.0888333333333333,9.719833333333334,64.3331,44.280166666666666,29907.80487804878,tn1,85.0,54.0,0.4415906842095539,0.0016450616979309,79,29851.332854816977,12.463466460833358
5.32,12.07,0.0886666666666666,9.8085,64.2124,44.1915,29904.022556390973,tn1,85.0,54.0,0.440762183863945,0.001641975278235,80,29827.36202949005,12.41230750333336
6.92,12.03,0.1153333333333333,9.923833333333334,83.24759999999999,44.076166666666666,22929.797687861268,tn1,85.0,54.0,0.575228547362548,0.0021358024295839,81,22771.654423070533,14.390362826249975
6.92,12.03,0.1153333333333333,10.039166666666668,83.24759999999999,43.96083333333333,22869.79768786127,tn1,85.0,54.0,0.575228547362548,0.0021358024295839,82,22770.903165106458,14.39151615958331
8.74,11.99,0.1456666666666666,10.184833333333335,104.7926,43.81516666666666,18047.437070938213,tn1,85.0,54.0,0.7289407231909323,0.0026975308142432,83,17876.165274753093,12.15319583333332
8.74,11.98,0.1456666666666666,10.330500000000002,104.7052,43.6695,17987.437070938216,tn1,85.0,54.0,0.7295491878506521,0.0026975308142432,84,17931.898619624582,11.736304583333323
8.74,11.98,0.1456666666666666,10.47616666666667,104.7052,43.52383333333333,17927.437070938213,tn1,85.0,54.0,0.7295491878506521,0.0026975308142432,85,17919.246656248775,11.88928999999999
8.74,11.98,0.1456666666666666,10.621833333333337,104.7052,43.378166666666665,17867.437070938213,tn1,85.0,54.0,0.7295491878506521,0.0026975308142432,86,17923.545859965554,11.986140416666654
7.74,12.0,0.129,10.750833333333336,92.88,43.24916666666667,20115.891472868218,tn1,85.0,54.0,0.6449999462500046,0.0023888888446502,87,20214.337155567147,11.67123916666667
7.74,11.99,0.129,10.879833333333336,92.8026,43.12016666666666,20055.891472868218,tn1,85.0,54.0,0.645537894450551,0.0023888888446502,88,20120.2029781952,11.747392916666668
7.73,11.99,0.1288333333333333,11.008666666666668,92.6827,42.99133333333333,20021.836998706334,tn1,85.0,54.0,0.6447038661631471,0.0023858024249542,89,20110.38517700085,11.794729166666666
7.73,11.99,0.1288333333333333,11.1375,92.6827,42.8625,19961.836998706334,tn1,85.0,54.0,0.6447038661631471,0.0023858024249542,90,20094.199184620953,11.80856958333333
7.13,12.0,0.1188333333333333,11.256333333333334,85.56,42.74366666666667,21581.654978962135,tn1,85.0,54.0,0.594166617152782,0.0022006172431984,91,21561.727615230273,12.177960625833329
7.13,12.0,0.1188333333333333,11.375166666666669,85.56,42.624833333333335,21521.65497896213,tn1,85.0,54.0,0.594166617152782,0.0022006172431984,92,21552.01156555716,12.237737709166666
7.13,12.0,0.1188333333333333,11.494,85.56,42.506,21461.65497896213,tn1,85.0,54.0,0.594166617152782,0.0022006172431984,93,21529.373114922662,12.671553125833329
7.13,12.0,0.1188333333333333,11.612833333333333,85.56,42.387166666666666,21401.65497896213,tn1,85.0,54.0,0.594166617152782,0.0022006172431984,94,21512.18277070432,12.87555854249999
6.03,12.02,0.1005,11.713333333333331,72.4806,42.28666666666667,25245.77114427861,tn1,85.0,54.0,0.501663851775054,0.001861111076646,95,25209.976449769892,13.050423749999998
6.03,12.02,0.1005,11.813833333333331,72.4806,42.186166666666665,25185.7711442786,tn1,85.0,54.0,0.501663851775054,0.001861111076646,96,25190.776449769895,13.082583750000001
6.03,12.02,0.1005,11.914333333333332,72.4806,42.08566666666667,25125.77114427861,tn1,85.0,54.0,0.501663851775054,0.001861111076646,97,25171.126449769894,13.115748750000002
6.03,12.02,0.1005,12.014833333333334,72.4806,41.985166666666665,25065.77114427861,tn1,85.0,54.0,0.501663851775054,0.001861111076646,98,25134.526449769895,13.177053750000002
6.03,12.02,0.1005,12.115333333333334,72.4806,41.88466666666667,25005.77114427861,tn1,85.0,54.0,0.501663851775054,0.001861111076646,99,25120.511485309256,13.537538749999996
5.22,12.03,0.087,12.202333333333334,62.79659999999999,41.797666666666665,28825.977011494255,tn1,85.0,54.0,0.4339151759006504,0.0016111110812757,100,28791.524966163997,14.359339168333326
5.22,12.03,0.087,12.289333333333332,62.79659999999999,41.71066666666667,28765.977011494255,tn1,85.0,54.0,0.4339151759006504,0.0016111110812757,101,28782.753813124167,14.368453334999993
5.22,12.03,0.087,12.376333333333331,62.79659999999999,41.623666666666665,28705.97701149425,tn1,85.0,54.0,0.4339151759006504,0.0016111110812757,102,28575.532644972427,14.994391251666654
9.32,11.95,0.1553333333333333,12.531666666666666,111.374,41.468333333333334,16017.811158798282,tn1,85.0,54.0,0.7799162527266735,0.0028765431566072,103,16465.77762883816,13.75315000166668
9.53,11.93,0.1588333333333333,12.6905,113.6929,41.3095,15604.847848898218,tn1,85.0,54.0,0.7988264208863017,0.0029413579702217,104,15644.922289851787,13.290476250000005
9.53,11.93,0.1588333333333333,12.849333333333334,113.6929,41.150666666666666,15544.847848898216,tn1,85.0,54.0,0.7988264208863017,0.0029413579702217,105,15641.054655447946,13.219497500000005
9.53,11.93,0.1588333333333333,13.008166666666668,113.6929,40.99183333333333,15484.847848898218,tn1,85.0,54.0,0.7988264208863017,0.0029413579702217,106,15637.004655447947,13.230218750000006
9.53,11.92,0.1588333333333333,13.167000000000002,113.5976,40.833,15424.847848898216,tn1,85.0,54.0,0.7994965772234415,0.0029413579702217,107,15478.530702647455,13.581080000000009
9.53,11.92,0.1588333333333333,13.325833333333335,113.5976,40.674166666666665,15364.847848898216,tn1,85.0,54.0,0.7994965772234415,0.0029413579702217,108,15460.279508870319,13.817327500000006
9.53,11.92,0.1588333333333333,13.48466666666667,113.5976,40.51533333333333,15304.847848898216,tn1,85.0,54.0,0.7994965772234415,0.0029413579702217,109,15457.654279526816,13.880620833333342
6.21,11.99,0.1035,13.58816666666667,74.4579,40.411833333333334,23427.149758454107,tn1,85.0,54.0,0.5179315664777676,0.0019166666311728,110,23110.57979923362,16.101742192083346
6.21,11.99,0.1035,13.69166666666667,74.4579,40.30833333333333,23367.149758454107,tn1,85.0,54.0,0.5179315664777676,0.0019166666311728,111,23117.731816575575,15.954065525416677
6.21,11.99,0.1035,13.79516666666667,74.4579,40.204833333333326,23307.1497584541,tn1,85.0,54.0,0.5179315664777676,0.0019166666311728,112,23112.481816575575,15.963121775416674
6.21,11.98,0.1035,13.89866666666667,74.39580000000001,40.10133333333333,23247.149758454103,tn1,85.0,54.0,0.5183638966307265,0.0019166666311728,113,23000.990794781344,16.307290942083334
7.88,11.94,0.1313333333333333,14.030000000000005,94.0872,39.97,18260.40609137056,tn1,85.0,54.0,0.6599664438889076,0.0024320987203932,114,18112.033930186513,14.063741250000003
7.88,11.94,0.1313333333333333,14.16133333333334,94.0872,39.83866666666666,18200.40609137056,tn1,85.0,54.0,0.6599664438889076,0.0024320987203932,115,18107.233930186514,14.074247916666668
7.88,11.94,0.1313333333333333,14.292666666666673,94.0872,39.70733333333333,18140.40609137055,tn1,85.0,54.0,0.6599664438889076,0.0024320987203932,116,18093.28393018651,14.104782916666668
7.88,11.94,0.1313333333333333,14.424000000000008,94.0872,39.57599999999999,18080.40609137055,tn1,85.0,54.0,0.6599664438889076,0.0024320987203932,117,18058.071915574597,14.16522166666666
7.88,11.94,0.1313333333333333,14.55533333333334,94.0872,39.44466666666666,18020.40609137056,tn1,85.0,54.0,0.6599664438889076,0.0024320987203932,118,18030.992431475086,14.218015416666649
7.88,11.93,0.1313333333333333,14.686666666666676,94.0084,39.313333333333325,17960.406091370554,tn1,85.0,54.0,0.6605196428734583,0.0024320987203932,119,17834.57650646082,15.029154375833317
9.52,11.9,0.1586666666666666,14.84533333333334,113.288,39.15466666666666,14806.386554621846,tn1,85.0,54.0,0.7999999327731149,0.0029382715505258,120,14877.224642401903,15.371769999999993
9.52,11.89,0.1586666666666666,15.004000000000008,113.1928,38.995999999999995,14746.386554621848,tn1,85.0,54.0,0.8006727669745359,0.0029382715505258,121,14750.71085007444,15.410259166666656
9.52,11.89,0.1586666666666666,15.162666666666675,113.1928,38.837333333333326,14686.386554621846,tn1,85.0,54.0,0.8006727669745359,0.0029382715505258,122,14706.341972943394,15.487981249999994
9.51,11.89,0.1585,15.321166666666675,113.0739,38.67883333333332,14641.82965299684,tn1,85.0,54.0,0.7998317241520837,0.0029351851308299,123,14687.477302949366,15.374362083333326
9.51,11.88,0.1585,15.479666666666676,112.9788,38.520333333333326,14581.829652996845,tn1,85.0,54.0,0.8005049831224762,0.0029351851308299,124,14536.807148862878,15.566563333333324
9.51,11.88,0.1585,15.638166666666676,112.9788,38.36183333333332,14521.82965299684,tn1,85.0,54.0,0.8005049831224762,0.0029351851308299,125,14523.10761099244,15.588559999999983
7.87,11.91,0.1311666666666666,15.769333333333345,93.7317,38.23066666666666,17487.979669631506,tn1,85.0,54.0,0.6607891972469189,0.0024290123006973,126,17449.161400805875,16.044122083333335
7.87,11.91,0.1311666666666666,15.90050000000001,93.7317,38.09949999999999,17427.97966963151,tn1,85.0,54.0,0.6607891972469189,0.0024290123006973,127,17445.671456931825,16.082159166666674
7.87,11.91,0.1311666666666666,16.031666666666677,93.7317,37.96833333333332,17367.979669631506,tn1,85.0,54.0,0.6607891972469189,0.0024290123006973,128,17428.121456931825,16.120525416666684
7.87,11.91,0.1311666666666666,16.162833333333342,93.7317,37.83716666666666,17307.97966963151,tn1,85.0,54.0,0.6607891972469189,0.0024290123006973,129,17371.543206392264,16.318306250000006
7.87,11.91,0.1311666666666666,16.294000000000008,93.7317,37.70599999999999,17247.979669631506,tn1,85.0,54.0,0.6607891972469189,0.0024290123006973,130,17350.60997307175,16.390052500000003
7.86,11.9,0.131,16.425000000000008,93.534,37.57499999999999,17209.923664122132,tn1,85.0,54.0,0.6605041461761222,0.0024259258810013,131,17305.054567297237,16.642354166666674
6.2,11.94,0.1033333333333333,16.52833333333334,74.028,37.471666666666664,21757.74193548387,tn1,85.0,54.0,0.5192629380851811,0.0019135802114769,132,21691.537894865087,19.309673338333326
6.2,11.94,0.1033333333333333,16.63166666666667,74.028,37.368333333333325,21697.741935483864,tn1,85.0,54.0,0.5192629380851811,0.0019135802114769,133,21678.167261641716,19.304452088333328
6.19,11.94,0.1031666666666666,16.734833333333338,73.9086,37.26516666666666,21672.79483037156,tn1,85.0,54.0,0.5184254172173018,0.0019104937917809,134,21729.73593059793,19.40357979583333
9.5,11.87,0.1583333333333333,16.893166666666673,112.765,37.10683333333333,14061.53684210526,tn1,85.0,54.0,0.8003369165680779,0.0029320987111339,135,14087.561221255228,17.236369166666677
9.5,11.86,0.1583333333333333,17.051500000000008,112.67,36.9485,14001.53684210526,tn1,85.0,54.0,0.8010117368455535,0.0029320987111339,136,13939.42986128025,17.688899166666662
9.5,11.86,0.1583333333333333,17.209833333333343,112.67,36.79016666666666,13941.53684210526,tn1,85.0,54.0,0.8010117368455535,0.0029320987111339,137,13926.33197850882,17.87784583333333
9.5,11.86,0.1583333333333333,17.368166666666678,112.67,36.63183333333332,13881.536842105255,tn1,85.0,54.0,0.8010117368455535,0.0029320987111339,138,13892.183100365617,18.199272916666658
9.49,11.85,0.1581666666666666,17.526333333333344,112.4565,36.47366666666666,13836.16438356164,tn1,85.0,54.0,0.8008438142747837,0.002929012291438,139,13778.38357970221,19.006596249999994
9.49,11.85,0.1581666666666666,17.68450000000001,112.4565,36.315499999999986,13776.164383561638,tn1,85.0,54.0,0.8008438142747837,0.002929012291438,140,13754.326222696553,18.961890000000004
9.49,11.85,0.1581666666666666,17.842666666666677,112.4565,36.15733333333333,13716.16438356164,tn1,85.0,54.0,0.8008438142747837,0.002929012291438,141,13740.783228325272,18.793545416666692
6.14,11.92,0.1023333333333333,17.94500000000001,73.1888,36.05499999999999,21139.739413680774,tn1,85.0,54.0,0.5151006279277996,0.0018950616933013,142,21168.76946996428,20.523202292500024
6.14,11.92,0.1023333333333333,18.047333333333345,73.1888,35.95266666666666,21079.739413680774,tn1,85.0,54.0,0.5151006279277996,0.0018950616933013,143,21167.437960395873,20.67287062583335
6.14,11.92,0.1023333333333333,18.14966666666668,73.1888,35.850333333333325,21019.739413680774,tn1,85.0,54.0,0.5151006279277996,0.0018950616933013,144,21154.893097182765,20.698472292500018
6.13,11.92,0.1021666666666666,18.251833333333344,73.0696,35.748166666666656,20994.02936378466,tn1,85.0,54.0,0.5142617018236828,0.0018919752736053,145,21104.291231692154,20.986493959166673
7.81,11.89,0.1301666666666666,18.382000000000012,92.8609,35.61799999999999,16418.02816901408,tn1,85.0,54.0,0.6568544443352023,0.0024104937825217,146,16433.86187599699,20.070357916666705
7.81,11.88,0.1301666666666666,18.51216666666668,92.7828,35.48783333333332,16358.02816901408,tn1,85.0,54.0,0.6574073520700882,0.0024104937825217,147,16304.696250634686,19.721502916666708
7.8,11.88,0.13,18.64216666666668,92.664,35.35783333333332,16318.999999999993,tn1,85.0,54.0,0.6565656012991918,0.0024074073628257,148,16274.136921629246,19.710955833333372
7.81,11.87,0.1301666666666666,18.772333333333343,92.7047,35.22766666666665,16238.104993597944,tn1,85.0,54.0,0.6579611914101777,0.0024104937825217,149,16167.504016497265,20.260153333333356
7.81,11.87,0.1301666666666666,18.902500000000018,92.7047,35.09749999999998,16178.104993597944,tn1,85.0,54.0,0.6579611914101777,0.0024104937825217,150,16127.614316153413,20.33872791666669
9.49,11.84,0.1581666666666666,19.06066666666668,112.3616,34.93933333333332,13254.12012644889,tn1,85.0,54.0,0.8015202025743073,0.002929012291438,151,13291.503927989907,20.19241041666668
9.48,11.83,0.158,19.21866666666668,112.1484,34.78133333333332,13208.10126582278,tn1,85.0,54.0,0.8013524259211813,0.0029259258717421,152,13182.503134464663,20.61134750000001
9.47,11.83,0.1578333333333333,19.376500000000014,112.0301,34.623499999999986,13162.048574445613,tn1,85.0,54.0,0.8005071174550198,0.0029228394520461,153,13205.74268040307,20.36382458333334
9.48,11.83,0.158,19.534500000000016,112.1484,34.465499999999984,13088.16455696202,tn1,85.0,54.0,0.8013524259211813,0.0029259258717421,154,13142.629844668152,20.648385833333368
9.48,11.82,0.158,19.692500000000017,112.0536,34.30749999999998,13028.164556962018,tn1,85.0,54.0,0.8020303889991212,0.0029259258717421,155,13117.901847411493,20.865062083333374
6.18,11.89,0.103,19.79550000000002,73.4802,34.20449999999998,19924.95145631067,tn1,85.0,54.0,0.5197644642754866,0.001907407372085,156,19929.968600767817,21.02392666666671
6.18,11.89,0.103,19.89850000000002,73.4802,34.10149999999998,19864.951456310668,tn1,85.0,54.0,0.5197644642754866,0.001907407372085,157,19924.030334162988,21.036817500000048
7.85,11.85,0.1308333333333333,20.02933333333335,93.0225,33.970666666666645,15578.904458598718,tn1,85.0,54.0,0.6624472014812488,0.0024228394613054,158,15493.890558861964,20.39985208333336
7.85,11.85,0.1308333333333333,20.160166666666683,93.0225,33.83983333333332,15518.90445859872,tn1,85.0,54.0,0.6624472014812488,0.0024228394613054,159,15477.069041221719,20.49912291666669
7.85,11.85,0.1308333333333333,20.291000000000015,93.0225,33.70899999999999,15458.904458598725,tn1,85.0,54.0,0.6624472014812488,0.0024228394613054,160,15437.697047586737,20.66600791666669
7.85,11.85,0.1308333333333333,20.421833333333343,93.0225,33.578166666666654,15398.90445859872,tn1,85.0,54.0,0.6624472014812488,0.0024228394613054,161,15418.303181854384,20.773285416666678
6.18,11.88,0.103,20.524833333333348,73.4184,33.47516666666665,19500.097087378632,tn1,85.0,54.0,0.520201976413975,0.001907407372085,162,19726.938000601527,21.577972500000016
6.04,11.89,0.1006666666666666,20.625500000000013,71.8156,33.37449999999998,19892.08609271522,tn1,85.0,54.0,0.5079898647611552,0.001864197496342,163,19941.332827672806,21.081559166666704
6.04,11.89,0.1006666666666666,20.72616666666668,71.8156,33.27383333333332,19832.086092715224,tn1,85.0,54.0,0.5079898647611552,0.001864197496342,164,19886.071281767396,21.51671458333336
6.05,11.89,0.1008333333333333,20.827000000000012,71.9345,33.17299999999999,19739.30578512396,tn1,85.0,54.0,0.5088309075836074,0.0018672839160379,165,19752.141675417166,21.43970083333336
6.04,11.88,0.1006666666666666,20.92766666666668,71.7552,33.07233333333332,19711.98675496688,tn1,85.0,54.0,0.5084174656214254,0.001864197496342,166,19800.500742589753,21.88213708333334
7.67,11.85,0.1278333333333333,21.055500000000013,90.8895,32.94449999999999,15462.868318122551,tn1,85.0,54.0,0.6472573293453731,0.0023672839067786,167,15555.952408216353,21.07580250000001
7.66,11.84,0.1276666666666666,21.18316666666668,90.6944,32.81683333333332,15423.0548302872,tn1,85.0,54.0,0.6469594048176179,0.0023641974870827,168,15370.378985619702,21.337545833333348
7.66,11.84,0.1276666666666666,21.310833333333346,90.6944,32.68916666666665,15363.054830287198,tn1,85.0,54.0,0.6469594048176179,0.0023641974870827,169,15343.673033313135,21.514706250000028
7.66,11.84,0.1276666666666666,21.438500000000012,90.6944,32.56149999999999,15303.0548302872,tn1,85.0,54.0,0.6469594048176179,0.0023641974870827,170,15330.013942375315,21.70474500000003
9.47,11.8,0.1578333333333333,21.596333333333344,111.746,32.40366666666665,12318.183738120377,tn1,85.0,54.0,0.8025423048692962,0.0029228394520461,171,12292.415837620965,22.37641375000003
9.47,11.79,0.1578333333333333,21.754166666666677,111.6513,32.24583333333332,12258.183738120377,tn1,85.0,54.0,0.803223002271162,0.0029228394520461,172,12197.059388119013,22.50620500000001
9.47,11.79,0.1578333333333333,21.91200000000001,111.6513,32.087999999999994,12198.183738120377,tn1,85.0,54.0,0.803223002271162,0.0029228394520461,173,12179.497242634972,22.574353333333338
9.46,11.79,0.1576666666666666,22.069666666666677,111.5334,31.930333333333323,12151.078224101477,tn1,85.0,54.0,0.8023748259224068,0.0029197530323502,174,12150.564288073105,22.696662083333337
9.46,11.79,0.1576666666666666,22.227333333333345,111.5334,31.772666666666655,12091.078224101477,tn1,85.0,54.0,0.8023748259224068,0.0029197530323502,175,12146.504414007682,22.70809291666667
7.83,11.82,0.1305,22.357833333333343,92.5506,31.642166666666657,14548.122605363978,tn1,85.0,54.0,0.6624364921796538,0.0024166666219135,176,14582.44035008976,22.30823333333336
6.12,11.85,0.102,22.459833333333343,72.522,31.540166666666657,18553.039215686265,tn1,85.0,54.0,0.5164556526197762,0.0018888888539094,177,18511.067824523176,22.666943749999994
6.12,11.85,0.102,22.561833333333347,72.522,31.438166666666653,18493.039215686265,tn1,85.0,54.0,0.5164556526197762,0.0018888888539094,178,18503.567824523176,22.679693749999988
6.12,11.85,0.102,22.663833333333347,72.522,31.336166666666653,18433.039215686265,tn1,85.0,54.0,0.5164556526197762,0.0018888888539094,179,18464.890937031843,22.65480750000001
6.12,11.85,0.102,22.765833333333347,72.522,31.234166666666653,18373.039215686265,tn1,85.0,54.0,0.5164556526197762,0.0018888888539094,180,18453.640937031843,22.67393250000001
7.83,11.81,0.1305,22.89633333333335,92.4723,31.10366666666665,14300.536398467426,tn1,85.0,54.0,0.6629974036412021,0.0024166666219135,181,14312.951773482664,22.411972499999987
7.83,11.81,0.1305,23.02683333333335,92.4723,30.97316666666665,14240.536398467424,tn1,85.0,54.0,0.6629974036412021,0.0024166666219135,182,14311.516394156897,22.454036249999994
7.18,11.82,0.1196666666666666,23.146500000000017,84.8676,30.853499999999983,15469.721448467955,tn1,85.0,54.0,0.6074449570689545,0.002216049341678,183,15249.55765946938,23.07991583333335
7.18,11.82,0.1196666666666666,23.266166666666685,84.8676,30.733833333333315,15409.721448467955,tn1,85.0,54.0,0.6074449570689545,0.002216049341678,184,15265.873162118833,23.26848750000002
8.86,11.79,0.1476666666666666,23.41383333333335,104.4594,30.58616666666665,12427.78781038374,tn1,85.0,54.0,0.7514842449970954,0.0027345678505944,185,12341.426142416072,23.641982083333367
8.85,11.78,0.1475,23.56133333333335,104.253,30.43866666666665,12381.83050847457,tn1,85.0,54.0,0.7512732808766316,0.0027314814308984,186,12300.887502834905,23.77207583333337
8.85,11.78,0.1475,23.708833333333352,104.253,30.291166666666648,12321.83050847457,tn1,85.0,54.0,0.7512732808766316,0.0027314814308984,187,12284.647837592836,23.82015875
8.85,11.77,0.1475,23.856333333333353,104.1645,30.143666666666647,12261.830508474568,tn1,85.0,54.0,0.7519115758783709,0.0027314814308984,188,12154.059734663651,24.00097666666664
8.85,11.77,0.1475,24.00383333333335,104.1645,29.99616666666665,12201.830508474568,tn1,85.0,54.0,0.7519115758783709,0.0027314814308984,189,12146.297300201719,24.037452916666638
5.52,11.85,0.092,24.095833333333353,65.41199999999999,29.904166666666647,19502.717391304337,tn1,85.0,54.0,0.4658227455001902,0.0017037036721536,190,19585.45219573767,27.148067500000028
5.52,11.85,0.092,24.18783333333335,65.41199999999999,29.81216666666665,19442.717391304337,tn1,85.0,54.0,0.4658227455001902,0.0017037036721536,191,19539.511230263222,27.550318229583365
7.23,11.81,0.1205,24.30833333333335,85.3863,29.69166666666665,14784.23236514522,tn1,85.0,54.0,0.6121930048947498,0.0022314814401577,192,14703.425440131983,24.390350833333358
7.22,11.8,0.1203333333333333,24.42866666666669,85.196,29.57133333333331,14744.709141274228,tn1,85.0,54.0,0.6118643549267495,0.0022283950204618,193,14706.287582124516,24.393209166666683
7.22,11.8,0.1203333333333333,24.54900000000002,85.196,29.45099999999998,14684.709141274228,tn1,85.0,54.0,0.6118643549267495,0.0022283950204618,194,14677.738835558393,24.454880000000003
7.22,11.8,0.1203333333333333,24.669333333333356,85.196,29.330666666666644,14624.709141274228,tn1,85.0,54.0,0.6118643549267495,0.0022283950204618,195,14645.663866305169,24.52136416666665
7.22,11.8,0.1203333333333333,24.78966666666669,85.196,29.21033333333331,14564.709141274228,tn1,85.0,54.0,0.6118643549267495,0.0022283950204618,196,14623.790053430044,24.453742499999986
9.67,11.74,0.1611666666666666,24.950833333333357,113.5258,29.049166666666643,10814.581178903818,tn1,85.0,54.0,0.8236796572674909,0.0029845678459647,197,10947.701926359194,27.095421666666695
9.67,11.74,0.1611666666666666,25.112000000000023,113.5258,28.887999999999977,10754.581178903818,tn1,85.0,54.0,0.8236796572674909,0.0029845678459647,198,10943.186151300266,27.103192500000027
9.06,11.75,0.151,25.263000000000023,106.455,28.736999999999977,11418.675496688733,tn1,85.0,54.0,0.7710637641647862,0.002796296244513,199,11382.269250761357,26.11098083333332
9.06,11.75,0.151,25.414000000000023,106.455,28.585999999999977,11358.675496688733,tn1,85.0,54.0,0.7710637641647862,0.002796296244513,200,11384.60246135177,26.184994583333328
9.06,11.74,0.151,25.565000000000023,106.3644,28.434999999999977,11298.675496688733,tn1,85.0,54.0,0.7717205475536161,0.002796296244513,201,11194.267208912828,26.641986666666686
9.06,11.74,0.151,25.716000000000022,106.3644,28.283999999999978,11238.675496688733,tn1,85.0,54.0,0.7717205475536161,0.002796296244513,202,11183.721080740275,26.669909583333368
9.05,11.74,0.1508333333333333,25.866833333333357,106.247,28.133166666666643,11191.093922651924,tn1,85.0,54.0,0.7708687588697821,0.0027932098248171,203,11161.58224327645,27.453438750000032
9.05,11.74,0.1508333333333333,26.017666666666692,106.247,27.982333333333308,11131.093922651922,tn1,85.0,54.0,0.7708687588697821,0.0027932098248171,204,11159.394335406265,27.459097500000034
9.05,11.73,0.1508333333333333,26.168500000000027,106.1565,27.831499999999973,11071.093922651922,tn1,85.0,54.0,0.7715259359312928,0.0027932098248171,205,10986.87140249832,28.155636666666688
9.05,11.73,0.1508333333333333,26.31933333333336,106.1565,27.68066666666664,11011.093922651922,tn1,85.0,54.0,0.7715259359312928,0.0027932098248171,206,10992.856148166604,28.174717083333363
9.05,11.73,0.1508333333333333,26.470166666666696,106.1565,27.529833333333304,10951.09392265192,tn1,85.0,54.0,0.7715259359312928,0.0027932098248171,207,10987.069502918523,28.138674583333376
9.05,11.72,0.1508333333333333,26.62100000000003,106.06600000000002,27.37899999999997,10891.09392265192,tn1,85.0,54.0,0.7721842344552702,0.0027932098248171,208,10780.717614296987,28.5125777091667
7.34,11.76,0.1223333333333333,26.743333333333364,86.3184,27.256666666666636,13368.392370572192,tn1,85.0,54.0,0.6241496067899994,0.0022654320568129,209,13317.510666854196,26.861097083333366
7.34,11.76,0.1223333333333333,26.865666666666694,86.3184,27.134333333333306,13308.392370572192,tn1,85.0,54.0,0.6241496067899994,0.0022654320568129,210,13302.531947582622,26.592565000000025
7.34,11.76,0.1223333333333333,26.98800000000003,86.3184,27.01199999999997,13248.392370572192,tn1,85.0,54.0,0.6241496067899994,0.0022654320568129,211,13272.213325169361,26.6527954166667
7.34,11.75,0.1223333333333333,27.110333333333365,86.245,26.889666666666635,13188.392370572192,tn1,85.0,54.0,0.6246807978995066,0.0022654320568129,212,13146.296702894462,26.593565000000055
7.34,11.75,0.1223333333333333,27.2326666666667,86.245,26.7673333333333,13128.39237057219,tn1,85.0,54.0,0.6246807978995066,0.0022654320568129,213,13092.959713571357,26.61092833333339
7.34,11.75,0.1223333333333333,27.355000000000032,86.245,26.644999999999968,13068.392370572192,tn1,85.0,54.0,0.6246807978995066,0.0022654320568129,214,13045.014596733174,26.695138333333375
7.34,11.75,0.1223333333333333,27.47733333333337,86.245,26.52266666666663,13008.392370572192,tn1,85.0,54.0,0.6246807978995066,0.0022654320568129,215,13000.591872696756,26.603374166666676
7.33,11.75,0.1221666666666666,27.59950000000003,86.1275,26.40049999999997,12966.139154160966,tn1,85.0,54.0,0.6238297341421504,0.002262345637117,216,12983.321685676066,26.77678
7.34,11.75,0.1223333333333333,27.721833333333365,86.245,26.278166666666635,12888.474114441402,tn1,85.0,54.0,0.6246807978995066,0.0022654320568129,217,12963.579861759523,26.576474166666685
9.04,11.71,0.1506666666666666,27.87250000000003,105.8584,26.12749999999997,10404.75663716813,tn1,85.0,54.0,0.7719896864227423,0.0027901234051211,218,10370.350526021966,28.03543541666672
9.04,11.7,0.1506666666666666,28.023166666666697,105.768,25.976833333333303,10344.75663716813,tn1,85.0,54.0,0.7726495066111533,0.0027901234051211,219,10304.581215656777,28.15378833333338
9.04,11.7,0.1506666666666666,28.173833333333363,105.768,25.826166666666637,10284.756637168131,tn1,85.0,54.0,0.7726495066111533,0.0027901234051211,220,10278.466161779375,27.951959166666708
5.38,11.79,0.0896666666666666,28.26350000000003,63.43019999999999,25.73649999999997,17221.449814126376,tn1,85.0,54.0,0.4563188756302905,0.0016604937964106,221,17097.416470370885,34.475083232916724
5.38,11.78,0.0896666666666666,28.353166666666695,63.3764,25.646833333333305,17161.449814126376,tn1,85.0,54.0,0.4567062430639862,0.0016604937964106,222,17027.77943778906,33.011138959166736
5.38,11.78,0.0896666666666666,28.44283333333336,63.3764,25.55716666666664,17101.449814126376,tn1,85.0,54.0,0.4567062430639862,0.0016604937964106,223,17021.391586124406,33.37715020916674
5.38,11.78,0.0896666666666666,28.532500000000027,63.3764,25.467499999999973,17041.449814126376,tn1,85.0,54.0,0.4567062430639862,0.0016604937964106,224,16971.00848873944,33.18319541833341
7.03,11.74,0.1171666666666666,28.649666666666693,82.5322,25.350333333333307,12981.678520625876,tn1,85.0,54.0,0.5988074447353114,0.0021697530462391,225,12948.788042493732,28.636077500000066
7.03,11.74,0.1171666666666666,28.76683333333336,82.5322,25.23316666666664,12921.678520625876,tn1,85.0,54.0,0.5988074447353114,0.0021697530462391,226,12898.626279014903,28.04551958333341
7.03,11.74,0.1171666666666666,28.884000000000025,82.5322,25.115999999999975,12861.678520625876,tn1,85.0,54.0,0.5988074447353114,0.0021697530462391,227,12865.846346506272,28.069161250000075
7.03,11.74,0.1171666666666666,29.00116666666669,82.5322,24.99883333333331,12801.678520625876,tn1,85.0,54.0,0.5988074447353114,0.0021697530462391,228,12854.006728579505,28.17991083333342
7.03,11.73,0.1171666666666666,29.118333333333357,82.4619,24.881666666666643,12741.678520625876,tn1,85.0,54.0,0.5993179369720429,0.0021697530462391,229,12744.727926252175,28.54407083333342
5.42,11.77,0.0903333333333333,29.20866666666669,63.7934,24.79133333333331,16466.568265682643,tn1,85.0,54.0,0.4604927391255107,0.0016728394751943,230,16405.293837147314,32.29850833333339
5.42,11.77,0.0903333333333333,29.299000000000024,63.7934,24.700999999999976,16406.568265682643,tn1,85.0,54.0,0.4604927391255107,0.0016728394751943,231,16405.293837147314,32.29850833333339
5.42,11.77,0.0903333333333333,29.38933333333336,63.7934,24.61066666666664,16346.56826568264,tn1,85.0,54.0,0.4604927391255107,0.0016728394751943,232,16401.740209047715,32.37422291666672
8.72,11.69,0.1453333333333333,29.53466666666669,101.9368,24.46533333333331,10100.366972477052,tn1,85.0,54.0,0.7459366342227004,0.0026913579748513,233,10130.250970936791,30.553189168333365
8.71,11.69,0.1451666666666667,29.67983333333336,101.8199,24.32016666666664,10051.963260619965,tn1,85.0,54.0,0.7450812023027202,0.0026882715551554,234,10111.068909564648,31.313130420000025
8.71,11.68,0.1451666666666667,29.825000000000028,101.7328,24.174999999999972,9991.963260619965,tn1,85.0,54.0,0.7457191142363774,0.0026882715551554,235,10086.007713378007,31.442929170000024
8.71,11.68,0.1451666666666667,29.970166666666696,101.7328,24.029833333333304,9931.963260619965,tn1,85.0,54.0,0.7457191142363774,0.0026882715551554,236,10066.252113029375,31.31424750333336
7.0,11.72,0.1166666666666666,30.086833333333363,82.04,23.913166666666637,12298.199999999984,tn1,85.0,54.0,0.5972695736118111,0.0021604937871513,237,12360.728915038777,29.83110520916673
7.0,11.72,0.1166666666666666,30.20350000000003,82.04,23.79649999999997,12238.199999999984,tn1,85.0,54.0,0.5972695736118111,0.0021604937871513,238,12338.256746727,29.878622709166734
9.23,11.67,0.1538333333333333,30.357333333333365,107.7141,23.642666666666635,9221.408450704212,tn1,85.0,54.0,0.7909168131176683,0.0028487653793438,239,9347.710539507565,31.269270416666686
9.23,11.66,0.1538333333333333,30.5111666666667,107.6218,23.4888333333333,9161.408450704212,tn1,85.0,54.0,0.7915951293657695,0.0028487653793438,240,9315.219026094977,31.682386250000018
9.23,11.65,0.1538333333333333,30.665000000000035,107.5295,23.334999999999965,9101.408450704212,tn1,85.0,54.0,0.7922746101051837,0.0028487653793438,241,9099.536401807367,33.09653208333336
9.44,11.65,0.1573333333333333,30.82233333333337,109.976,23.17766666666663,8838.94067796609,tn1,85.0,54.0,0.8103003596308704,0.0029135801929583,242,8997.133856888608,32.67716833333336
9.44,11.64,0.1573333333333333,30.979666666666706,109.8816,23.020333333333294,8778.940677966088,tn1,85.0,54.0,0.8109964939006449,0.0029135801929583,243,8885.151900131908,32.35792166666669
9.44,11.64,0.1573333333333333,31.137000000000036,109.8816,22.862999999999964,8718.94067796609,tn1,85.0,54.0,0.8109964939006449,0.0029135801929583,244,8876.58567807189,32.35581625000002
9.44,11.63,0.1573333333333333,31.29433333333337,109.7872,22.70566666666663,8658.940677966088,tn1,85.0,54.0,0.8116938253057759,0.0029135801929583,245,8861.295703369782,32.510827083333346
7.16,11.69,0.1193333333333333,31.413666666666703,83.7004,22.586333333333297,11356.256983240206,tn1,85.0,54.0,0.6124892547057952,0.0022098765022862,246,11293.529786460815,31.93877729250003
7.16,11.68,0.1193333333333333,31.533000000000037,83.6288,22.466999999999963,11296.256983240204,tn1,85.0,54.0,0.613013646146092,0.0022098765022862,247,11219.346052921786,32.073791666666715
7.16,11.68,0.1193333333333333,31.65233333333337,83.6288,22.34766666666663,11236.256983240204,tn1,85.0,54.0,0.613013646146092,0.0022098765022862,248,11198.197801284748,32.206355416666696
7.16,11.68,0.1193333333333333,31.771666666666704,83.6288,22.228333333333296,11176.256983240204,tn1,85.0,54.0,0.613013646146092,0.0022098765022862,249,11171.84479463705,32.325349583333335
7.16,11.68,0.1193333333333333,31.891000000000037,83.6288,22.108999999999963,11116.256983240204,tn1,85.0,54.0,0.613013646146092,0.0022098765022862,250,11156.79779533509,32.42542499999999
5.3,11.72,0.0883333333333333,31.979333333333372,62.116,22.020666666666628,14957.433962264126,tn1,85.0,54.0,0.4522183914489427,0.0016358024388431,251,14812.86595419355,33.57655875166672
5.3,11.73,0.0883333333333333,32.0676666666667,62.169,21.932333333333297,14897.433962264126,tn1,85.0,54.0,0.4518328685564476,0.0016358024388431,252,14897.425216362419,33.65460604250003
5.3,11.73,0.0883333333333333,32.156000000000034,62.169,21.84399999999997,14837.43396226413,tn1,85.0,54.0,0.4518328685564476,0.0016358024388431,253,14823.453126465985,34.280145210833346
5.3,11.73,0.0883333333333333,32.244333333333365,62.169,21.755666666666635,14777.43396226413,tn1,85.0,54.0,0.4518328685564476,0.0016358024388431,254,14801.5506710536,34.306085210833345
5.3,11.72,0.0883333333333333,32.3326666666667,62.116,21.667333333333303,14717.433962264133,tn1,85.0,54.0,0.4522183914489427,0.0016358024388431,255,14687.839096641412,34.01185875333336
7.03,11.68,0.1171666666666666,32.449833333333366,82.1104,21.55016666666663,11035.647226173523,tn1,85.0,54.0,0.6018835101127132,0.0021697530462391,256,11161.765306240768,32.736244375833316
7.03,11.68,0.1171666666666666,32.567000000000036,82.1104,21.432999999999964,10975.647226173523,tn1,85.0,54.0,0.6018835101127132,0.0021697530462391,257,11160.689451062279,32.64033604249998
8.68,11.63,0.1446666666666666,32.7116666666667,100.9484,21.2883333333333,8829.262672811044,tn1,85.0,54.0,0.7463455936074296,0.0026790122960676,258,8958.291564693394,33.49103666666671
8.67,11.63,0.1445,32.8561666666667,100.8321,21.143833333333298,8779.446366781993,tn1,85.0,54.0,0.745485748453504,0.0026759258763717,259,8982.966717888638,33.43686583333338
8.67,11.63,0.1445,33.0006666666667,100.8321,20.999333333333297,8719.446366781993,tn1,85.0,54.0,0.745485748453504,0.0026759258763717,260,8959.602475513831,33.658773333333386
8.67,11.62,0.1445,33.145166666666704,100.7454,20.854833333333296,8659.446366781991,tn1,85.0,54.0,0.7461273023986832,0.0026759258763717,261,8769.778813388684,34.75550854250002
8.67,11.62,0.1445,33.289666666666704,100.7454,20.710333333333296,8599.446366781991,tn1,85.0,54.0,0.7461273023986832,0.0026759258763717,262,8779.423241466384,34.960818542500014
7.59,11.64,0.1265,33.416166666666705,88.3476,20.583833333333295,9763.08300395255,tn1,85.0,54.0,0.6520617996510482,0.0023425925492112,263,9528.510162104621,36.26063459166669
7.58,11.64,0.1263333333333333,33.54250000000004,88.2312,20.45749999999996,9715.963060685996,tn1,85.0,54.0,0.6512026931956449,0.0023395061295153,264,9545.314214671194,36.53054876000001
7.58,11.64,0.1263333333333333,33.668833333333374,88.2312,20.331166666666626,9655.963060685996,tn1,85.0,54.0,0.6512026931956449,0.0023395061295153,265,9544.765413228954,36.57638417666667
7.58,11.63,0.1263333333333333,33.79516666666671,88.1554,20.20483333333329,9595.963060685996,tn1,85.0,54.0,0.6517626266756125,0.0023395061295153,266,9530.055287451216,35.97035708833335
7.57,11.63,0.1261666666666666,33.92133333333338,88.0391,20.07866666666662,9548.639365918076,tn1,85.0,54.0,0.6509027815216869,0.0023364197098193,267,9502.925425654097,35.982015838333346
7.57,11.63,0.1261666666666666,34.04750000000005,88.0391,19.95249999999995,9488.639365918074,tn1,85.0,54.0,0.6509027815216869,0.0023364197098193,268,9504.095871112733,35.80668479583334
7.53,11.62,0.1255,34.17300000000005,87.4986,19.82699999999995,9479.04382470117,tn1,85.0,54.0,0.648020598277057,0.0023240740310356,269,9336.125960552441,36.085223127500015
9.81,11.57,0.1635,34.33650000000005,113.5017,19.66349999999995,7215.963302752274,tn1,85.0,54.0,0.8478823813411944,0.0030277777217078,270,7560.082787564698,37.029606982916704
9.81,11.56,0.1635,34.50000000000005,113.4036,19.49999999999995,7155.963302752275,tn1,85.0,54.0,0.8486158435453424,0.0030277777217078,271,7558.644164338181,36.97308864958337
9.19,11.57,0.1531666666666666,34.65316666666671,106.3283,19.346833333333286,7578.737758433062,tn1,85.0,54.0,0.7942955233971025,0.0028364197005601,272,7600.792008331349,36.34312770916666
9.19,11.57,0.1531666666666666,34.80633333333338,106.3283,19.193666666666623,7518.7377584330625,tn1,85.0,54.0,0.7942955233971025,0.0028364197005601,273,7565.296743257157,36.139172709166665
9.19,11.56,0.1531666666666666,34.95950000000004,106.2364,19.04049999999996,7458.737758433064,tn1,85.0,54.0,0.7949826301918139,0.0028364197005601,274,7550.728767500314,36.2182872925
7.52,11.6,0.1253333333333333,35.08483333333337,87.232,18.91516666666663,9055.132978723386,tn1,85.0,54.0,0.6482758061831202,0.0023209876113397,275,8975.252256059159,36.17342041666668
7.51,11.6,0.1251666666666666,35.210000000000036,87.116,18.789999999999964,9007.190412782938,tn1,85.0,54.0,0.6474137372919192,0.0023179011916438,276,8953.00211433649,36.169007916666686
7.52,11.6,0.1253333333333333,35.33533333333337,87.232,18.664666666666633,8935.212765957433,tn1,85.0,54.0,0.6482758061831202,0.0023209876113397,277,8901.105883931192,36.072845416666695
5.52,11.65,0.092,35.427333333333365,64.30799999999999,18.572666666666635,12112.608695652154,tn1,85.0,54.0,0.4738197018180513,0.0017037036721536,278,11928.114401086543,37.52268407124998
8.96,11.56,0.1493333333333333,35.576666666666696,103.57760000000002,18.423333333333304,7402.23214285713,tn1,85.0,54.0,0.7750864381413116,0.0027654320475537,279,7478.338910901498,36.57791552208334
8.96,11.55,0.1493333333333333,35.72600000000003,103.488,18.273999999999972,7342.232142857132,tn1,85.0,54.0,0.7757575085924235,0.0027654320475537,280,7417.056787745438,36.95166219041667
8.96,11.55,0.1493333333333333,35.87533333333336,103.488,18.12466666666664,7282.232142857132,tn1,85.0,54.0,0.7757575085924235,0.0027654320475537,281,7379.34561446865,37.20729844208334
8.96,11.55,0.1493333333333333,36.02466666666669,103.488,17.97533333333331,7222.232142857133,tn1,85.0,54.0,0.7757575085924235,0.0027654320475537,282,7365.59528856732,36.98239177375001
8.96,11.54,0.1493333333333333,36.17400000000002,103.3984,17.82599999999998,7162.232142857134,tn1,85.0,54.0,0.7764297420771455,0.0027654320475537,283,7320.803919186364,37.437359588333344
5.66,11.63,0.0943333333333333,36.26833333333335,65.8258,17.731666666666648,11278.091872791509,tn1,85.0,54.0,0.4866723571218954,0.0017469135478966,284,11211.531873713904,36.421679380833396
5.66,11.63,0.0943333333333333,36.36266666666669,65.8258,17.637333333333316,11218.091872791509,tn1,85.0,54.0,0.4866723571218954,0.0017469135478966,285,11201.631873713904,36.4372443808334
5.66,11.63,0.0943333333333333,36.457000000000015,65.8258,17.542999999999985,11158.091872791509,tn1,85.0,54.0,0.4866723571218954,0.0017469135478966,286,11193.181192783799,36.38509156791673
7.32,11.58,0.122,36.579000000000015,84.7656,17.420999999999985,8567.70491803278,tn1,85.0,54.0,0.6321242977440158,0.0022592592174211,287,8527.428375225247,36.17482479250002
7.32,11.58,0.122,36.701000000000015,84.7656,17.298999999999985,8507.70491803278,tn1,85.0,54.0,0.6321242977440158,0.0022592592174211,288,8474.926251179932,36.06970312583335
7.32,11.58,0.122,36.823000000000015,84.7656,17.176999999999985,8447.70491803278,tn1,85.0,54.0,0.6321242977440158,0.0022592592174211,289,8437.86238558209,35.861533959166685
7.94,11.56,0.1323333333333333,36.95533333333335,91.7864,17.04466666666665,7728.060453400495,tn1,85.0,54.0,0.6868511516564748,0.0024506172385688,290,7649.093172778662,36.133990209166676
7.94,11.55,0.1323333333333333,37.087666666666685,91.707,16.912333333333315,7668.060453400495,tn1,85.0,54.0,0.6874458279267682,0.0024506172385688,291,7507.983944064707,36.358935209166695
7.93,11.55,0.1321666666666666,37.219833333333355,91.5915,16.780166666666645,7617.730138713735,tn1,85.0,54.0,0.6865800271359284,0.0024475308188728,292,7502.714199797138,36.447817292500034
7.93,11.55,0.1321666666666666,37.352000000000025,91.5915,16.647999999999975,7557.730138713734,tn1,85.0,54.0,0.6865800271359284,0.0024475308188728,293,7412.501972370295,36.84128396083336
4.89,11.63,0.0814999999999999,37.43350000000002,56.8707,16.566499999999976,12196.196319018389,tn1,85.0,54.0,0.4204642802696233,0.00150925923131,294,12113.85703408457,38.12699167000003
4.89,11.63,0.0814999999999999,37.51500000000002,56.8707,16.484999999999978,12136.196319018389,tn1,85.0,54.0,0.4204642802696233,0.00150925923131,295,12113.85703408457,38.12699167000003
4.89,11.64,0.0814999999999999,37.59650000000002,56.9196,16.40349999999998,12076.19631901839,tn1,85.0,54.0,0.4201030566921772,0.00150925923131,296,12056.65211817919,37.826874794166635
4.89,11.64,0.0814999999999999,37.67800000000002,56.9196,16.32199999999998,12016.196319018392,tn1,85.0,54.0,0.4201030566921772,0.00150925923131,297,12003.146260250576,38.21671041999996
8.94,11.52,0.149,37.82700000000002,102.98879999999998,16.17299999999998,6512.617449664422,tn1,85.0,54.0,0.7760415993019445,0.0027592592081618,298,6695.048537004569,37.27431875166676
9.17,11.51,0.1528333333333333,37.97983333333335,105.5467,16.020166666666647,6289.269356597592,tn1,85.0,54.0,0.7966984538055211,0.0028302468611682,299,6408.113624140796,37.18248645916678
9.16,11.5,0.1526666666666666,38.13250000000002,105.34,15.867499999999978,6236.135371179031,tn1,85.0,54.0,0.7965216698676809,0.0028271604414723,300,6341.345852948627,37.832217292500104
9.16,11.5,0.1526666666666666,38.28516666666669,105.34,15.71483333333331,6176.13537117903,tn1,85.0,54.0,0.7965216698676809,0.0028271604414723,301,6322.911293638342,37.8764910425001
9.16,11.49,0.1526666666666666,38.43783333333336,105.2484,15.56216666666664,6116.135371179029,tn1,85.0,54.0,0.7972149001553612,0.0028271604414723,302,6280.087531086992,38.11117145916677
9.16,11.49,0.1526666666666666,38.59050000000003,105.2484,15.409499999999973,6056.135371179029,tn1,85.0,54.0,0.7972149001553612,0.0028271604414723,303,6266.069560171135,38.227172292500114
9.15,11.48,0.1525,38.74300000000003,105.042,15.25699999999997,6002.754098360643,tn1,85.0,54.0,0.7970382580977128,0.0028240740217764,304,6269.906667397191,37.89102645916678
7.43,11.52,0.1238333333333333,38.86683333333336,85.5936,15.13316666666664,7332.355316285317,tn1,85.0,54.0,0.6449652217912134,0.0022932098340763,305,7312.978012329262,36.34426229250003
8.05,11.51,0.1341666666666666,39.001000000000026,92.6555,14.998999999999974,6707.6273291925345,tn1,85.0,54.0,0.6993917724246941,0.002484567855224,306,6722.242938452081,38.725079168333444
8.05,11.5,0.1341666666666666,39.13516666666669,92.575,14.864833333333308,6647.6273291925345,tn1,85.0,54.0,0.6999999391304402,0.002484567855224,307,6692.288472530616,39.02729166833343
8.05,11.5,0.1341666666666666,39.26933333333336,92.575,14.730666666666645,6587.627329192535,tn1,85.0,54.0,0.6999999391304402,0.002484567855224,308,6703.543999393792,38.99192125166676
5.74,11.56,0.0956666666666666,39.36500000000002,66.3544,14.634999999999977,9178.745644599288,tn1,85.0,54.0,0.4965397494342777,0.0017716049054641,309,9115.37942546045,40.697714589999954
5.74,11.56,0.0956666666666666,39.46066666666669,66.3544,14.53933333333331,9118.745644599288,tn1,85.0,54.0,0.4965397494342777,0.0017716049054641,310,9080.050008679018,40.66061625666663
5.74,11.56,0.0956666666666666,39.55633333333336,66.3544,14.443666666666644,9058.745644599288,tn1,85.0,54.0,0.4965397494342777,0.0017716049054641,311,9066.88040356868,40.81205625666664
5.74,11.56,0.0956666666666666,39.65200000000002,66.3544,14.347999999999978,8998.74564459929,tn1,85.0,54.0,0.4965397494342777,0.0017716049054641,312,9062.727455962246,40.703065839999965
7.42,11.51,0.1236666666666666,39.77566666666669,85.4042,14.224333333333313,6901.293800539073,tn1,85.0,54.0,0.6446567641479788,0.0022901234143804,313,7098.152326132262,37.98870437583335
7.42,11.51,0.1236666666666666,39.89933333333335,85.4042,14.100666666666648,6841.293800539074,tn1,85.0,54.0,0.6446567641479788,0.0022901234143804,314,7065.903066864777,38.07494770916669
19.81,11.2,0.3301666666666666,40.229500000000016,221.872,13.770499999999984,2502.463402322057,tn1,85.0,54.0,1.7687498420759071,0.0061141974176383,315,3153.4921621099807,50.46458302708331
19.77,11.17,0.3295,40.55900000000002,220.8309,13.44099999999998,2447.5265553869467,tn1,85.0,54.0,1.769919268583772,0.0061018517388545,316,3008.5198347118853,47.96227166999997
19.74,11.15,0.3289999999999999,40.88800000000002,220.101,13.11199999999998,2391.2462006078995,tn1,85.0,54.0,1.7704034286633696,0.0060925924797668,317,2770.3293701695475,47.850818231249974
19.7,11.12,0.3283333333333333,41.21633333333335,219.06399999999996,12.783666666666647,2336.1015228426363,tn1,85.0,54.0,1.77158257449797,0.006080246800983,318,2609.832690935624,51.328085731249956
21.24,11.06,0.354,41.57033333333335,234.9144,12.429666666666648,2106.7231638418048,tn1,85.0,54.0,1.9204338227455855,0.0065555554341563,319,2229.7761401573885,54.06944062583335
21.2,11.03,0.3533333333333333,41.92366666666668,233.836,12.076333333333316,2050.6981132075443,tn1,85.0,54.0,1.9220306507678468,0.0065432097553726,320,2203.659612602293,53.576158959166705
18.01,11.08,0.3001666666666667,42.22383333333335,199.5508,11.776166666666647,2353.9255968906123,tn1,85.0,54.0,1.625451116836542,0.0055586418723708,321,2475.8170588826406,55.39422354416665
10.11,11.28,0.1684999999999999,42.392333333333355,114.0408,11.607666666666644,4133.293768545987,tn1,85.0,54.0,0.8962765162875429,0.0031203703125857,322,4394.896982641693,51.911850834999925
10.1,11.28,0.1683333333333333,42.56066666666669,113.92799999999998,11.439333333333307,4077.386138613853,tn1,85.0,54.0,0.8953899915434406,0.0031172838928898,323,4360.954160967874,52.09573021083325
7.83,11.35,0.1305,42.69116666666669,88.87049999999999,11.308833333333313,5199.463601532557,tn1,85.0,54.0,0.6898677806283895,0.0024166666219135,324,5336.940526034884,49.96798104583334
7.83,11.35,0.1305,42.82166666666669,88.87049999999999,11.178333333333311,5139.463601532558,tn1,85.0,54.0,0.6898677806283895,0.0024166666219135,325,5301.466353861041,50.53293604583334
13.43,11.19,0.2238333333333333,43.04550000000002,150.2817,10.954499999999982,2936.425912137002,tn1,85.0,54.0,1.2001786237552616,0.0041450616516346,326,3138.965985566008,51.33760907291668
13.42,11.18,0.2236666666666666,43.269166666666685,150.0356,10.730833333333315,2878.6140089418727,tn1,85.0,54.0,1.2003576743866124,0.0041419752319387,327,3103.923592597667,51.61863563583335
20.11,10.97,0.3351666666666666,43.60433333333335,220.6067,10.39566666666665,1860.9845847836864,tn1,85.0,54.0,1.833181236720033,0.0062067900085162,328,1991.5688013203849,53.11359916666665
20.04,10.92,0.3339999999999999,43.938333333333354,218.8368,10.061666666666646,1807.485029940116,tn1,85.0,54.0,1.8351646671094628,0.0061851850706447,329,1983.9707974464939,53.130775416666665
8.41,11.22,0.1401666666666666,44.07850000000002,94.3602,9.92149999999998,4247.015457788339,tn1,85.0,54.0,0.7495543003962299,0.0025956789642775,330,4387.55845314161,54.80705791833325
15.92,10.99,0.2653333333333333,44.34383333333335,174.9608,9.65616666666665,2183.5552763819055,tn1,85.0,54.0,1.4485894951237948,0.0049135801559213,331,2286.1454927545556,51.34275146083337
15.9,10.96,0.265,44.60883333333335,174.264,9.39116666666665,2126.301886792449,tn1,85.0,54.0,1.450729794641442,0.0049074073165294,332,2242.0019750802703,49.95501135541674
15.87,10.94,0.2645,44.87333333333335,173.6178,9.126666666666653,2070.3213610585976,tn1,85.0,54.0,1.450639721148106,0.0048981480574417,333,2105.3872781407586,51.54140666666672
14.23,10.97,0.2371666666666666,45.110500000000016,156.1031,8.889499999999984,2248.9248067463063,tn1,85.0,54.0,1.297173992964996,0.0043919752273091,334,2233.3001085723877,49.03392270916674
12.54,11.01,0.209,45.31950000000002,138.06539999999998,8.68049999999998,2492.009569377985,tn1,85.0,54.0,1.1389644742084946,0.0038703702986968,335,2512.9368017440324,49.41778624999998
12.54,11.0,0.209,45.52850000000002,137.94,8.471499999999978,2432.009569377984,tn1,85.0,54.0,1.1399998963636455,0.0038703702986968,336,2462.9931506507837,47.81873208333338
12.53,10.99,0.2088333333333333,45.73733333333335,137.7047,8.262666666666647,2373.9505187549826,tn1,85.0,54.0,1.1401272847927857,0.0038672838790009,337,2441.6697129940426,47.057906459166716
17.71,10.78,0.2951666666666667,46.03250000000002,190.9138,7.96749999999998,1619.5934500282283,tn1,85.0,54.0,1.6428569904585355,0.0054660492814929,338,1703.7091881065796,50.31025041666665
19.18,10.67,0.3196666666666666,46.35216666666669,204.6506,7.64783333333331,1435.4640250260643,tn1,85.0,54.0,1.797563093011894,0.0059197529767946,339,1516.2989900472603,53.65711708333334
19.07,10.57,0.3178333333333333,46.67000000000002,201.5699,7.329999999999977,1383.7441006816946,tn1,85.0,54.0,1.804162554005435,0.0058858023601394,340,1415.8456450919618,53.74332666666669
10.1,10.9,0.1683333333333333,46.83833333333336,110.09,7.16166666666664,2552.6732673267234,tn1,85.0,54.0,0.9266054195774844,0.0031172838928898,341,2527.4551958392126,54.45863291666657
10.1,10.92,0.1683333333333333,47.006666666666696,110.292,6.993333333333304,2492.6732673267225,tn1,85.0,54.0,0.924908340209859,0.0031172838928898,342,2482.2196868008637,50.81643291666663
10.1,10.92,0.1683333333333333,47.17500000000003,110.292,6.824999999999967,2432.673267326721,tn1,85.0,54.0,0.924908340209859,0.0031172838928898,343,2437.670924230684,51.78674416666666
10.1,10.92,0.1683333333333333,47.34333333333337,110.292,6.656666666666631,2372.6732673267197,tn1,85.0,54.0,0.924908340209859,0.0031172838928898,344,2417.6075039783777,53.058424166666676
15.62,10.65,0.2603333333333333,47.603666666666705,166.353,6.3963333333332955,1474.186939820734,tn1,85.0,54.0,1.4666665289514995,0.0048209875650434,345,1459.282116622672,51.83296500000005
15.5,10.51,0.2583333333333333,47.86200000000004,162.905,6.137999999999963,1425.5999999999913,tn1,85.0,54.0,1.4747857778510205,0.0047839505286922,346,1435.5226584454776,51.976862916666725
15.11,10.08,0.2518333333333333,48.11383333333337,152.3088,5.886166666666632,1402.3957643944327,tn1,85.0,54.0,1.4990077877968464,0.0046635801605509,347,1415.1765319935146,52.658695416666696
14.8,9.74,0.2466666666666666,48.36050000000004,144.15200000000002,5.639499999999963,1371.770270270261,tn1,85.0,54.0,1.5195070308514345,0.0045679011499771,348,1374.2541161113083,55.21156697958334
9.64,10.07,0.1606666666666666,48.5211666666667,97.0748,5.478833333333299,2046.0373443983271,tn1,85.0,54.0,0.9572988125820444,0.002975308586877,349,2027.8257208740222,51.14126166666669
9.63,10.04,0.1605,48.6816666666667,96.6852,5.3183333333333,1988.1619937694577,tn1,85.0,54.0,0.9591632510793576,0.002972222167181,350,1984.2588265594584,49.53060958333336
9.61,10.0,0.1601666666666666,48.84183333333337,96.1,5.158166666666631,1932.2996878251688,tn1,85.0,54.0,0.9609999039000096,0.0029660493277892,351,1949.602724254437,51.506997500000004
9.59,9.96,0.1598333333333333,49.0016666666667,95.5164,4.998333333333299,1876.3295099061393,tn1,85.0,54.0,0.9628513089506716,0.0029598764883973,352,1921.0220229012284,54.58544625
16.57,9.45,0.2761666666666666,49.27783333333337,156.5865,4.722166666666631,1025.9384429692138,tn1,85.0,54.0,1.7534389678900566,0.0051141974361568,353,1098.8220484526548,58.1942847925
16.4,9.29,0.2733333333333333,49.5511666666667,152.35599999999997,4.4488333333332974,976.5731707316996,tn1,85.0,54.0,1.7653388842476982,0.005061728301326,354,1030.7973638812464,60.4431766683333
7.92,9.88,0.132,49.6831666666667,78.2496,4.3168333333332995,1962.1969696969545,tn1,85.0,54.0,0.8016193520628186,0.0024444443991769,355,1956.1764051543237,52.80841031291674
7.94,9.94,0.1323333333333333,49.81550000000003,78.9236,4.184499999999964,1897.254408060437,tn1,85.0,54.0,0.7987926761777994,0.0024506172385688,356,1900.8372808985023,51.627685000000085
7.94,9.96,0.1323333333333333,49.94783333333337,79.0824,4.052166666666629,1837.254408060436,tn1,85.0,54.0,0.7971886749810567,0.0024506172385688,357,1846.3624542206076,54.87242875000009
9.52,9.84,0.1586666666666666,50.10650000000004,93.6768,3.89349999999996,1472.3319327730942,tn1,85.0,54.0,0.9674795764756527,0.0029382715505258,358,1424.0594885766322,55.228596981250014
9.5,9.8,0.1583333333333333,50.26483333333337,93.1,3.735166666666629,1415.4315789473542,tn1,85.0,54.0,0.969387656184933,0.0029320987111339,359,1397.4610629144631,55.094825938750006
9.48,9.77,0.158,50.42283333333337,92.6196,3.5771666666666277,1358.4177215189725,tn1,85.0,54.0,0.9703171985345757,0.0029259258717421,360,1381.9638081451621,54.78118572958333
6.05,10.04,0.1008333333333333,50.523666666666706,60.74199999999999,3.4763333333332938,2068.561983471051,tn1,85.0,54.0,0.6025895814153804,0.0018672839160379,361,2004.4773942352317,58.33357916666664
6.07,10.11,0.1011666666666666,50.62483333333337,61.3677,3.3751666666666296,2001.7462932454473,tn1,85.0,54.0,0.6003955884870833,0.0018734567554298,362,1969.4210437480451,58.49067312583331
6.07,10.11,0.1011666666666666,50.726000000000035,61.3677,3.2739999999999654,1941.746293245449,tn1,85.0,54.0,0.6003955884870833,0.0018734567554298,363,1945.0061094001826,60.91796937583333
7.74,10.01,0.129,50.85500000000003,77.4774,3.1449999999999676,1462.7906976744034,tn1,85.0,54.0,0.7732266959813492,0.0023888888446502,364,1473.0766053162379,59.0837779166667
7.71,9.95,0.1285,50.983500000000035,76.7145,3.016499999999965,1408.4824902723572,tn1,85.0,54.0,0.7748742939824831,0.0023796295855624,365,1440.1696484151742,58.77448166666668
7.7,9.93,0.1283333333333333,51.111833333333365,76.461,2.888166666666635,1350.3116883116734,tn1,85.0,54.0,0.775427917882385,0.0023765431658664,366,1375.7032042047947,58.736012083333314
6.05,10.04,0.1008333333333333,51.2126666666667,60.74199999999999,2.787333333333301,1658.578512396675,tn1,85.0,54.0,0.6025895814153804,0.0018672839160379,367,1675.7865551807697,59.1542320916667
6.06,10.06,0.1009999999999999,51.3136666666667,60.9636,2.6863333333333017,1595.8415841583972,tn1,85.0,54.0,0.6023856260054049,0.0018703703357338,368,1633.5306881214344,60.40777292666672
6.06,10.07,0.1009999999999999,51.4146666666667,61.0242,2.5853333333333026,1535.8415841583978,tn1,85.0,54.0,0.6017874278264719,0.0018703703357338,369,1559.7741319275922,66.00595616625002
9.26,9.79,0.1543333333333333,51.56900000000003,90.6554,2.430999999999969,945.09719222461,tn1,85.0,54.0,0.945863029023184,0.0028580246384316,370,998.3578201493049,58.270166464166685
9.22,9.75,0.1536666666666666,51.7226666666667,89.89500000000001,2.277333333333303,889.1973969631117,tn1,85.0,54.0,0.9456409286522126,0.0028456789596479,371,967.1672274456797,59.96722282125003
9.19,9.71,0.1531666666666666,51.87583333333336,89.2349,2.124166666666639,832.1001088139174,tn1,85.0,54.0,0.9464468644235978,0.0028364197005601,372,900.4143376785225,61.487639292083344
9.17,9.67,0.1528333333333333,52.028666666666695,88.6739,1.9713333333333056,773.9149400217992,tn1,85.0,54.0,0.9482935937648818,0.0028302468611682,373,825.8674695691527,62.70725794000003
9.15,9.64,0.1525,52.1811666666667,88.206,1.818833333333302,715.6065573770369,tn1,85.0,54.0,0.9491700260197068,0.0028240740217764,374,741.0493153917884,60.09142438583335
9.14,9.61,0.1523333333333333,52.33350000000003,87.8354,1.6664999999999708,656.3894967177127,tn1,85.0,54.0,0.9510925128935992,0.0028209876020804,375,703.2140447913885,58.25476969208332
7.55,9.73,0.1258333333333333,52.45933333333336,73.4615,1.5406666666666382,734.6225165562779,tn1,85.0,54.0,0.7759505882887371,0.0023302468704275,376,712.6044140758019,57.659710105416686
7.54,9.72,0.1256666666666666,52.58500000000003,73.28880000000001,1.4149999999999707,675.5968169761134,tn1,85.0,54.0,0.7757200848024605,0.0023271604507315,377,690.1299643324685,58.998256460833296
7.54,9.71,0.1256666666666666,52.7106666666667,73.21340000000001,1.2893333333333032,615.5968169761129,tn1,85.0,54.0,0.776518972552114,0.0023271604507315,378,676.3595635288694,58.115777504999954
7.53,9.7,0.1255,52.8361666666667,73.041,1.1638333333333009,556.4143426294665,tn1,85.0,54.0,0.7762885797640641,0.0023240740310356,379,574.0201037258008,56.52968417166665
7.53,9.68,0.1255,52.9616666666667,72.8904,1.0383333333332985,496.4143426294654,tn1,85.0,54.0,0.7778924816226777,0.0023240740310356,380,469.035049669406,56.18944854583332
5.96,9.83,0.0993333333333333,53.061000000000035,58.5868,0.9389999999999644,567.1812080536698,tn1,85.0,54.0,0.606307161108122,0.0018395061387745,381,550.8510634715577,58.14666594041668
5.96,9.84,0.0993333333333333,53.16033333333337,58.6464,0.8396666666666306,507.1812080536695,tn1,85.0,54.0,0.6056909953566062,0.0018395061387745,382,479.4803561981625,57.40112032124999
5.97,9.84,0.0994999999999999,53.25983333333337,58.7448,0.7401666666666316,446.3316582914361,tn1,85.0,54.0,0.6067072554159294,0.0018425925584705,383,440.48482757897295,59.786814082916706
7.54,9.7,0.1256666666666666,53.38550000000003,73.13799999999999,0.6144999999999641,293.39522546417385,tn1,85.0,54.0,0.7773195074928344,0.0023271604507315,384,281.3880843068528,51.73208927208342
7.52,9.66,0.1253333333333333,53.510833333333366,72.6432,0.4891666666666339,234.17553191487795,tn1,85.0,54.0,0.7784678283159598,0.0023209876113397,385,233.61535847704636,50.259977086666765
7.51,9.64,0.1251666666666666,53.63600000000003,72.3964,0.3639999999999688,174.48735019971875,tn1,85.0,54.0,0.7790455623396719,0.0023179011916438,386,205.83144169197465,51.30244625666674
7.5,9.62,0.125,53.76100000000003,72.14999999999999,0.2389999999999688,114.71999999998502,tn1,85.0,54.0,0.7796256985836073,0.0023148147719478,387,130.30199212129682,52.48411511041677
9.04,9.44,0.1506666666666666,53.9116666666667,85.33759999999998,0.0883333333333027,35.1769911504303,tn1,85.0,54.0,0.957627017200528,0.0027901234051211,388,69.21848489919485,59.455002002916586
5.34,9.69,0.089,54.000666666666696,51.7446,-0.0006666666666959,-0.449438202266901,tn1,85.0,54.0,0.5510835344599037,0.0016481481176268,389,-2.9140577371637186,53.11424845708324
5.36,9.76,0.0893333333333333,54.09000000000003,52.3136,-0.0900000000000318,-60.447761194051225,tn1,85.0,54.0,0.5491802716003821,0.0016543209570187,390,-60.87946569147712,56.02323355916666
5.37,9.78,0.0895,54.17950000000003,52.5186,-0.1795000000000328,-120.33519553074828,tn1,85.0,54.0,0.5490796984581087,0.0016574073767146,391,-127.50399165533172,59.693330649166676
6.96,9.61,0.116,54.29550000000003,66.8856,-0.2955000000000325,-152.84482758622372,tn1,85.0,54.0,0.7242455021596773,0.0021481481083676,392,-159.1097325961253,61.08608209333336
6.95,9.59,0.1158333333333333,54.41133333333337,66.6505,-0.4113333333333671,-213.06474820145635,tn1,85.0,54.0,0.7247131673917449,0.0021450616886716,393,-272.9489575852424,55.998430436666695
6.94,9.57,0.1156666666666666,54.52700000000004,66.4158,-0.5270000000000366,-273.371757925091,tn1,85.0,54.0,0.7251827873372219,0.0021419752689757,394,-315.78085938043625,54.85742470875002
6.94,9.55,0.1156666666666666,54.642666666666706,66.27700000000002,-0.642666666666706,-333.3717579250925,tn1,85.0,54.0,0.726701494586231,0.0021419752689757,395,-384.6115855239927,57.6980612833333
9.32,12.02,0.1553333333333333,0.1553333333333333,112.0264,51.84466666666667,20025.836909871246,b3,88.83,52.0,0.7753743115329192,0.0029871794297337,804,19868.60165390387,1.556677709166669
9.32,12.02,0.1553333333333333,0.3106666666666667,112.0264,51.68933333333333,19965.836909871243,b3,88.83,52.0,0.7753743115329192,0.0029871794297337,805,19853.61244360683,1.6081114591666674
9.32,12.02,0.1553333333333333,0.4660000000000001,112.0264,51.534,19905.836909871243,b3,88.83,52.0,0.7753743115329192,0.0029871794297337,806,19833.47020131482,1.3718135425000002
10.38,11.99,0.173,0.6390000000000001,124.4562,51.361,17813.063583815027,b3,88.83,52.0,0.8657213623251575,0.0033269230129437,807,17755.440392660374,2.4801943758333342
10.38,11.98,0.173,0.8120000000000002,124.35240000000002,51.188,17753.06358381503,b3,88.83,52.0,0.8664440011315526,0.0033269230129437,808,17694.19625352231,2.287139792500001
10.37,11.98,0.1728333333333333,0.9848333333333334,124.2326,51.015166666666666,17710.183220829316,b3,88.83,52.0,0.8656092766603275,0.0033237178848002,809,17627.98001744244,2.3655564591666662
10.37,11.97,0.1728333333333333,1.1576666666666668,124.1289,50.842333333333336,17650.18322082932,b3,88.83,52.0,0.8663324255361382,0.0033237178848002,810,17583.609444635476,2.483290209166667
16.0,11.85,0.2666666666666666,1.4243333333333337,189.6,50.57566666666666,11379.525,b3,88.83,52.0,1.3502108565222908,0.0051282050295858,811,11287.103020057399,5.6986766666666675
15.99,11.84,0.2665,1.6908333333333334,189.3216,50.30916666666667,11326.641651031894,b3,88.83,52.0,1.3505066426936958,0.0051249999014423,812,11240.832059121043,5.492226250000001
15.98,11.83,0.2663333333333333,1.9571666666666667,189.0434,50.042833333333334,11273.729662077598,b3,88.83,52.0,1.350802928926211,0.0051217947732988,813,11211.066457767489,5.763961666666668
16.34,11.81,0.2723333333333333,2.2295,192.9754,49.7705,10965.348837209302,b3,88.83,52.0,1.3835731258617168,0.0052371793864644,814,11027.145890829494,5.355628750000002
21.19,11.71,0.3531666666666667,2.5826666666666664,248.13490000000004,49.41733333333333,8395.58282208589,b3,88.83,52.0,1.8095643202763176,0.0067916665360576,815,8314.380575016867,10.628418333333348
21.18,11.7,0.353,2.935666666666666,247.806,49.06433333333334,8339.546742209632,b3,88.83,52.0,1.8102562555336537,0.0067884614079142,816,8314.328929143361,10.284709583333356
21.17,11.68,0.3528333333333334,3.2884999999999995,247.2656,48.7115,8283.486065186584,b3,88.83,52.0,1.812499844820219,0.0067852562797707,817,8264.537771463592,10.810649166666694
21.16,11.67,0.3526666666666667,3.641166666666666,246.9372,48.35883333333334,8227.400756143668,b3,88.83,52.0,1.8131960742762576,0.0067820511516272,818,8189.300766704264,11.241641251666692
23.25,11.62,0.3875,4.028666666666666,270.16499999999996,47.971333333333334,7427.819354838709,b3,88.83,52.0,2.0008604130068495,0.0074519229336168,819,7408.093666338512,12.478245527083335
23.28,11.6,0.388,4.416666666666666,270.048,47.583333333333336,7358.2474226804125,b3,88.83,52.0,2.0068963787158296,0.0074615383180473,820,7240.336142421678,12.864828129166662
25.14,11.55,0.419,4.835666666666666,290.367,47.16433333333333,6753.842482100239,b3,88.83,52.0,2.1766231881711526,0.0080576921527366,821,6733.853231600428,10.818637814583333
25.11,11.53,0.4185,5.2541666666666655,289.51829999999995,46.74583333333334,6701.911589008363,b3,88.83,52.0,2.1777968622899513,0.0080480767683062,822,6693.154744188701,10.092850834999997
25.11,11.53,0.4185,5.672666666666665,289.51829999999995,46.327333333333335,6641.911589008363,b3,88.83,52.0,2.1777968622899513,0.0080480767683062,823,6665.981141525654,10.075936251666661
25.09,11.51,0.4181666666666667,6.090833333333332,288.78589999999997,45.909166666666664,6587.206058190514,b3,88.83,52.0,2.179843424861562,0.0080416665120192,824,6643.8279143279315,10.69217625166667
5.56,11.96,0.0926666666666666,6.183499999999999,66.4976,45.816500000000005,29665.359712230224,b3,88.83,52.0,0.4648829042740046,0.001782051247781,825,29535.687091311927,6.891263333333345
5.56,11.97,0.0926666666666666,6.276166666666665,66.5532,45.72383333333333,29605.359712230216,b3,88.83,52.0,0.4644945309528378,0.001782051247781,826,29581.778672363722,7.16052937583335
5.56,11.97,0.0926666666666666,6.368833333333331,66.5532,45.63116666666667,29545.35971223022,b3,88.83,52.0,0.4644945309528378,0.001782051247781,827,29564.283032659292,7.197806875833347
5.55,11.98,0.0925,6.461333333333331,66.489,45.53866666666667,29538.594594594597,b3,88.83,52.0,0.4632720815298763,0.0017788461196375,828,29584.40637382891,7.260615625833347
15.66,11.72,0.261,6.7223333333333315,183.5352,45.27766666666667,10408.659003831415,b3,88.83,52.0,1.3361773603944231,0.0050192306727071,829,10338.6602227275,10.155767709166673
15.64,11.71,0.2606666666666666,6.982999999999998,183.1444,45.017,10361.969309462916,b3,88.83,52.0,1.3356104751827091,0.0050128204164201,830,10317.983676384414,9.918840000000007
15.63,11.7,0.2605,7.243499999999998,182.871,44.7565,10308.598848368523,b3,88.83,52.0,1.3358973217181778,0.0050096152882766,831,10281.88876816113,9.91468854250001
15.64,11.69,0.2606666666666666,7.504166666666665,182.8316,44.49583333333334,10242.00767263427,b3,88.83,52.0,1.3378955228489715,0.0050128204164201,832,10180.994422419555,11.79613166833334
15.63,11.68,0.2605,7.764666666666665,182.5584,44.23533333333334,10188.560460652592,b3,88.83,52.0,1.3381848169362316,0.0050096152882766,833,10133.972320647452,12.306253751666672
15.62,11.68,0.2603333333333333,8.024999999999999,182.4416,43.975,10135.083226632523,b3,88.83,52.0,1.3373286526259716,0.0050064101601331,834,10066.14118113583,12.763729795833342
22.19,11.53,0.3698333333333333,8.394833333333333,255.8507,43.60516666666667,7074.294727354664,b3,88.83,52.0,1.9245444991722032,0.0071121793504068,835,6875.726552218727,12.116549896249996
22.17,11.51,0.3695,8.764333333333333,255.1767,43.23566666666667,7020.676589986468,b3,88.83,52.0,1.926151005547263,0.0071057690941198,836,6854.612187958772,11.631023750000004
22.16,11.5,0.3693333333333333,9.133666666666668,254.84,42.86633333333333,6963.844765342959,b3,88.83,52.0,1.9269563541777084,0.0071025639659763,837,6862.208071864369,12.219745833333342
22.14,11.48,0.369,9.502666666666666,254.1672,42.49733333333333,6910.135501355013,b3,88.83,52.0,1.9285712605774163,0.0070961537096893,838,6845.795505918808,13.117378750000011
22.12,11.47,0.3686666666666667,9.871333333333332,253.7164,42.12866666666667,6856.383363471971,b3,88.83,52.0,1.928508986180559,0.0070897434534023,839,6844.804774474227,13.17123083333335
24.27,11.41,0.4044999999999999,10.275833333333331,276.9207,41.72416666666667,6188.998763906057,b3,88.83,52.0,2.1270813210270534,0.0077788460042529,840,6241.451188733385,15.682664693749986
24.24,11.39,0.4039999999999999,10.679833333333333,276.0936,41.320166666666665,6136.658415841584,b3,88.83,52.0,2.128182429483544,0.0077692306198224,841,6127.038347956467,19.257706459166663
24.22,11.37,0.4036666666666667,11.0835,275.3814,40.9165,6081.725846407928,b3,88.83,52.0,2.1301669190706316,0.0077628203635355,842,6042.113927086034,23.16115812583334
18.89,11.48,0.3148333333333333,11.398333333333332,216.8572,40.60166666666667,7737.744838538909,b3,88.83,52.0,1.6454702399416168,0.0060544870630547,843,7523.338441525277,14.510691666666691
18.88,11.47,0.3146666666666666,11.712999999999996,216.5536,40.287000000000006,7681.843220338984,b3,88.83,52.0,1.6460329863964265,0.0060512819349112,844,7539.5144286482255,14.678576042500021
18.87,11.46,0.3145,12.027499999999998,216.25020000000004,39.9725,7625.914149443561,b3,88.83,52.0,1.6465967149566567,0.0060480768067677,845,7495.683373243622,14.62141020916669
18.86,11.46,0.3143333333333333,12.341833333333332,216.1356,39.658166666666666,7569.957582184517,b3,88.83,52.0,1.6457241146837596,0.0060448716786242,846,7472.467475351325,14.983261042500027
21.09,11.39,0.3515,12.693333333333332,240.2151,39.30666666666667,6709.530583214795,b3,88.83,52.0,1.8516240692164996,0.0067596152546227,847,6507.3150008177445,21.986045625833313
21.07,11.38,0.3511666666666667,13.044499999999998,239.77660000000003,38.9555,6655.899383009017,b3,88.83,52.0,1.8514936861604845,0.0067532049983358,848,6460.4626574065605,22.243582709166652
24.55,11.29,0.4091666666666667,13.453666666666663,277.16949999999997,38.54633333333334,5652.415478615072,b3,88.83,52.0,2.1744905071310447,0.0078685895922707,849,5691.605417109297,36.40991916666666
24.51,11.27,0.4085,13.862166666666663,276.2277,38.13783333333333,5601.640146878825,b3,88.83,52.0,2.174800161952071,0.0078557690796967,850,5670.058827474864,36.921392499999996
24.49,11.25,0.4081666666666666,14.27033333333333,275.5125,37.729666666666674,5546.214781543488,b3,88.83,52.0,2.1768886953876714,0.0078493588234097,851,5649.035379146915,36.70361958333333
13.89,11.51,0.2315,14.50183333333333,159.8739,37.49816666666667,9718.747300215984,b3,88.83,52.0,1.206776611053292,0.0044519229913091,852,9233.218076656865,19.03328874999998
13.89,11.51,0.2315,14.73333333333333,159.8739,37.266666666666666,9658.747300215982,b3,88.83,52.0,1.206776611053292,0.0044519229913091,853,9222.43433070395,19.013504166666653
13.89,11.51,0.2315,14.964833333333331,159.8739,37.03516666666667,9598.747300215982,b3,88.83,52.0,1.206776611053292,0.0044519229913091,854,9220.538662453411,18.99834583333332
13.88,11.51,0.2313333333333333,15.196166666666665,159.7588,36.80383333333334,9545.662824207491,b3,88.83,52.0,1.205907801398106,0.0044487178631656,855,9193.379321613895,19.137728333333325
15.6,11.45,0.26,15.456166666666665,178.61999999999998,36.54383333333334,8433.192307692309,b3,88.83,52.0,1.3624452958563062,0.0049999999038461,856,8051.661972563361,19.17904333333335
15.6,11.45,0.26,15.716166666666664,178.61999999999998,36.283833333333334,8373.192307692309,b3,88.83,52.0,1.3624452958563062,0.0049999999038461,857,8049.908451878172,19.20957791666668
15.59,11.44,0.2598333333333333,15.975999999999996,178.34959999999998,36.024,8318.56318152662,b3,88.83,52.0,1.362762118639675,0.0049967947757026,858,7967.168992099206,19.663988750000023
15.59,11.44,0.2598333333333333,16.235833333333332,178.34959999999998,35.76416666666667,8258.56318152662,b3,88.83,52.0,1.362762118639675,0.0049967947757026,859,7953.106317021839,19.70817291666669
18.87,11.34,0.3145,16.55033333333333,213.9858,35.44966666666667,6763.052464228936,b3,88.83,52.0,1.6640210172820975,0.0060480768067677,860,6706.007049288725,26.734989999999996
18.85,11.33,0.3141666666666667,16.864499999999996,213.5705,35.13550000000001,6710.228116710877,b3,88.83,52.0,1.663724478047266,0.0060416665504807,861,6663.129266793217,27.85933166666666
18.85,11.32,0.3141666666666667,17.17866666666666,213.38200000000003,34.82133333333334,6650.228116710877,b3,88.83,52.0,1.665194199187792,0.0060416665504807,862,6609.8016056498755,28.553992083333313
18.84,11.31,0.314,17.49266666666666,213.0804,34.507333333333335,6593.75796178344,b3,88.83,52.0,1.6657823460846732,0.0060384614223372,863,6549.400955589808,30.188025833333302
18.83,11.3,0.3138333333333333,17.806499999999996,212.779,34.1935,6537.259691980882,b3,88.83,52.0,1.6663715339494216,0.0060352562941937,864,6469.1824506115345,32.457862083333275
18.82,11.29,0.3136666666666666,18.120166666666663,212.47779999999997,33.87983333333334,6480.733262486717,b3,88.83,52.0,1.6669617655481166,0.0060320511660502,865,6452.466770664768,32.096477916666615
24.01,11.13,0.4001666666666666,18.52033333333333,267.23130000000003,33.479666666666674,5019.858392336528,b3,88.83,52.0,2.1572325105810863,0.0076955126725221,866,5183.0394971553005,41.916329166666664
23.97,11.11,0.3994999999999999,18.91983333333333,266.3067,33.08016666666667,4968.235294117648,b3,88.83,52.0,2.157515557379338,0.0076826921599482,867,4997.876871398035,42.17566979249998
15.11,11.35,0.2518333333333333,19.171666666666663,171.49849999999998,32.82833333333333,7821.442753143614,b3,88.83,52.0,1.3312774157464833,0.004842948624815,868,7670.125975838513,23.17055291666665
15.11,11.35,0.2518333333333333,19.423499999999997,171.49849999999998,32.5765,7761.442753143614,b3,88.83,52.0,1.3312774157464833,0.004842948624815,869,7668.5310714358675,22.925170416666653
15.11,11.34,0.2518333333333333,19.67533333333333,171.3474,32.32466666666667,7701.442753143615,b3,88.83,52.0,1.332451381618044,0.004842948624815,870,7574.646534269656,23.3690875
15.1,11.34,0.2516666666666666,19.926999999999996,171.23399999999998,32.07300000000001,7646.543046357619,b3,88.83,52.0,1.3315695474806395,0.0048397434966715,871,7568.22714982973,23.499028333333335
15.1,11.33,0.2516666666666666,20.17866666666666,171.083,31.82133333333334,7586.543046357618,b3,88.83,52.0,1.3327448073482078,0.0048397434966715,872,7458.773927567033,24.596904166666665
17.38,11.26,0.2896666666666666,20.468333333333327,195.6988,31.531666666666673,6531.3003452243975,b3,88.83,52.0,1.5435167368102365,0.0055705127133875,873,6431.5277697906395,31.872771249999957
17.38,11.25,0.2896666666666666,20.757999999999992,195.525,31.242000000000008,6471.3003452243975,b3,88.83,52.0,1.5448887515654444,0.0055705127133875,874,6376.118895318685,32.50649833333328
17.36,11.24,0.2893333333333333,21.047333333333324,195.1264,30.952666666666676,6418.7557603686655,b3,88.83,52.0,1.5444838483555294,0.0055641024571005,875,6317.83182133722,33.06973833333329
17.36,11.23,0.2893333333333333,21.336666666666655,194.9528,30.663333333333345,6358.755760368666,b3,88.83,52.0,1.545859167777456,0.0055641024571005,876,6205.30428657425,35.01249833333331
13.11,11.35,0.2185,21.555166666666658,148.7985,30.444833333333342,8360.13729977117,b3,88.83,52.0,1.1550659775272267,0.0042019229961168,877,8118.294106566143,24.70011208333332
13.11,11.35,0.2185,21.773666666666653,148.7985,30.226333333333347,8300.137299771171,b3,88.83,52.0,1.1550659775272267,0.0042019229961168,878,8117.394106566142,24.70338958333332
13.11,11.35,0.2185,21.99216666666665,148.7985,30.00783333333335,8240.137299771171,b3,88.83,52.0,1.1550659775272267,0.0042019229961168,879,8106.836920394026,24.88580999999999
12.23,11.38,0.2038333333333333,22.195999999999984,139.1774,29.804000000000016,8773.04987735078,b3,88.83,52.0,1.074692348445312,0.0039198717194896,880,8283.423258091741,25.90649583333331
12.23,11.37,0.2038333333333333,22.399833333333316,139.05509999999998,29.600166666666684,8713.049877350782,b3,88.83,52.0,1.0756375483168386,0.0039198717194896,881,8279.343010427583,26.154405833333303
12.23,11.37,0.2038333333333333,22.603666666666648,139.05509999999998,29.396333333333352,8653.04987735078,b3,88.83,52.0,1.0756375483168386,0.0039198717194896,882,8299.593792669248,26.11792416666664
10.57,11.42,0.1761666666666666,22.779833333333315,120.7094,29.220166666666685,9951.99621570483,b3,88.83,52.0,0.92556909583458,0.0033878204476701,883,9697.025762588324,25.469411250000018
10.57,11.42,0.1761666666666666,22.95599999999998,120.7094,29.04400000000002,9891.99621570483,b3,88.83,52.0,0.92556909583458,0.0033878204476701,884,9688.206908564527,25.37267416666668
10.57,11.42,0.1761666666666666,23.13216666666665,120.7094,28.86783333333335,9831.996215704832,b3,88.83,52.0,0.92556909583458,0.0033878204476701,885,9686.81084182574,25.349337083333335
10.57,11.42,0.1761666666666666,23.308333333333316,120.7094,28.691666666666684,9771.99621570483,b3,88.83,52.0,0.92556909583458,0.0033878204476701,886,9651.882821076884,25.2793425
10.57,11.42,0.1761666666666666,23.484499999999983,120.7094,28.515500000000017,9711.99621570483,b3,88.83,52.0,0.92556909583458,0.0033878204476701,887,9576.058995451984,25.370699166666668
13.09,11.33,0.2181666666666666,23.702666666666648,148.3097,28.297333333333352,7782.307104660051,b3,88.83,52.0,1.1553397038535125,0.0041955127398298,888,7659.555985599299,29.40056583333334
13.09,11.33,0.2181666666666666,23.920833333333313,148.3097,28.079166666666687,7722.307104660052,b3,88.83,52.0,1.1553397038535125,0.0041955127398298,889,7656.717558242795,28.819477916666663
13.09,11.32,0.2181666666666666,24.138999999999974,148.1788,27.861000000000026,7662.307104660052,b3,88.83,52.0,1.1563603218762968,0.0041955127398298,890,7533.508699108422,30.778390833333333
19.19,11.12,0.3198333333333333,24.45883333333331,213.3928,27.54116666666669,5166.659718603443,b3,88.83,52.0,1.7257192692698502,0.0061506409073594,891,5151.449668789513,43.63408583333334
19.17,11.1,0.3195,24.77833333333331,212.787,27.22166666666669,5112.0500782472645,b3,88.83,52.0,1.727026871439021,0.0061442306510724,892,5116.378273476317,43.03975249999998
19.16,11.09,0.3193333333333333,25.097666666666644,212.4844,26.902333333333356,5054.718162839253,b3,88.83,52.0,1.7276824411467593,0.0061410255229289,893,5084.094139891622,42.92047124999996
19.14,11.07,0.319,25.416666666666643,211.8798,26.583333333333357,5000.000000000005,b3,88.83,52.0,1.7289971337852637,0.006134615266642,894,4996.058653601983,44.924059999999955
16.9,11.12,0.2816666666666666,25.69833333333331,187.92799999999997,26.30166666666669,5602.72189349113,b3,88.83,52.0,1.5197840359906445,0.0054166665625,895,5546.525656651095,39.51771124999998
16.9,11.12,0.2816666666666666,25.979999999999976,187.92799999999997,26.020000000000024,5542.72189349113,b3,88.83,52.0,1.5197840359906445,0.0054166665625,896,5520.849293336669,40.08131833333332
16.89,11.1,0.2815,26.261499999999977,187.479,25.738500000000023,5486.003552397873,b3,88.83,52.0,1.5216214845386051,0.0054134614343565,897,5434.666572237196,40.69558395916664
16.88,11.09,0.2813333333333333,26.54283333333331,187.1992,25.45716666666669,5429.253554502376,b3,88.83,52.0,1.5220918375029904,0.005410256306213,898,5424.475242397207,40.67073749999999
13.66,11.2,0.2276666666666666,26.770499999999977,152.992,25.229500000000023,6649.06295754027,b3,88.83,52.0,1.2196427482461834,0.0043782050440088,899,6531.355801021968,40.10131458333329
13.65,11.19,0.2275,26.997999999999976,152.74349999999998,25.002000000000024,6593.934065934072,b3,88.83,52.0,1.2198390330796218,0.0043749999158653,900,6523.262105926884,39.89189624999997
13.65,11.19,0.2275,27.225499999999975,152.74349999999998,24.774500000000025,6533.934065934072,b3,88.83,52.0,1.2198390330796218,0.0043749999158653,901,6494.126037164107,39.19826562583331
13.64,11.18,0.2273333333333333,27.45283333333331,152.4952,24.54716666666669,6478.72434017596,b3,88.83,52.0,1.220035669048688,0.0043717947877218,902,6449.6234521915285,40.53429312583332
13.64,11.17,0.2273333333333333,27.680166666666643,152.3588,24.319833333333357,6418.724340175959,b3,88.83,52.0,1.2211279121640188,0.0043717947877218,903,6346.808172414042,41.66986208500001
13.63,11.17,0.2271666666666666,27.90733333333331,152.24710000000002,24.09266666666669,6363.433602347769,b3,88.83,52.0,1.22023265709645,0.0043685896595784,904,6326.00285899275,41.889209168333345
19.05,10.97,0.3175,28.224833333333308,208.97850000000005,23.775166666666692,4492.944881889768,b3,88.83,52.0,1.7365540805329007,0.0061057691133505,905,4539.861895132665,44.51473375000001
19.03,10.95,0.3171666666666667,28.541999999999973,208.3785,23.458000000000027,4437.666841828696,b3,88.83,52.0,1.7378993846667232,0.0060993588570636,906,4444.296043458171,46.31575500000002
19.01,10.93,0.3168333333333333,28.85883333333331,207.7793,23.14116666666669,4382.3356128353535,b3,88.83,52.0,1.739249612145507,0.0060929486007766,907,4385.018399258206,46.77526270916669
15.0,11.05,0.25,29.10883333333331,165.75,22.89116666666669,5493.880000000006,b3,88.83,52.0,1.3574659405008198,0.0048076922152366,908,5233.7040127666,39.34182750000003
14.99,11.05,0.2498333333333333,29.358666666666643,165.63950000000003,22.641333333333357,5437.545030020019,b3,88.83,52.0,1.3565609632071527,0.0048044870870931,909,5209.0132408555255,39.611787500000034
14.99,11.04,0.2498333333333333,29.608499999999975,165.4896,22.391500000000025,5377.545030020019,b3,88.83,52.0,1.3577897320842636,0.0048044870870931,910,5156.193384061138,40.29783125000004
14.98,11.03,0.2496666666666666,29.858166666666644,165.2294,22.141833333333356,5321.134846461954,b3,88.83,52.0,1.3581141107784127,0.0048012819589497,911,5097.024838551171,41.328007500000034
14.97,11.02,0.2495,30.107666666666645,164.9694,21.892333333333355,5264.68937875752,b3,88.83,52.0,1.358439078181572,0.0047980768308062,912,5081.056079419617,41.852425833333356
15.97,10.97,0.2661666666666666,30.373833333333312,175.19090000000003,21.626166666666688,4875.028177833442,b3,88.83,52.0,1.4557883814231194,0.0051185896451553,913,4757.920535736439,48.26716374999998
15.96,10.95,0.266,30.63983333333331,174.762,21.36016666666669,4818.082706766921,b3,88.83,52.0,1.4575341134672046,0.0051153845170118,914,4721.619048004173,49.153187916666646
21.28,10.74,0.3546666666666667,30.99449999999998,228.5472,21.00550000000002,3553.562030075191,b3,88.83,52.0,1.9813778415849312,0.0068205126893491,915,3516.9211868959333,48.592490416666706
21.24,10.7,0.354,31.34849999999998,227.26799999999997,20.65150000000002,3500.254237288139,b3,88.83,52.0,1.9850465434535944,0.0068076921767751,916,3483.271058249543,48.401654166666724
17.83,10.8,0.2971666666666666,31.64566666666665,192.564,20.35433333333335,4109.680314077403,b3,88.83,52.0,1.6509257730624285,0.0057147434798446,917,4085.133782142219,55.00267260874999
17.81,10.78,0.2968333333333333,31.942499999999978,191.9918,20.057500000000022,4054.2953396968046,b3,88.83,52.0,1.6521334274458788,0.0057083332235576,918,4075.4960107841152,55.05483094208332
17.79,10.76,0.2965,32.238999999999976,191.4204,19.761000000000024,3998.853288364255,b3,88.83,52.0,1.6533455712504117,0.0057019229672707,919,4074.0135724906595,55.066877608749984
17.78,10.74,0.2963333333333333,32.53533333333331,190.95720000000003,19.464666666666687,3941.102362204728,b3,88.83,52.0,1.6554933281663569,0.0056987178391272,920,4026.9840923777315,55.49416010874997
14.1,10.87,0.235,32.77033333333331,153.267,19.229666666666688,4909.70212765958,b3,88.83,52.0,1.297147994742595,0.0045192306823224,921,4776.639178827331,45.07187791666667
14.1,10.87,0.235,33.00533333333331,153.267,18.99466666666669,4849.70212765958,b3,88.83,52.0,1.297147994742595,0.0045192306823224,922,4724.092703020032,43.886055000000006
14.09,10.86,0.2348333333333333,33.240166666666646,153.01739999999998,18.75983333333335,4793.14407381122,b3,88.83,52.0,1.2974216116554689,0.0045160255541789,923,4700.47353117526,43.55883416666666
14.08,10.85,0.2346666666666666,33.474833333333315,152.768,18.525166666666685,4736.54829545455,b3,88.83,52.0,1.297695732931269,0.0045128204260355,924,4651.341961598295,43.836312500000005
14.08,10.84,0.2346666666666666,33.709499999999984,152.6272,18.290500000000016,4676.54829545455,b3,88.83,52.0,1.298892869105824,0.0045128204260355,925,4608.478003360474,44.065365833333345
14.07,10.83,0.2345,33.94399999999998,152.37810000000002,18.05600000000002,4619.872068230282,b3,88.83,52.0,1.2991688551090623,0.004509615297892,926,4578.948053088294,44.369440000000004
19.2,10.57,0.32,34.26399999999998,202.944,17.73600000000002,3325.5000000000036,b3,88.83,52.0,1.8164615121606895,0.0061538460355029,927,3229.8252699047625,56.48239989791669
19.15,10.53,0.3191666666666666,34.58316666666665,201.64949999999996,17.41683333333335,3274.182767624025,b3,88.83,52.0,1.8186133125723352,0.0061378203947855,928,3190.489560755237,56.334972814583374
19.1,10.49,0.3183333333333333,34.901499999999984,200.359,17.098500000000016,3222.7539267015736,b3,88.83,52.0,1.8207815232810751,0.006121794754068,929,3174.3103708594713,56.26649552375004
19.05,10.44,0.3175,35.21899999999999,198.882,16.781000000000013,3171.2125984251993,b3,88.83,52.0,1.8247124688972731,0.0061057691133505,930,3164.1918395081225,56.66796323125002
12.33,10.76,0.2055,35.42449999999999,132.6708,16.575500000000012,4839.562043795624,b3,88.83,52.0,1.1459106741718703,0.0039519230009245,931,4652.350759504398,43.153231250000005
12.33,10.76,0.2055,35.62999999999999,132.6708,16.37000000000001,4779.562043795624,b3,88.83,52.0,1.1459106741718703,0.0039519230009245,932,4651.770157077627,43.15528541666667
12.32,10.75,0.2053333333333333,35.835333333333324,132.44,16.164666666666676,4723.441558441561,b3,88.83,52.0,1.1460464050189392,0.003948717872781,933,4641.742435885443,43.3583875
12.32,10.75,0.2053333333333333,36.04066666666666,132.44,15.95933333333334,4663.441558441561,b3,88.83,52.0,1.1460464050189392,0.003948717872781,934,4637.825916827821,43.401828333333334
12.32,10.75,0.2053333333333333,36.245999999999995,132.44,15.754000000000003,4603.441558441559,b3,88.83,52.0,1.1460464050189392,0.003948717872781,935,4636.079723944159,43.43960166666666
12.32,10.74,0.2053333333333333,36.45133333333333,132.3168,15.54866666666667,4543.441558441559,b3,88.83,52.0,1.1471134872333812,0.003948717872781,936,4591.099941625278,44.765437083333325
12.31,10.73,0.2051666666666666,36.656499999999994,132.08630000000002,15.343500000000006,4487.132412672625,b3,88.83,52.0,1.147250592054931,0.0039455127446375,937,4532.30364017694,46.68795166666665
12.3,10.72,0.205,36.86149999999999,131.85600000000002,15.138500000000008,4430.78048780488,b3,88.83,52.0,1.1473879526690345,0.003942307616494,938,4491.951267351478,47.46765458333332
12.29,10.71,0.2048333333333333,37.066333333333326,131.6259,14.933666666666674,4374.38567941416,b3,88.83,52.0,1.1475255697921969,0.0039391024883505,939,4457.390824796405,47.93173708333333
12.29,10.7,0.2048333333333333,37.27116666666666,131.503,14.72883333333334,4314.385679414161,b3,88.83,52.0,1.148598023495512,0.0039391024883505,940,4427.2261108631865,48.01415375
14.47,10.55,0.2411666666666666,37.51233333333332,152.6585,14.487666666666676,3604.3953006219785,b3,88.83,52.0,1.371563851036602,0.0046378204236316,941,3968.577920824871,50.761557916666625
14.45,10.52,0.2408333333333333,37.75316666666666,152.01399999999998,14.246833333333342,3549.384083044985,b3,88.83,52.0,1.37357401391882,0.0046314101673446,942,3946.630942812678,51.05780791666663
10.39,10.74,0.1731666666666666,37.926333333333325,111.5886,14.073666666666677,4876.34263715111,b3,88.83,52.0,0.9674114555482816,0.0033301281410872,943,4657.2402805817555,45.383672916666626
10.39,10.75,0.1731666666666666,38.09949999999999,111.6925,13.900500000000008,4816.34263715111,b3,88.83,52.0,0.9665115379989268,0.0033301281410872,944,4661.954905837064,45.20908416666663
10.39,10.75,0.1731666666666666,38.27266666666666,111.6925,13.72733333333334,4756.34263715111,b3,88.83,52.0,0.9665115379989268,0.0033301281410872,945,4658.2977053017685,45.0599445833333
10.39,10.74,0.1731666666666666,38.445833333333326,111.5886,13.554166666666674,4696.34263715111,b3,88.83,52.0,0.9674114555482816,0.0033301281410872,946,4648.002661304946,45.21431374999997
10.38,10.74,0.173,38.61883333333333,111.48120000000002,13.381166666666672,4640.867052023123,b3,88.83,52.0,0.9664803569385144,0.0033269230129437,947,4635.471638019684,45.455329583333295
10.38,10.73,0.173,38.79183333333333,111.3774,13.20816666666667,4580.867052023123,b3,88.83,52.0,0.9673810841210548,0.0033269230129437,948,4599.3391091310705,46.55526541666665
10.38,10.73,0.173,38.96483333333333,111.3774,13.035166666666669,4520.867052023122,b3,88.83,52.0,0.9673810841210548,0.0033269230129437,949,4530.182655520784,47.06801208333332
12.61,10.59,0.2101666666666666,39.175,133.5399,12.825000000000005,3661.379857256147,b3,88.83,52.0,1.1907458743393886,0.0040416665889423,950,3944.589093717478,45.44750041666666
12.59,10.55,0.2098333333333333,39.38483333333333,132.8245,12.615166666666669,3607.196187450357,b3,88.83,52.0,1.1933648157948042,0.0040352563326553,951,3786.5952213591545,44.22627458333332
12.57,10.52,0.2095,39.59433333333333,132.2364,12.405666666666669,3552.935560859189,b3,88.83,52.0,1.1948668065715964,0.0040288460763683,952,3684.3609035815543,43.68962166666666
12.54,10.47,0.209,39.803333333333335,131.2938,12.196666666666664,3501.4354066985643,b3,88.83,52.0,1.1977076219954514,0.0040192306919378,953,3554.8449028103023,43.40972249999999
12.52,10.44,0.2086666666666666,40.012,130.7088,11.988,3447.02875399361,b3,88.83,52.0,1.199233601605977,0.0040128204356508,954,3444.9627705235234,42.31258166666667
12.52,10.44,0.2086666666666666,40.220666666666666,130.7088,11.779333333333334,3387.0287539936103,b3,88.83,52.0,1.199233601605977,0.0040128204356508,955,3397.8794421365283,42.04028125000001
12.49,10.4,0.2081666666666666,40.42883333333333,129.89600000000002,11.57116666666667,3335.164131305045,b3,88.83,52.0,1.2009614229844787,0.0040032050512204,956,3392.2416255654007,41.78787458333334
8.04,10.74,0.1339999999999999,40.56283333333333,86.3496,11.43716666666667,5121.119402985077,b3,88.83,52.0,0.7486032822529531,0.0025769230273668,957,5164.438521609366,55.37138541666667
8.05,10.76,0.1341666666666666,40.697,86.61800000000001,11.303000000000004,5054.757763975157,b3,88.83,52.0,0.7481411944106698,0.0025801281555103,958,5034.320396692425,54.96651625000002
8.06,10.77,0.1343333333333333,40.831333333333326,86.8062,11.168666666666674,4988.486352357323,b3,88.83,52.0,0.7483750465761332,0.0025833332836538,959,4947.08989775383,53.92643791666667
8.06,10.77,0.1343333333333333,40.96566666666666,86.8062,11.034333333333343,4928.486352357324,b3,88.83,52.0,0.7483750465761332,0.0025833332836538,960,4902.498447011043,53.8535825
10.33,10.61,0.1721666666666666,41.137833333333326,109.6013,10.862166666666674,3785.459825750245,b3,88.83,52.0,0.9736097103101122,0.0033108973722263,961,3731.5850909034034,47.65762125000004
10.32,10.59,0.172,41.30983333333332,109.2888,10.690166666666675,3729.127906976747,b3,88.83,52.0,0.974504157270618,0.0033076922440828,962,3702.888425451052,46.31567583333335
10.31,10.57,0.1718333333333333,41.481666666666655,108.9767,10.518333333333343,3672.744907856454,b3,88.83,52.0,0.9754019890821204,0.0033044871159393,963,3674.8975619114976,45.87337312583335
10.3,10.55,0.1716666666666667,41.65333333333332,108.66500000000002,10.346666666666678,3616.3106796116545,b3,88.83,52.0,0.976303224994955,0.0033012819877958,964,3620.202999645693,45.17981844041668
10.29,10.53,0.1714999999999999,41.82483333333332,108.3537,10.175166666666676,3559.825072886301,b3,88.83,52.0,0.977207884405709,0.0032980768596523,965,3558.703272201108,46.44746271583335
10.27,10.51,0.1711666666666666,41.99599999999999,107.9377,10.004000000000012,3506.757546251222,b3,88.83,52.0,0.9771645121632244,0.0032916666033653,966,3526.123609582656,48.36127896750001
10.26,10.49,0.1709999999999999,42.16699999999999,107.6274,9.833000000000013,3450.175438596496,b3,88.83,52.0,0.9780742632913,0.0032884614752218,967,3488.193801162403,49.56454136541666
6.0,10.82,0.1,42.26699999999999,64.92,9.733000000000011,5839.800000000007,b3,88.83,52.0,0.5545285993966175,0.0019230768860946,968,5646.930886887611,45.22310374999997
6.01,10.85,0.1001666666666666,42.367166666666655,65.2085,9.632833333333345,5770.083194675548,b3,88.83,52.0,0.5539169996389862,0.0019262820142381,969,5622.156074869822,46.23934041666666
6.02,10.87,0.1003333333333333,42.46749999999999,65.4374,9.532500000000011,5700.4983388704395,b3,88.83,52.0,0.5538177963369093,0.0019294871423816,970,5584.842882342939,46.87466291666664
8.33,10.72,0.1388333333333333,42.60633333333332,89.2976,9.393666666666682,4059.6878751500662,b3,88.83,52.0,0.7770521663197606,0.0026698717435281,971,4261.9090238227645,51.588520416666654
8.33,10.71,0.1388333333333333,42.74516666666665,89.21430000000001,9.254833333333352,3999.687875150068,b3,88.83,52.0,0.7777777051561433,0.0026698717435281,972,4157.488433111859,50.94435416666663
8.32,10.7,0.1386666666666666,42.883833333333314,89.024,9.116166666666686,3944.495192307701,b3,88.83,52.0,0.7775700207878486,0.0026666666153846,973,3898.6623670494864,46.34398583333329
8.32,10.69,0.1386666666666666,43.02249999999998,88.9408,8.97750000000002,3884.495192307701,b3,88.83,52.0,0.7782974014689055,0.0026666666153846,974,3852.7378005868545,45.32028166666663
8.32,10.68,0.1386666666666666,43.161166666666645,88.8576,8.838833333333355,3824.4951923077015,b3,88.83,52.0,0.7790261442859416,0.0026666666153846,975,3781.0611989190857,45.416913750000006
8.31,10.67,0.1385,43.299666666666646,88.66770000000001,8.700333333333354,3769.0974729241966,b3,88.83,52.0,0.778819046033829,0.0026634614872411,976,3771.958413057455,46.00354958333332
9.93,10.9,0.1655,43.46516666666665,108.237,8.534833333333353,3094.1993957704,b3,88.83,52.0,0.911009090733111,0.0031826922464866,977,3154.3350846800527,57.4619435525
9.88,10.52,0.1646666666666666,43.62983333333331,103.9376,8.370166666666684,3049.8582995951474,b3,88.83,52.0,0.9391634088247712,0.0031666666057692,978,3113.325075759513,61.246305957083315
9.85,10.49,0.1641666666666666,43.79399999999998,103.3265,8.206000000000017,2999.147208121834,b3,88.83,52.0,0.9389894243098738,0.0031570512213387,979,3026.3449863668966,55.667040970416636
9.84,10.45,0.164,43.957999999999984,102.828,8.042000000000016,2942.1951219512252,b3,88.83,52.0,0.9416267041505548,0.0031538460931952,980,2960.2833582035005,58.34759774916669
9.82,10.41,0.1636666666666666,44.12166666666665,102.2262,7.878333333333352,2888.187372708764,b3,88.83,52.0,0.9433236365683348,0.0031474358369082,981,2883.9466673797165,61.22989942583331
9.79,10.36,0.1631666666666666,44.28483333333332,101.4244,7.715166666666683,2837.0377936670134,b3,88.83,52.0,0.9449806037663512,0.0031378204524778,982,2831.819523694137,65.07970786624995
10.15,10.29,0.1691666666666666,44.453999999999986,104.4435,7.546000000000014,2676.413793103453,b3,88.83,52.0,0.9863944619636094,0.0032532050656434,983,2645.2344089201733,58.427616462499955
7.95,10.51,0.1325,44.58649999999999,83.5545,7.413500000000013,3357.056603773591,b3,88.83,52.0,0.7564223828332652,0.0025480768740754,984,3354.9924285450734,48.787536146249984
7.95,10.51,0.1325,44.71899999999999,83.5545,7.281000000000013,3297.0566037735907,b3,88.83,52.0,0.7564223828332652,0.0025480768740754,985,3311.4100503639847,50.177382188749974
7.95,10.51,0.1325,44.85149999999999,83.5545,7.148500000000013,3237.0566037735907,b3,88.83,52.0,0.7564223828332652,0.0025480768740754,986,3250.1782305850156,51.638859272083295
10.13,10.26,0.1688333333333333,45.02033333333332,103.9338,6.979666666666681,2480.4343534057302,b3,88.83,52.0,0.9873293384669264,0.0032467948093565,987,2471.1740224008895,49.03986583333332
10.05,10.11,0.1675,45.18783333333331,101.6055,6.812166666666684,2440.179104477618,b3,88.83,52.0,0.994065183574166,0.0032211537842085,988,2433.554457183505,51.50276000000001
9.98,9.99,0.1663333333333333,45.35416666666665,99.7002,6.64583333333335,2397.2945891783625,b3,88.83,52.0,0.9989988989991092,0.0031987178872041,989,2423.961135618389,51.96828739625002
9.91,9.86,0.1651666666666666,45.519333333333314,97.7126,6.480666666666686,2354.228052472257,b3,88.83,52.0,1.00507089198064,0.0031762819901997,990,2433.283702720464,54.84842510541667
6.46,10.35,0.1076666666666666,45.62699999999998,66.861,6.373000000000019,3551.517027863788,b3,88.83,52.0,0.6241545290671954,0.0020705127806952,991,3517.7005767123874,46.72402937583339
6.49,10.43,0.1081666666666666,45.73516666666665,67.6907,6.26483333333335,3475.100154083214,b3,88.83,52.0,0.6222434686247874,0.0020801281651257,992,3435.7992855647663,45.94601520916671
6.51,10.49,0.1085,45.84366666666665,68.2899,6.15633333333335,3404.42396313365,b3,88.83,52.0,0.6205909799245968,0.0020865384214127,993,3386.3279013747615,48.94557916666672
6.52,10.53,0.1086666666666666,45.952333333333314,68.65559999999999,6.047666666666686,3339.2024539877407,b3,88.83,52.0,0.6191832270481267,0.0020897435495562,994,3369.77907544545,50.72581916666673
7.93,10.45,0.1321666666666666,46.084499999999984,82.8685,5.915500000000016,2685.472887767977,b3,88.83,52.0,0.7588516020237702,0.0025416666177884,995,2723.224158589861,55.00647990458337
7.89,10.35,0.1315,46.21599999999999,81.66149999999999,5.784000000000013,2639.087452471489,b3,88.83,52.0,0.7623187669257231,0.0025288461052144,996,2669.191275160052,55.91396292666673
7.86,10.28,0.131,46.34699999999999,80.8008,5.653000000000013,2589.1603053435174,b3,88.83,52.0,0.7645913653121241,0.002519230720784,997,2622.1456391156903,55.509138237916744
7.82,10.34,0.1303333333333333,46.47733333333332,80.8588,5.52266666666668,2542.4040920716175,b3,88.83,52.0,0.7562861937827666,0.00250641020821,998,2589.742980519306,55.98817052875006
9.25,9.77,0.1541666666666666,46.63149999999999,90.3725,5.368500000000012,2089.362162162167,b3,88.83,52.0,0.9467757475152768,0.0029647435327292,999,2075.584744509524,43.95790291666671
9.18,9.63,0.153,46.78449999999999,88.4034,5.215500000000013,2045.294117647064,b3,88.83,52.0,0.9532709290476707,0.0029423076357248,1000,2077.7794334333057,44.93791708333333
7.64,9.76,0.1273333333333333,46.91183333333332,74.5664,5.08816666666668,2397.5654450261845,b3,88.83,52.0,0.7827868050423356,0.0024487179016272,1001,2384.1713110708774,56.50570677375004
7.61,9.71,0.1268333333333333,47.03866666666665,73.8931,4.96133333333335,2347.017082785816,b3,88.83,52.0,0.7837280346315103,0.0024391025171967,1002,2356.09096765317,54.812856151250024
7.58,9.64,0.1263333333333333,47.164999999999985,73.0712,4.835000000000015,2296.30606860159,b3,88.83,52.0,0.7863069723747954,0.0024294871327662,1003,2306.3326363151646,53.295056775416676
9.05,9.4,0.1508333333333333,47.31583333333331,85.07000000000001,4.684166666666684,1863.3149171270784,b3,88.83,52.0,0.9627658550249092,0.0029006409698594,1004,1929.7946960359686,52.40085437583335
8.99,9.3,0.1498333333333333,47.46566666666665,83.60700000000001,4.53433333333335,1815.750834260296,b3,88.83,52.0,0.9666665627240256,0.0028814102009985,1005,1847.8914317845413,51.921564166666705
7.49,9.42,0.1248333333333333,47.590499999999984,70.5558,4.4095000000000155,2119.3858477970703,b3,88.83,52.0,0.7951166884164875,0.0024006409794748,1006,2086.709926832362,51.02648500000002
5.18,12.02,0.0863333333333333,0.0863333333333333,62.2636,35.913666666666664,24959.30501930502,b1,81.84,36.0,0.4309483834485538,0.0023981480815329,871,24674.014205496125,1.424436250000002
5.17,12.01,0.0861666666666666,0.1725,62.0917,35.8275,24947.582205029015,b1,81.84,36.0,0.4304745686532416,0.0023935184520318,872,24642.369796724146,1.3945129166666683
5.17,12.01,0.0861666666666666,0.2586666666666666,62.0917,35.74133333333333,24887.58220502901,b1,81.84,36.0,0.4304745686532416,0.0023935184520318,873,24608.311815815134,1.394038333333335
5.17,12.01,0.0861666666666666,0.3448333333333333,62.0917,35.655166666666666,24827.58220502901,b1,81.84,36.0,0.4304745686532416,0.0023935184520318,874,24601.89160300031,1.402985833333335
5.3,12.0,0.0883333333333333,0.4331666666666666,63.599999999999994,35.566833333333335,24158.603773584902,b1,81.84,36.0,0.4416666298611142,0.0024537036355452,875,21944.89611625108,6.490184583333342
19.66,11.67,0.3276666666666666,0.7608333333333333,229.4322,35.23916666666667,6452.746693794507,b1,81.84,36.0,1.6846613809201902,0.0091018515990226,876,6739.477864853765,8.957109603333317
11.72,11.79,0.1953333333333333,0.9561666666666666,138.1788,35.04383333333333,10764.317406143344,b1,81.84,36.0,0.994062680741079,0.0054259257752057,877,10658.957631885325,3.3716937500000035
11.71,11.79,0.1951666666666666,1.151333333333333,138.0609,34.84866666666667,10713.509820666097,b1,81.84,36.0,0.9932145043923238,0.0054212961457047,878,10681.15142409794,3.3573145833333364
11.7,11.78,0.1949999999999999,1.3463333333333334,137.826,34.653666666666666,10662.666666666668,b1,81.84,36.0,0.993208744209784,0.0054166665162037,879,10577.958696281348,4.149295833333331
11.47,11.84,0.1911666666666666,1.5375,135.8048,34.4625,10816.47776809067,b1,81.84,36.0,0.9687499181799056,0.00531018503768,880,10756.168362333998,2.9201502091666707
11.47,11.84,0.1911666666666666,1.7286666666666668,135.8048,34.27133333333333,10756.47776809067,b1,81.84,36.0,0.9687499181799056,0.00531018503768,881,10753.514163905378,2.9446743758333374
11.44,11.8,0.1906666666666666,1.9193333333333331,134.992,34.080666666666666,10724.685314685315,b1,81.84,36.0,0.969491443263437,0.0052962961491769,882,10713.79414460329,3.115420416666668
17.76,11.67,0.296,2.2153333333333336,207.2592,33.784666666666666,6848.243243243242,b1,81.84,36.0,1.5218507693358383,0.0082222219938271,883,6880.399290532697,8.542352727499983
17.74,11.66,0.2956666666666666,2.511,206.8484,33.489,6795.963923337092,b1,81.84,36.0,1.5214406928438513,0.0082129627348251,884,6851.041835601956,8.250637203749985
17.74,11.66,0.2956666666666666,2.806666666666666,206.8484,33.193333333333335,6735.963923337092,b1,81.84,36.0,1.5214406928438513,0.0082129627348251,885,6820.01032177479,8.295869599999985
18.14,11.64,0.3023333333333333,3.109,211.1496,32.891,6527.431091510473,b1,81.84,36.0,1.558419110101451,0.0083981479148662,886,6582.5961814058855,10.310123348333327
18.12,11.63,0.302,3.411,210.73560000000003,32.589,6474.635761589403,b1,81.84,36.0,1.5580394189132056,0.0083888886558642,887,6571.928534393164,10.928275535416667
13.92,11.7,0.232,3.643,162.86399999999998,32.357,8368.189655172413,b1,81.84,36.0,1.1897434880561122,0.0064444442654321,888,8299.442656500312,5.341834166666664
13.91,11.69,0.2318333333333333,3.8748333333333336,162.6079,32.125166666666665,8314.205607476635,b1,81.84,36.0,1.189905800692404,0.006439814635931,889,8231.918748034805,5.622735416666664
13.91,11.69,0.2318333333333333,4.106666666666667,162.6079,31.89333333333333,8254.205607476635,b1,81.84,36.0,1.189905800692404,0.006439814635931,890,8214.316063306802,5.543773333333331
15.55,11.65,0.2591666666666666,4.365833333333334,181.15750000000003,31.634166666666665,7323.665594855305,b1,81.84,36.0,1.3347638339258512,0.0071990738740997,891,7323.907641278487,6.834231879166649
15.54,11.64,0.259,4.624833333333334,180.8856,31.375166666666665,7268.378378378378,b1,81.84,36.0,1.3350514316966124,0.0071944442445987,892,7162.972340876822,7.741584795833319
15.53,11.64,0.2588333333333333,4.8836666666666675,180.7692,31.116333333333333,7213.058596265293,b1,81.84,36.0,1.3341923252412091,0.0071898146150977,893,7130.691146444659,8.060223336666656
15.53,11.63,0.2588333333333333,5.142500000000001,180.6139,30.8575,7153.058596265293,b1,81.84,36.0,1.3353395240464725,0.0071898146150977,894,7091.9713629551725,7.8259950016666595
11.91,11.69,0.1985,5.341000000000001,139.2279,30.659,9267.2040302267,b1,81.84,36.0,1.0188194166963718,0.0055138887357253,895,9233.825718695985,10.823705000000007
11.9,11.69,0.1983333333333333,5.539333333333334,139.111,30.460666666666665,9214.991596638654,b1,81.84,36.0,1.0179639847763915,0.0055092591062242,896,9245.275749585468,10.964614583333335
11.9,11.68,0.1983333333333333,5.737666666666668,138.992,30.26233333333333,9154.991596638654,b1,81.84,36.0,1.018835529209287,0.0055092591062242,897,9212.876088574623,11.36171583333334
11.9,11.68,0.1983333333333333,5.936000000000001,138.992,30.064,9094.991596638654,b1,81.84,36.0,1.018835529209287,0.0055092591062242,898,9218.4010073064,11.19211541666667
11.25,11.69,0.1875,6.123500000000001,131.5125,29.8765,9560.48,b1,81.84,36.0,0.962360909977681,0.0052083331886574,899,9480.124563296396,11.334431666666667
11.25,11.68,0.1875,6.311000000000001,131.4,29.689,9500.48,b1,81.84,36.0,0.9631848490423932,0.0052083331886574,900,9466.000593241815,10.848799999999994
11.24,11.68,0.1873333333333333,6.498333333333334,131.2832,29.501666666666665,9448.932384341637,b1,81.84,36.0,0.9623286847321332,0.0052037035591563,901,9477.423158736607,10.828134583333327
11.24,11.68,0.1873333333333333,6.685666666666667,131.2832,29.314333333333337,9388.932384341637,b1,81.84,36.0,0.9623286847321332,0.0052037035591563,902,9470.434468345147,10.850615416666663
11.24,11.67,0.1873333333333333,6.873,131.1708,29.127,9328.932384341637,b1,81.84,36.0,0.9631533022147986,0.0052037035591563,903,9419.610770584653,10.99827208333334
15.79,11.58,0.2631666666666666,7.136166666666667,182.8482,28.863833333333332,6580.734642178593,b1,81.84,36.0,1.363557740625411,0.0073101849821244,904,6576.213998421304,9.759849792500008
15.79,11.57,0.2631666666666666,7.399333333333334,182.6903,28.600666666666665,6520.734642178594,b1,81.84,36.0,1.3647362692535636,0.0073101849821244,905,6517.282721864288,9.494166666666674
15.78,11.56,0.263,7.662333333333334,182.4168,28.337666666666667,6464.866920152092,b1,81.84,36.0,1.3650517850301225,0.0073055553526234,906,6489.04527402877,9.711247916666673
15.77,11.55,0.2628333333333333,7.925166666666667,182.1435,28.074833333333338,6408.966391883324,b1,81.84,36.0,1.365367847154299,0.0073009257231224,907,6474.839921994284,10.254345000000006
15.76,11.54,0.2626666666666666,8.187833333333334,181.8704,27.812166666666663,6353.0329949238585,b1,81.84,36.0,1.3656844570464075,0.0072962960936214,908,6465.7692415887295,10.538437500000008
10.24,11.65,0.1706666666666666,8.358500000000001,119.296,27.6415,9717.71484375,b1,81.84,36.0,0.8789698816334865,0.0047407406090535,909,9455.753001846484,13.27817583333334
9.99,11.65,0.1665,8.525,116.3835,27.475,9900.9009009009,b1,81.84,36.0,0.8575106560076691,0.0046249998715277,910,9587.568704601877,13.322253750000009
9.99,11.65,0.1665,8.6915,116.3835,27.3085,9840.9009009009,b1,81.84,36.0,0.8575106560076691,0.0046249998715277,911,9579.26223053738,13.27340791666667
9.99,11.65,0.1665,8.857999999999999,116.3835,27.142000000000003,9780.900900900902,b1,81.84,36.0,0.8575106560076691,0.0046249998715277,912,9570.828751868332,13.297959583333334
9.98,11.64,0.1663333333333333,9.024333333333333,116.1672,26.97566666666667,9730.701402805613,b1,81.84,36.0,0.8573882424924191,0.0046203702420267,913,9367.463614784238,14.76286375
13.57,11.57,0.2261666666666666,9.2505,157.00490000000002,26.7495,7096.403831982314,b1,81.84,36.0,1.1728607456472997,0.006282407232896,914,6949.751709945866,11.409299583333343
13.56,11.56,0.226,9.4765,156.7536,26.5235,7041.637168141592,b1,81.84,36.0,1.17301027915136,0.006277777603395,915,6929.62051557394,11.38037125000001
13.55,11.55,0.2258333333333333,9.702333333333334,156.50250000000003,26.297666666666665,6986.833948339482,b1,81.84,36.0,1.1731600715878727,0.006273147973894,916,6897.62368810775,11.484480833333343
16.09,11.5,0.2681666666666666,9.9705,185.035,26.0295,5823.878185208204,b1,81.84,36.0,1.3991303131191033,0.0074490738671553,917,5993.074665764027,13.243704688749993
16.08,11.49,0.2679999999999999,10.238500000000002,184.7592,25.7615,5767.5,b1,81.84,36.0,1.3994776849888872,0.0074444442376543,918,5802.257889723377,13.957897605416651
16.07,11.48,0.2678333333333333,10.506333333333336,184.4836,25.493666666666662,5711.088985687616,b1,81.84,36.0,1.3998256620360925,0.0074398146081532,919,5767.356254461699,14.08694135541665
16.07,11.47,0.2678333333333333,10.77416666666667,184.3229,25.22583333333333,5651.088985687616,b1,81.84,36.0,1.4010460853490772,0.0074398146081532,920,5752.583693053406,14.221554272083315
10.2,11.58,0.1699999999999999,10.94416666666667,118.116,25.055833333333332,8843.235294117647,b1,81.84,36.0,0.8808289394793661,0.0047222220910493,921,8435.270050528821,17.911916666666674
10.2,11.58,0.1699999999999999,11.11416666666667,118.116,24.88583333333333,8783.235294117647,b1,81.84,36.0,0.8808289394793661,0.0047222220910493,922,8431.220050528822,17.92339166666668
10.2,11.58,0.1699999999999999,11.28416666666667,118.116,24.71583333333333,8723.235294117647,b1,81.84,36.0,0.8808289394793661,0.0047222220910493,923,8429.377083911795,17.93222916666668
6.75,11.66,0.1125,11.39666666666667,78.705,24.60333333333333,13121.777777777776,b1,81.84,36.0,0.5789021801970686,0.0031249999131944,924,13017.875528604798,13.57617333333335
6.75,11.66,0.1125,11.50916666666667,78.705,24.490833333333327,13061.777777777776,b1,81.84,36.0,0.5789021801970686,0.0031249999131944,925,13006.51185662823,13.418974166666688
6.75,11.66,0.1125,11.621666666666671,78.705,24.37833333333333,13001.777777777776,b1,81.84,36.0,0.5789021801970686,0.0031249999131944,926,12981.126461870652,13.390376666666691
6.74,11.66,0.1123333333333333,11.734000000000004,78.58840000000001,24.265999999999995,12961.068249258156,b1,81.84,36.0,0.5780445473375174,0.0031203702836934,927,12959.592398137975,14.074876250000019
6.75,11.66,0.1125,11.846500000000006,78.705,24.15349999999999,12881.866666666663,b1,81.84,36.0,0.5789021801970686,0.0031249999131944,928,12898.885163972247,13.14575875000002
6.75,11.66,0.1125,11.959000000000009,78.705,24.040999999999993,12821.866666666663,b1,81.84,36.0,0.5789021801970686,0.0031249999131944,929,12879.07433335146,13.360029583333352
6.75,11.66,0.1125,12.071500000000007,78.705,23.928499999999993,12761.866666666663,b1,81.84,36.0,0.5789021801970686,0.0031249999131944,930,12769.020431120987,16.261701250000012
8.8,11.6,0.1466666666666666,12.218166666666674,102.08,23.781833333333324,9728.931818181813,b1,81.84,36.0,0.7586206242568428,0.0040740739609053,931,8912.956816887461,22.849507086666687
8.8,11.6,0.1466666666666666,12.36483333333334,102.08,23.63516666666666,9668.931818181814,b1,81.84,36.0,0.7586206242568428,0.0040740739609053,932,8912.956816887461,22.849507086666687
8.8,11.6,0.1466666666666666,12.511500000000009,102.08,23.488499999999995,9608.931818181814,b1,81.84,36.0,0.7586206242568428,0.0040740739609053,933,8906.695827138865,22.89735458666668
8.8,11.59,0.1466666666666666,12.658166666666672,101.992,23.341833333333327,9548.931818181814,b1,81.84,36.0,0.7592751717622804,0.0040740739609053,934,8829.26446324906,23.111633127500014
1.49,11.8,0.0248333333333333,12.683000000000009,17.582,23.316999999999993,56336.37583892616,b1,81.84,36.0,0.1262711757397308,0.0006898147956532,935,48910.50500908566,29.724417940000002
20.52,11.37,0.3419999999999999,13.025000000000007,233.31239999999997,22.97499999999999,4030.701754385964,b1,81.84,36.0,1.8047491816403536,0.0094999997361111,936,4464.218658010002,32.175406576249976
7.56,11.66,0.126,13.151000000000009,88.14959999999999,22.848999999999993,10880.476190476187,b1,81.84,36.0,0.6483704418207168,0.0034999999027777,937,10682.482234567253,16.411108750000004
7.56,11.66,0.126,13.277000000000006,88.14959999999999,22.722999999999992,10820.476190476187,b1,81.84,36.0,0.6483704418207168,0.0034999999027777,938,10664.539482370576,16.218744166666685
7.55,11.66,0.1258333333333333,13.40283333333334,88.033,22.59716666666666,10774.807947019865,b1,81.84,36.0,0.6475128089611656,0.0034953702732767,939,10636.532604642925,16.150377916666695
7.55,11.66,0.1258333333333333,13.528666666666672,88.033,22.471333333333327,10714.807947019865,b1,81.84,36.0,0.6475128089611656,0.0034953702732767,940,10605.473026340664,16.377819583333345
9.85,11.6,0.1641666666666666,13.692833333333338,114.26,22.30716666666666,8152.873096446699,b1,81.84,36.0,0.8491378578329434,0.0045601850585133,941,8360.21002848205,19.45151812750002
9.85,11.59,0.1641666666666666,13.857000000000005,114.1615,22.142999999999994,8092.873096446699,b1,81.84,36.0,0.8498705047566433,0.0045601850585133,942,8236.487941596031,19.470725001666683
9.84,11.58,0.164,14.021000000000004,113.9472,21.978999999999996,8041.097560975608,b1,81.84,36.0,0.8497408592624475,0.0045555554290123,943,8108.45274089279,19.735929792500016
14.02,11.48,0.2336666666666666,14.25466666666667,160.9496,21.745333333333328,5583.680456490726,b1,81.84,36.0,1.2212542490196647,0.0064907405604423,944,5685.0024690673445,15.920311459166676
14.02,11.48,0.2336666666666666,14.488333333333337,160.9496,21.511666666666663,5523.680456490727,b1,81.84,36.0,1.2212542490196647,0.0064907405604423,945,5673.741982168263,15.898575625833338
14.01,11.46,0.2334999999999999,14.721833333333336,160.55460000000002,21.278166666666664,5467.62312633833,b1,81.84,36.0,1.22251298232871,0.0064861109309413,946,5651.894069634922,15.874335938750011
14.0,11.45,0.2333333333333333,14.955166666666669,160.29999999999998,21.04483333333333,5411.52857142857,b1,81.84,36.0,1.222707316794121,0.0064814813014403,947,5615.3170988444135,16.565927396250018
13.99,11.44,0.2331666666666666,15.188333333333336,160.0456,20.811666666666664,5355.396711937096,b1,81.84,36.0,1.222901991005071,0.0064768516719393,948,5476.940153923462,18.798025416666693
10.31,11.51,0.1718333333333333,15.36016666666667,118.6681,20.63983333333333,7206.925315227932,b1,81.84,36.0,0.8957427544967199,0.0047731480155607,949,7322.594932877115,20.854040210833332
10.3,11.51,0.1716666666666667,15.531833333333337,118.553,20.46816666666666,7153.922330097085,b1,81.84,36.0,0.894873944841534,0.0047685183860596,950,7315.8539538422665,20.937931877499995
10.29,11.5,0.1714999999999999,15.703333333333337,118.335,20.296666666666663,7100.8746355685125,b1,81.84,36.0,0.8947825308884756,0.0047638887565586,951,7099.793046501828,21.572816668333324
9.34,11.52,0.1556666666666666,15.859000000000004,107.5968,20.141,7763.126338329764,b1,81.84,36.0,0.8107638185100853,0.0043240739539609,952,7763.431703763062,24.538707709166662
9.34,11.52,0.1556666666666666,16.01466666666667,107.5968,19.98533333333333,7703.126338329763,b1,81.84,36.0,0.8107638185100853,0.0043240739539609,953,7764.572749534128,24.291714062916657
9.33,11.51,0.1555,16.17016666666667,107.3883,19.82983333333333,7651.382636655946,b1,81.84,36.0,0.8105994082884963,0.0043194443244598,954,7631.834696596689,24.400814999999994
9.33,11.51,0.1555,16.32566666666667,107.3883,19.67433333333333,7591.382636655948,b1,81.84,36.0,0.8105994082884963,0.0043194443244598,955,7626.13237803727,24.411703749999994
5.06,11.62,0.0843333333333333,16.410000000000004,58.79719999999999,19.589999999999996,13937.549407114622,b1,81.84,36.0,0.4354560726802003,0.0023425925275205,956,13835.223582336404,19.26788479416665
5.05,11.62,0.0841666666666666,16.494166666666672,58.681,19.505833333333328,13905.148514851482,b1,81.84,36.0,0.4345954875563264,0.0023379628980195,957,13806.56257100734,18.958967918333318
5.05,11.62,0.0841666666666666,16.57833333333334,58.681,19.42166666666666,13845.14851485148,b1,81.84,36.0,0.4345954875563264,0.0023379628980195,958,13680.126564557482,18.93403166833334
7.08,11.56,0.118,16.69633333333334,81.8448,19.30366666666666,9815.423728813555,b1,81.84,36.0,0.6124566944241614,0.0032777776867283,959,9661.723488002022,25.21315292333335
7.08,11.55,0.118,16.814333333333337,81.774,19.185666666666663,9755.423728813555,b1,81.84,36.0,0.6129869599145489,0.0032777776867283,960,9593.094308190459,25.044255632500022
7.25,11.55,0.1208333333333333,16.93516666666667,83.73750000000001,19.06483333333333,9466.675862068963,b1,81.84,36.0,0.6277055733588248,0.0033564813882458,961,9176.348593779281,25.971794278750018
7.25,11.54,0.1208333333333333,17.056000000000004,83.66499999999999,18.943999999999996,9406.675862068963,b1,81.84,36.0,0.6282495122834045,0.0033564813882458,962,9097.444592923144,24.658764585000018
17.97,11.28,0.2995,17.355500000000003,202.7016,18.644499999999997,3735.125208681135,b1,81.84,36.0,1.5930849651520422,0.0083194442133487,963,4025.385070010022,43.33378116458332
17.94,11.27,0.299,17.654500000000002,202.1838,18.3455,3681.3712374581937,b1,81.84,36.0,1.591836593448395,0.0083055553248456,964,3947.655216706391,44.567215435
9.06,11.46,0.151,17.805500000000002,103.82760000000002,18.1945,7229.602649006621,b1,81.84,36.0,0.7905758472446905,0.0041944443279321,965,7266.704222139436,26.497545416666668
9.06,11.46,0.151,17.956500000000002,103.82760000000002,18.0435,7169.6026490066215,b1,81.84,36.0,0.7905758472446905,0.0041944443279321,966,7261.3389658937485,26.327503749999995
9.06,11.45,0.151,18.1075,103.737,17.8925,7109.6026490066215,b1,81.84,36.0,0.791266306439624,0.0041944443279321,967,7223.725959723399,26.238683959166664
9.19,11.45,0.1531666666666666,18.26066666666667,105.22549999999998,17.73933333333333,6949.031556039173,b1,81.84,36.0,0.8026200172384265,0.0042546295114454,968,7126.289878110933,24.896651042500004
13.38,11.34,0.223,18.483666666666668,151.72920000000002,17.516333333333332,4712.914798206278,b1,81.84,36.0,1.1798940758470835,0.0061944442723765,969,4788.912651732136,30.08838000166666
13.69,11.32,0.2281666666666666,18.711833333333335,154.9708,17.288166666666665,4546.1943024105185,b1,81.84,36.0,1.2093638507629108,0.0063379627869084,970,4637.6341023929845,30.909200001666655
13.68,11.31,0.228,18.939833333333336,154.7208,17.060166666666664,4489.517543859649,b1,81.84,36.0,1.2095489646729474,0.0063333331574074,971,4617.188036532569,31.20486083499999
13.67,11.3,0.2278333333333333,19.16766666666667,154.471,16.83233333333333,4432.8017556693485,b1,81.84,36.0,1.209734406218194,0.0063287035279063,972,4581.776854102677,33.66973104416665
12.28,11.32,0.2046666666666666,19.372333333333337,139.0096,16.627666666666663,4874.560260586318,b1,81.84,36.0,1.0848055578793676,0.0056851850272633,973,4778.516631405113,29.809176668333347
12.27,11.31,0.2045,19.576833333333337,138.7737,16.423166666666663,4818.533007334962,b1,81.84,36.0,1.084880540682534,0.0056805553977623,974,4755.356752398898,29.905534792500017
12.26,11.3,0.2043333333333333,19.78116666666667,138.538,16.21883333333333,4762.463295269166,b1,81.84,36.0,1.0849556561986144,0.0056759257682613,975,4701.088545478228,31.444397292500017
12.25,11.29,0.2041666666666666,19.985333333333337,138.30249999999998,16.014666666666663,4706.351020408162,b1,81.84,36.0,1.0850309047802569,0.0056712961387602,976,4686.346284040771,32.04203562583335
12.24,11.29,0.204,20.189333333333337,138.18959999999998,15.810666666666664,4650.1960784313715,b1,81.84,36.0,1.0841451652661502,0.0056666665092592,977,4668.4521607747365,32.09929687583335
12.23,11.27,0.2038333333333333,20.39316666666667,137.8321,15.60683333333333,4593.998364677022,b1,81.84,36.0,1.085181802557072,0.0056620368797582,978,4633.775920041339,32.63644250166667
7.23,11.4,0.1205,20.51366666666667,82.42200000000001,15.48633333333333,7711.037344398338,b1,81.84,36.0,0.6342104706832921,0.0033472221292438,979,7571.841341600266,26.709976875833345
7.23,11.4,0.1205,20.63416666666667,82.42200000000001,15.365833333333333,7651.037344398339,b1,81.84,36.0,0.6342104706832921,0.0033472221292438,980,7564.940462306359,26.319903959166673
7.23,11.4,0.1205,20.75466666666667,82.42200000000001,15.245333333333331,7591.037344398338,b1,81.84,36.0,0.6342104706832921,0.0033472221292438,981,7542.082235575911,26.33603062583334
7.23,11.4,0.1205,20.87516666666667,82.42200000000001,15.124833333333331,7531.037344398339,b1,81.84,36.0,0.6342104706832921,0.0033472221292438,982,7506.8812831115465,27.003742292500007
7.66,11.39,0.1276666666666666,21.002833333333335,87.2474,14.997166666666663,7048.276762402088,b1,81.84,36.0,0.6725196951255755,0.003546296197788,983,7056.674686025898,29.67159083333333
7.65,11.39,0.1275,21.130333333333336,87.13350000000001,14.869666666666664,6997.490196078429,b1,81.84,36.0,0.6716417320771088,0.003541666568287,984,7036.824598590013,29.254594583333333
7.65,11.38,0.1275,21.257833333333338,87.05700000000002,14.742166666666662,6937.490196078429,b1,81.84,36.0,0.6722319268688992,0.003541666568287,985,6988.752020561869,30.050240000000002
7.65,11.38,0.1275,21.38533333333334,87.05700000000002,14.61466666666666,6877.490196078428,b1,81.84,36.0,0.6722319268688992,0.003541666568287,986,6973.022900127248,30.009754583333333
6.01,11.43,0.1001666666666666,21.485500000000005,68.6943,14.514499999999996,8694.20965058236,b1,81.84,36.0,0.5258092278382128,0.0027824073301183,987,8453.119484602215,26.190441671666672
6.0,11.43,0.1,21.585500000000007,68.58,14.414499999999991,8648.699999999995,b1,81.84,36.0,0.5249343372760861,0.0027777777006172,988,8448.099651268882,26.23576417166667
6.0,11.43,0.1,21.685500000000008,68.58,14.314499999999992,8588.699999999995,b1,81.84,36.0,0.5249343372760861,0.0027777777006172,989,8432.184066891368,26.381866671666675
6.0,11.43,0.1,21.78550000000001,68.58,14.21449999999999,8528.699999999995,b1,81.84,36.0,0.5249343372760861,0.0027777777006172,990,8406.37121299853,26.723137297500003
9.97,11.31,0.1661666666666666,21.951666666666675,112.7607,14.048333333333323,5072.617853560679,b1,81.84,36.0,0.8815207001307959,0.0046157406125257,991,4985.371557000925,31.285968959166667
9.96,11.3,0.166,22.117666666666675,112.54800000000002,13.882333333333325,5017.71084337349,b1,81.84,36.0,0.8814158512021372,0.0046111109830246,992,4821.410077099708,31.52246229250001
9.96,11.29,0.166,22.283666666666676,112.4484,13.716333333333324,4957.71084337349,b1,81.84,36.0,0.8821965560499067,0.0046111109830246,993,4777.59551773502,31.221117709166673
9.95,11.28,0.1658333333333333,22.449500000000008,112.236,13.550499999999992,4902.693467336681,b1,81.84,36.0,0.8820921203819043,0.0046064813535236,994,4788.094686757986,32.391118959166675
5.05,11.44,0.0841666666666666,22.533666666666676,57.772,13.466333333333324,9599.762376237615,b1,81.84,36.0,0.4414335278467196,0.0023379628980195,995,9591.521655439105,24.243722709166665
5.05,11.44,0.0841666666666666,22.617833333333344,57.772,13.382166666666656,9539.762376237615,b1,81.84,36.0,0.4414335278467196,0.0023379628980195,996,9583.972096553254,24.81737062583334
5.05,11.44,0.0841666666666666,22.702000000000012,57.772,13.297999999999988,9479.762376237615,b1,81.84,36.0,0.4414335278467196,0.0023379628980195,997,9576.962111456962,24.837341459166684
7.69,11.35,0.1281666666666666,22.83016666666668,87.28150000000001,13.169833333333322,6165.331599479839,b1,81.84,36.0,0.6775329799530415,0.0035601850862911,998,6344.162215198483,32.10955114625001
7.68,11.34,0.128,22.95816666666668,87.0912,13.041833333333322,6113.359374999995,b1,81.84,36.0,0.677248617526577,0.0035555554567901,999,6129.041185817483,32.75782364625001
7.68,11.34,0.128,23.08616666666668,87.0912,12.913833333333322,6053.3593749999945,b1,81.84,36.0,0.677248617526577,0.0035555554567901,1000,6103.573199818405,32.54029197958335
10.25,11.26,0.1708333333333333,23.257000000000012,115.415,12.742999999999988,4475.590243902435,b1,81.84,36.0,0.910301872974967,0.0047453702385545,1001,4570.420628294968,33.722461042500015
10.24,11.25,0.1706666666666666,23.42766666666668,115.2,12.572333333333322,4419.960937499995,b1,81.84,36.0,0.9102221413135876,0.0047407406090535,1002,4540.79496220844,34.13274145916668
10.24,11.24,0.1706666666666666,23.598333333333343,115.0976,12.401666666666657,4359.960937499996,b1,81.84,36.0,0.9110319474170866,0.0047407406090535,1003,4503.688720917399,35.072917709166674
9.52,11.25,0.1586666666666666,23.75700000000001,107.1,12.242999999999991,4629.705882352938,b1,81.84,36.0,0.8462221470024759,0.0044074072849794,1004,4622.2383001913395,35.88472749999998
9.52,11.24,0.1586666666666666,23.915666666666674,107.0048,12.084333333333326,4569.705882352939,b1,81.84,36.0,0.8469750136143226,0.0044074072849794,1005,4579.039910210319,36.77183499999999
9.51,11.24,0.1585,24.07416666666667,106.8924,11.925833333333326,4514.51104100946,b1,81.84,36.0,0.8460853339781732,0.0044027776554783,1006,4555.511268810984,37.61745708333332
7.17,11.31,0.1195,24.193666666666672,81.09270000000001,11.806333333333328,5927.8661087866085,b1,81.84,36.0,0.6339521985895492,0.0033194443522376,1007,5952.727211126478,34.30000041666669
7.17,11.3,0.1195,24.31316666666667,81.021,11.686833333333327,5867.8661087866085,b1,81.84,36.0,0.634513218184671,0.0033194443522376,1008,5777.952469596878,36.29669125000001
7.17,11.3,0.1195,24.43266666666667,81.021,11.56733333333333,5807.866108786609,b1,81.84,36.0,0.634513218184671,0.0033194443522376,1009,5732.833626554016,35.36232083333333
7.17,11.3,0.1195,24.55216666666667,81.021,11.447833333333332,5747.86610878661,b1,81.84,36.0,0.634513218184671,0.0033194443522376,1010,5707.019031783415,34.928375
7.16,11.3,0.1193333333333333,24.6715,80.908,11.328499999999998,5695.893854748602,b1,81.84,36.0,0.6336282625107732,0.0033148147227366,1011,5675.2531081374955,34.17046770916667
7.16,11.29,0.1193333333333333,24.790833333333335,80.8364,11.209166666666665,5635.893854748602,b1,81.84,36.0,0.6341894921001336,0.0033148147227366,1012,5579.187524666374,34.59244791666666
7.16,11.29,0.1193333333333333,24.91016666666667,80.8364,11.089833333333331,5575.893854748602,b1,81.84,36.0,0.6341894921001336,0.0033148147227366,1013,5542.347541717693,34.43145083333332
7.16,11.28,0.1193333333333333,25.0295,80.7648,10.970499999999998,5515.893854748601,b1,81.84,36.0,0.6347517167773301,0.0033148147227366,1014,5506.737951710896,35.146085416666644
5.33,11.35,0.0888333333333333,25.118333333333336,60.4955,10.881666666666664,7349.718574108817,b1,81.84,36.0,0.4696034828543187,0.0024675925240483,1015,7185.276454184195,31.93255625000003
5.33,11.35,0.0888333333333333,25.20716666666667,60.4955,10.79283333333333,7289.718574108816,b1,81.84,36.0,0.4696034828543187,0.0024675925240483,1016,7202.505514459202,32.86072541666671
5.33,11.35,0.0888333333333333,25.296000000000003,60.4955,10.703999999999995,7229.718574108815,b1,81.84,36.0,0.4696034828543187,0.0024675925240483,1017,7172.86346195296,33.37761979250004
5.33,11.35,0.0888333333333333,25.384833333333336,60.4955,10.615166666666664,7169.718574108816,b1,81.84,36.0,0.4696034828543187,0.0024675925240483,1018,7124.756950170995,33.26944958500006
11.86,11.13,0.1976666666666666,25.582500000000003,132.0018,10.417499999999997,3162.141652613827,b1,81.84,36.0,1.0655884038105656,0.0054907405882201,1019,3271.9364923430635,39.38884156624999
11.85,11.11,0.1974999999999999,25.780000000000005,131.65349999999998,10.219999999999995,3104.8101265822775,b1,81.84,36.0,1.0666065646618754,0.0054861109587191,1020,3233.2133466227433,40.13181229416664
11.84,11.09,0.1973333333333333,25.977333333333338,131.3056,10.022666666666662,3047.432432432431,b1,81.84,36.0,1.067628397869396,0.0054814813292181,1021,3246.6072414861883,40.63345552208331
17.7,10.9,0.295,26.27233333333334,192.93,9.72766666666666,1978.50847457627,b1,81.84,36.0,1.6238530620318292,0.0081944442168209,1022,2026.651909397148,48.10758875
17.7,10.9,0.295,26.56733333333334,192.93,9.43266666666666,1918.5084745762697,b1,81.84,36.0,1.6238530620318292,0.0081944442168209,1023,1992.476744189221,46.27696749999999
17.65,10.86,0.2941666666666666,26.861500000000007,191.67899999999997,9.138499999999992,1863.9433427762028,b1,81.84,36.0,1.6252300529254096,0.0081712960693158,1024,1841.4661060285746,35.26807166666665
17.61,10.83,0.2935,27.15500000000001,190.7163,8.844999999999992,1808.1771720613272,b1,81.84,36.0,1.6260386310213637,0.0081527775513117,1025,1832.692531564584,33.534474999999986
17.57,10.79,0.2928333333333333,27.447833333333342,189.5803,8.552166666666658,1752.2936824132023,b1,81.84,36.0,1.6283594413012568,0.0081342590333076,1026,1805.2847710582678,34.074980000000004
8.32,11.08,0.1386666666666666,27.586500000000008,92.1856,8.413499999999992,3640.456730769227,b1,81.84,36.0,0.7509024593048322,0.0038518517448559,1027,3608.1920721835068,45.04794583500002
8.32,11.09,0.1386666666666666,27.725166666666674,92.2688,8.274833333333326,3580.456730769228,b1,81.84,36.0,0.7502253606649811,0.0038518517448559,1028,3604.734426069487,45.08166541833335
8.32,11.08,0.1386666666666666,27.86383333333334,92.1856,8.13616666666666,3520.456730769228,b1,81.84,36.0,0.7509024593048322,0.0038518517448559,1029,3551.413700575607,44.92761146083336
5.49,11.2,0.0915,27.95533333333334,61.488,8.04466666666666,5275.191256830597,b1,81.84,36.0,0.4901785276626315,0.0025416665960648,1030,5198.484093611786,36.1705016666667
5.48,11.2,0.0913333333333333,28.04666666666667,61.376,7.953333333333326,5224.81751824817,b1,81.84,36.0,0.4892856705994938,0.0025370369665637,1031,5191.237943904276,36.677319166666706
5.48,11.21,0.0913333333333333,28.13800000000001,61.43080000000001,7.861999999999991,5164.817518248169,b1,81.84,36.0,0.488849198140125,0.0025370369665637,1032,5147.76921078212,37.534742916666694
5.48,11.21,0.0913333333333333,28.229333333333344,61.43080000000001,7.770666666666656,5104.817518248168,b1,81.84,36.0,0.488849198140125,0.0025370369665637,1033,5115.378643052896,38.14252500000005
5.48,11.21,0.0913333333333333,28.32066666666668,61.43080000000001,7.679333333333322,5044.817518248167,b1,81.84,36.0,0.488849198140125,0.0025370369665637,1034,5081.445023148229,37.01802479250003
5.47,11.21,0.0911666666666666,28.411833333333345,61.3187,7.588166666666655,4994.04021937842,b1,81.84,36.0,0.4879571375595773,0.0025324073370627,1035,5062.723465311714,38.732703751666705
5.94,11.19,0.099,28.510833333333345,66.4686,7.489166666666655,4538.888888888881,b1,81.84,36.0,0.5308310517577256,0.0027499999236111,1036,4553.664982053209,39.02330520916671
10.31,11.01,0.1718333333333333,28.682666666666677,113.5131,7.317333333333323,2555.0339476236627,b1,81.84,36.0,0.9364213500071435,0.0047731480155607,1037,2577.375121899086,52.03370864624997
10.3,10.99,0.1716666666666667,28.854333333333344,113.19700000000002,7.145666666666656,2497.514563106792,b1,81.84,36.0,0.9372155653125056,0.0047685183860596,1038,2511.0603117199867,47.576629999999994
10.29,10.98,0.1714999999999999,29.025833333333345,112.9842,6.974166666666655,2439.941690962095,b1,81.84,36.0,0.937158384593954,0.0047638887565586,1039,2456.2961416282114,45.634925416666675
10.28,10.97,0.1713333333333333,29.19716666666668,112.7716,6.8028333333333215,2382.3151750972725,b1,81.84,36.0,0.9371010996261532,0.0047592591270576,1040,2405.0454298387226,46.43484708333333
10.28,10.95,0.1713333333333333,29.36850000000001,112.566,6.631499999999988,2322.3151750972725,b1,81.84,36.0,0.9388126996518084,0.0047592591270576,1041,2385.9591158815774,46.35904958333332
7.93,11.03,0.1321666666666666,29.50066666666668,87.46789999999999,6.499333333333322,2950.517023959642,b1,81.84,36.0,0.7189482575749541,0.0036712961943158,1042,2925.711973658505,41.99633416833334
7.93,11.03,0.1321666666666666,29.632833333333345,87.46789999999999,6.367166666666655,2890.517023959642,b1,81.84,36.0,0.7189482575749541,0.0036712961943158,1043,2892.09003696261,41.09859260708334
7.93,11.02,0.1321666666666666,29.76500000000001,87.3886,6.234999999999989,2830.517023959642,b1,81.84,36.0,0.7196006606532976,0.0036712961943158,1044,2837.0271069850514,41.86281115125001
5.38,11.12,0.0896666666666666,29.854666666666677,59.825599999999994,6.145333333333323,4112.118959107799,b1,81.84,36.0,0.4838129061319329,0.0024907406715534,1045,4073.869489361124,51.562492503333345
5.38,11.13,0.0896666666666666,29.944333333333343,59.8794,6.0556666666666565,4052.118959107801,b1,81.84,36.0,0.4833782135329547,0.0024907406715534,1046,4042.641490206364,53.237854590000026
5.38,11.13,0.0896666666666666,30.03400000000001,59.8794,5.96599999999999,3992.118959107801,b1,81.84,36.0,0.4833782135329547,0.0024907406715534,1047,3956.375280839119,54.39300844541671
11.91,10.85,0.1985,30.23250000000001,129.2235,5.767499999999991,1743.3249370277051,b1,81.84,36.0,1.097695751364447,0.0055138887357253,1048,1749.7665774546872,41.23534531291667
11.89,10.83,0.1981666666666666,30.43066666666667,128.7687,5.569333333333326,1686.257359125313,b1,81.84,36.0,1.0978761682478146,0.0055046294767232,1049,1725.068990755688,41.64030312749999
11.87,10.8,0.1978333333333333,30.62850000000001,128.196,5.371499999999994,1629.098567818027,b1,81.84,36.0,1.0990739723079654,0.0054953702177211,1050,1678.5408631820694,40.16597062749996
6.14,11.01,0.1023333333333333,30.73083333333334,67.6014,5.26916666666666,3089.413680781755,b1,81.84,36.0,0.5576747904019265,0.0028425925136316,1051,3110.7497269536343,45.40425083499998
5.93,11.03,0.0988333333333333,30.829666666666675,65.4079,5.170333333333325,3138.8195615514283,b1,81.84,36.0,0.5376246112761005,0.00274537029411,1052,3224.6846244675644,44.220797714166665
8.28,10.93,0.1379999999999999,30.967666666666677,90.50039999999998,5.032333333333323,2187.971014492749,b1,81.84,36.0,0.7575479636278167,0.0038333332268518,1053,2236.5489105947026,41.18414291833332
8.27,10.92,0.1378333333333333,31.10550000000001,90.3084,4.89449999999999,2130.6166868198266,b1,81.84,36.0,0.7573259379738152,0.0038287035973508,1054,2185.6465236347185,40.22299594041665
8.27,10.91,0.1378333333333333,31.243333333333343,90.2257,4.756666666666657,2070.6166868198266,b1,81.84,36.0,0.7580200955068657,0.0038287035973508,1055,2107.7806551372305,39.46983645916671
7.62,10.93,0.127,31.370333333333345,83.28659999999999,4.629666666666658,2187.244094488185,b1,81.84,36.0,0.6971637056574835,0.0035277776797839,1056,2136.9635057986247,42.92294145916669
7.62,10.92,0.127,31.49733333333334,83.2104,4.502666666666659,2127.2440944881855,b1,81.84,36.0,0.6978021339009035,0.0035277776797839,1057,2115.310243486698,43.08466854250002
7.62,10.91,0.127,31.62433333333334,83.1342,4.37566666666666,2067.244094488186,b1,81.84,36.0,0.6984417324984664,0.0035277776797839,1058,2086.53777557429,43.168192916666676
7.62,10.91,0.127,31.75133333333334,83.1342,4.2486666666666615,2007.2440944881864,b1,81.84,36.0,0.6984417324984664,0.0035277776797839,1059,2054.5943252633465,42.22303541666667
7.62,10.9,0.127,31.878333333333337,83.058,4.121666666666663,1947.244094488187,b1,81.84,36.0,0.6990825046713299,0.0035277776797839,1060,2024.4120538408806,43.73911374999999
7.61,10.9,0.1268333333333333,32.00516666666667,82.94900000000001,3.994833333333332,1889.8028909329823,b1,81.84,36.0,0.6981650735628373,0.0035231480502829,1061,1996.0640534745835,48.295656875833366
7.61,10.89,0.1268333333333333,32.132,82.8729,3.868000000000002,1829.802890932984,b1,81.84,36.0,0.6988061800912599,0.0035231480502829,1062,1921.5263591044009,54.541393855416764
10.21,10.76,0.1701666666666667,32.302166666666665,109.8596,3.6978333333333353,1303.8393731635658,b1,81.84,36.0,0.9488846701780048,0.0047268517205504,1063,1293.2700177398951,36.52858906458327
10.19,10.73,0.1698333333333333,32.472,109.3387,3.5279999999999987,1246.3984298331693,b1,81.84,36.0,0.9496737232363724,0.0047175924615483,1064,1273.5138813960464,35.742837501666614
10.17,10.71,0.1695,32.6415,108.9207,3.3584999999999994,1188.849557522124,b1,81.84,36.0,0.9495797432698652,0.0047083332025463,1065,1248.996638748556,36.00373021083329
8.79,10.75,0.1465,32.788000000000004,94.4925,3.211999999999996,1315.4948805460735,b1,81.84,36.0,0.8176743425419216,0.0040694443314043,1066,1285.719343823774,36.7148603145833
8.79,10.73,0.1465,32.93450000000001,94.3167,3.065499999999993,1255.4948805460724,b1,81.84,36.0,0.8191984325071358,0.0040694443314043,1067,1265.693932984018,36.292214897916644
8.78,10.72,0.1463333333333333,33.08083333333334,94.1216,2.919166666666662,1196.9248291571737,b1,81.84,36.0,0.8190297743442374,0.0040648147019032,1068,1220.0039787500982,40.092552399583326
8.77,10.7,0.1461666666666666,33.227000000000004,93.83899999999998,2.772999999999996,1138.2896237172165,b1,81.84,36.0,0.8196260916237298,0.0040601850724022,1069,1176.6626712147117,49.04157916999994
8.77,10.68,0.1461666666666666,33.37316666666667,93.6636,2.6268333333333302,1078.2896237172167,b1,81.84,36.0,0.8211609718014071,0.0040601850724022,1070,1099.5226804793508,46.88699302541661
8.76,10.66,0.146,33.51916666666667,93.3816,2.4808333333333294,1019.5205479452038,b1,81.84,36.0,0.8217635251628963,0.0040555554429012,1071,1051.158965224849,46.65448187916665
8.74,10.64,0.1456666666666666,33.664833333333334,92.9936,2.335166666666666,961.8535469107547,b1,81.84,36.0,0.8214284942266453,0.0040462961838991,1072,977.4810447270428,51.48268698625004
8.02,10.66,0.1336666666666666,33.798500000000004,85.4932,2.201499999999996,988.204488778053,b1,81.84,36.0,0.7523451451833822,0.0037129628598251,1073,987.9867118263928,52.0446055270834
5.07,10.96,0.0845,33.883,55.56720000000001,2.1169999999999973,1503.1952662721874,b1,81.84,36.0,0.4625911986686862,0.0023472221570216,1074,1484.0788987803808,40.43780469208327
5.21,10.9,0.0868333333333333,33.969833333333334,56.789,2.0301666666666662,1402.8023032629555,b1,81.84,36.0,0.4779816075246231,0.002412036970036,1075,1399.555134528942,39.35721427541665
5.21,10.89,0.0868333333333333,34.056666666666665,56.736900000000006,1.9433333333333351,1342.8023032629571,b1,81.84,36.0,0.4784205253975642,0.002412036970036,1076,1371.972026906554,39.715611462499986
7.17,10.75,0.1195,34.17616666666667,77.0775,1.823833333333333,915.7322175732216,b1,81.84,36.0,0.666976682141704,0.0033194443522376,1077,881.8631958470855,50.14247366458335
7.17,10.75,0.1195,34.29566666666667,77.0775,1.7043333333333308,855.7322175732205,b1,81.84,36.0,0.666976682141704,0.0033194443522376,1078,854.3374892156837,49.87029762208336
7.16,10.73,0.1193333333333333,34.415,76.8268,1.5850000000000009,796.9273743016763,b1,81.84,36.0,0.6672879154438104,0.0033148147227366,1079,794.0019670407995,47.73319052875003
7.15,10.71,0.1191666666666666,34.534166666666664,76.57650000000001,1.465833333333336,738.0419580419593,b1,81.84,36.0,0.6676003111484303,0.0033101850932355,1080,752.399601786786,50.73750208833334
7.14,10.68,0.119,34.653166666666664,76.25519999999999,1.3468333333333362,679.0756302521023,b1,81.84,36.0,0.6685392632453874,0.0033055554637345,1081,742.3878409496242,52.41864021416667
9.66,10.51,0.161,34.814166666666665,101.5266,1.1858333333333348,441.92546583850987,b1,81.84,36.0,0.9191245557445714,0.0044722220979938,1082,516.1327749365013,52.68119761875001
9.61,10.43,0.1601666666666666,34.974333333333334,100.2323,1.025666666666666,384.2247658688864,b1,81.84,36.0,0.921380544450571,0.0044490739504886,1083,412.67417478679874,50.22555480750002
9.55,10.32,0.1591666666666666,35.1335,98.556,0.866500000000002,326.6387434554981,b1,81.84,36.0,0.9253875072298928,0.0044212961734825,1084,325.0924852593143,43.19110219541664
9.4,10.04,0.1566666666666666,35.290166666666664,94.376,0.7098333333333358,271.85106382978813,b1,81.84,36.0,0.9362548868272028,0.004351851730967,1085,277.83435221806394,40.75518302374999
7.7,9.87,0.1283333333333333,35.418499999999995,75.999,0.5815000000000055,271.8701298701324,b1,81.84,36.0,0.7801417649299125,0.0035648147157921,1086,265.7812656589971,41.514503023749995
7.66,9.78,0.1276666666666666,35.546166666666664,74.9148,0.4538333333333355,213.289817232377,b1,81.84,36.0,0.7832310037596112,0.003546296197788,1087,229.5556310416574,41.20019760541669
5.45,9.96,0.0908333333333333,35.637,54.282,0.3629999999999995,239.77981651376115,b1,81.84,36.0,0.5471887000814558,0.0025231480780607,1088,235.2328538221917,45.068800011666646
5.44,9.96,0.0906666666666666,35.727666666666664,54.18240000000001,0.2723333333333357,180.2205882352957,b1,81.84,36.0,0.5461846841180036,0.0025185184485596,1089,169.88503515351647,46.119863142500016
5.44,9.94,0.0906666666666666,35.81833333333333,54.0736,0.1816666666666719,120.22058823529764,b1,81.84,36.0,0.5472836471545628,0.0025185184485596,1090,120.18553985746752,45.056793760000026
5.43,9.91,0.0905,35.90883333333333,53.8113,0.0911666666666732,60.44198895028063,b1,81.84,36.0,0.5479313271512284,0.0025138888190586,1091,62.571870452577826,44.694871576249874
5.42,9.89,0.0903333333333333,35.99916666666666,53.6038,0.0008333333333396,0.5535055350595667,b1,81.84,36.0,0.548028256013321,0.0025092591895576,1092,2.992307528587547,44.76067855249988
5.42,9.87,0.0903333333333333,36.089499999999994,53.4954,-0.0894999999999939,-59.44649446494061,b1,81.84,36.0,0.5491387488207955,0.0025092591895576,1093,-59.8539198379049,50.096265533749964
6.07,9.78,0.1011666666666666,36.19066666666666,59.3646,-0.1906666666666581,-113.08072487643643,b1,81.84,36.0,0.6206543332664282,0.0028101851071244,1094,-131.86603538671324,56.81985731749992
6.07,9.78,0.1011666666666666,36.29183333333332,59.3646,-0.2918333333333223,-173.08072487643497,b1,81.84,36.0,0.6206543332664282,0.0028101851071244,1095,-165.41124394339022,49.5859239658333
6.04,9.71,0.1006666666666666,36.39249999999999,58.6484,-0.3924999999999912,-233.9403973509881,b1,81.84,36.0,0.6220390708507652,0.0027962962186214,1096,-225.58861127051594,43.75388177375001
6.03,9.68,0.1005,36.49299999999999,58.3704,-0.4929999999999879,-294.328358208948,b1,81.84,36.0,0.6229338199448534,0.0027916665891203,1097,-305.0689928489772,46.10550105250007
6.02,9.66,0.1003333333333333,36.59333333333332,58.1532,-0.5933333333333195,-354.81727574750005,b1,81.84,36.0,0.6231883412848508,0.0027870369596193,1098,-368.8894441300878,47.37279574291668
4.45,9.81,0.0741666666666666,36.66749999999998,43.654500000000006,-0.6674999999999827,-539.999999999986,b1,81.84,36.0,0.4536187101306106,0.0020601851279578,1099,-596.4754404524328,48.996293353333186
4.45,9.83,0.0741666666666666,36.741666666666646,43.7435,-0.7416666666666458,-599.9999999999831,b1,81.84,36.0,0.4526957830421381,0.0020601851279578,1100,-628.6898987912008,44.5028912533333
4.45,9.83,0.0741666666666666,36.81583333333331,43.7435,-0.815833333333309,-659.9999999999802,b1,81.84,36.0,0.4526957830421381,0.0020601851279578,1101,-662.8310680531188,45.29560375333331
4.45,9.83,0.0741666666666666,36.88999999999997,43.7435,-0.8899999999999721,-719.9999999999775,b1,81.84,36.0,0.4526957830421381,0.0020601851279578,1102,-690.6822293141394,45.59612417166666
4.45,9.82,0.0741666666666666,36.964166666666635,43.699000000000005,-0.9641666666666352,-779.9999999999746,b1,81.84,36.0,0.4531567766642794,0.0020601851279578,1103,-716.6702136713538,44.893390421666666
4.45,9.82,0.0741666666666666,37.0383333333333,43.699000000000005,-1.0383333333332985,-839.9999999999718,b1,81.84,36.0,0.4531567766642794,0.0020601851279578,1104,-769.5885061924088,46.57684625833332
4.44,9.81,0.074,37.1123333333333,43.5564,-1.1123333333332963,-901.891891891862,b1,81.84,36.0,0.4525993422426766,0.0020555554984567,1105,-911.0018539776216,44.38421021249999
4.45,9.81,0.0741666666666666,37.18649999999996,43.654500000000006,-1.1864999999999597,-959.8651685392932,b1,81.84,36.0,0.4536187101306106,0.0020601851279578,1106,-864.7600524954718,44.2507374029166
4.44,9.8,0.074,37.26049999999996,43.51200000000001,-1.2604999999999578,-1022.0270270269928,b1,81.84,36.0,0.4530611782590635,0.0020555554984567,1107,-1037.0134590375048,38.89152583333332
4.44,9.79,0.074,37.33449999999995,43.4676,-1.3344999999999558,-1082.027027026991,b1,81.84,36.0,0.4535239577605764,0.0020555554984567,1108,-1080.2451494817528,38.08046874999995
4.44,9.79,0.074,37.408499999999954,43.4676,-1.408499999999954,-1142.0270270269896,b1,81.84,36.0,0.4535239577605764,0.0020555554984567,1109,-1121.0830486547675,37.8850454166666
4.44,9.78,0.074,37.48249999999995,43.4232,-1.482499999999952,-1202.027027026988,b1,81.84,36.0,0.4539876836413412,0.0020555554984567,1110,-1189.7962223828317,37.96243833333328
4.44,9.77,0.074,37.55649999999995,43.378800000000005,-1.55649999999995,-1262.0270270269864,b1,81.84,36.0,0.4544523588073328,0.0020555554984567,1111,-1209.9124952900484,38.36520541666662
4.43,9.76,0.0738333333333333,37.63033333333328,43.236799999999995,-1.630333333333283,-1324.8758465010878,b1,81.84,36.0,0.4538933961174799,0.0020509258689557,1112,-1295.7942604489012,37.84466583333327
4.43,9.76,0.0738333333333333,37.704166666666616,43.236799999999995,-1.704166666666616,-1384.8758465010874,b1,81.84,36.0,0.4538933961174799,0.0020509258689557,1113,-1361.4102334156662,39.05020749999994
4.43,9.75,0.0738333333333333,37.77799999999995,43.192499999999995,-1.777999999999949,-1444.8758465010874,b1,81.84,36.0,0.4543589277580587,0.0020509258689557,1114,-1417.6019028020175,40.50969697958331
4.43,9.74,0.0738333333333333,37.85183333333328,43.1482,-1.851833333333282,-1504.875846501087,b1,81.84,36.0,0.4548254153156658,0.0020509258689557,1115,-1527.294843399998,39.75078906291667
4.43,9.73,0.0738333333333333,37.925666666666615,43.1039,-1.925666666666615,-1564.8758465010867,b1,81.84,36.0,0.4552928617376298,0.0020509258689557,1116,-1580.7275314795875,38.81422614625002
4.42,9.72,0.0736666666666666,37.99933333333328,42.9624,-1.9993333333332828,-1628.416289592719,b1,81.84,36.0,0.4547324635048906,0.0020462962394547,1117,-1639.942033984621,38.508764583333324
4.43,9.72,0.0738333333333333,38.073166666666616,43.0596,-2.073166666666616,-1684.7404063205006,b1,81.84,36.0,0.4557612699834084,0.0020509258689557,1118,-1656.6737361173818,38.41428072958335
4.42,9.71,0.0736666666666666,38.14683333333328,42.918200000000006,-2.1468333333332836,-1748.5520361990546,b1,81.84,36.0,0.4552007770133082,0.0020462962394547,1119,-1745.3091977310623,38.14726916666667
4.42,9.7,0.0736666666666666,38.22049999999995,42.873999999999995,-2.2204999999999515,-1808.5520361990557,b1,81.84,36.0,0.4556700561164891,0.0020462962394547,1120,-1809.2490279148776,38.26839958333334
4.41,9.69,0.0735,38.293999999999954,42.7329,-2.2939999999999543,-1872.6530612244528,b1,81.84,36.0,0.4551083121663249,0.0020416666099537,1121,-1871.1543820218112,38.641279583333294
4.41,9.68,0.0735,38.36749999999996,42.6888,-2.367499999999957,-1932.6530612244544,b1,81.84,36.0,0.4555784653328032,0.0020416666099537,1122,-1917.9300371629763,38.71028041666665
4.41,9.67,0.0735,38.44099999999996,42.6447,-2.44099999999996,-1992.653061224457,b1,81.84,36.0,0.4560495908945615,0.0020416666099537,1123,-2010.2127428231327,38.64743249999998
4.41,9.67,0.0735,38.51449999999996,42.6447,-2.5144999999999627,-2052.653061224459,b1,81.84,36.0,0.4560495908945615,0.0020416666099537,1124,-2014.9228531039169,39.27793916666665
4.41,9.66,0.0735,38.587999999999965,42.6006,-2.5879999999999654,-2112.6530612244615,b1,81.84,36.0,0.4565216918714605,0.0020416666099537,1125,-2034.362280758868,39.296936249999995
4.41,9.65,0.0735,38.66149999999997,42.5565,-2.661499999999968,-2172.6530612244637,b1,81.84,36.0,0.4569947712958787,0.0020416666099537,1126,-2094.687601112327,39.59489698125004
5.3,9.55,0.0883333333333333,38.7498333333333,50.615,-2.7498333333332994,-1867.811320754694,b1,81.84,36.0,0.5549737638770927,0.0024537036355452,1127,-1898.0781690718277,39.64352937583326
5.3,9.55,0.0883333333333333,38.83816666666663,50.615,-2.8381666666666305,-1927.8113207546928,b1,81.84,36.0,0.5549737638770927,0.0024537036355452,1128,-1913.4752137908094,39.941094375833245
5.29,9.5,0.0881666666666666,38.9263333333333,50.255,-2.9263333333332966,-1991.4555765595217,b1,81.84,36.0,0.5568420466482057,0.0024490740060442,1129,-1952.3531782653645,40.962769792499905
18.18,12.17,0.303,0.0614585,221.2506,84.9385415,16819.51316831683,b5,85.0,85.0,1.493837182100478,0.0035647058404152,890,16780.67413533234,0.529199105833333
18.18,12.14,0.303,0.3644585,220.7052,84.6355415,16759.51316831683,b5,85.0,85.0,1.4975287069580967,0.0035647058404152,891,16755.18094048385,0.6294024391666656
18.18,12.17,0.303,0.6674585,221.2506,84.3325415,16699.513168316833,b5,85.0,85.0,1.493837182100478,0.0035647058404152,892,16758.46212982924,0.6330055649999989
18.18,12.19,0.303,0.9704585,221.6142,84.0295415,16639.51316831683,b5,85.0,85.0,1.4913862599354997,0.0035647058404152,893,16732.23801492309,0.7032833762499994
18.18,12.2,0.303,1.2734584999999998,221.796,83.7265415,16579.51316831683,b5,85.0,85.0,1.490163812281655,0.0035647058404152,894,16744.881270978618,0.9036208579166677
7.88,12.47,0.1313333333333333,1.4047918333333331,98.2636,83.59520816666667,38190.70423857868,b5,85.0,85.0,0.6319165491646713,0.001545098021038,895,37858.365835357115,2.8494749695833326
7.88,12.43,0.1313333333333333,1.5361251666666664,97.9484,83.46387483333334,38130.70423857868,b5,85.0,85.0,0.6339500696741698,0.001545098021038,896,37985.52974716912,3.049731746666668
7.88,12.43,0.1313333333333333,1.6674584999999995,97.9484,83.3325415,38070.70423857868,b5,85.0,85.0,0.6339500696741698,0.001545098021038,897,37982.42000294363,3.1617128912500014
7.88,12.43,0.1313333333333333,1.798791833333333,97.9484,83.20120816666666,38010.70423857868,b5,85.0,85.0,0.6339500696741698,0.001545098021038,898,37981.264919394256,3.1766284133333347
7.88,12.43,0.1313333333333333,1.9301251666666663,97.9484,83.06987483333333,37950.70423857868,b5,85.0,85.0,0.6339500696741698,0.001545098021038,899,37961.64865097665,3.1064350850000007
7.88,12.43,0.1313333333333333,2.0614584999999996,97.9484,82.9385415,37890.70423857868,b5,85.0,85.0,0.6339500696741698,0.001545098021038,900,37961.64865097665,3.1064350850000007
5.44,12.49,0.0906666666666666,2.152125166666666,67.94560000000001,82.84787483333334,54825.79952205882,b5,85.0,85.0,0.4355484038792311,0.0010666666541176,901,54665.41280785266,2.4500253625000026
5.44,12.5,0.0906666666666666,2.2427918333333325,68.0,82.75720816666667,54765.79952205883,b5,85.0,85.0,0.4351999651840028,0.0010666666541176,902,54643.98828254198,2.4927397333333348
5.44,12.5,0.0906666666666666,2.333458499999999,68.0,82.6665415,54705.79952205881,b5,85.0,85.0,0.4351999651840028,0.0010666666541176,903,54594.79276783053,2.58947973
5.44,12.5,0.0906666666666666,2.4241251666666654,68.0,82.57587483333333,54645.79952205882,b5,85.0,85.0,0.4351999651840028,0.0010666666541176,904,54586.401757074746,2.6027412912499996
6.88,12.48,0.1146666666666666,2.538791833333332,85.86240000000001,82.46120816666667,43148.30659883721,b5,85.0,85.0,0.5512820071088136,0.0013490195919723,905,42509.97034588702,3.090744790416666
6.89,12.46,0.1148333333333333,2.6536251666666653,85.8494,82.34637483333333,43025.68206095791,b5,85.0,85.0,0.5529694580281334,0.0013509803762629,906,42613.333038239536,2.776525715833331
7.87,12.47,0.1311666666666666,2.784791833333332,98.1389,82.21520816666667,37607.97324015248,b5,85.0,85.0,0.6311146246098938,0.0015431372367474,907,37575.4056680271,2.8834910604166653
7.87,12.47,0.1311666666666666,2.9159584999999986,98.1389,82.0840415,37547.97324015248,b5,85.0,85.0,0.6311146246098938,0.0015431372367474,908,37574.35144972978,2.909556584166664
5.44,12.51,0.0906666666666666,3.006625166666665,68.0544,81.99337483333333,54260.32158088235,b5,85.0,85.0,0.4348520835449974,0.0010666666541176,909,54260.787831253765,3.5250385504166646
5.44,12.51,0.0906666666666666,3.0972918333333315,68.0544,81.90270816666667,54200.32158088235,b5,85.0,85.0,0.4348520835449974,0.0010666666541176,910,54248.684314442224,3.607305002916663
5.44,12.51,0.0906666666666666,3.187958499999998,68.0544,81.8120415,54140.32158088235,b5,85.0,85.0,0.4348520835449974,0.0010666666541176,911,54229.146402933206,3.464019289999998
7.87,12.46,0.1311666666666666,3.319125166666665,98.0602,81.68087483333333,37363.55138500635,b5,85.0,85.0,0.631621137109058,0.0015431372367474,912,37565.65048819091,3.115159714999998
8.95,12.41,0.1491666666666666,3.468291833333331,111.0695,81.53170816666668,32794.87702793297,b5,85.0,85.0,0.7211925285098687,0.0017549019401384,913,32663.430609734307,3.843550365833331
8.95,12.4,0.1491666666666666,3.6174584999999975,110.98,81.3825415,32734.87702793296,b5,85.0,85.0,0.7217741353407955,0.0017549019401384,914,32677.853872513846,3.7526862058333332
8.95,12.4,0.1491666666666666,3.766625166666664,110.98,81.23337483333333,32674.87702793296,b5,85.0,85.0,0.7217741353407955,0.0017549019401384,915,32671.553872513847,3.7683487058333323
8.95,12.4,0.1491666666666666,3.9157918333333304,110.98,81.08420816666667,32614.87702793296,b5,85.0,85.0,0.7217741353407955,0.0017549019401384,916,32608.253872513844,3.925719539166666
8.95,12.4,0.1491666666666666,4.064958499999997,110.98,80.9350415,32554.87702793296,b5,85.0,85.0,0.7217741353407955,0.0017549019401384,917,32553.653872513845,4.061461205833335
8.95,12.4,0.1491666666666666,4.214125166666664,110.98,80.78587483333334,32494.87702793296,b5,85.0,85.0,0.7217741353407955,0.0017549019401384,918,32552.753872513844,4.063698705833335
25.87,12.12,0.4311666666666667,4.645291833333331,313.5444,80.35470816666667,11181.946246617705,b5,85.0,85.0,2.134488272731991,0.0050725489599307,919,11676.599792578141,7.025550789583338
24.24,12.11,0.4039999999999999,5.0492918333333305,293.54639999999995,79.95070816666667,11873.867549504952,b5,85.0,85.0,2.0016513623739587,0.0047529411205536,920,11786.331914972448,6.407492578333335
11.65,12.35,0.1941666666666666,5.243458499999997,143.8775,79.7565415,24645.798231759654,b5,85.0,85.0,0.9433197616745134,0.0022843136986159,921,24586.0711878612,5.234117542916655
11.65,12.33,0.1941666666666666,5.437625166666664,143.6445,79.56237483333334,24585.798231759654,b5,85.0,85.0,0.9448498828183388,0.0022843136986159,922,24540.791164934868,5.147553351249993
11.65,12.33,0.1941666666666666,5.631791833333331,143.6445,79.36820816666668,24525.798231759654,b5,85.0,85.0,0.9448498828183388,0.0022843136986159,923,24512.745158952497,5.336059924166658
11.65,12.33,0.1941666666666666,5.825958499999998,143.6445,79.1740415,24465.798231759654,b5,85.0,85.0,0.9448498828183388,0.0022843136986159,924,24482.704224573976,5.519103680833324
11.65,12.32,0.1941666666666666,6.020125166666665,143.52800000000002,78.97987483333334,24405.798231759654,b5,85.0,85.0,0.9456168063622724,0.0022843136986159,925,24370.886069627002,5.976066284583329
19.63,12.17,0.3271666666666666,6.3472918333333315,238.8971,78.65270816666667,14424.337717778912,b5,85.0,85.0,1.6129826119159727,0.0038490195625605,926,14343.250775722963,5.996336246250005
19.63,12.17,0.3271666666666666,6.674458499999998,238.8971,78.3255415,14364.33771777891,b5,85.0,85.0,1.6129826119159727,0.0038490195625605,927,14315.486226608959,6.159197603333332
19.63,12.16,0.3271666666666666,7.001625166666665,238.7008,77.99837483333333,14304.33771777891,b5,85.0,85.0,1.614309077770635,0.0038490195625605,928,14268.683971909071,6.376720424583327
19.63,12.16,0.3271666666666666,7.328791833333332,238.7008,77.67120816666667,14244.337717778912,b5,85.0,85.0,1.614309077770635,0.0038490195625605,929,14208.435141992893,6.633787623333326
21.35,12.12,0.3558333333333333,7.684625166666665,258.762,77.31537483333334,13036.784515222482,b5,85.0,85.0,1.7615510097730194,0.0041862744605536,930,13082.944161776386,6.379783014999992
21.35,12.11,0.3558333333333333,8.040458499999998,258.5485,76.9595415,12976.784515222482,b5,85.0,85.0,1.7630056347641925,0.0041862744605536,931,13037.750109945098,6.641557494583322
5.46,12.4,0.091,8.131458499999997,67.70400000000001,76.8685415,50682.55483516484,b5,85.0,85.0,0.4403225451352786,0.0010705882226989,932,50526.34201378902,8.479487343750003
5.46,12.45,0.091,8.222458499999997,67.97699999999999,76.7775415,50622.55483516483,b5,85.0,85.0,0.4385541816422345,0.0010705882226989,933,50668.09422071604,8.248433597083336
5.46,12.45,0.091,8.313458499999996,67.97699999999999,76.6865415,50562.55483516484,b5,85.0,85.0,0.4385541816422345,0.0010705882226989,934,50661.79425552211,8.28283797125
5.46,12.45,0.091,8.404458499999995,67.97699999999999,76.59554150000001,50502.55483516484,b5,85.0,85.0,0.4385541816422345,0.0010705882226989,935,50660.594255522105,8.28465797125
5.46,12.46,0.091,8.495458499999994,68.0316,76.5045415,50442.55483516484,b5,85.0,85.0,0.4382022120222943,0.0010705882226989,936,50647.69425552211,8.304222971250004
24.63,12.08,0.4105,8.905958499999995,297.5304,76.0940415,11122.149792935446,b5,85.0,85.0,2.0389071159845105,0.0048294117078892,937,11281.742183252163,8.84528570249999
24.63,12.06,0.4105,9.316458499999996,297.0378,75.6835415,11062.149792935446,b5,85.0,85.0,2.0422883878699514,0.0048294117078892,938,11206.43669423393,9.474413199166655
24.63,12.05,0.4105,9.726958499999997,296.7915,75.2730415,11002.149792935446,b5,85.0,85.0,2.043983232864462,0.0048294117078892,939,10982.635149554115,10.881829885833335
24.63,12.04,0.4105,10.137458499999996,296.54519999999997,74.8625415,10942.149792935445,b5,85.0,85.0,2.0456808932158728,0.0048294117078892,940,10892.869417112051,11.626932191666674
24.63,12.03,0.4105,10.547958499999998,296.29889999999995,74.4520415,10882.149792935445,b5,85.0,85.0,2.047381375945023,0.0048294117078892,941,10847.108305111138,11.95788739916667
24.63,12.02,0.4105,10.9584585,296.0526,74.0415415,10822.149792935445,b5,85.0,85.0,2.049084688096116,0.0048294117078892,942,10768.923781678937,12.237462077916657
15.2,12.19,0.2533333333333333,11.211791833333333,185.288,73.78820816666666,17476.154565789475,b5,85.0,85.0,1.2469236056666444,0.0029803921217993,943,17436.842895703277,12.608831264583337
15.2,12.2,0.2533333333333333,11.465125166666668,185.43999999999997,73.53487483333333,17416.154565789475,b5,85.0,85.0,1.2459015372211857,0.0029803921217993,944,17404.198781625568,12.346288757916671
15.2,12.2,0.2533333333333333,11.7184585,185.43999999999997,73.2815415,17356.154565789475,b5,85.0,85.0,1.2459015372211857,0.0029803921217993,945,17383.3043930539,12.401154484166675
15.2,12.2,0.2533333333333333,11.971791833333334,185.43999999999997,73.02820816666667,17296.154565789475,b5,85.0,85.0,1.2459015372211857,0.0029803921217993,946,17374.469593704333,12.466562198333344
1.57,12.21,0.0261666666666666,11.9979585,19.1697,73.0020415,167393.21617834395,b5,85.0,85.0,0.1285831180521607,0.0003078431336332,947,166656.91731134203,12.323441833333352
1.57,12.21,0.0261666666666666,12.024125166666668,19.1697,72.97587483333334,167333.21617834395,b5,85.0,85.0,0.1285831180521607,0.0003078431336332,948,166656.91731134203,12.323441833333352
1.57,12.21,0.0261666666666666,12.050291833333334,19.1697,72.94970816666667,167273.21617834392,b5,85.0,85.0,0.1285831180521607,0.0003078431336332,949,166632.91731134203,12.333908500000017
1.57,12.21,0.0261666666666666,12.0764585,19.1697,72.9235415,167213.21617834392,b5,85.0,85.0,0.1285831180521607,0.0003078431336332,950,166612.217311342,12.34293600000001
15.85,12.21,0.2641666666666666,12.340625166666667,193.5285,72.65937483333333,16503.07567192429,b5,85.0,85.0,1.2981161918004755,0.003107843100692,951,16435.224681807344,12.690852817500012
15.85,12.18,0.2641666666666666,12.604791833333334,193.053,72.39520816666666,16443.07567192429,b5,85.0,85.0,1.3013135220596452,0.003107843100692,952,16401.896561260553,12.721321147500012
15.85,12.18,0.2641666666666666,12.8689585,193.053,72.1310415,16383.075671924287,b5,85.0,85.0,1.3013135220596452,0.003107843100692,953,16347.577668278935,12.792482499583343
14.3,12.23,0.2383333333333333,13.107291833333331,174.889,71.89270816666667,18098.863594405593,b5,85.0,85.0,1.169255832440243,0.0028039215356401,954,18028.66863786535,14.024569909166669
14.3,12.2,0.2383333333333333,13.345625166666666,174.46,71.65437483333334,18038.863594405593,b5,85.0,85.0,1.172131051464668,0.0028039215356401,955,17895.648199457646,14.28795032416667
14.3,12.2,0.2383333333333333,13.5839585,174.46,71.4160415,17978.863594405597,b5,85.0,85.0,1.172131051464668,0.0028039215356401,956,17837.595810703613,14.533883239166668
14.3,12.19,0.2383333333333333,13.822291833333331,174.317,71.17770816666666,17918.863594405593,b5,85.0,85.0,1.1730926026995403,0.0028039215356401,957,17796.201607534367,14.708368443333335
5.48,12.37,0.0913333333333333,13.913625166666666,67.7876,71.08637483333334,46699.078357664235,b5,85.0,85.0,0.4430072398539015,0.0010745097912802,958,46430.534789029705,15.884884690000018
5.48,12.4,0.0913333333333333,14.0049585,67.95200000000001,70.9950415,46639.07835766423,b5,85.0,85.0,0.4419354482310123,0.0010745097912802,959,46694.85246269363,15.37930887833335
5.48,12.4,0.0913333333333333,14.096291833333332,67.95200000000001,70.90370816666666,46579.07835766423,b5,85.0,85.0,0.4419354482310123,0.0010745097912802,960,46674.06507042117,14.906081077083352
5.48,12.41,0.0913333333333333,14.187625166666663,68.00680000000001,70.81237483333334,46519.078357664235,b5,85.0,85.0,0.4415793358920761,0.0010745097912802,961,46675.425905712626,14.431874838750018
5.48,12.41,0.0913333333333333,14.278958499999998,68.00680000000001,70.7210415,46459.07835766423,b5,85.0,85.0,0.4415793358920761,0.0010745097912802,962,46659.696050586375,14.436784735000021
19.13,12.12,0.3188333333333333,14.597791833333332,231.8556,70.40220816666667,13248.716644014636,b5,85.0,85.0,1.578382708054232,0.0037509803480276,963,13422.32362868454,13.351140518333306
19.13,12.1,0.3188333333333333,14.916625166666666,231.473,70.08337483333334,13188.71664401464,b5,85.0,85.0,1.580991604876727,0.0037509803480276,964,13244.859980462568,14.570463240833307
19.13,12.09,0.3188333333333333,15.2354585,231.28169999999997,69.7645415,13128.71664401464,b5,85.0,85.0,1.5822992901323996,0.0037509803480276,965,13176.603478881454,15.05589938874997
19.13,12.09,0.3188333333333333,15.554291833333334,231.28169999999997,69.44570816666666,13068.716644014636,b5,85.0,85.0,1.5822992901323996,0.0037509803480276,966,13135.976817667417,15.31246302666664
19.13,12.08,0.3188333333333333,15.873125166666668,231.0904,69.12687483333333,13008.716644014636,b5,85.0,85.0,1.583609140429707,0.0037509803480276,967,13132.977055232803,15.54694447916664
4.93,12.37,0.0821666666666666,15.955291833333334,60.98409999999999,69.04470816666667,50418.04247464504,b5,85.0,85.0,0.398544834394112,0.0009666666552941,968,49318.651796469174,17.059498878333326
4.93,12.4,0.0821666666666666,16.0374585,61.132,68.9625415,50358.04247464503,b5,85.0,85.0,0.3975806130983376,0.0009666666552941,969,48896.2846167381,17.17153605541666
7.5,12.33,0.125,16.1624585,92.475,68.8375415,33042.01992,b5,85.0,85.0,0.6082724567500035,0.001470588217993,970,33337.01857552822,15.754331483749977
7.5,12.33,0.125,16.2874585,92.475,68.7125415,32982.01992,b5,85.0,85.0,0.6082724567500035,0.001470588217993,971,33241.57202076931,15.917682320416644
7.5,12.33,0.125,16.4124585,92.475,68.5875415,32922.01992,b5,85.0,85.0,0.6082724567500035,0.001470588217993,972,33220.61646647235,15.983530446249977
7.5,12.33,0.125,16.5374585,92.475,68.4625415,32862.01992,b5,85.0,85.0,0.6082724567500035,0.001470588217993,973,33195.2795359912,16.034976488749976
1.57,12.34,0.0261666666666666,16.563625166666665,19.3738,68.43637483333333,156924.17159235667,b5,85.0,85.0,0.1272285148113035,0.0003078431336332,974,156851.64154886166,16.597700583333324
1.57,12.34,0.0261666666666666,16.58979183333333,19.3738,68.41020816666668,156864.1715923567,b5,85.0,85.0,0.1272285148113035,0.0003078431336332,975,156842.19154886168,16.601821833333332
1.57,12.34,0.0261666666666666,16.615958499999994,19.3738,68.38404150000001,156804.17159235672,b5,85.0,85.0,0.1272285148113035,0.0003078431336332,976,156805.29154886169,16.61791433333334
1.57,12.34,0.0261666666666666,16.64212516666666,19.3738,68.35787483333334,156744.1715923567,b5,85.0,85.0,0.1272285148113035,0.0003078431336332,977,156737.94154886165,16.64728641666663
1.57,12.34,0.0261666666666666,16.668291833333324,19.3738,68.33170816666667,156684.1715923567,b5,85.0,85.0,0.1272285148113035,0.0003078431336332,978,156697.74154886167,16.665013916666627
1.57,12.34,0.0261666666666666,16.69445849999999,19.3738,68.3055415,156624.1715923567,b5,85.0,85.0,0.1272285148113035,0.0003078431336332,979,156640.06340394492,16.69156224999999
1.57,12.34,0.0261666666666666,16.720625166666654,19.3738,68.27937483333335,156564.17159235672,b5,85.0,85.0,0.1272285148113035,0.0003078431336332,980,156625.66483091694,16.702213499999996
1.56,12.34,0.026,16.746625166666654,19.2504,68.25337483333334,157507.78807692308,b5,85.0,85.0,0.126418142105499,0.0003058823493425,981,157390.27303842452,16.7819985
1.56,12.34,0.026,16.772625166666653,19.2504,68.22737483333334,157447.7880769231,b5,85.0,85.0,0.126418142105499,0.0003058823493425,982,157395.7099780007,16.786166833333333
1.57,12.34,0.0261666666666666,16.79879183333332,19.3738,68.20120816666667,156384.9359235669,b5,85.0,85.0,0.1272285148113035,0.0003078431336332,983,156396.37551805456,16.80658433333332
1.57,12.34,0.0261666666666666,16.824958499999983,19.3738,68.17504150000002,156324.93592356693,b5,85.0,85.0,0.1272285148113035,0.0003078431336332,984,156371.4571171604,16.815263916666655
1.56,12.34,0.026,16.850958499999983,19.2504,68.14904150000001,157267.01884615386,b5,85.0,85.0,0.126418142105499,0.0003058823493425,985,157244.29376965968,16.84961266666668
1.57,12.34,0.0261666666666666,16.877125166666648,19.3738,68.12287483333336,156205.31808917204,b5,85.0,85.0,0.1272285148113035,0.0003078431336332,986,156327.38935320915,16.83229475
1.56,12.34,0.026,16.903125166666648,19.2504,68.09687483333335,157146.63423076924,b5,85.0,85.0,0.126418142105499,0.0003058823493425,987,157081.6887996576,16.922246833333357
1.56,12.34,0.026,16.929125166666648,19.2504,68.07087483333335,157086.63423076927,b5,85.0,85.0,0.126418142105499,0.0003058823493425,988,157042.6790219629,16.941322250000027
1.56,12.34,0.026,16.955125166666647,19.2504,68.04487483333335,157026.63423076927,b5,85.0,85.0,0.126418142105499,0.0003058823493425,989,157016.56267580908,16.952639333333334
1.56,12.34,0.026,16.981125166666647,19.2504,68.01887483333336,156966.63423076927,b5,85.0,85.0,0.126418142105499,0.0003058823493425,990,156957.6069065783,16.97818683333332
1.56,12.34,0.026,17.007125166666647,19.2504,67.99287483333336,156906.6342307693,b5,85.0,85.0,0.126418142105499,0.0003058823493425,991,156921.1472911937,16.99398599999999
1.56,12.34,0.026,17.033125166666647,19.2504,67.96687483333335,156846.63423076927,b5,85.0,85.0,0.126418142105499,0.0003058823493425,992,156887.69152196293,17.00848349999999
1.56,12.34,0.026,17.059125166666647,19.2504,67.94087483333335,156786.63423076927,b5,85.0,85.0,0.126418142105499,0.0003058823493425,993,156792.5947281731,17.03887766666665
1.57,12.34,0.0261666666666666,17.08529183333331,19.3738,67.91470816666668,155727.99324840767,b5,85.0,85.0,0.1272285148113035,0.0003078431336332,994,155969.51054060488,17.01318475
1.56,12.34,0.026,17.11129183333331,19.2504,67.88870816666669,156666.24961538467,b5,85.0,85.0,0.126418142105499,0.0003058823493425,995,156589.70052497595,17.125551416666628
1.56,12.34,0.026,17.13729183333331,19.2504,67.86270816666669,156606.24961538467,b5,85.0,85.0,0.126418142105499,0.0003058823493425,996,156575.13985006168,17.131873083333296
1.57,12.34,0.0261666666666666,17.163458499999976,19.3738,67.83654150000002,155548.75757961787,b5,85.0,85.0,0.1272285148113035,0.0003078431336332,997,155595.49260221684,17.15414349999999
1.57,12.34,0.0261666666666666,17.18962516666664,19.3738,67.81037483333336,155488.7575796179,b5,85.0,85.0,0.1272285148113035,0.0003078431336332,998,155560.20576668275,17.175841416666657
1.56,12.34,0.026,17.21562516666664,19.2504,67.78437483333336,156425.48038461542,b5,85.0,85.0,0.126418142105499,0.0003058823493425,999,156261.37260685908,17.23491391666662
1.57,12.34,0.0261666666666666,17.241791833333306,19.3738,67.75820816666669,155369.139745223,b5,85.0,85.0,0.1272285148113035,0.0003078431336332,1000,155566.2512558427,17.20577016666662
1.56,12.34,0.026,17.267791833333305,19.2504,67.7322081666667,156305.09576923083,b5,85.0,85.0,0.126418142105499,0.0003058823493425,1001,156236.3973311854,17.258701833333298
1.56,12.34,0.026,17.293791833333305,19.2504,67.7062081666667,156245.09576923083,b5,85.0,85.0,0.126418142105499,0.0003058823493425,1002,156245.1568914255,17.259221833333296
12.97,12.25,0.2161666666666666,17.50995849999997,158.88250000000002,67.49004150000003,18732.77944487279,b5,85.0,85.0,1.0587754237734348,0.0025431372249826,1003,18507.715107021868,16.99513980041662
12.98,12.23,0.2163333333333333,17.726291833333306,158.74540000000002,67.2737081666667,18658.347411402163,b5,85.0,85.0,1.0613245248303742,0.0025450980092733,1004,18422.896095447006,17.223220531666616
13.0,12.22,0.2166666666666666,17.94295849999997,158.86,67.05704150000003,18569.64226153847,b5,85.0,85.0,1.0638297001776025,0.0025490195778546,1005,18400.319480936807,16.668670640416632
13.0,12.22,0.2166666666666666,18.159625166666636,158.86,66.84037483333336,18509.64226153847,b5,85.0,85.0,1.0638297001776025,0.0025490195778546,1006,18394.589771566614,16.718167621666634
12.99,12.21,0.2165,18.376125166666636,158.6079,66.62387483333336,18463.891408775988,b5,85.0,85.0,1.063881976750043,0.002547058793564,1007,18354.33504914653,17.090773346249954
13.01,12.21,0.2168333333333333,18.59295849999997,158.8521,66.40704150000003,18375.507255956967,b5,85.0,85.0,1.065519978253892,0.0025509803621453,1008,18287.0743257286,16.96728689041662
17.16,12.11,0.286,18.87895849999997,207.8076,66.12104150000003,13871.547167832174,b5,85.0,85.0,1.4170106179181985,0.0033647058427681,1009,13526.125096113661,20.371363237499967
15.21,12.15,0.2535,19.13245849999997,184.8015,65.86754150000003,15589.95065088758,b5,85.0,85.0,1.251851748818786,0.0029823529060899,1010,15707.071416380366,18.60782815208328
15.24,12.15,0.254,19.38645849999997,185.166,65.61354150000003,15499.26177165355,b5,85.0,85.0,1.2543208844180342,0.0029882352589619,1011,15658.01143053819,18.818482737083293
15.24,12.15,0.254,19.640458499999973,185.166,65.35954150000003,15439.261771653551,b5,85.0,85.0,1.2543208844180342,0.0029882352589619,1012,15620.409022119045,19.123871075416634
15.23,12.14,0.2538333333333333,19.894291833333305,184.8922,65.10570816666669,15389.399172685493,b5,85.0,85.0,1.2545303744208918,0.0029862744746712,1013,15497.332643686177,19.634333469999966
15.23,12.13,0.2538333333333333,20.14812516666664,184.7399,64.85187483333337,15329.399172685497,b5,85.0,85.0,1.2555646120721673,0.0029862744746712,1014,15515.251278703536,19.304023874999967
1.57,12.13,0.0261666666666666,20.174291833333303,19.0441,64.8257081666667,148644.93592356695,b5,85.0,85.0,0.1294311517369207,0.0003078431336332,1015,148632.6713226846,20.211500166666653
1.57,12.13,0.0261666666666666,20.200458499999968,19.0441,64.79954150000003,148584.93592356695,b5,85.0,85.0,0.1294311517369207,0.0003078431336332,1016,148635.03173729754,20.21254516666665
1.56,12.13,0.026,20.226458499999968,18.9228,64.77354150000004,149477.40346153852,b5,85.0,85.0,0.1286067494965581,0.0003058823493425,1017,149288.47923043853,20.259566416666615
1.57,12.13,0.0261666666666666,20.252625166666633,19.0441,64.74737483333337,148465.31808917204,b5,85.0,85.0,0.1294311517369207,0.0003078431336332,1018,148658.76391800583,20.237458499999995
1.56,12.13,0.026,20.278625166666632,18.9228,64.72137483333337,149357.01884615392,b5,85.0,85.0,0.1286067494965581,0.0003058823493425,1019,149280.51961490716,20.28777849999996
1.56,12.13,0.026,20.304625166666632,18.9228,64.69537483333337,149297.01884615395,b5,85.0,85.0,0.1286067494965581,0.0003058823493425,1020,149282.92924859168,20.299113916666627
1.57,12.13,0.0261666666666666,20.330791833333297,19.0441,64.6692081666667,148286.08242038224,b5,85.0,85.0,0.1294311517369207,0.0003078431336332,1021,148706.23786130582,20.25608558333333
1.56,12.13,0.026,20.356791833333297,18.9228,64.64320816666671,149176.63423076933,b5,85.0,85.0,0.1286067494965581,0.0003058823493425,1022,149167.32285461837,20.357462249999976
1.56,12.13,0.026,20.382791833333297,18.9228,64.6172081666667,149116.6342307693,b5,85.0,85.0,0.1286067494965581,0.0003058823493425,1023,149078.74881615693,20.395844333333308
1.56,12.13,0.026,20.408791833333296,18.9228,64.5912081666667,149056.6342307693,b5,85.0,85.0,0.1286067494965581,0.0003058823493425,1024,149032.68535461847,20.41580516666664
1.56,12.13,0.026,20.434791833333296,18.9228,64.56520816666671,148996.63423076933,b5,85.0,85.0,0.1286067494965581,0.0003058823493425,1025,149004.46420077235,20.428034333333297
1.56,12.13,0.026,20.460791833333296,18.9228,64.5392081666667,148936.6342307693,b5,85.0,85.0,0.1286067494965581,0.0003058823493425,1026,148958.09208538773,20.448128916666597
1.56,12.13,0.026,20.486791833333296,18.9228,64.5132081666667,148876.6342307693,b5,85.0,85.0,0.1286067494965581,0.0003058823493425,1027,148938.72189308002,20.456522666666597
1.57,12.13,0.0261666666666666,20.51295849999996,19.0441,64.48704150000003,147868.3754140128,b5,85.0,85.0,0.1294311517369207,0.0003078431336332,1028,148627.86577617616,20.35208016666664
1.56,12.13,0.026,20.53895849999996,18.9228,64.46104150000004,148756.24961538467,b5,85.0,85.0,0.1286067494965581,0.0003058823493425,1029,148747.21035461838,20.539640999999943
1.56,12.13,0.026,20.56495849999996,18.9228,64.43504150000004,148696.2496153847,b5,85.0,85.0,0.1286067494965581,0.0003058823493425,1030,148747.21035461838,20.539640999999943
1.56,12.13,0.026,20.59095849999996,18.9228,64.40904150000004,148636.2496153847,b5,85.0,85.0,0.1286067494965581,0.0003058823493425,1031,148747.21035461838,20.539640999999943
9.0,12.29,0.15,20.74095849999996,110.61,64.25904150000004,25703.616600000016,b5,85.0,85.0,0.7323026255246033,0.0017647058615916,1032,26061.535049929327,19.395075252083306
9.0,12.22,0.15,20.890958499999957,109.98,64.10904150000005,25643.61660000002,b5,85.0,85.0,0.7364974847383401,0.0017647058615916,1033,25673.210803829417,20.333479217916633
9.0,12.22,0.15,21.040958499999956,109.98,63.95904150000004,25583.616600000016,b5,85.0,85.0,0.7364974847383401,0.0017647058615916,1034,25665.86080382942,20.351854217916628
9.0,12.21,0.15,21.190958499999955,109.89,63.80904150000005,25523.61660000002,b5,85.0,85.0,0.7371006767321313,0.0017647058615916,1035,25585.457019831658,20.612524634583266
9.0,12.2,0.15,21.340958499999953,109.8,63.65904150000004,25463.61660000002,b5,85.0,85.0,0.7377048575651757,0.0017647058615916,1036,25546.670120088547,20.49559723499995
9.0,12.2,0.15,21.49095849999995,109.8,63.50904150000005,25403.616600000023,b5,85.0,85.0,0.7377048575651757,0.0017647058615916,1037,25544.669714352367,20.572210466249953
12.97,12.15,0.2161666666666666,21.707125166666614,157.58550000000002,63.292874833333386,17567.798720123374,b5,85.0,85.0,1.067489624074928,0.0025431372249826,1038,17472.727057449316,20.44906230374995
12.97,12.15,0.2161666666666666,21.923291833333284,157.58550000000002,63.07670816666672,17507.798720123377,b5,85.0,85.0,1.067489624074928,0.0025431372249826,1039,17452.52419981915,20.504281472083285
12.97,12.15,0.2161666666666666,22.13945849999995,157.58550000000002,62.86054150000005,17447.798720123374,b5,85.0,85.0,1.067489624074928,0.0025431372249826,1040,17432.265505437164,20.715586160833283
12.97,12.14,0.2161666666666666,22.355625166666616,157.4558,62.64437483333339,17387.798720123377,b5,85.0,85.0,1.0683689400025584,0.0025431372249826,1041,17403.884620684556,20.748214077499938
12.97,12.13,0.2161666666666666,22.571791833333283,157.32610000000005,62.42820816666672,17327.798720123377,b5,85.0,85.0,1.0692497057502304,0.0025431372249826,1042,17402.062696350153,20.753049698333275
1.57,12.13,0.0261666666666666,22.597958499999947,19.0441,62.40204150000005,143087.48369426763,b5,85.0,85.0,0.1294311517369207,0.0003078431336332,1043,143157.13784630076,22.623490999999945
1.57,12.13,0.0261666666666666,22.624125166666612,19.0441,62.375874833333384,143027.4836942676,b5,85.0,85.0,0.1294311517369207,0.0003078431336332,1044,143157.13784630076,22.623490999999945
1.57,12.13,0.0261666666666666,22.650291833333277,19.0441,62.34970816666672,142967.48369426763,b5,85.0,85.0,0.1294311517369207,0.0003078431336332,1045,143255.95970719008,22.63431974999995
1.56,12.13,0.026,22.676291833333277,18.9228,62.32370816666672,143823.94192307704,b5,85.0,85.0,0.1286067494965581,0.0003058823493425,1046,143747.75130278087,22.691424749999957
1.56,12.13,0.026,22.702291833333277,18.9228,62.29770816666672,143763.94192307704,b5,85.0,85.0,0.1286067494965581,0.0003058823493425,1047,143717.38359392493,22.706570583333257
1.56,12.13,0.026,22.728291833333277,18.9228,62.27170816666673,143703.94192307707,b5,85.0,85.0,0.1286067494965581,0.0003058823493425,1048,143711.38359392493,22.709170583333247
1.56,12.13,0.026,22.754291833333276,18.9228,62.24570816666672,143643.94192307704,b5,85.0,85.0,0.1286067494965581,0.0003058823493425,1049,143675.38359392493,22.72477058333326
17.16,12.11,0.286,23.04029183333328,207.8076,61.95970816666672,12998.540174825186,b5,85.0,85.0,1.4170106179181985,0.0033647058427681,1050,12996.459099718613,23.281793528749954
17.16,12.12,0.286,23.32629183333328,207.9792,61.67370816666672,12938.540174825186,b5,85.0,85.0,1.4158414673398132,0.0033647058427681,1051,12980.39447864815,23.505156749999948
17.16,12.11,0.286,23.61229183333328,207.8076,61.38770816666672,12878.540174825186,b5,85.0,85.0,1.4170106179181985,0.0033647058427681,1052,12976.951850193534,23.51675133499995
16.75,12.1,0.2791666666666667,23.891458499999946,202.675,61.10854150000006,13133.7760835821,b5,85.0,85.0,1.3842974062564128,0.0032843136868512,1053,13090.946060393939,23.542631425416634
16.75,11.96,0.2791666666666667,24.17062516666661,200.33,60.82937483333339,13073.7760835821,b5,85.0,85.0,1.4005015551420104,0.0032843136868512,1054,12977.256652574202,24.27541092499994
16.75,11.94,0.2791666666666667,24.449791833333276,199.995,60.55020816666672,13013.7760835821,b5,85.0,85.0,1.4028474536978683,0.0032843136868512,1055,12974.488451662599,24.14408717999994
16.75,11.92,0.2791666666666667,24.72895849999994,199.66,60.27104150000006,12953.7760835821,b5,85.0,85.0,1.4052012243958705,0.0032843136868512,1056,12909.127839722603,24.23446562874994
16.75,11.91,0.2791666666666667,25.00812516666661,199.4925,59.9918748333334,12893.776083582105,b5,85.0,85.0,1.4063810741913456,0.0032843136868512,1057,12901.991411179612,24.165628026666614
23.89,11.87,0.3981666666666666,25.40629183333327,283.5743,59.59370816666673,8980.215546253672,b5,85.0,85.0,2.0126367301906716,0.0046843136703806,1058,8956.329382027756,25.661026649583295
23.89,11.83,0.3981666666666666,25.804458499999942,282.6187,59.19554150000006,8920.215546253672,b5,85.0,85.0,2.0194419256600233,0.0046843136703806,1059,8901.86990057503,25.753107318749944
23.89,11.81,0.3981666666666666,26.20262516666661,282.14090000000004,58.79737483333339,8860.215546253672,b5,85.0,85.0,2.0228618100879077,0.0046843136703806,1060,8848.516046828685,26.082583155416636
23.89,11.8,0.3981666666666666,26.60079183333328,281.90200000000004,58.399208166666725,8800.21554625367,b5,85.0,85.0,2.024576099612195,0.0046843136703806,1061,8763.721843015499,26.10846669791666
22.43,11.87,0.3738333333333333,26.974625166666613,266.2441,58.02537483333339,9313.033856442273,b5,85.0,85.0,1.889637583012841,0.0043980391639446,1062,9278.341895900478,26.836743145416605
22.44,11.87,0.374,27.34862516666661,266.3628,57.65137483333339,9248.883663101611,b5,85.0,85.0,1.8904800429250177,0.0043999999482352,1063,9280.210799868366,26.43281668124995
20.02,11.91,0.3336666666666666,27.682291833333277,238.4382,57.31770816666672,10306.8805894106,b5,85.0,85.0,1.6809402450931783,0.0039254901498961,1064,10281.395694643876,26.843928224166653
20.02,11.91,0.3336666666666666,28.015958499999943,238.4382,56.98404150000006,10246.8805894106,b5,85.0,85.0,1.6809402450931783,0.0039254901498961,1065,10270.758798535702,26.949955108333324
20.02,11.9,0.3336666666666666,28.34962516666661,238.238,56.65037483333339,10186.8805894106,b5,85.0,85.0,1.6823527998022858,0.0039254901498961,1066,10197.70408291933,27.213346047083306
20.02,11.89,0.3336666666666666,28.683291833333275,238.0378,56.31670816666673,10126.8805894106,b5,85.0,85.0,1.683767730549392,0.0039254901498961,1067,10144.582767823953,27.598248548749986
20.02,11.89,0.3336666666666666,29.01695849999994,238.0378,55.983041500000056,10066.8805894106,b5,85.0,85.0,1.683767730549392,0.0039254901498961,1068,10127.322315397083,27.758828451666655
20.02,11.88,0.3336666666666666,29.350625166666607,237.8376,55.6493748333334,10006.8805894106,b5,85.0,85.0,1.6851850433345923,0.0039254901498961,1069,10070.83251922773,28.253604701666664
22.47,11.83,0.3745,29.725125166666608,265.82009999999997,55.27487483333339,8855.787690253683,b5,85.0,85.0,1.8994081234650784,0.0044058823011072,1070,8825.595125446831,24.60749313208332
22.47,11.82,0.3745,30.09962516666661,265.5954,54.90037483333339,8795.787690253681,b5,85.0,85.0,1.901015067596018,0.0044058823011072,1071,8744.57418211311,25.18580406416662
22.47,11.81,0.3745,30.47412516666661,265.3707,54.52587483333339,8735.787690253681,b5,85.0,85.0,1.9026247330546373,0.0044058823011072,1072,8686.909660572379,24.869873312916617
22.47,11.81,0.3745,30.84862516666661,265.3707,54.15137483333339,8675.787690253681,b5,85.0,85.0,1.9026247330546373,0.0044058823011072,1073,8623.81154758308,26.118865381249954
24.94,11.76,0.4156666666666667,31.26429183333328,293.2944,53.735708166666726,7756.5577145148445,b5,85.0,85.0,2.120748118984004,0.0048901960208996,1074,7884.530691387346,29.233139258333253
24.94,11.73,0.4156666666666667,31.679958499999945,292.5462,53.32004150000006,7696.557714514844,b5,85.0,85.0,2.126172026754303,0.0048901960208996,1075,7723.587773083193,31.099409281666603
24.94,11.72,0.4156666666666667,32.095625166666615,292.2968,52.904374833333385,7636.557714514842,b5,85.0,85.0,2.1279861665540816,0.0048901960208996,1076,7655.277437048705,31.655490014583297
24.94,11.72,0.4156666666666667,32.51129183333328,292.2968,52.48870816666672,7576.557714514843,b5,85.0,85.0,2.1279861665540816,0.0048901960208996,1077,7649.150430455766,31.608904284999962
24.94,11.71,0.4156666666666667,32.92695849999995,292.04740000000004,52.07304150000005,7516.557714514843,b5,85.0,85.0,2.129803404799026,0.0048901960208996,1078,7590.061005844249,31.95698719499996
7.06,12.08,0.1176666666666666,33.04462516666661,85.28479999999999,51.95537483333339,26492.82569405102,b5,85.0,85.0,0.5844370377121657,0.0013843137092041,1079,26488.609395318577,32.33826230874996
7.06,12.11,0.1176666666666666,33.16229183333328,85.49659999999999,51.83770816666672,26432.825694051025,b5,85.0,85.0,0.582989216929049,0.0013843137092041,1080,26363.758074691756,32.532183235833315
7.06,12.12,0.1176666666666666,33.27995849999994,85.56719999999999,51.72004150000006,26372.825694051025,b5,85.0,85.0,0.5825082027633497,0.0013843137092041,1081,26321.4289102055,32.44958573749998
7.06,12.12,0.1176666666666666,33.39762516666661,85.56719999999999,51.60237483333339,26312.825694051025,b5,85.0,85.0,0.5825082027633497,0.0013843137092041,1082,26302.536582838093,32.69995812874999
7.06,12.12,0.1176666666666666,33.51529183333327,85.56719999999999,51.48470816666673,26252.825694051025,b5,85.0,85.0,0.5825082027633497,0.0013843137092041,1083,26302.536582838093,32.69995812874999
14.91,11.94,0.2485,33.76379183333327,178.0254,51.23620816666673,12370.915452716312,b5,85.0,85.0,1.2487436140080728,0.0029235293773702,1084,12532.992902965225,33.71029273041665
14.91,11.92,0.2485,34.01229183333327,177.7272,50.98770816666673,12310.915452716314,b5,85.0,85.0,1.250838821238354,0.0029235293773702,1085,12237.48348917028,34.21839005291663
14.91,11.92,0.2485,34.26079183333327,177.7272,50.73920816666673,12250.915452716314,b5,85.0,85.0,1.250838821238354,0.0029235293773702,1086,12228.868589598418,34.147563593749965
14.91,11.91,0.2485,34.50929183333327,177.5781,50.49070816666673,12190.915452716312,b5,85.0,85.0,1.251889063653311,0.0029235293773702,1087,12089.363999682178,34.62547942374994
14.91,11.91,0.2485,34.75779183333327,177.5781,50.24220816666673,12130.915452716312,b5,85.0,85.0,1.251889063653311,0.0029235293773702,1088,12069.615115725932,34.77895734041661
14.91,11.91,0.2485,35.00629183333327,177.5781,49.99370816666673,12070.915452716312,b5,85.0,85.0,1.251889063653311,0.0029235293773702,1089,12035.516246063455,34.828984734999956
1.57,11.91,0.0261666666666666,35.03245849999994,18.6987,49.96754150000006,114575.2543949046,b5,85.0,85.0,0.1318219872525619,0.0003078431336332,1090,114659.31554140092,34.99579849999986
1.57,11.91,0.0261666666666666,35.05862516666661,18.6987,49.94137483333339,114515.2543949046,b5,85.0,85.0,0.1318219872525619,0.0003078431336332,1091,114657.81554140092,34.99645266666652
1.57,11.91,0.0261666666666666,35.08479183333328,18.6987,49.91520816666672,114455.25439490458,b5,85.0,85.0,0.1318219872525619,0.0003078431336332,1092,114587.76554140094,35.02700224999992
1.57,11.91,0.0261666666666666,35.110958499999946,18.6987,49.889041500000054,114395.25439490458,b5,85.0,85.0,0.1318219872525619,0.0003078431336332,1093,114557.31554140092,35.04028183333328
1.57,11.91,0.0261666666666666,35.137125166666614,18.6987,49.862874833333386,114335.25439490456,b5,85.0,85.0,0.1318219872525619,0.0003078431336332,1094,114476.01554140094,35.07573766666669
1.57,11.91,0.0261666666666666,35.16329183333328,18.6987,49.83670816666672,114275.25439490456,b5,85.0,85.0,0.1318219872525619,0.0003078431336332,1095,114470.01554140094,35.078354333333365
16.8,11.9,0.28,35.443291833333284,199.92,49.55670816666672,10619.294607142869,b5,85.0,85.0,1.4117645872466735,0.0032941176083044,1096,10742.04260433932,33.935712390833274
16.8,11.87,0.28,35.723291833333285,199.416,49.276708166666715,10559.294607142869,b5,85.0,85.0,1.4153326524572325,0.0032941176083044,1097,10517.926046111512,35.0822561641666
16.8,11.86,0.28,36.003291833333286,199.248,48.996708166666714,10499.294607142869,b5,85.0,85.0,1.416526018842663,0.0032941176083044,1098,10443.839910267827,35.66138637666665
16.8,11.85,0.28,36.28329183333329,199.08,48.71670816666671,10439.294607142869,b5,85.0,85.0,1.4177213993484052,0.0032941176083044,1099,10262.07324996706,35.79457595333332
13.3,11.94,0.2216666666666666,36.50495849999995,158.802,48.49504150000005,13126.477398496252,b5,85.0,85.0,1.1139027542795017,0.0026078431065743,1100,13063.338502649243,35.70865738916668
13.3,11.93,0.2216666666666666,36.726625166666615,158.669,48.273374833333385,13066.477398496254,b5,85.0,85.0,1.1148364530732229,0.0026078431065743,1101,12696.436909857322,36.948438555416686
20.28,11.77,0.338,37.064625166666616,238.6956,47.935374833333384,8509.238136094684,b5,85.0,85.0,1.723024492521284,0.0039764705414532,1102,8578.732736113978,36.1336951083333
20.28,11.76,0.338,37.40262516666662,238.4928,47.59737483333338,8449.238136094684,b5,85.0,85.0,1.7244896492780912,0.0039764705414532,1103,8548.429568842299,36.65263354541664
20.28,11.76,0.338,37.74062516666662,238.4928,47.25937483333338,8389.238136094682,b5,85.0,85.0,1.7244896492780912,0.0039764705414532,1104,8544.450194494433,36.72809291958331
24.49,11.68,0.4081666666666666,38.14879183333328,286.04319999999996,46.85120816666672,6887.070208248272,b5,85.0,85.0,2.096746395826507,0.00480196072782,1105,6892.808179546082,33.88355834958331
24.49,11.68,0.4081666666666666,38.55695849999995,286.04319999999996,46.44304150000005,6827.070208248273,b5,85.0,85.0,2.096746395826507,0.00480196072782,1106,6874.085544999356,35.10577127458332
24.49,11.64,0.4081666666666666,38.96512516666662,285.0636,46.03487483333338,6767.070208248273,b5,85.0,85.0,2.1039517092824993,0.00480196072782,1107,6749.069562221332,34.32491594499995
24.49,11.62,0.4081666666666666,39.37329183333328,284.57379999999995,45.62670816666672,6707.070208248272,b5,85.0,85.0,2.107572968367214,0.00480196072782,1108,6702.385466789323,35.2430153208333
24.49,11.62,0.4081666666666666,39.78145849999995,284.57379999999995,45.21854150000005,6647.070208248272,b5,85.0,85.0,2.107572968367214,0.00480196072782,1109,6658.711027403806,36.605601470416616
7.09,12.03,0.1181666666666666,39.89962516666662,85.2927,45.10037483333338,22900.04928067703,b5,85.0,85.0,0.5893598845087379,0.0013901960620761,1110,22950.482087866723,38.5919626433333
7.09,12.03,0.1181666666666666,40.01779183333328,85.2927,44.98220816666672,22840.04928067704,b5,85.0,85.0,0.5893598845087379,0.0013901960620761,1111,22949.05771684876,38.70312608041663
7.09,12.04,0.1181666666666666,40.13595849999995,85.36359999999999,44.86404150000005,22780.04928067703,b5,85.0,85.0,0.5888703829841875,0.0013901960620761,1112,22780.468692830782,39.44275452416661
7.09,12.05,0.1181666666666666,40.25412516666662,85.4345,44.74587483333338,22720.04928067703,b5,85.0,85.0,0.5883816939102329,0.0013901960620761,1113,22764.18234977083,39.710993381249914
7.09,12.05,0.1181666666666666,40.372291833333286,85.4345,44.627708166666714,22660.04928067703,b5,85.0,85.0,0.5883816939102329,0.0013901960620761,1114,22753.08234977083,39.73285421458324
7.09,12.05,0.1181666666666666,40.49045849999995,85.4345,44.50954150000005,22600.04928067703,b5,85.0,85.0,0.5883816939102329,0.0013901960620761,1115,22746.932490268853,39.74466754791658
5.02,12.11,0.0836666666666666,40.57412516666662,60.792199999999994,44.42587483333338,31859.19310756976,b5,85.0,85.0,0.4145334092045079,0.00098431371391,1116,31669.774121102095,40.23897723333331
5.02,12.12,0.0836666666666666,40.657791833333285,60.84239999999999,44.342208166666715,31799.19310756976,b5,85.0,85.0,0.4141913849677075,0.00098431371391,1117,31702.455360556134,40.543750360833286
5.02,12.12,0.0836666666666666,40.74145849999995,60.84239999999999,44.25854150000005,31739.19310756976,b5,85.0,85.0,0.4141913849677075,0.00098431371391,1118,31682.3287112798,40.59722390166662
24.58,11.62,0.4096666666666666,41.15112516666662,285.61959999999993,43.84887483333338,6422.129755899113,b5,85.0,85.0,2.11531823448208,0.0048196077864359,1119,6469.273756523009,39.113328033333374
24.58,11.6,0.4096666666666666,41.56079183333328,285.128,43.43920816666672,6362.129755899112,b5,85.0,85.0,2.118965334571954,0.0048196077864359,1120,6395.433473504873,38.8760057275
24.58,11.59,0.4096666666666666,41.97045849999995,284.88219999999995,43.02954150000005,6302.129755899113,b5,85.0,85.0,2.1207936047632785,0.0048196077864359,1121,6368.040898585864,38.565316251249975
24.58,11.58,0.4096666666666666,42.380125166666616,284.6364,42.619874833333384,6242.129755899114,b5,85.0,85.0,2.1226250325885117,0.0048196077864359,1122,6328.859810661882,38.85892052333329
7.1,12.0,0.1183333333333333,42.49845849999995,85.19999999999999,42.50154150000005,21550.077380281717,b5,85.0,85.0,0.5916666173611153,0.0013921568463667,1123,22077.82236188246,39.240564813749955
7.1,12.02,0.1183333333333333,42.61679183333328,85.342,42.38320816666672,21490.077380281717,b5,85.0,85.0,0.5906821471978247,0.0013921568463667,1124,21564.055830136054,40.396966179166604
7.1,12.02,0.1183333333333333,42.73512516666661,85.342,42.26487483333339,21430.077380281717,b5,85.0,85.0,0.5906821471978247,0.0013921568463667,1125,21537.266186091787,40.38501305333329
5.01,12.11,0.0834999999999999,42.818625166666614,60.6711,42.181374833333386,30309.9699401198,b5,85.0,85.0,0.4137076454411523,0.0009823529296193,1126,30294.720994981577,42.6153462945833
5.01,12.1,0.0834999999999999,42.902125166666615,60.620999999999995,42.097874833333385,30249.9699401198,b5,85.0,85.0,0.4140495525578882,0.0009823529296193,1127,30286.131445676816,42.579234837083305
5.01,12.1,0.0834999999999999,42.985625166666615,60.620999999999995,42.014374833333385,30189.9699401198,b5,85.0,85.0,0.4140495525578882,0.0009823529296193,1128,30284.031445676814,42.58215733708331
5.01,12.1,0.0834999999999999,43.069125166666616,60.620999999999995,41.930874833333384,30129.96994011979,b5,85.0,85.0,0.4140495525578882,0.0009823529296193,1129,30173.439384031975,42.63061670791665
9.22,11.97,0.1536666666666666,43.22279183333328,110.3634,41.77720816666672,16312.1420173536,b5,85.0,85.0,0.7702589164361808,0.0018078431159861,1130,16911.031284685276,42.03887761666657
9.22,11.97,0.1536666666666666,43.37645849999995,110.3634,41.62354150000005,16252.142017353595,b5,85.0,85.0,0.7702589164361808,0.0018078431159861,1131,16707.705844398923,42.53009991749991
9.22,11.97,0.1536666666666666,43.530125166666615,110.3634,41.469874833333385,16192.1420173536,b5,85.0,85.0,0.7702589164361808,0.0018078431159861,1132,16897.08617742907,42.8885305399999
22.24,11.95,0.3706666666666666,43.90079183333328,265.768,41.09920816666672,6652.749523381304,b5,85.0,85.0,1.8610877103692296,0.0043607842624221,1133,7659.181112756674,36.76504697916671
22.24,11.64,0.3706666666666666,44.271458499999945,258.8736,40.728541500000055,6592.749523381304,b5,85.0,85.0,1.9106527568167733,0.0043607842624221,1134,6795.508427378157,40.96145063375004
22.24,11.62,0.3706666666666666,44.64212516666661,258.42879999999997,40.35787483333339,6532.749523381305,b5,85.0,85.0,1.913941315495584,0.0043607842624221,1135,6620.683245826065,42.22962824750005
22.24,11.61,0.3706666666666666,45.012791833333274,258.2064,39.987208166666726,6472.749523381305,b5,85.0,85.0,1.915589843618446,0.0043607842624221,1136,6557.768723097758,42.579009808750044
22.24,11.6,0.3706666666666666,45.38345849999994,257.984,39.61654150000006,6412.749523381305,b5,85.0,85.0,1.9172412140309296,0.0043607842624221,1137,6502.674575695385,42.38656917291668
1.58,11.6,0.0263333333333333,45.40979183333327,18.328,39.59020816666673,90205.53759493685,b5,85.0,85.0,0.1362068848097513,0.0003098039179238,1138,90108.0375949368,45.452583500000074
1.58,11.6,0.0263333333333333,45.436125166666606,18.328,39.563874833333394,90145.53759493685,b5,85.0,85.0,0.1362068848097513,0.0003098039179238,1139,90094.38759493681,45.4585743333334
1.58,11.6,0.0263333333333333,45.46245849999994,18.328,39.53754150000006,90085.53759493685,b5,85.0,85.0,0.1362068848097513,0.0003098039179238,1140,90055.68759493681,45.47555933333336
1.58,11.6,0.0263333333333333,45.48879183333327,18.328,39.51120816666673,90025.53759493683,b5,85.0,85.0,0.1362068848097513,0.0003098039179238,1141,90012.18759493681,45.49465099999998
1.58,11.6,0.0263333333333333,45.51512516666661,18.328,39.48487483333339,89965.53759493685,b5,85.0,85.0,0.1362068848097513,0.0003098039179238,1142,89984.43759493681,45.50683016666663
1.58,11.6,0.0263333333333333,45.54145849999994,18.328,39.45854150000006,89905.53759493683,b5,85.0,85.0,0.1362068848097513,0.0003098039179238,1143,89948.5875949368,45.522564333333264
1.58,11.6,0.0263333333333333,45.567791833333274,18.328,39.432208166666726,89845.53759493685,b5,85.0,85.0,0.1362068848097513,0.0003098039179238,1144,89896.5375949368,45.5454084999999
1.58,11.6,0.0263333333333333,45.59412516666661,18.328,39.40587483333339,89785.53759493683,b5,85.0,85.0,0.1362068848097513,0.0003098039179238,1145,89747.5875949368,45.61078099999984
1.58,11.6,0.0263333333333333,45.62045849999994,18.328,39.37954150000006,89725.53759493683,b5,85.0,85.0,0.1362068848097513,0.0003098039179238,1146,89687.13759493681,45.63731183333317
1.58,11.6,0.0263333333333333,45.646791833333275,18.328,39.353208166666725,89665.53759493685,b5,85.0,85.0,0.1362068848097513,0.0003098039179238,1147,89661.93759493681,45.64837183333319
1.58,11.6,0.0263333333333333,45.67312516666661,18.328,39.32687483333339,89605.53759493683,b5,85.0,85.0,0.1362068848097513,0.0003098039179238,1148,89609.88759493681,45.671215999999994
1.58,11.6,0.0263333333333333,45.69945849999994,18.328,39.30054150000006,89545.53759493685,b5,85.0,85.0,0.1362068848097513,0.0003098039179238,1149,89586.93759493681,45.68128850000001
1.58,11.6,0.0263333333333333,45.725791833333275,18.328,39.274208166666725,89485.53759493683,b5,85.0,85.0,0.1362068848097513,0.0003098039179238,1150,89541.3375949368,45.70130183333331
1.58,11.6,0.0263333333333333,45.75212516666661,18.328,39.24787483333339,89425.53759493683,b5,85.0,85.0,0.1362068848097513,0.0003098039179238,1151,89519.5875949368,45.71084766666663
18.4,11.68,0.3066666666666666,45.69012516666661,214.912,39.30987483333339,7691.062467391317,b5,85.0,85.0,1.575342330878225,0.0036078430948096,1152,7556.160979557939,44.64354221666661
18.4,11.67,0.3066666666666666,45.99679183333327,214.728,39.00320816666673,7631.062467391317,b5,85.0,85.0,1.5766922385010935,0.0036078430948096,1153,7506.1026945359945,44.80077680333327
24.72,11.52,0.412,46.40879183333327,284.77439999999996,38.59120816666673,5620.078859223311,b5,85.0,85.0,2.145833147063095,0.0048470587665051,1154,5704.509324300912,46.87413472000003
24.72,11.5,0.412,46.82079183333327,284.28,38.17920816666673,5560.07885922331,b5,85.0,85.0,2.149565030472606,0.0048470587665051,1155,5543.70766678575,47.21961398875003
24.72,11.49,0.412,47.232791833333266,284.0328,37.767208166666734,5500.078859223311,b5,85.0,85.0,2.151435844087394,0.0048470587665051,1156,5511.425918630857,47.43565752791665
24.72,11.48,0.412,47.644791833333265,283.7856,37.355208166666735,5440.07885922331,b5,85.0,85.0,2.1533099169590666,0.0048470587665051,1157,5479.681015334367,48.30318825583331
24.72,11.47,0.412,48.056791833333264,283.5384,36.943208166666736,5380.078859223311,b5,85.0,85.0,2.1551872576122704,0.0048470587665051,1158,5442.752537874732,48.8590240858333
1.58,11.47,0.0263333333333333,48.0831251666666,18.1226,36.9168748333334,84114.39835443054,b5,85.0,85.0,0.1377506418700399,0.0003098039179238,1159,84053.6483544302,48.109787666666605
1.58,11.47,0.0263333333333333,48.10945849999993,18.1226,36.89054150000007,84054.39835443054,b5,85.0,85.0,0.1377506418700399,0.0003098039179238,1160,84042.6983544302,48.11459349999995
1.58,11.47,0.0263333333333333,48.135791833333265,18.1226,36.864208166666735,83994.39835443054,b5,85.0,85.0,0.1377506418700399,0.0003098039179238,1161,84013.8983544302,48.127233499999946
1.58,11.47,0.0263333333333333,48.1621251666666,18.1226,36.8378748333334,83934.39835443052,b5,85.0,85.0,0.1377506418700399,0.0003098039179238,1162,83935.1483544302,48.16179599999994
1.58,11.47,0.0263333333333333,48.18845849999993,18.1226,36.81154150000007,83874.39835443054,b5,85.0,85.0,0.1377506418700399,0.0003098039179238,1163,83870.4983544302,48.1901701666666
1.58,11.47,0.0263333333333333,48.214791833333265,18.1226,36.785208166666735,83814.39835443052,b5,85.0,85.0,0.1377506418700399,0.0003098039179238,1164,83817.2483544302,48.21354099999992
1.58,11.47,0.0263333333333333,48.2411251666666,18.1226,36.7588748333334,83754.39835443054,b5,85.0,85.0,0.1377506418700399,0.0003098039179238,1165,83763.5483544302,48.237109333333244
1.58,11.47,0.0263333333333333,48.26745849999993,18.1226,36.73254150000007,83694.39835443054,b5,85.0,85.0,0.1377506418700399,0.0003098039179238,1166,83702.1983544302,48.26403516666658
1.58,11.47,0.0263333333333333,48.293791833333266,18.1226,36.706208166666734,83634.39835443052,b5,85.0,85.0,0.1377506418700399,0.0003098039179238,1167,83618.0483544302,48.300967666666686
1.58,11.47,0.0263333333333333,48.3201251666666,18.1226,36.6798748333334,83574.39835443054,b5,85.0,85.0,0.1377506418700399,0.0003098039179238,1168,83575.2983544302,48.3197301666667
1.58,11.47,0.0263333333333333,48.34645849999993,18.1226,36.65354150000007,83514.39835443052,b5,85.0,85.0,0.1377506418700399,0.0003098039179238,1169,83507.0483544302,48.34968433333335
1.58,11.47,0.0263333333333333,48.37279183333327,18.1226,36.62720816666673,83454.39835443054,b5,85.0,85.0,0.1377506418700399,0.0003098039179238,1170,83461.8983544302,48.36950016666667
1.58,11.47,0.0263333333333333,48.3991251666666,18.1226,36.6008748333334,83394.39835443052,b5,85.0,85.0,0.1377506418700399,0.0003098039179238,1171,83400.2483544302,48.39655766666663
1.58,11.47,0.0263333333333333,48.425458499999934,18.1226,36.574541500000066,83334.39835443052,b5,85.0,85.0,0.1377506418700399,0.0003098039179238,1172,83344.4483544302,48.42104766666661
1.58,11.47,0.0263333333333333,48.45179183333327,18.1226,36.54820816666673,83274.39835443054,b5,85.0,85.0,0.1377506418700399,0.0003098039179238,1173,83272.2983544302,48.45271349999991
1.58,11.47,0.0263333333333333,48.4781251666666,18.1226,36.5218748333334,83214.39835443052,b5,85.0,85.0,0.1377506418700399,0.0003098039179238,1174,83206.4483544302,48.48161433333321
1.58,11.47,0.0263333333333333,48.504458499999934,18.1226,36.495541500000066,83154.39835443054,b5,85.0,85.0,0.1377506418700399,0.0003098039179238,1175,83166.3983544302,48.4991918333332
1.58,11.47,0.0263333333333333,48.53079183333327,18.1226,36.46920816666673,83094.39835443052,b5,85.0,85.0,0.1377506418700399,0.0003098039179238,1176,83087.7983544302,48.53368849999989
1.58,11.47,0.0263333333333333,48.5571251666666,18.1226,36.4428748333334,83034.39835443052,b5,85.0,85.0,0.1377506418700399,0.0003098039179238,1177,83033.4983544302,48.557520166666635
1.58,11.47,0.0263333333333333,48.583458499999935,18.1226,36.416541500000065,82974.39835443052,b5,85.0,85.0,0.1377506418700399,0.0003098039179238,1178,82964.3483544302,48.5878693333333
1.58,11.47,0.0263333333333333,48.60979183333327,18.1226,36.39020816666673,82914.39835443052,b5,85.0,85.0,0.1377506418700399,0.0003098039179238,1179,82920.5483544302,48.60709266666664
1.58,11.47,0.0263333333333333,48.6361251666666,18.1226,36.3638748333334,82854.39835443052,b5,85.0,85.0,0.1377506418700399,0.0003098039179238,1180,82888.4483544302,48.62118099999994
1.58,11.47,0.0263333333333333,48.662458499999936,18.1226,36.337541500000064,82794.39835443052,b5,85.0,85.0,0.1377506418700399,0.0003098039179238,1181,82804.1483544302,48.6581793333333
1.58,11.47,0.0263333333333333,48.68879183333327,18.1226,36.31120816666673,82734.39835443052,b5,85.0,85.0,0.1377506418700399,0.0003098039179238,1182,82708.7483544302,48.70004933333331
1.58,11.47,0.0263333333333333,48.7151251666666,18.1226,36.2848748333334,82674.39835443052,b5,85.0,85.0,0.1377506418700399,0.0003098039179238,1183,82667.7983544302,48.71802183333329
1.58,11.47,0.0263333333333333,48.741458499999936,18.1226,36.258541500000064,82614.39835443052,b5,85.0,85.0,0.1377506418700399,0.0003098039179238,1184,82614.0983544302,48.741590166666576
1.58,11.47,0.0263333333333333,48.76779183333327,18.1226,36.23220816666673,82554.39835443052,b5,85.0,85.0,0.1377506418700399,0.0003098039179238,1185,82555.1483544302,48.76746266666655
1.58,11.47,0.0263333333333333,48.7941251666666,18.1226,36.2058748333334,82494.39835443052,b5,85.0,85.0,0.1377506418700399,0.0003098039179238,1186,82496.3483544302,48.79326933333327
1.58,11.47,0.0263333333333333,48.82045849999994,18.1226,36.17954150000006,82434.39835443052,b5,85.0,85.0,0.1377506418700399,0.0003098039179238,1187,82432.7483544302,48.82118266666667
1.58,11.47,0.0263333333333333,48.84679183333327,18.1226,36.15320816666673,82374.39835443052,b5,85.0,85.0,0.1377506418700399,0.0003098039179238,1188,82389.8483544302,48.84001100000005
1.58,11.47,0.0263333333333333,48.87312516666661,18.1226,36.12687483333339,82314.39835443051,b5,85.0,85.0,0.1377506418700399,0.0003098039179238,1189,82303.8983544302,48.87773350000003
1.58,11.47,0.0263333333333333,48.89945849999994,18.1226,36.10054150000006,82254.39835443052,b5,85.0,85.0,0.1377506418700399,0.0003098039179238,1190,82257.5483544302,48.89807599999999
1.58,11.47,0.0263333333333333,48.92579183333327,18.1226,36.07420816666673,82194.39835443052,b5,85.0,85.0,0.1377506418700399,0.0003098039179238,1191,82196.6483544302,48.924804333333284
1.58,11.47,0.0263333333333333,48.952125166666605,18.1226,36.047874833333395,82134.39835443052,b5,85.0,85.0,0.1377506418700399,0.0003098039179238,1192,82136.0483544302,48.951400999999905
1.58,11.47,0.0263333333333333,48.97845849999994,18.1226,36.02154150000006,82074.39835443052,b5,85.0,85.0,0.1377506418700399,0.0003098039179238,1193,82072.8983544302,48.97911683333321
1.58,11.47,0.0263333333333333,49.00479183333327,18.1226,35.99520816666673,82014.39835443051,b5,85.0,85.0,0.1377506418700399,0.0003098039179238,1194,82004.1983544302,49.00926849999987
1.58,11.47,0.0263333333333333,49.031125166666605,18.1226,35.968874833333395,81954.39835443051,b5,85.0,85.0,0.1377506418700399,0.0003098039179238,1195,81937.1483544302,49.038695999999845
1.58,11.47,0.0263333333333333,49.05745849999994,18.1226,35.94254150000006,81894.39835443052,b5,85.0,85.0,0.1377506418700399,0.0003098039179238,1196,81912.5483544302,49.049492666666545
1.58,11.47,0.0263333333333333,49.08379183333327,18.1226,35.91620816666673,81834.39835443052,b5,85.0,85.0,0.1377506418700399,0.0003098039179238,1197,81855.8483544302,49.0743776666666
1.58,11.47,0.0263333333333333,49.110125166666606,18.1226,35.889874833333394,81774.39835443052,b5,85.0,85.0,0.1377506418700399,0.0003098039179238,1198,81780.0983544302,49.10762349999994
1.58,11.47,0.0263333333333333,49.13645849999994,18.1226,35.86354150000006,81714.39835443051,b5,85.0,85.0,0.1377506418700399,0.0003098039179238,1199,81692.1983544302,49.14620183333328
1.58,11.47,0.0263333333333333,49.16279183333327,18.1226,35.83720816666673,81654.39835443051,b5,85.0,85.0,0.1377506418700399,0.0003098039179238,1200,81653.0483544302,49.16338433333329
1.58,11.47,0.0263333333333333,49.18912516666661,18.1226,35.81087483333339,81594.39835443051,b5,85.0,85.0,0.1377506418700399,0.0003098039179238,1201,81597.6983544302,49.18767683333336
1.58,11.47,0.0263333333333333,49.21545849999994,18.1226,35.78454150000006,81534.39835443051,b5,85.0,85.0,0.1377506418700399,0.0003098039179238,1202,81532.7483544302,49.21618266666664
1.58,11.47,0.0263333333333333,49.241791833333274,18.1226,35.758208166666726,81474.39835443052,b5,85.0,85.0,0.1377506418700399,0.0003098039179238,1203,81492.6983544302,49.23376016666661
1.58,11.47,0.0263333333333333,49.26812516666661,18.1226,35.73187483333339,81414.39835443051,b5,85.0,85.0,0.1377506418700399,0.0003098039179238,1204,81433.1483544302,49.259895999999934
1.58,11.47,0.0263333333333333,49.29445849999994,18.1226,35.70554150000006,81354.39835443051,b5,85.0,85.0,0.1377506418700399,0.0003098039179238,1205,81355.59835443021,49.29393183333329
1.58,11.47,0.0263333333333333,49.320791833333274,18.1226,35.679208166666726,81294.39835443051,b5,85.0,85.0,0.1377506418700399,0.0003098039179238,1206,81293.6483544302,49.32112100000003
1.58,11.47,0.0263333333333333,49.34712516666661,18.1226,35.65287483333339,81234.39835443051,b5,85.0,85.0,0.1377506418700399,0.0003098039179238,1207,81238.59835443021,49.3452818333334
1.58,11.47,0.0263333333333333,49.37345849999994,18.1226,35.62654150000006,81174.39835443051,b5,85.0,85.0,0.1377506418700399,0.0003098039179238,1208,81178.29835443021,49.371746833333376
1.58,11.47,0.0263333333333333,49.399791833333275,18.1226,35.600208166666725,81114.39835443051,b5,85.0,85.0,0.1377506418700399,0.0003098039179238,1209,81113.79835443021,49.40005516666667
1.58,11.47,0.0263333333333333,49.42612516666661,18.1226,35.57387483333339,81054.39835443051,b5,85.0,85.0,0.1377506418700399,0.0003098039179238,1210,81052.29835443021,49.427046833333286
1.58,11.47,0.0263333333333333,49.45245849999994,18.1226,35.54754150000006,80994.39835443051,b5,85.0,85.0,0.1377506418700399,0.0003098039179238,1211,81001.74835443021,49.44923266666661
1.58,11.47,0.0263333333333333,49.478791833333275,18.1226,35.521208166666725,80934.39835443051,b5,85.0,85.0,0.1377506418700399,0.0003098039179238,1212,80975.04835443021,49.46095099999993
1.58,11.47,0.0263333333333333,49.50512516666661,18.1226,35.49487483333339,80874.39835443051,b5,85.0,85.0,0.1377506418700399,0.0003098039179238,1213,80887.8983544302,49.499200166666554
1.58,11.47,0.0263333333333333,49.53145849999994,18.1226,35.46854150000006,80814.39835443051,b5,85.0,85.0,0.1377506418700399,0.0003098039179238,1214,80808.99835443021,49.53382849999989
1.58,11.47,0.0263333333333333,49.55779183333328,18.1226,35.442208166666724,80754.39835443051,b5,85.0,85.0,0.1377506418700399,0.0003098039179238,1215,80736.24835443021,49.565757666666585
1.58,11.47,0.0263333333333333,49.58412516666661,18.1226,35.41587483333339,80694.39835443051,b5,85.0,85.0,0.1377506418700399,0.0003098039179238,1216,80669.9483544302,49.59485599999999
1.58,11.47,0.0263333333333333,49.61045849999994,18.1226,35.38954150000006,80634.39835443051,b5,85.0,85.0,0.1377506418700399,0.0003098039179238,1217,80623.59835443021,49.61519849999999
1.58,11.47,0.0263333333333333,49.63679183333328,18.1226,35.36320816666672,80574.39835443051,b5,85.0,85.0,0.1377506418700399,0.0003098039179238,1218,80575.8983544302,49.63613349999995
1.58,11.47,0.0263333333333333,49.66312516666661,18.1226,35.33687483333339,80514.39835443051,b5,85.0,85.0,0.1377506418700399,0.0003098039179238,1219,80524.29835443021,49.658780166666595
1.58,11.47,0.0263333333333333,49.689458499999944,18.1226,35.310541500000056,80454.39835443051,b5,85.0,85.0,0.1377506418700399,0.0003098039179238,1220,80510.79835443021,49.664705166666565
5.05,11.97,0.0841666666666666,49.77362516666661,60.4485,35.22637483333339,25111.871168316873,b5,85.0,85.0,0.4218880182215523,0.000990196066782,1221,24834.02775561764,49.65173192041658
5.05,12.0,0.0841666666666666,49.85779183333328,60.599999999999994,35.14220816666672,25051.87116831687,b5,85.0,85.0,0.4208332982638918,0.000990196066782,1222,24859.373699159227,49.096825657083265
5.05,12.0,0.0841666666666666,49.94195849999995,60.599999999999994,35.05804150000005,24991.87116831687,b5,85.0,85.0,0.4208332982638918,0.000990196066782,1223,24854.873699159227,49.103138157083265
5.05,12.0,0.0841666666666666,50.02612516666662,60.599999999999994,34.97387483333338,24931.871168316866,b5,85.0,85.0,0.4208332982638918,0.000990196066782,1224,24850.773157167685,49.31380055833331
17.11,11.7,0.2851666666666667,50.311291833333286,200.187,34.688708166666714,7298.61773232029,b5,85.0,85.0,1.4623930374023046,0.0033549019213148,1225,7303.216514598371,49.265121714583366
17.11,11.7,0.2851666666666667,50.596458499999954,200.187,34.403541500000046,7238.61773232029,b5,85.0,85.0,1.4623930374023046,0.0033549019213148,1226,7295.171532254936,49.442207757083345
17.11,11.7,0.2851666666666667,50.88162516666662,200.187,34.11837483333338,7178.61773232029,b5,85.0,85.0,1.4623930374023046,0.0033549019213148,1227,7281.501977147105,49.040785672083345
25.0,11.54,0.4166666666666667,51.29829183333329,288.5,33.70170816666671,4853.045976000007,b5,85.0,85.0,2.166377628563464,0.0049019607266436,1228,5022.988815319486,50.764276190833336
25.0,11.51,0.4166666666666667,51.71495849999995,287.75,33.28504150000005,4793.045976000007,b5,85.0,85.0,2.1720241379648884,0.0049019607266436,1229,4812.877325661597,51.93595661249999
25.0,11.5,0.4166666666666667,52.131625166666616,287.5,32.868374833333384,4733.045976000008,b5,85.0,85.0,2.1739128544423605,0.0049019607266436,1230,4776.225339464441,52.098762134583325
25.0,11.49,0.4166666666666667,52.54829183333328,287.25,32.45170816666672,4673.045976000008,b5,85.0,85.0,2.1758048585026235,0.0049019607266436,1231,4743.700975808103,52.20998921291663
18.22,11.71,0.3036666666666666,52.851958499999945,213.3562,32.148041500000055,6351.973073545566,b5,85.0,85.0,1.5559349653343324,0.0035725489775778,1232,6551.125376029345,50.2051423354167
18.22,11.68,0.3036666666666666,53.15562516666661,212.8096,31.84437483333339,6291.973073545566,b5,85.0,85.0,1.559931373293547,0.0035725489775778,1233,6447.965726826268,50.39113462625003
18.92,11.64,0.3153333333333333,53.470958499999945,220.22880000000004,31.529041500000055,5999.183372093033,b5,85.0,85.0,1.6254294136229028,0.0037098038779238,1234,5992.750132408763,53.38138847999996
18.92,11.62,0.3153333333333333,53.78629183333328,219.8504,31.21370816666672,5939.183372093033,b5,85.0,85.0,1.6282270543694448,0.0037098038779238,1235,5939.0362742553325,53.94453452416663
1.58,11.62,0.0263333333333333,53.81262516666661,18.3596,31.187374833333383,71059.84139240519,b5,85.0,85.0,0.1359724495720783,0.0003098039179238,1236,70988.1413924053,53.84409349999998
1.58,11.62,0.0263333333333333,53.83895849999995,18.3596,31.161041500000053,70999.84139240519,b5,85.0,85.0,0.1359724495720783,0.0003098039179238,1237,70975.0913924053,53.849820999999984
1.58,11.62,0.0263333333333333,53.86529183333328,18.3596,31.13470816666672,70939.84139240519,b5,85.0,85.0,0.1359724495720783,0.0003098039179238,1238,70942.2413924053,53.864238500000035
1.58,11.62,0.0263333333333333,53.891625166666614,18.3596,31.108374833333382,70879.84139240517,b5,85.0,85.0,0.1359724495720783,0.0003098039179238,1239,70901.2913924053,53.882211000000034
1.58,11.62,0.0263333333333333,53.91795849999995,18.3596,31.082041500000052,70819.84139240517,b5,85.0,85.0,0.1359724495720783,0.0003098039179238,1240,70881.4913924053,53.89090100000005
19.01,11.6,0.3168333333333333,54.23479183333328,220.516,30.765208166666717,5826.1309521304665,b5,85.0,85.0,1.6387929621730208,0.0037274509365397,1241,5805.131346568599,54.4801598354166
19.01,11.6,0.3168333333333333,54.55162516666662,220.516,30.448374833333386,5766.1309521304665,b5,85.0,85.0,1.6387929621730208,0.0037274509365397,1242,5796.366665580477,54.6142946279166
19.01,11.58,0.3168333333333333,54.86845849999995,220.1358,30.131541500000047,5706.130952130466,b5,85.0,85.0,1.6416233470100738,0.0037274509365397,1243,5756.812911197612,54.94065577249989
19.01,11.56,0.3168333333333333,55.18529183333329,219.7556,29.814708166666712,5646.130952130466,b5,85.0,85.0,1.6444635255654392,0.0037274509365397,1244,5714.462502138753,54.53882868583328
9.91,11.79,0.1651666666666666,55.35045849999995,116.8389,29.649541500000048,10770.771886982862,b5,85.0,85.0,0.8405427616163902,0.0019431372320415,1245,10626.205960217098,54.91324774041661
9.91,11.8,0.1651666666666666,55.51562516666662,116.938,29.484374833333383,10710.771886982862,b5,85.0,85.0,0.8398304373025053,0.0019431372320415,1246,10611.28556539208,55.02649107541661
9.91,11.79,0.1651666666666666,55.68079183333328,116.8389,29.31920816666672,10650.771886982864,b5,85.0,85.0,0.8405427616163902,0.0019431372320415,1247,10569.544184189894,55.199926493749935
9.91,11.79,0.1651666666666666,55.845958499999945,116.8389,29.154041500000055,10590.771886982864,b5,85.0,85.0,0.8405427616163902,0.0019431372320415,1248,10481.600584778767,55.480945670416595
9.91,11.79,0.1651666666666666,56.01112516666661,116.8389,28.98887483333339,10530.771886982866,b5,85.0,85.0,0.8405427616163902,0.0019431372320415,1249,10416.169393771526,55.75459692541656
9.91,11.78,0.1651666666666666,56.17629183333327,116.7398,28.823708166666727,10470.771886982866,b5,85.0,85.0,0.8412562953093129,0.0019431372320415,1250,10379.61688733543,55.44609796458327
17.31,11.57,0.2885,56.46479183333327,200.2767,28.535208166666727,5934.532027729649,b5,85.0,85.0,1.4961105016326273,0.003394117607128,1251,5903.487883343121,56.11428359208324
17.31,11.56,0.2885,56.75329183333327,200.1036,28.24670816666673,5874.53202772965,b5,85.0,85.0,1.4974047147573777,0.003394117607128,1252,5873.945885582927,56.16471963458325
17.31,11.54,0.2885,57.04179183333327,199.75739999999996,27.95820816666673,5814.53202772965,b5,85.0,85.0,1.4999998700173425,0.003394117607128,1253,5811.584188148208,56.12311942208327
17.31,11.53,0.2885,57.33029183333327,199.5843,27.66970816666673,5754.53202772965,b5,85.0,85.0,1.5013008238247334,0.003394117607128,1254,5799.769412114539,56.27589181833326
17.31,11.52,0.2885,57.61879183333327,199.4112,27.38120816666673,5694.53202772965,b5,85.0,85.0,1.5026040362322886,0.003394117607128,1255,5725.295161826486,56.891567129583244
24.79,11.31,0.4131666666666666,58.03195849999994,280.3749,26.968041500000066,3916.29485276322,b5,85.0,85.0,2.191865411859822,0.0048607842565397,1256,4001.6471402135394,56.935082829166596
24.79,11.29,0.4131666666666666,58.44512516666661,279.8791,26.554874833333393,3856.29485276322,b5,85.0,85.0,2.1957482554695966,0.0048607842565397,1257,3869.3753177299977,56.44712032916663
24.79,11.27,0.4131666666666666,58.85829183333328,279.38329999999996,26.141708166666724,3796.29485276322,b5,85.0,85.0,2.199644880244465,0.0048607842565397,1258,3812.568134269957,56.567731058749985
24.79,11.26,0.4131666666666666,59.271458499999945,279.1354,25.728541500000055,3736.2948527632193,b5,85.0,85.0,2.2015983835170174,0.0048607842565397,1259,3796.475833413072,56.38235876624997
24.79,11.23,0.4131666666666666,59.68462516666661,278.3917,25.315374833333387,3676.294852763219,b5,85.0,85.0,2.207479767811241,0.0048607842565397,1260,3738.4356440609135,55.54826792958333
24.79,11.21,0.4131666666666666,60.09779183333328,277.8959,24.90220816666672,3616.294852763219,b5,85.0,85.0,2.2114181791776826,0.0048607842565397,1261,3740.180458420329,55.37575521875
1.59,11.21,0.0265,60.12429183333328,17.823900000000002,24.87570816666672,56322.358113207665,b5,85.0,85.0,0.14183763230708,0.0003117647022145,1262,56034.719610312764,60.23717995750017
1.59,11.21,0.0265,60.15079183333328,17.823900000000002,24.84920816666672,56262.35811320767,b5,85.0,85.0,0.14183763230708,0.0003117647022145,1263,56034.719610312764,60.23717995750017
1.59,11.21,0.0265,60.17729183333328,17.823900000000002,24.82270816666672,56202.35811320767,b5,85.0,85.0,0.14183763230708,0.0003117647022145,1264,55987.31961031278,60.25811495750014
1.59,11.21,0.0265,60.20379183333328,17.823900000000002,24.796208166666723,56142.35811320768,b5,85.0,85.0,0.14183763230708,0.0003117647022145,1265,55913.36961031277,60.290776207500095
1.59,11.21,0.0265,60.23029183333328,17.823900000000002,24.769708166666724,56082.35811320767,b5,85.0,85.0,0.14183763230708,0.0003117647022145,1266,55894.019610312775,60.29932245750008
1.59,11.21,0.0265,60.256791833333274,17.823900000000002,24.74320816666673,56022.35811320767,b5,85.0,85.0,0.14183763230708,0.0003117647022145,1267,55849.769610312775,60.318866207500065
1.59,11.21,0.0265,60.28329183333327,17.823900000000002,24.716708166666727,55962.35811320768,b5,85.0,85.0,0.14183763230708,0.0003117647022145,1268,55828.61961031277,60.328207457500056
5.09,11.92,0.0848333333333333,60.36812516666661,60.672799999999995,24.63187483333339,17421.365304518706,b5,85.0,85.0,0.4270133869955212,0.0009980392039446,1269,17069.689013710216,60.34274774874984
5.09,11.86,0.0848333333333333,60.452958499999944,60.3674,24.547041500000056,17361.365304518702,b5,85.0,85.0,0.4291736568993544,0.0009980392039446,1270,17267.57455798764,59.46973233374988
5.09,11.86,0.0848333333333333,60.53779183333328,60.3674,24.46220816666672,17301.365304518702,b5,85.0,85.0,0.4291736568993544,0.0009980392039446,1271,17258.569278125196,59.47194087624989
5.09,11.86,0.0848333333333333,60.622625166666616,60.3674,24.377374833333384,17241.3653045187,b5,85.0,85.0,0.4291736568993544,0.0009980392039446,1272,17240.269278125194,59.49781504291659
17.11,11.47,0.2851666666666667,60.907791833333285,196.2517,24.092208166666715,5069.079450613686,b5,85.0,85.0,1.4917173939217616,0.0033549019213148,1273,5153.309395134786,61.41741870083329
17.11,11.45,0.2851666666666667,61.19295849999995,195.9095,23.807041500000047,5009.079450613686,b5,85.0,85.0,1.4943230135962435,0.0033549019213148,1274,5075.870643251808,61.97941120416661
17.11,11.44,0.2851666666666667,61.47812516666662,195.7384,23.521874833333374,4949.079450613685,b5,85.0,85.0,1.495629239892549,0.0033549019213148,1275,4993.260335670558,62.74227870583325
17.11,11.43,0.2851666666666667,61.76329183333329,195.5673,23.23670816666671,4889.079450613685,b5,85.0,85.0,1.496937751798972,0.0033549019213148,1276,4862.586674713325,62.8408149558332
17.11,11.42,0.2851666666666667,62.04845849999996,195.3962,22.95154150000004,4829.079450613685,b5,85.0,85.0,1.498248555319741,0.0033549019213148,1277,4797.9055757512115,62.646618185416564
18.66,11.37,0.311,62.35945849999996,212.1642,22.64054150000004,4367.950128617371,b5,85.0,85.0,1.6411608055267544,0.0036588234863667,1278,4406.067870599872,61.004097097916585
18.66,11.36,0.311,62.67045849999996,211.9776,22.32954150000004,4307.950128617372,b5,85.0,85.0,1.6426054892072637,0.0036588234863667,1279,4325.469024742443,61.96360064208333
18.66,11.35,0.311,62.98145849999996,211.791,22.01854150000004,4247.950128617371,b5,85.0,85.0,1.6440527185856637,0.0036588234863667,1280,4291.104206495176,62.519727205000024
18.66,11.34,0.311,63.29245849999996,211.6044,21.70754150000004,4187.950128617371,b5,85.0,85.0,1.645502500396605,0.0036588234863667,1281,4278.876773510891,62.16728053000003
18.66,11.32,0.311,63.60345849999996,211.2312,21.39654150000004,4127.950128617371,b5,85.0,85.0,1.6484097483736972,0.0036588234863667,1282,4214.869872170489,62.075700523333325
9.48,11.6,0.158,63.76145849999996,109.968,21.23854150000004,8065.268924050648,b5,85.0,85.0,0.817241308858508,0.0018588235075432,1283,7954.906061688254,59.68010888166661
9.48,11.6,0.158,63.91945849999996,109.968,21.08054150000004,8005.268924050648,b5,85.0,85.0,0.817241308858508,0.0018588235075432,1284,7953.191811298911,59.78513034083328
9.48,11.6,0.158,64.07745849999996,109.968,20.922541500000037,7945.268924050646,b5,85.0,85.0,0.817241308858508,0.0018588235075432,1285,7912.0712990503125,60.5868476366666
9.48,11.6,0.158,64.23545849999996,109.968,20.764541500000036,7885.268924050645,b5,85.0,85.0,0.817241308858508,0.0018588235075432,1286,7891.225128659638,60.85841295124992
9.48,11.59,0.158,64.39345849999997,109.8732,20.60654150000003,7825.268924050645,b5,85.0,85.0,0.8179464350348202,0.0018588235075432,1287,7823.230814641079,60.449661177500005
9.48,11.59,0.158,64.55145849999997,109.8732,20.448541500000033,7765.268924050645,b5,85.0,85.0,0.8179464350348202,0.0018588235075432,1288,7815.197191865527,60.451729197916656
5.14,11.75,0.0856666666666666,64.63712516666664,60.395,20.362874833333365,14261.935680933871,b5,85.0,85.0,0.4374467712811258,0.0010078431253979,1289,14238.627936533436,61.673422225
5.14,11.76,0.0856666666666666,64.7227918333333,60.4464,20.277208166666696,14201.935680933871,b5,85.0,85.0,0.4370747927657489,0.0010078431253979,1290,14200.67226146233,62.82765035583335
5.14,11.76,0.0856666666666666,64.80845849999997,60.4464,20.191541500000028,14141.935680933871,b5,85.0,85.0,0.4370747927657489,0.0010078431253979,1291,14200.67226146233,62.82765035583335
5.14,11.76,0.0856666666666666,64.89412516666664,60.4464,20.10587483333336,14081.935680933871,b5,85.0,85.0,0.4370747927657489,0.0010078431253979,1292,14164.11955720048,62.89423306333335
7.28,11.68,0.1213333333333333,65.01545849999998,85.0304,19.98454150000002,9882.465576923089,b5,85.0,85.0,0.6232876178692108,0.0014274509635986,1293,9861.09976018397,58.007745332499965
7.28,11.68,0.1213333333333333,65.13679183333332,85.0304,19.86320816666668,9822.465576923085,b5,85.0,85.0,0.6232876178692108,0.0014274509635986,1294,9818.458631126221,58.50671044124997
7.28,11.68,0.1213333333333333,65.25812516666666,85.0304,19.74187483333334,9762.46557692308,b5,85.0,85.0,0.6232876178692108,0.0014274509635986,1295,9787.93821264513,57.84162189708337
7.28,11.67,0.1213333333333333,65.3794585,84.9576,19.6205415,9702.465576923078,b5,85.0,85.0,0.6238217117547805,0.0014274509635986,1296,9726.127340070438,57.4544803341667
7.28,11.67,0.1213333333333333,65.50079183333334,84.9576,19.499208166666666,9642.465576923074,b5,85.0,85.0,0.6238217117547805,0.0014274509635986,1297,9726.291622159966,57.75709658583335
7.28,11.67,0.1213333333333333,65.62212516666668,84.9576,19.377874833333323,9582.465576923072,b5,85.0,85.0,0.6238217117547805,0.0014274509635986,1298,9679.038061121588,57.14320949583335
9.51,11.60109605788892,0.1585,65.78062516666668,110.3264235105236,19.21937483333332,7275.473123028385,b5,85.0,85.0,0.8197500592009147,0.0018647058604152,1299,7335.6043129685595,61.239986805000036
9.51,11.58541903835352,0.1585,65.93912516666668,110.17733505474196,19.060874833333315,7215.473123028385,b5,85.0,85.0,0.8208593187400333,0.0018647058604152,1300,7278.120477045097,61.463607536250045
9.51,11.57558919789692,0.1585,66.09762516666669,110.0838532719997,18.90237483333331,7155.473123028382,b5,85.0,85.0,0.821556381784127,0.0018647058604152,1301,7195.496887359448,62.786314000416716
9.51,11.57558919789692,0.1585,66.25612516666669,110.0838532719997,18.743874833333308,7095.473123028381,b5,85.0,85.0,0.821556381784127,0.0018647058604152,1302,7141.908522712191,62.87777858375005
5.72,11.71,0.0953333333333333,66.35145850000002,66.9812,18.64854149999998,11736.84430069929,b5,85.0,85.0,0.4884713502586378,0.001121568614256,1303,11622.490359770814,62.85128472999993
5.72,11.72,0.0953333333333333,66.44679183333335,67.0384,18.55320816666665,11676.844300699291,b5,85.0,85.0,0.4880545658656514,0.001121568614256,1304,11628.445861034263,63.83151202916663
5.72,11.72,0.0953333333333333,66.54212516666668,67.0384,18.45787483333332,11616.844300699291,b5,85.0,85.0,0.4880545658656514,0.001121568614256,1305,11608.645861034263,63.862495362500006
5.72,11.72,0.0953333333333333,66.63745850000001,67.0384,18.362541499999992,11556.844300699297,b5,85.0,85.0,0.4880545658656514,0.001121568614256,1306,11530.143193673484,63.96505702916666
5.72,11.72,0.0953333333333333,66.73279183333334,67.0384,18.267208166666663,11496.844300699298,b5,85.0,85.0,0.4880545658656514,0.001121568614256,1307,11489.299431533944,63.875893070000004
5.72,11.72,0.0953333333333333,66.82812516666667,67.0384,18.171874833333337,11436.844300699302,b5,85.0,85.0,0.4880545658656514,0.001121568614256,1308,11488.999431533945,63.876369736666675
11.81,11.51,0.1968333333333333,67.0249585,135.9331,17.975041500000003,5479.267519051652,b5,85.0,85.0,1.0260642027746132,0.0023156862472664,1309,5594.081478346311,65.6565138045834
11.81,11.5,0.1968333333333333,67.22179183333333,135.815,17.778208166666673,5419.267519051652,b5,85.0,85.0,1.0269564324385712,0.0023156862472664,1310,5515.133083463821,66.17732297458339
11.81,11.48,0.1968333333333333,67.41862516666666,135.5788,17.581374833333342,5359.267519051654,b5,85.0,85.0,1.028745554987321,0.0023156862472664,1311,5410.980641499638,66.13795766166675
11.81,11.48,0.1968333333333333,67.61545849999999,135.5788,17.38454150000001,5299.267519051655,b5,85.0,85.0,1.028745554987321,0.0023156862472664,1312,5360.61923361733,66.38142661916675
11.81,11.47,0.1968333333333333,67.81229183333332,135.4607,17.18770816666668,5239.267519051656,b5,85.0,85.0,1.0296424560032733,0.0023156862472664,1313,5315.703975886173,66.92984224500007
14.18,11.39,0.2363333333333333,68.04862516666665,161.5102,16.951374833333347,4303.593046544433,b5,85.0,85.0,1.2449516027259349,0.0027803921241522,1314,4243.03943447362,65.87203878291666
14.18,11.38,0.2363333333333333,68.28495849999999,161.3684,16.715041500000012,4243.593046544432,b5,85.0,85.0,1.246045584706012,0.0027803921241522,1315,4234.3178823404105,65.72017461625002
14.18,11.37,0.2363333333333333,68.52129183333332,161.2266,16.478708166666678,4183.593046544432,b5,85.0,85.0,1.2471414910165797,0.0027803921241522,1316,4228.652041247788,64.7819882475
14.18,11.36,0.2363333333333333,68.75762516666666,161.0848,16.242374833333344,4123.593046544432,b5,85.0,85.0,1.248239326739496,0.0027803921241522,1317,4210.655024247407,64.74802199583335
18.25,11.22,0.3041666666666666,69.06179183333332,204.765,15.938208166666683,3143.9753095890446,b5,85.0,85.0,1.6265595698253503,0.0035784313304498,1318,3343.0741709551266,66.64461737416669
18.25,11.2,0.3041666666666666,69.36595849999998,204.4,15.634041500000023,3083.9753095890455,b5,85.0,85.0,1.6294641402264165,0.0035784313304498,1319,3274.3026802177314,67.48392935041667
18.25,11.18,0.3041666666666666,69.67012516666664,204.035,15.329874833333363,3023.975309589047,b5,85.0,85.0,1.6323791026494543,0.0035784313304498,1320,3258.2151192982024,67.55778809875001
9.62,11.46,0.1603333333333333,69.83045849999996,110.2452,15.169541500000037,5676.751496881511,b5,85.0,85.0,0.8394414625269229,0.0018862744876124,1321,5567.4520466736485,69.50663277041676
9.62,11.46,0.1603333333333333,69.99079183333329,110.2452,15.00920816666671,5616.751496881513,b5,85.0,85.0,0.8394414625269229,0.0018862744876124,1322,5559.683007873172,69.57543735375009
9.62,11.45,0.1603333333333333,70.15112516666662,110.149,14.848874833333385,5556.751496881516,b5,85.0,85.0,0.8401745991113888,0.0018862744876124,1323,5455.206440387223,69.20023693541675
9.62,11.45,0.1603333333333333,70.31145849999994,110.149,14.688541500000056,5496.7514968815185,b5,85.0,85.0,0.8401745991113888,0.0018862744876124,1324,5436.807414061867,69.10188151708343
9.62,11.45,0.1603333333333333,70.47179183333327,110.149,14.52820816666673,5436.751496881521,b5,85.0,85.0,0.8401745991113888,0.0018862744876124,1325,5431.155187652406,69.23705078916674
9.62,11.44,0.1603333333333333,70.6321251666666,110.0528,14.367874833333405,5376.751496881523,b5,85.0,85.0,0.8409090174030579,0.0018862744876124,1326,5268.500180369576,69.84988349666675
1.61,11.44,0.0268333333333333,70.65895849999993,18.4184,14.341041500000074,32066.92509316786,b5,85.0,85.0,0.1407342534323205,0.0003156862707958,1327,31995.001529683897,70.54816454083337
1.61,11.44,0.0268333333333333,70.68579183333325,18.4184,14.314208166666743,32006.925093167876,b5,85.0,85.0,0.1407342534323205,0.0003156862707958,1328,31995.001529683897,70.54816454083337
1.61,11.44,0.0268333333333333,70.71262516666658,18.4184,14.287374833333416,31946.925093167887,b5,85.0,85.0,0.1407342534323205,0.0003156862707958,1329,31989.07143124038,70.7209776666667
1.6,11.44,0.0266666666666666,70.73929183333325,18.304,14.260708166666744,32086.593375000175,b5,85.0,85.0,0.1398601276346042,0.0003137254865051,1330,32029.54230342988,70.75094808333334
1.6,11.44,0.0266666666666666,70.76595849999993,18.304,14.234041500000076,32026.593375000164,b5,85.0,85.0,0.1398601276346042,0.0003137254865051,1331,32018.036498361947,70.75761599999998
1.6,11.44,0.0266666666666666,70.7926251666666,18.304,14.207374833333404,31966.593375000157,b5,85.0,85.0,0.1398601276346042,0.0003137254865051,1332,31980.319912453575,70.77895475
1.6,11.44,0.0266666666666666,70.81929183333327,18.304,14.180708166666731,31906.593375000142,b5,85.0,85.0,0.1398601276346042,0.0003137254865051,1333,31935.302497249773,70.8040239166667
1.6,11.44,0.0266666666666666,70.84595849999994,18.304,14.154041500000062,31846.59337500014,b5,85.0,85.0,0.1398601276346042,0.0003137254865051,1334,31844.500838658936,70.84482391666666
1.6,11.44,0.0266666666666666,70.87262516666661,18.304,14.127374833333391,31786.593375000128,b5,85.0,85.0,0.1398601276346042,0.0003137254865051,1335,31764.344204295587,70.88209141666661
1.6,11.44,0.0266666666666666,70.89929183333328,18.304,14.10070816666672,31726.59337500012,b5,85.0,85.0,0.1398601276346042,0.0003137254865051,1336,31719.54337500016,70.9024251666666
1.6,11.44,0.0266666666666666,70.92595849999995,18.304,14.07404150000005,31666.59337500011,b5,85.0,85.0,0.1398601276346042,0.0003137254865051,1337,31674.693375000163,70.92235849999993
1.6,11.44,0.0266666666666666,70.95262516666662,18.304,14.04737483333338,31606.593375000102,b5,85.0,85.0,0.1398601276346042,0.0003137254865051,1338,31606.283373417496,70.94455402041666
1.6,11.44,0.0266666666666666,70.97929183333329,18.304,14.020708166666708,31546.59337500009,b5,85.0,85.0,0.1398601276346042,0.0003137254865051,1339,31548.858169145366,70.96935902041668
1.6,11.44,0.0266666666666666,71.00595849999996,18.304,13.994041500000035,31486.593375000084,b5,85.0,85.0,0.1398601276346042,0.0003137254865051,1340,31514.51602584373,70.98310402041668
1.61,11.44,0.0268333333333333,71.03279183333329,18.4184,13.967208166666708,31231.02447204978,b5,85.0,85.0,0.1407342534323205,0.0003156862707958,1341,31331.52519942093,71.02981568708331
1.6,11.44,0.0266666666666666,71.05945849999996,18.304,13.940541500000036,31366.218375000084,b5,85.0,85.0,0.1398601276346042,0.0003137254865051,1342,31318.099467879816,71.06397735374996
1.6,11.44,0.0266666666666666,71.08612516666663,18.304,13.913874833333368,31306.218375000073,b5,85.0,85.0,0.1398601276346042,0.0003137254865051,1343,31295.81237642407,71.07518402041664
1.6,11.44,0.0266666666666666,71.1127918333333,18.304,13.887208166666696,31246.218375000062,b5,85.0,85.0,0.1398601276346042,0.0003137254865051,1344,31243.318756065742,71.10852516666661
1.6,11.44,0.0266666666666666,71.13945849999998,18.304,13.860541500000023,31186.218375000055,b5,85.0,85.0,0.1398601276346042,0.0003137254865051,1345,31189.736588396863,71.13485849999995
1.6,11.44,0.0266666666666666,71.16612516666665,18.304,13.833874833333354,31126.218375000048,b5,85.0,85.0,0.1398601276346042,0.0003137254865051,1346,31133.192405485363,71.16259183333327
1.6,11.44,0.0266666666666666,71.19279183333332,18.304,13.807208166666683,31066.218375000037,b5,85.0,85.0,0.1398601276346042,0.0003137254865051,1347,31083.018375000112,71.18532516666656
1.6,11.44,0.0266666666666666,71.21945849999999,18.304,13.780541500000012,31006.218375000022,b5,85.0,85.0,0.1398601276346042,0.0003137254865051,1348,31064.11837500011,71.19372516666654
16.48,11.43,0.2746666666666666,71.49412516666665,188.3664,13.505874833333351,2950.3124635922372,b5,85.0,85.0,1.441819646384983,0.0032313725110034,1349,3473.934967205207,71.06607754458328
16.48,11.44,0.2746666666666666,71.76879183333331,188.5312,13.23120816666669,2890.312463592238,b5,85.0,85.0,1.4405593146364235,0.0032313725110034,1350,3886.749738341954,69.8331368166667
16.48,11.42,0.2746666666666666,72.04345849999997,188.2016,12.956541500000029,2830.3124635922395,b5,85.0,85.0,1.443082185369336,0.0032313725110034,1351,3236.466628211848,71.54156317375
16.48,11.39,0.2746666666666666,72.31812516666663,187.7072,12.681874833333367,2770.3124635922404,b5,85.0,85.0,1.4468831038733008,0.0032313725110034,1352,2961.734562689145,71.44238689708325
8.03,11.65,0.1338333333333333,72.45195849999996,93.5495,12.54804150000004,5625.522963885448,b5,85.0,85.0,0.6892703271012595,0.0015745097853979,1353,5913.710499568698,70.48945234541652
8.03,11.64,0.1338333333333333,72.58579183333329,93.4692,12.414208166666713,5565.52296388545,b5,85.0,85.0,0.68986248368879,0.0015745097853979,1354,5815.40011513348,70.70219713791651
8.03,11.62,0.1338333333333333,72.71962516666662,93.30859999999998,12.280374833333385,5505.522963885453,b5,85.0,85.0,0.6910498544707526,0.0015745097853979,1355,5665.095776947493,71.39846234874982
8.03,11.61,0.1338333333333333,72.85345849999995,93.2283,12.146541500000057,5445.522963885455,b5,85.0,85.0,0.6916450739323795,0.0015745097853979,1356,5642.442762314741,71.20977286916647
8.03,11.6,0.1338333333333333,72.98729183333327,93.148,12.012708166666728,5385.522963885457,b5,85.0,85.0,0.692241319634369,0.0015745097853979,1357,5466.462207840293,71.73054401874982
8.03,11.59,0.1338333333333333,73.1211251666666,93.0677,11.878874833333398,5325.52296388546,b5,85.0,85.0,0.6928385942330807,0.0015745097853979,1358,5451.322746280152,71.93919860208315
14.28,11.39,0.238,73.3591251666666,162.6492,11.6408748333334,2934.674327731109,b5,85.0,85.0,1.2537312332106028,0.0027999999670588,1359,3056.0720613388035,71.61593002624987
14.28,11.32,0.238,73.5971251666666,161.6496,11.4028748333334,2874.6743277311093,b5,85.0,85.0,1.2614839875014143,0.0027999999670588,1360,2968.723983022662,69.99082749124995
14.28,11.29,0.238,73.8351251666666,161.22119999999998,11.1648748333334,2814.6743277311093,b5,85.0,85.0,1.2648360261438418,0.0027999999670588,1361,2905.8761578520875,69.4358535187499
14.28,11.25,0.238,74.0731251666666,160.65,10.9268748333334,2754.6743277311093,b5,85.0,85.0,1.2693332205037138,0.0027999999670588,1362,2813.9892794454922,69.98659852374986
14.28,11.21,0.238,74.3111251666666,160.0788,10.6888748333334,2694.6743277311098,b5,85.0,85.0,1.2738625090220776,0.0027999999670588,1363,2792.6893525361215,69.77399790291656
5.86,11.56,0.0976666666666666,74.40879183333327,67.7416,10.591208166666732,6506.544266211643,b5,85.0,85.0,0.5069203713736703,0.0011490195943252,1364,6488.299999255041,73.11295828583329
5.86,11.57,0.0976666666666666,74.50645849999994,67.8002,10.493541500000063,6446.544266211642,b5,85.0,85.0,0.5064822379877063,0.0011490195943252,1365,6461.097845278576,72.92241286916662
5.86,11.57,0.0976666666666666,74.6041251666666,67.8002,10.395874833333394,6386.544266211641,b5,85.0,85.0,0.5064822379877063,0.0011490195943252,1366,6452.697845278577,72.93608620249996
5.86,11.56,0.0976666666666666,74.70179183333327,67.7416,10.298208166666726,6326.54426621164,b5,85.0,85.0,0.5069203713736703,0.0011490195943252,1367,6465.347544496356,73.1789470358333
10.46,11.35,0.1743333333333333,74.87612516666661,118.721,10.123874833333389,3484.3163862332885,b5,85.0,85.0,0.921585821886712,0.0020509803680276,1368,3513.7356961514174,68.45694824083336
10.46,11.33,0.1743333333333333,75.05045849999995,118.5118,9.949541500000052,3424.316386233287,b5,85.0,85.0,0.9232126281365732,0.0020509803680276,1369,3430.9842899643945,67.55077489583331
10.46,11.31,0.1743333333333333,75.22479183333328,118.3026,9.775208166666715,3364.3163862332863,b5,85.0,85.0,0.924845187900514,0.0020509803680276,1370,3361.2300189869316,68.73399197250005
3.73,11.64,0.0621666666666666,75.28695849999995,43.4172,9.713041500000044,9374.517265415594,b5,85.0,85.0,0.3204467078654031,0.0007313725404152,1371,9240.760637911972,75.08973953916686
3.73,11.64,0.0621666666666666,75.34912516666662,43.4172,9.650874833333376,9314.51726541559,b5,85.0,85.0,0.3204467078654031,0.0007313725404152,1372,9240.760637911972,75.08973953916686
3.73,11.64,0.0621666666666666,75.4112918333333,43.4172,9.588708166666706,9254.517265415589,b5,85.0,85.0,0.3204467078654031,0.0007313725404152,1373,9230.654235912201,75.1372501650002
3.73,11.64,0.0621666666666666,75.47345849999996,43.4172,9.526541500000036,9194.517265415583,b5,85.0,85.0,0.3204467078654031,0.0007313725404152,1374,9180.554235912201,75.18915933166684
3.73,11.64,0.0621666666666666,75.53562516666663,43.4172,9.464374833333366,9134.51726541558,b5,85.0,85.0,0.3204467078654031,0.0007313725404152,1375,9132.483094016283,75.4189445408335
3.73,11.64,0.0621666666666666,75.5977918333333,43.4172,9.402208166666696,9074.517265415578,b5,85.0,85.0,0.3204467078654031,0.0007313725404152,1376,9126.933094016282,75.42469495750017
5.87,11.53,0.0978333333333333,75.69562516666663,67.6811,9.30437483333337,5706.260545144826,b5,85.0,85.0,0.5091066340757473,0.0011509803786159,1377,5952.206174503654,73.29200599500001
5.87,11.52,0.0978333333333333,75.79345849999996,67.6224,9.206541500000045,5646.260545144831,b5,85.0,85.0,0.5095485668794647,0.0011509803786159,1378,5764.1382328188665,74.32819943541669
5.87,11.51,0.0978333333333333,75.89129183333328,67.5637,9.108708166666716,5586.260545144834,b5,85.0,85.0,0.5099912675941558,0.0011509803786159,1379,5632.795325043696,74.67107276875005
5.29,11.53,0.0881666666666666,75.97945849999995,60.9937,9.02054150000005,6138.742797731603,b5,85.0,85.0,0.4588030824975644,0.0010372548897577,1380,6126.158562530858,75.91108047791658
5.29,11.53,0.0881666666666666,76.06762516666662,60.9937,8.932374833333384,6078.742797731603,b5,85.0,85.0,0.4588030824975644,0.0010372548897577,1381,6115.037118027791,75.94919027041655
5.29,11.52,0.0881666666666666,76.15579183333328,60.9408,8.844208166666718,6018.742797731604,b5,85.0,85.0,0.4592013490276607,0.0010372548897577,1382,6082.417125781218,75.87369527041653
7.54,11.41,0.1256666666666666,76.28145849999994,86.0314,8.718541500000057,4162.698859416473,b5,85.0,85.0,0.6608237808217545,0.0014784313551557,1383,4224.017812449856,75.62596411749988
7.54,11.4,0.1256666666666666,76.4071251666666,85.956,8.592874833333397,4102.698859416476,b5,85.0,85.0,0.6614034507540832,0.0014784313551557,1384,4073.308540821061,74.86514961791656
7.54,11.39,0.1256666666666666,76.53279183333326,85.8806,8.467208166666737,4042.698859416479,b5,85.0,85.0,0.6619841385439738,0.0014784313551557,1385,3957.9035601761034,73.88377689208328
9.91,11.28,0.1651666666666666,76.69795849999993,111.7848,8.302041500000072,3015.877840565112,b5,85.0,85.0,0.8785460214054946,0.0019431372320415,1386,3041.839800245197,67.79521821250006
9.91,11.25,0.1651666666666666,76.86312516666659,111.4875,8.136874833333408,2955.877840565113,b5,85.0,85.0,0.8808888105876613,0.0019431372320415,1387,2973.627642417833,67.40457853541672
9.91,11.24,0.1651666666666666,77.02829183333326,111.3884,7.971708166666744,2895.8778405651137,b5,85.0,85.0,0.8816725194241531,0.0019431372320415,1388,2888.0258164231477,71.26562395708339
9.91,11.23,0.1651666666666666,77.19345849999992,111.2893,7.80654150000008,2835.877840565114,b5,85.0,85.0,0.8824576240019926,0.0019431372320415,1389,2833.2538867292606,73.96876874791667
9.91,11.22,0.1651666666666666,77.35862516666658,111.1902,7.641374833333416,2775.8778405651155,b5,85.0,85.0,0.883244128053108,0.0019431372320415,1390,2795.8934186073247,75.04768155583334
5.32,11.43,0.0886666666666666,77.44729183333325,60.8076,7.552708166666747,5110.855150375994,b5,85.0,85.0,0.4654417790514629,0.0010431372426297,1391,4990.903278693632,76.95753537250013
5.32,11.44,0.0886666666666666,77.53595849999992,60.8608,7.464041500000079,5050.855150375993,b5,85.0,85.0,0.4650349243850591,0.0010431372426297,1392,5030.18577633227,76.76217776875012
5.32,11.45,0.0886666666666666,77.62462516666659,60.914,7.37537483333341,4990.855150375992,b5,85.0,85.0,0.4646287803817659,0.0010431372426297,1393,5062.088390866384,77.03097818541679
5.32,11.44,0.0886666666666666,77.71329183333326,60.8608,7.286708166666742,4930.855150375991,b5,85.0,85.0,0.4650349243850591,0.0010431372426297,1394,4960.400577404533,77.14654485208344
5.32,11.44,0.0886666666666666,77.80195849999993,60.8608,7.198041500000073,4870.855150375989,b5,85.0,85.0,0.4650349243850591,0.0010431372426297,1395,4902.095439632452,77.0274631837501
5.32,11.43,0.0886666666666666,77.8906251666666,60.8076,7.109374833333405,4810.855150375988,b5,85.0,85.0,0.4654417790514629,0.0010431372426297,1396,4841.626448183532,77.26166995250006
3.74,11.56,0.0623333333333333,77.95295849999992,43.2344,7.047041500000077,6783.2485026738705,b5,85.0,85.0,0.323529383777735,0.0007333333247058,1397,6914.514668428197,77.83744704083323
3.74,11.53,0.0623333333333333,78.01529183333325,43.1222,6.984708166666749,6723.248502673876,b5,85.0,85.0,0.3243711774179378,0.0007333333247058,1398,6880.863198837138,77.88835683333323
3.74,11.52,0.0623333333333333,78.07762516666658,43.0848,6.922374833333421,6663.248502673881,b5,85.0,85.0,0.3246527495961155,0.0007333333247058,1399,6856.508325552227,77.90812433333316
3.74,11.52,0.0623333333333333,78.1399584999999,43.0848,6.860041500000094,6603.248502673887,b5,85.0,85.0,0.3246527495961155,0.0007333333247058,1400,6850.958325552227,77.9138901666665
5.32,11.43,0.0886666666666666,78.22862516666657,60.8076,6.771374833333425,4582.133345864724,b5,85.0,85.0,0.4654417790514629,0.0010431372426297,1401,4661.17758066428,77.95228745583323
5.32,11.42,0.0886666666666666,78.31729183333324,60.7544,6.682708166666757,4522.133345864722,b5,85.0,85.0,0.4658493462478681,0.0010431372426297,1402,4467.589467961245,78.03809203916646
5.32,11.42,0.0886666666666666,78.40595849999991,60.7544,6.594041500000088,4462.1333458647205,b5,85.0,85.0,0.4658493462478681,0.0010431372426297,1403,4438.033996258733,78.09348985208312
5.32,11.42,0.0886666666666666,78.49462516666658,60.7544,6.50537483333342,4402.1333458647205,b5,85.0,85.0,0.4658493462478681,0.0010431372426297,1404,4411.107457639539,78.14517391499977
5.32,11.41,0.0886666666666666,78.58329183333325,60.70120000000001,6.416708166666751,4342.133345864719,b5,85.0,85.0,0.4662576278477101,0.0010431372426297,1405,4543.144822633,78.01168787249979
1.65,11.41,0.0275,78.61079183333325,18.8265,6.389208166666748,13940.090545454725,b5,85.0,85.0,0.1446099785617897,0.0003235294079584,1406,13778.056673720695,78.63668599999991
1.65,11.41,0.0275,78.63829183333326,18.8265,6.3617081666667445,13880.090545454716,b5,85.0,85.0,0.1446099785617897,0.0003235294079584,1407,13886.228056809465,78.6553759999999
1.64,11.41,0.0273333333333333,78.66562516666659,18.7124,6.334374833333413,13904.725243902616,b5,85.0,85.0,0.1437335544492941,0.0003215686236678,1408,13862.376285512348,78.67030766666657
1.65,11.41,0.0275,78.69312516666659,18.8265,6.30687483333341,13760.45418181835,b5,85.0,85.0,0.1446099785617897,0.0003235294079584,1409,13850.211038849367,78.6756559999999
1.64,11.41,0.0273333333333333,78.72045849999992,18.7124,6.279541500000079,13784.359390244075,b5,85.0,85.0,0.1437335544492941,0.0003215686236678,1410,13771.747741537833,78.71962891666658
1.64,11.41,0.0273333333333333,78.74779183333325,18.7124,6.2522081666667475,13724.35939024408,b5,85.0,85.0,0.1437335544492941,0.0003215686236678,1411,13734.908136377075,78.73844433333328
1.64,11.41,0.0273333333333333,78.77512516666658,18.7124,6.224874833333416,13664.359390244084,b5,85.0,85.0,0.1437335544492941,0.0003215686236678,1412,13677.534074323881,78.76773266666666
1.64,11.41,0.0273333333333333,78.80245849999991,18.7124,6.197541500000085,13604.359390244092,b5,85.0,85.0,0.1437335544492941,0.0003215686236678,1413,13591.313048780648,78.8084018333334
1.64,11.41,0.0273333333333333,78.82979183333325,18.7124,6.170208166666754,13544.359390244095,b5,85.0,85.0,0.1437335544492941,0.0003215686236678,1414,13532.505276219677,78.81659204083333
1.64,11.41,0.0273333333333333,78.85712516666658,18.7124,6.142874833333423,13484.3593902441,b5,85.0,85.0,0.1437335544492941,0.0003215686236678,1415,13495.449332926994,78.81487308166666
1.64,11.41,0.0273333333333333,78.88445849999991,18.7124,6.1155415000000914,13424.359390244104,b5,85.0,85.0,0.1437335544492941,0.0003215686236678,1416,13457.05527621968,78.85096370750001
1.64,11.41,0.0273333333333333,78.91179183333324,18.7124,6.08820816666676,13364.35939024411,b5,85.0,85.0,0.1437335544492941,0.0003215686236678,1417,13411.45527621968,78.8717370408332
1.64,11.41,0.0273333333333333,78.93912516666657,18.7124,6.060874833333429,13304.359390244112,b5,85.0,85.0,0.1437335544492941,0.0003215686236678,1418,13388.50527621968,78.8821920408331
7.59,11.38,0.1265,79.06562516666656,86.3742,5.934374833333436,2814.7232411067685,b5,85.0,85.0,0.6669595195993392,0.0014882352766089,1419,3165.374502941396,75.94360168791651
7.59,11.3,0.1265,79.19212516666656,85.76700000000001,5.807874833333443,2754.7232411067716,b5,85.0,85.0,0.6716813564883756,0.0014882352766089,1420,2791.2067132202496,73.36383165124997
7.59,11.29,0.1265,79.31862516666655,85.69109999999999,5.68137483333345,2694.723241106775,b5,85.0,85.0,0.672276291206706,0.0014882352766089,1421,2717.220402859501,74.27457332624998
7.59,11.28,0.1265,79.44512516666654,85.61519999999999,5.554874833333457,2634.7232411067785,b5,85.0,85.0,0.6728722807737341,0.0014882352766089,1422,2651.706931269647,74.42127729374997
7.59,11.27,0.1265,79.57162516666654,85.5393,5.428374833333464,2574.7232411067816,b5,85.0,85.0,0.6734693279973978,0.0014882352766089,1423,2594.778303242216,75.11237667791663
7.59,11.26,0.1265,79.69812516666653,85.4634,5.301874833333471,2514.723241106785,b5,85.0,85.0,0.6740674356956097,0.0014882352766089,1424,2571.537104649511,75.23586615916658
5.33,11.37,0.0888333333333333,79.78695849999986,60.6021,5.213041500000145,3521.0036397749573,b5,85.0,85.0,0.4687774433792926,0.0010450980269204,1425,3459.4707161715505,78.61578899041665
5.33,11.37,0.0888333333333333,79.87579183333318,60.6021,5.124208166666818,3461.003639774962,b5,85.0,85.0,0.4687774433792926,0.0010450980269204,1426,3445.870967236084,78.75874138833329
5.33,11.36,0.0888333333333333,79.96462516666651,60.5488,5.035374833333492,3401.0036397749664,b5,85.0,85.0,0.4691900995431251,0.0010450980269204,1427,3416.6910177651303,78.83881284916666
7.63,11.24,0.1271666666666666,80.09179183333318,85.7612,4.9082081666668245,2315.7993971167193,b5,85.0,85.0,0.6788255623820674,0.0014960784137716,1428,2358.963518268514,70.80637310708316
7.63,11.21,0.1271666666666666,80.21895849999984,85.5323,4.781041500000157,2255.799397116719,b5,85.0,85.0,0.6806422229578748,0.0014960784137716,1429,2293.7924428056594,70.66099518874984
7.63,11.19,0.1271666666666666,80.34612516666651,85.3797,4.653874833333489,2195.7993971167184,b5,85.0,85.0,0.6818587415675835,0.0014960784137716,1430,2157.6522632907167,64.29465099041657
5.36,11.31,0.0893333333333333,80.43545849999984,60.62160000000001,4.564541500000161,3065.7368283583164,b5,85.0,85.0,0.4739168458075291,0.0010509803797923,1431,3085.581202778206,79.93975842166662
5.36,11.31,0.0893333333333333,80.52479183333317,60.62160000000001,4.475208166666832,3005.7368283583196,b5,85.0,85.0,0.4739168458075291,0.0010509803797923,1432,3043.870805961109,80.53196310374989
5.36,11.29,0.0893333333333333,80.6141251666665,60.5144,4.385874833333503,2945.7368283583223,b5,85.0,85.0,0.4747563795609939,0.0010509803797923,1433,2982.5227370608086,81.28410955291655
5.36,11.29,0.0893333333333333,80.70345849999983,60.5144,4.296541500000174,2885.736828358326,b5,85.0,85.0,0.4747563795609939,0.0010509803797923,1434,2978.171174270829,81.30437934208321
12.29,10.89,0.2048333333333333,80.90829183333317,133.8381,4.091708166666834,1198.5475508544023,b5,85.0,85.0,1.1285582067439663,0.0024098038932179,1435,1180.5827888777537,74.81904645208327
12.29,10.82,0.2048333333333333,81.1131251666665,132.9778,3.8868748333334935,1138.5475508544002,b5,85.0,85.0,1.135859414430738,0.0024098038932179,1436,1155.2632847031614,75.30665448416659
12.29,10.7,0.2048333333333333,81.31795849999985,131.503,3.682041500000153,1078.5475508543982,b5,85.0,85.0,1.148598023495512,0.0024098038932179,1437,1112.156273321429,74.08848133833324
1.66,10.7,0.0276666666666666,81.34562516666651,17.761999999999997,3.654374833333492,7925.150240964199,b5,85.0,85.0,0.1551401724168063,0.0003254901922491,1438,7882.744155278114,81.35198954083326
1.66,10.7,0.0276666666666666,81.37329183333317,17.761999999999997,3.6267081666668304,7865.150240964211,b5,85.0,85.0,0.1551401724168063,0.0003254901922491,1439,7881.544155278115,81.35254287416659
1.65,10.7,0.0275,81.40079183333317,17.654999999999998,3.599208166666827,7852.817818182169,b5,85.0,85.0,0.1542055930648978,0.0003235294079584,1440,7787.217543926116,81.42593308333338
1.65,10.7,0.0275,81.42829183333318,17.654999999999998,3.5717081666668236,7792.81781818216,b5,85.0,85.0,0.1542055930648978,0.0003235294079584,1441,7757.397707825339,81.44354516666674
1.65,10.7,0.0275,81.45579183333318,17.654999999999998,3.54420816666682,7732.817818182154,b5,85.0,85.0,0.1542055930648978,0.0003235294079584,1442,7732.138121717856,81.45742350000006
1.65,10.7,0.0275,81.48329183333318,17.654999999999998,3.5167081666668167,7672.817818182146,b5,85.0,85.0,0.1542055930648978,0.0003235294079584,1443,7694.222028811748,81.47952641666673
1.65,10.7,0.0275,81.51079183333319,17.654999999999998,3.4892081666668133,7612.817818182139,b5,85.0,85.0,0.1542055930648978,0.0003235294079584,1444,7684.679535640881,81.48406391666671
1.65,10.7,0.0275,81.53829183333319,17.654999999999998,3.46170816666681,7552.81781818213,b5,85.0,85.0,0.1542055930648978,0.0003235294079584,1445,7607.657815621967,81.5234968333332
1.65,10.7,0.0275,81.5657918333332,17.654999999999998,3.4342081666668065,7492.817818182124,b5,85.0,85.0,0.1542055930648978,0.0003235294079584,1446,7607.871554832944,81.5240418333332
1.59,10.7,0.0265,81.59229183333319,17.012999999999998,3.407708166666808,7715.565660377678,b5,85.0,85.0,0.148598116953447,0.0003117647022145,1447,12790.566675556356,79.09093701583312
1.58,10.7,0.0263333333333333,81.61862516666652,16.906,3.3813748333334814,7704.398354430717,b5,85.0,85.0,0.1476635376015385,0.0003098039179238,1448,18282.986193684796,76.73382220833311
4.04,11.36,0.0673333333333333,81.68595849999986,45.8944,3.314041500000144,2953.106287128842,b5,85.0,85.0,0.3556337715111117,0.0007921568534256,1449,3069.6445931936723,81.72199085958322
4.04,11.34,0.0673333333333333,81.7532918333332,45.8136,3.2467081666668065,2893.1062871288377,b5,85.0,85.0,0.3562609915113764,0.0007921568534256,1450,2876.697845980013,82.0221776366665
4.04,11.34,0.0673333333333333,81.82062516666653,45.8136,3.179374833333469,2833.1062871288336,b5,85.0,85.0,0.3562609915113764,0.0007921568534256,1451,2848.077608330388,81.55812806166654
4.04,11.33,0.0673333333333333,81.88795849999987,45.7732,3.1120415000001316,2773.10628712883,b5,85.0,85.0,0.3565754318997853,0.0007921568534256,1452,2774.7708687375775,81.52048575416654
4.04,11.33,0.0673333333333333,81.9552918333332,45.7732,3.044708166666794,2713.106287128827,b5,85.0,85.0,0.3565754318997853,0.0007921568534256,1453,2715.403914912687,80.54084325583324
5.67,11.25,0.0945,82.0497918333332,63.7875,2.9502081666667976,1873.1480423281257,b5,85.0,85.0,0.503999955200004,0.0011117646928027,1454,1977.6169939819283,75.88145420999997
5.67,11.22,0.0945,82.1442918333332,63.6174,2.855708166666801,1813.148042328128,b5,85.0,85.0,0.5053475485429992,0.0011117646928027,1455,1776.797183289387,75.72681621624997
5.67,11.21,0.0945,82.2387918333332,63.5607,2.7612081666668047,1753.14804232813,b5,85.0,85.0,0.5057983491705308,0.0011117646928027,1456,1729.5537897722566,76.73781424499997
5.67,11.2,0.0945,82.33329183333319,63.504,2.666708166666808,1693.1480423281323,b5,85.0,85.0,0.5062499547991113,0.0011117646928027,1457,1691.7112530840811,77.34203102208325
5.67,11.2,0.0945,82.42779183333319,63.504,2.5722081666668117,1633.1480423281344,b5,85.0,85.0,0.5062499547991113,0.0011117646928027,1458,1646.8898712131984,78.00121207458321
5.67,11.19,0.0945,82.52229183333318,63.4473,2.4777081666668153,1573.1480423281369,b5,85.0,85.0,0.5067023675869199,0.0011117646928027,1459,1595.5994583803615,76.37843883666656
8.78,11.0,0.1463333333333333,82.66862516666652,96.58,2.3313748333334843,955.9167881549596,b5,85.0,85.0,0.7981817456198413,0.0017215686071972,1460,967.1709717372162,74.12259265208331
8.78,10.98,0.1463333333333333,82.81495849999985,96.4044,2.1850415000001533,895.9167881549604,b5,85.0,85.0,0.7996356284484856,0.0017215686071972,1461,947.0747051763326,75.20143099375
8.78,10.96,0.1463333333333333,82.96129183333318,96.2288,2.0387081666668223,835.9167881549614,b5,85.0,85.0,0.801094817418356,0.0017215686071972,1462,881.6880050358492,77.47848653583327
6.78,11.06,0.113,83.07429183333318,74.9868,1.9257081666668228,1022.4999115045076,b5,85.0,85.0,0.6130198360741559,0.0013294117490657,1463,992.4793681071392,78.92713925833321
6.78,11.04,0.113,83.18729183333318,74.85119999999999,1.8127081666668232,962.4999115045078,b5,85.0,85.0,0.614130379154857,0.0013294117490657,1464,927.0435935408149,78.26138665958328
6.78,11.03,0.113,83.30029183333318,74.7834,1.6997081666668237,902.499911504508,b5,85.0,85.0,0.6146871609531134,0.0013294117490657,1465,890.8257709037025,77.67568613083328
4.15,11.19,0.0691666666666666,83.36945849999984,46.438500000000005,1.630541500000163,1414.4456385543583,b5,85.0,85.0,0.3708668122549766,0.0008137254806228,1466,1409.9287069397035,79.30013028249988
4.15,11.2,0.0691666666666666,83.4386251666665,46.48,1.5613748333335025,1354.4456385543635,b5,85.0,85.0,0.3705356812021714,0.0008137254806228,1467,1391.7407511824495,79.00403872124994
4.15,11.2,0.0691666666666666,83.50779183333316,46.48,1.492208166666842,1294.4456385543688,b5,85.0,85.0,0.3705356812021714,0.0008137254806228,1468,1385.7341479624372,79.25771298833325
4.15,11.2,0.0691666666666666,83.57695849999982,46.48,1.4230415000001813,1234.445638554374,b5,85.0,85.0,0.3705356812021714,0.0008137254806228,1469,1362.901478582062,79.30413641374994
6.42,11.06,0.107,83.68395849999982,71.0052,1.316041500000182,737.9671962617844,b5,85.0,85.0,0.5804701102649087,0.001258823514602,1470,880.3013907901044,77.06359568083326
6.42,11.03,0.107,83.79095849999982,70.81259999999999,1.2090415000001826,677.9671962617847,b5,85.0,85.0,0.5820489046193197,0.001258823514602,1471,698.7102745920138,80.34578642874985
11.58,10.7,0.193,83.98395849999982,123.906,1.0160415000001848,315.86782383425435,b5,85.0,85.0,1.0822428895100105,0.0022705882085813,1472,351.2794547976241,75.24193340499981
11.58,10.65,0.193,84.17695849999981,123.327,0.8230415000001869,255.867823834255,b5,85.0,85.0,1.0873238415658366,0.0022705882085813,1473,271.62879402777924,75.68948048833315
11.58,10.58,0.193,84.36995849999981,122.5164,0.6300415000001891,195.8678238342557,b5,85.0,85.0,1.0945178549605052,0.0022705882085813,1474,224.11761133822358,76.85514007333319
4.27,11.02,0.0711666666666666,84.44112516666648,47.05539999999999,0.558874833333519,471.1825292741612,b5,85.0,85.0,0.387477278813314,0.0008372548921107,1475,420.0416670321867,82.29357816041635
4.27,11.06,0.0711666666666666,84.51229183333315,47.2262,0.4877081666668488,411.1825292741583,b5,85.0,85.0,0.3860759144596822,0.0008372548921107,1476,358.64189825446806,83.30686981708303
4.27,11.07,0.0711666666666666,84.58345849999982,47.268899999999995,0.4165415000001786,351.18252927415534,b5,85.0,85.0,0.3857271557608712,0.0008372548921107,1477,331.50275920307917,83.86614710291647
4.27,11.07,0.0711666666666666,84.65462516666649,47.268899999999995,0.3453748333335085,291.1825292741524,b5,85.0,85.0,0.3857271557608712,0.0008372548921107,1478,295.1773093413504,83.95116743249979
4.27,11.06,0.0711666666666666,84.72579183333316,47.2262,0.2742081666668383,231.18252927414943,b5,85.0,85.0,0.3860759144596822,0.0008372548921107,1479,200.4846786608082,81.7082419137497
4.27,11.06,0.0711666666666666,84.79695849999983,47.2262,0.2030415000001681,171.1825292741465,b5,85.0,85.0,0.3860759144596822,0.0008372548921107,1480,159.98656074023995,77.82753293624977
5.75,10.96,0.0958333333333333,84.89279183333316,63.02,0.1072081666668367,67.12163478271518,b5,85.0,85.0,0.5246349886281945,0.001127450967128,1481,67.86657326109838,75.9301859133333
5.75,10.94,0.0958333333333333,84.9886251666665,62.904999999999994,0.0113748333335053,7.121634782716367,b5,85.0,85.0,0.5255941018652558,0.001127450967128,1482,13.478221114889134,74.33076298666657
5.75,10.93,0.0958333333333333,85.08445849999983,62.8475,-0.0844584999998261,-52.87836521728245,b5,85.0,85.0,0.5260749747415394,0.001127450967128,1483,-50.486169281680006,78.24466736416656
5.75,10.92,0.0958333333333333,85.18029183333316,62.79,-0.1802918333331575,-112.87836521728126,b5,85.0,85.0,0.5265567283372959,0.001127450967128,1484,-111.28759107208165,79.15279893374978
5.75,10.91,0.0958333333333333,85.27612516666649,62.7325,-0.276125166666489,-172.87836521728008,b5,85.0,85.0,0.527039365074302,0.001127450967128,1485,-148.01392934402074,73.03359808208319
4.13,11.03,0.0688333333333333,85.34495849999982,45.5539,-0.3449584999998194,-300.69021791751817,b5,85.0,85.0,0.3744333296071324,0.0008098039120415,1486,-241.31577932217334,77.07067175666658
4.13,11.03,0.0688333333333333,85.41379183333315,45.5539,-0.4137918333331498,-360.6902179175156,b5,85.0,85.0,0.3744333296071324,0.0008098039120415,1487,-370.4007913698782,81.04827357208327
4.13,11.03,0.0688333333333333,85.48262516666648,45.5539,-0.4826251666664802,-420.69021791751305,b5,85.0,85.0,0.3744333296071324,0.0008098039120415,1488,-419.1942556290537,83.38446389
4.13,11.03,0.0688333333333333,85.55145849999981,45.5539,-0.5514584999998107,-480.69021791751055,b5,85.0,85.0,0.3744333296071324,0.0008098039120415,1489,-470.81022887883853,83.84626376124996
4.13,11.03,0.0688333333333333,85.62029183333314,45.5539,-0.6202918333331411,-540.690217917508,b5,85.0,85.0,0.3744333296071324,0.0008098039120415,1490,-510.0239454352299,83.27520719833319
4.13,11.03,0.0688333333333333,85.68912516666647,45.5539,-0.6891251666664715,-600.6902179175055,b5,85.0,85.0,0.3744333296071324,0.0008098039120415,1491,-672.7495977694084,81.46793520041656
11.38,10.28,0.1896666666666666,85.87879183333314,116.9864,-0.878791833333139,-278.000931458638,b5,85.0,85.0,1.107003783365391,0.0022313725227681,1492,-342.48522190160924,81.18136784916639
11.38,10.24,0.1896666666666666,86.0684584999998,116.5312,-1.0684584999998066,-338.00093145863826,b5,85.0,85.0,1.1113280164718735,0.0022313725227681,1493,-392.5912163947531,82.01053795291644
11.38,10.22,0.1896666666666666,86.25812516666647,116.30360000000002,-1.258125166666474,-398.0009314586385,b5,85.0,85.0,1.1135028264674338,0.0022313725227681,1494,-467.24930707735956,84.65864712458307
11.38,9.93,0.1896666666666666,86.44779183333314,113.0034,-1.4477918333331417,-458.0009314586388,b5,85.0,85.0,1.146022039675525,0.0022313725227681,1495,-520.6840247149777,83.88833295124971
6.81,10.4,0.1134999999999999,86.56129183333314,70.824,-1.5612918333331436,-825.3525110131156,b5,85.0,85.0,0.6548076293454203,0.0013352941019377,1496,-840.2463647916534,84.89667397708322
6.81,10.39,0.1134999999999999,86.67479183333315,70.7559,-1.6747918333331455,-885.3525110131166,b5,85.0,85.0,0.6554378579944313,0.0013352941019377,1497,-888.9978161002925,85.13096564708316
6.81,10.35,0.1134999999999999,86.78829183333315,70.48349999999999,-1.7882918333331477,-945.3525110131176,b5,85.0,85.0,0.6579709509206811,0.0013352941019377,1498,-1129.7864366238712,84.30331823416641
1.88,10.35,0.0313333333333333,86.81962516666648,19.458,-1.8196251666664836,-3484.388617020926,b5,85.0,85.0,0.1816424945272952,0.0003686274466435,1499,-3514.655931814197,85.95927786916654
1.81,10.35,0.0301666666666666,86.84979183333316,18.7335,-1.8497918333331569,-3679.143977900201,b5,85.0,85.0,0.174879210156598,0.0003549019566089,1500,-3669.339957465862,86.40982453749976
1.81,10.35,0.0301666666666666,86.87995849999983,18.7335,-1.8799584999998304,-3739.1439779002144,b5,85.0,85.0,0.174879210156598,0.0003549019566089,1501,-3743.124114988006,86.95489995416644
1.8,10.35,0.03,86.90995849999983,18.63,-1.9099584999998311,-3819.916999999663,b5,85.0,85.0,0.1739130266750699,0.0003529411723183,1502,-3837.027928227858,87.18294577916653
1.75,10.35,0.0291666666666666,86.9391251666665,18.1125,-1.9391251666665,-3989.0574857139422,b5,85.0,85.0,0.1690821092674291,0.000343137250865,1503,-3997.6016598811884,87.51936274541644
1.75,10.35,0.0291666666666666,86.96829183333317,18.1125,-1.9682918333331685,-4049.057485713947,b5,85.0,85.0,0.1690821092674291,0.000343137250865,1504,-4079.1329877025773,87.65170128124977
1.74,10.35,0.029,86.99729183333316,18.009,-1.9972918333331648,-4132.327931034134,b5,85.0,85.0,0.1681159257859009,0.0003411764665743,1505,-4187.632009617698,87.1766853674998
1.74,10.35,0.029,87.02629183333316,18.009,-2.026291833333161,-4192.327931034127,b5,85.0,85.0,0.1681159257859009,0.0003411764665743,1506,-4205.621286238747,87.18080609708309
1.74,10.35,0.029,87.05529183333316,18.009,-2.0552918333331576,-4252.3279310341195,b5,85.0,85.0,0.1681159257859009,0.0003411764665743,1507,-4215.632512479166,87.14026214124976
1.74,10.35,0.029,87.08429183333315,18.009,-2.084291833333154,-4312.327931034111,b5,85.0,85.0,0.1681159257859009,0.0003411764665743,1508,-4267.140688592462,87.16513005791643
1.74,10.35,0.029,87.11329183333315,18.009,-2.1132918333331503,-4372.327931034104,b5,85.0,85.0,0.1681159257859009,0.0003411764665743,1509,-4382.941806164316,87.2058198504165
1.74,10.35,0.029,87.14229183333315,18.009,-2.1422918333331467,-4432.327931034097,b5,85.0,85.0,0.1681159257859009,0.0003411764665743,1510,-4434.448693869596,87.21503547624981
1.74,10.35,0.029,87.17129183333314,18.009,-2.171291833333143,-4492.3279310340895,b5,85.0,85.0,0.1681159257859009,0.0003411764665743,1511,-4452.898693869592,87.22395297624973
1.74,10.35,0.029,87.20029183333314,18.009,-2.2002918333331394,-4552.327931034081,b5,85.0,85.0,0.1681159257859009,0.0003411764665743,1512,-4454.99869386959,87.22496797624973
1.69,10.35,0.0281666666666666,87.2284584999998,17.4915,-2.228458499999803,-4747.012189348693,b5,85.0,85.0,0.16328500837826,0.0003313725451211,1513,-4808.888768057119,87.2578159999999
1.69,10.35,0.0281666666666666,87.25662516666647,17.4915,-2.256625166666467,-4807.012189348688,b5,85.0,85.0,0.16328500837826,0.0003313725451211,1514,-4829.512189348691,87.26718766666654
1.69,10.35,0.0281666666666666,87.28479183333313,17.4915,-2.2847918333331307,-4867.01218934868,b5,85.0,85.0,0.16328500837826,0.0003313725451211,1515,-4835.212189348691,87.26986349999987
1.69,10.35,0.0281666666666666,87.3129584999998,17.4915,-2.3129584999997945,-4927.012189348675,b5,85.0,85.0,0.16328500837826,0.0003313725451211,1516,-4899.712189348688,87.30014266666647
1.69,10.35,0.0281666666666666,87.34112516666646,17.4915,-2.3411251666664583,-4987.0121893486685,b5,85.0,85.0,0.16328500837826,0.0003313725451211,1517,-5006.812189348681,87.35042016666628
1.69,10.35,0.0281666666666666,87.36929183333312,17.4915,-2.369291833333122,-5047.012189348663,b5,85.0,85.0,0.16328500837826,0.0003313725451211,1518,-5049.112189348675,87.37027766666628
1.69,10.35,0.0281666666666666,87.39745849999979,17.4915,-2.397458499999786,-5107.012189348656,b5,85.0,85.0,0.16328500837826,0.0003313725451211,1519,-5083.462189348671,87.38640308333301
1.69,10.35,0.0281666666666666,87.42562516666645,17.4915,-2.4256251666664497,-5167.01218934865,b5,85.0,85.0,0.16328500837826,0.0003313725451211,1520,-5152.912189348667,87.4190059999998
1.69,10.35,0.0281666666666666,87.45379183333311,17.4915,-2.4537918333331135,-5227.012189348644,b5,85.0,85.0,0.16328500837826,0.0003313725451211,1521,-5205.41218934866,87.44365183333319
1.69,10.35,0.0281666666666666,87.48195849999978,17.4915,-2.4819584999997772,-5287.0121893486385,b5,85.0,85.0,0.16328500837826,0.0003313725451211,1522,-5240.8121893486505,87.46027016666648
1.69,10.35,0.0281666666666666,87.51012516666644,17.4915,-2.510125166666441,-5347.012189348631,b5,85.0,85.0,0.16328500837826,0.0003313725451211,1523,-5366.212189348614,87.51913849999961
1.69,10.35,0.0281666666666666,87.5382918333331,17.4915,-2.538291833333105,-5407.012189348626,b5,85.0,85.0,0.16328500837826,0.0003313725451211,1524,-5424.946222268092,87.54667099999965
1.69,10.35,0.0281666666666666,87.56645849999977,17.4915,-2.5664584999997686,-5467.012189348619,b5,85.0,85.0,0.16328500837826,0.0003313725451211,1525,-5452.780255187576,87.55969766666631
1.69,10.35,0.0281666666666666,87.59462516666643,17.4915,-2.5946251666664324,-5527.012189348614,b5,85.0,85.0,0.16328500837826,0.0003313725451211,1526,-5533.450419784994,87.59736683333306
1.69,10.35,0.0281666666666666,87.6227918333331,17.4915,-2.622791833333096,-5587.012189348607,b5,85.0,85.0,0.16328500837826,0.0003313725451211,1527,-5572.372683140866,87.6153189166665
1.69,10.35,0.0281666666666666,87.65095849999976,17.4915,-2.65095849999976,-5647.012189348601,b5,85.0,85.0,0.16328500837826,0.0003313725451211,1528,-5630.610460793017,87.64049766666655
1.68,10.35,0.028,87.67895849999977,17.387999999999998,-2.6789584999997658,-5740.625357142356,b5,85.0,85.0,0.1623188248967319,0.0003294117608304,1529,-5728.272517978152,87.67892974999994
1.68,10.35,0.028,87.70695849999977,17.387999999999998,-2.7069584999997716,-5800.625357142369,b5,85.0,85.0,0.1623188248967319,0.0003294117608304,1530,-5801.43885526156,87.71030558333322
1.68,10.35,0.028,87.73495849999978,17.387999999999998,-2.734958499999778,-5860.6253571423795,b5,85.0,85.0,0.1623188248967319,0.0003294117608304,1531,-5861.986303718891,87.73684141666651
1.68,10.35,0.028,87.76295849999978,17.387999999999998,-2.762958499999783,-5920.625357142392,b5,85.0,85.0,0.1623188248967319,0.0003294117608304,1532,-5893.346464649794,87.75105558333317
1.68,10.35,0.028,87.79095849999979,17.387999999999998,-2.790958499999789,-5980.625357142405,b5,85.0,85.0,0.1623188248967319,0.0003294117608304,1533,-5915.82516287465,87.7615601666665
1.68,10.35,0.028,87.8189584999998,17.387999999999998,-2.8189584999997948,-6040.625357142418,b5,85.0,85.0,0.1623188248967319,0.0003294117608304,1534,-5966.945454268358,87.78523849999989
1.68,10.35,0.028,87.8469584999998,17.387999999999998,-2.846958499999801,-6100.62535714243,b5,85.0,85.0,0.1623188248967319,0.0003294117608304,1535,-6003.418634181718,87.80256349999986
1.68,10.35,0.028,87.8749584999998,17.387999999999998,-2.8749584999998063,-6160.625357142442,b5,85.0,85.0,0.1623188248967319,0.0003294117608304,1536,-6123.993739549436,87.86129516666651
1.69,10.35,0.0281666666666666,87.90312516666647,17.4915,-2.90312516666647,-6184.171952662303,b5,85.0,85.0,0.16328500837826,0.0003313725451211,1537,-6254.399108854173,87.93083183333316
1.69,10.35,0.0281666666666666,87.93129183333313,17.4915,-2.931291833333134,-6244.171952662297,b5,85.0,85.0,0.16328500837826,0.0003313725451211,1538,-6331.229842143486,87.96904349999981
1.69,10.35,0.0281666666666666,87.9594584999998,17.4915,-2.9594584999997977,-6304.171952662291,b5,85.0,85.0,0.16328500837826,0.0003313725451211,1539,-6345.095572775354,87.97578433333314
1.69,10.35,0.0281666666666666,87.98762516666646,17.4915,-2.9876251666664615,-6364.171952662286,b5,85.0,85.0,0.16328500837826,0.0003313725451211,1540,-6364.933210222527,87.98435558333317
1.68,10.35,0.028,88.01562516666647,17.387999999999998,-3.0156251666664673,-6462.053928571002,b5,85.0,85.0,0.1623188248967319,0.0003294117608304,1541,-6468.746635645197,88.02567641666654
1.69,10.35,0.0281666666666666,88.04379183333313,17.4915,-3.043791833333131,-6483.8169230764925,b5,85.0,85.0,0.16328500837826,0.0003313725451211,1542,-6447.569134942526,88.01945558333324
1.68,10.35,0.028,88.07179183333314,17.387999999999998,-3.071791833333137,-6582.4110714281505,b5,85.0,85.0,0.1623188248967319,0.0003294117608304,1543,-6575.7163900196565,88.07077349999987
1.68,10.35,0.028,88.09979183333314,17.387999999999998,-3.0997918333331427,-6642.411071428163,b5,85.0,85.0,0.1623188248967319,0.0003294117608304,1544,-6628.705687784878,88.09411391666643
1.68,10.35,0.028,88.12779183333315,17.387999999999998,-3.1277918333331485,-6702.411071428176,b5,85.0,85.0,0.1623188248967319,0.0003294117608304,1545,-6711.424112922257,88.1322655833331
1.68,10.35,0.028,88.15579183333315,17.387999999999998,-3.1557918333331543,-6762.411071428188,b5,85.0,85.0,0.1623188248967319,0.0003294117608304,1546,-6729.424112922259,88.14066558333312
1.68,10.35,0.028,88.18379183333316,17.387999999999998,-3.18379183333316,-6822.411071428201,b5,85.0,85.0,0.1623188248967319,0.0003294117608304,1547,-6759.574112922262,88.1547355833331
3.42,11.11,0.057,88.24079183333316,37.996199999999995,-3.2407918333331622,-3411.3598245612234,b5,85.0,85.0,0.3078307553707691,0.0006705882274048,1548,-3517.0266362196817,88.27918745583321
3.42,11.11,0.057,88.29779183333316,37.996199999999995,-3.2977918333331644,-3471.3598245612257,b5,85.0,85.0,0.3078307553707691,0.0006705882274048,1549,-3517.0266362196817,88.27918745583321
3.42,11.1,0.057,88.35479183333317,37.962,-3.3547918333331666,-3531.359824561228,b5,85.0,85.0,0.3081080803506234,0.0006705882274048,1550,-3543.1499276064,88.35595974833322
3.42,11.09,0.057,88.41179183333317,37.9278,-3.4117918333331687,-3591.35982456123,b5,85.0,85.0,0.3083859054656532,0.0006705882274048,1551,-3589.519639681804,88.41491641499995
3.42,11.08,0.057,88.46879183333317,37.8936,-3.468791833333171,-3651.359824561233,b5,85.0,85.0,0.3086642320700151,0.0006705882274048,1552,-3612.9934164862007,88.43644224833317
5.89,10.88,0.0981666666666666,88.56695849999984,64.0832,-3.566958499999842,-2180.1444142613636,b5,85.0,85.0,0.5413602443602716,0.0011549019471972,1553,-2029.0393621004594,87.28645002624978
5.89,10.82,0.0981666666666666,88.66512516666651,63.7298,-3.6651251666665137,-2240.1444142613664,b5,85.0,85.0,0.5443622417410128,0.0011549019471972,1554,-2213.8245242664993,88.0267085904164
5.89,10.79,0.0981666666666666,88.76329183333318,63.55309999999999,-3.763291833333184,-2300.144414261369,b5,85.0,85.0,0.5458757603451566,0.0011549019471972,1555,-2318.86717964969,88.79400244083304
5.89,10.76,0.0981666666666666,88.86145849999986,63.3764,-3.861458499999856,-2360.144414261372,b5,85.0,85.0,0.5473977186433348,0.0011549019471972,1556,-2401.80124668631,88.92198033249971
5.89,10.74,0.0981666666666666,88.95962516666653,63.2586,-3.9596251666665263,-2420.144414261375,b5,85.0,85.0,0.5484170811529719,0.0011549019471972,1557,-2423.666182492662,88.96204189041639
5.89,10.72,0.0981666666666666,89.0577918333332,63.1408,-4.057791833333198,-2480.1444142613777,b5,85.0,85.0,0.5494402472537082,0.0011549019471972,1558,-2436.201356827498,88.97367720166642
11.24,10.19,0.1873333333333333,89.24512516666653,114.5356,-4.245125166666526,-1359.6486298931932,b5,85.0,85.0,1.103042089986056,0.0022039215426989,1559,-1490.6657708284556,88.34511606708313
11.24,10.08,0.1873333333333333,89.43245849999985,113.2992,-4.4324584999998535,-1419.6486298931914,b5,85.0,85.0,1.1150792544564232,0.0022039215426989,1560,-1499.017936732015,88.11630814541644
11.24,9.76,0.1873333333333333,89.61979183333318,109.7024,-4.619791833333181,-1479.6486298931898,b5,85.0,85.0,1.1516392262664727,0.0022039215426989,1561,-1637.2292928405143,87.19209792958314
6.75,10.24,0.1125,89.73229183333318,69.12,-4.7322918333331785,-2523.8889777776953,b5,85.0,85.0,0.65917962312699,0.0013235293961937,1562,-2617.9582588479357,89.82480780083324
6.75,10.22,0.1125,89.84479183333318,68.985,-4.844791833333176,-2583.8889777776935,b5,85.0,85.0,0.6604696026937766,0.0013235293961937,1563,-2608.896155676288,89.85177613916656
6.75,10.18,0.1125,89.95729183333317,68.715,-4.957291833333173,-2643.888977777692,b5,85.0,85.0,0.6630647678718303,0.0013235293961937,1564,-2638.0655488294915,89.9388559333332
4.53,10.45,0.0755,90.03279183333318,47.3385,-5.032791833333178,-3999.5696688740486,b5,85.0,85.0,0.4334927814839444,0.0008882352836678,1565,-4057.776297885214,89.90479407416647
4.53,10.5,0.0755,90.10829183333318,47.565000000000005,-5.108291833333183,-4059.5696688740527,b5,85.0,85.0,0.43142853034014,0.0008882352836678,1566,-4086.2708157761854,90.02232606874998
4.53,10.49,0.0755,90.1837918333332,47.5197,-5.1837918333331885,-4119.569668874056,b5,85.0,85.0,0.4318398063069775,0.0008882352836678,1567,-4114.263796187376,90.00755794291658
4.53,10.48,0.0755,90.2592918333332,47.4744,-5.259291833333194,-4179.569668874061,b5,85.0,85.0,0.4322518671515394,0.0008882352836678,1568,-4189.40307439022,90.08133804499994
4.07,10.81,0.0678333333333333,90.32712516666652,43.9967,-5.327125166666534,-4711.953464373346,b5,85.0,85.0,0.3765032029136723,0.0007980392062975,1569,-4596.093765547477,90.21730130124986
4.07,10.69,0.0678333333333333,90.39495849999987,43.5083,-5.394958499999873,-4771.953464373351,b5,85.0,85.0,0.3807296182666401,0.0007980392062975,1570,-4604.815856111093,90.22445869583318
6.77,10.4,0.1128333333333333,90.5077918333332,70.408,-5.507791833333201,-2928.8110192022928,b5,85.0,85.0,0.6509614758690888,0.001327450964775,1571,-2944.6782059068514,90.48067879458326
6.77,10.27,0.1128333333333333,90.62062516666651,69.52789999999999,-5.620625166666528,-2988.81101920229,b5,85.0,85.0,0.6592014937486375,0.001327450964775,1572,-2955.376407019414,90.51694462458309
6.77,10.16,0.1128333333333333,90.73345849999986,68.7832,-5.7334584999998555,-3048.811019202287,b5,85.0,85.0,0.6663385170926657,0.001327450964775,1573,-2940.0280136628885,90.54315993583309
8.02,9.73,0.1336666666666666,90.86712516666653,78.0346,-5.867125166666526,-2633.62226932662,b5,85.0,85.0,0.8242547970961154,0.0015725490011072,1574,-2597.821275516553,88.36656410083346
8.02,9.55,0.1336666666666666,91.0007918333332,76.59100000000001,-6.000791833333196,-2693.6222693266213,b5,85.0,85.0,0.8397904879800536,0.0015725490011072,1575,-2607.471164352433,89.49630846666682
8.02,9.16,0.1336666666666666,91.13445849999988,73.4632,-6.134458499999866,-2753.6222693266236,b5,85.0,85.0,0.8755457559447865,0.0015725490011072,1576,-2595.6843818108614,89.45962794458345
21.38,12.04,0.3563333333333333,0.3563333333333333,257.41519999999997,79.64366666666666,13410.533208606172,tn1,85.0,80.0,1.7757473608183256,0.0044541666109895,396,13242.628433010033,1.2722226087500013
21.87,12.03,0.3645,0.7208333333333333,263.0961,79.27916666666667,13050.068587105625,tn1,85.0,80.0,1.817954961101001,0.0045562499430468,397,13031.926073097431,1.8118618858333364
21.89,12.02,0.3648333333333333,1.0856666666666666,263.1178,78.91433333333333,12978.145271813612,tn1,85.0,80.0,1.8211312960789272,0.0045604166096614,398,12944.027509033172,2.0694718808333366
21.87,12.02,0.3645,1.4501666666666666,262.8774,78.54983333333334,12930.013717421123,tn1,85.0,80.0,1.8194674027065392,0.0045562499430468,399,12941.653275817414,2.1018587566666707
18.29,12.09,0.3048333333333333,1.755,221.1261,78.245,15400.87479496993,tn1,85.0,80.0,1.5128203876906214,0.0038104166190364,400,15329.95308630658,2.4174543758333313
18.28,12.09,0.3046666666666667,2.0596666666666668,221.0052,77.94033333333333,15349.299781181617,tn1,85.0,80.0,1.511993257899648,0.0038083332857291,401,15308.894864789872,2.7522216666666623
18.28,12.08,0.3046666666666667,2.3643333333333336,220.8224,77.63566666666667,15289.29978118162,tn1,85.0,80.0,1.5132449078439647,0.0038083332857291,402,15286.760232221042,2.7220324999999974
18.27,12.08,0.3045,2.6688333333333336,220.7016,77.33116666666666,15237.668308702789,tn1,85.0,80.0,1.512417093342956,0.0038062499524218,403,15230.001139564725,3.0618204166666643
24.29,11.96,0.4048333333333333,3.073666666666667,290.5084,76.92633333333333,11401.185673116508,tn1,85.0,80.0,2.030936285038772,0.0050604166034114,404,11466.429770377861,8.046365985416667
22.71,11.99,0.3785,3.452166666666667,272.29290000000003,76.54783333333333,12134.39894319683,tn1,85.0,80.0,1.8940782406940584,0.0047312499408593,405,12127.206815783195,5.350890107083335
22.7,11.98,0.3783333333333333,3.8305,271.946,76.1695,12079.74449339207,tn1,85.0,80.0,1.8948245496807552,0.004729166607552,406,11936.924071372996,6.3346317770833345
18.57,12.04,0.3095,4.140000000000001,223.5828,75.86,14706.300484652666,tn1,85.0,80.0,1.5423586758838312,0.0038687499516406,407,14575.415376468576,5.5251570012500055
18.15,12.06,0.3025,4.442500000000001,218.889,75.5575,14986.611570247936,tn1,85.0,80.0,1.5049749995874793,0.0037812499527343,408,15152.483357120514,4.138106666666662
15.67,12.11,0.2611666666666666,4.703666666666668,189.7637,75.29633333333334,17298.455647734525,tn1,85.0,80.0,1.293971817178215,0.003264583292526,409,16613.498229862555,10.706434198333335
16.82,12.09,0.2803333333333333,4.984000000000001,203.3538,75.016,16055.74316290131,tn1,85.0,80.0,1.3912323084175098,0.0035041666228645,410,16000.32204072662,6.28222500166666
16.76,12.08,0.2793333333333334,5.2633333333333345,202.4608,74.73666666666666,16053.22195704057,tn1,85.0,80.0,1.3874171036906373,0.0034916666230208,411,15928.913856001656,6.661205625833325
14.58,12.12,0.243,5.506333333333335,176.7096,74.49366666666667,18393.49794238683,tn1,85.0,80.0,1.2029701977747362,0.0030374999620312,412,18207.231862089924,8.891116577916659
17.42,12.06,0.2903333333333334,5.796666666666669,210.08520000000004,74.20333333333333,15334.78760045924,tn1,85.0,80.0,1.4444443246729417,0.003629166621302,413,15224.676517588525,6.410128749999996
17.4,12.06,0.29,6.086666666666669,209.844,73.91333333333333,15292.41379310345,tn1,85.0,80.0,1.442785950017749,0.0036249999546875,414,14998.209219104408,7.7535635425
19.97,12.01,0.3328333333333333,6.419500000000002,239.8397,73.5805,13264.386579869804,tn1,85.0,80.0,1.6627808773704515,0.0041604166146614,415,13151.55122583966,8.125109598333326
19.95,12.0,0.3324999999999999,6.752000000000002,239.4,73.248,13217.684210526317,tn1,85.0,80.0,1.6624998614583448,0.0041562499480468,416,13153.955851084835,8.173051889166656
10.44,12.19,0.174,6.926000000000002,127.26359999999998,73.074,25197.931034482757,tn1,85.0,80.0,0.8564396344184058,0.0021749999728125,417,25309.950671553717,8.62217999999999
10.44,12.19,0.174,7.100000000000002,127.26359999999998,72.89999999999999,25137.931034482754,tn1,85.0,80.0,0.8564396344184058,0.0021749999728125,418,25293.1591107734,8.739656666666658
13.94,12.11,0.2323333333333333,7.332333333333335,168.81339999999997,72.66766666666666,18766.398852223818,tn1,85.0,80.0,1.1511146861176973,0.0029041666303645,419,18591.089733894754,9.939042821249991
22.67,11.95,0.3778333333333333,7.710166666666669,270.9065,72.28983333333333,11479.638288486984,tn1,85.0,80.0,1.8970709709564044,0.0047229166076302,420,11384.481788567464,9.718577605416652
22.65,11.94,0.3775,8.087666666666669,270.441,71.91233333333334,11429.774834437088,tn1,85.0,80.0,1.8969847657466696,0.0047187499410156,421,11337.130314147376,9.98696385541665
18.46,12.01,0.3076666666666667,8.395333333333335,221.7046,71.60466666666666,13964.073672806066,tn1,85.0,80.0,1.537052328305385,0.0038458332852604,422,13870.8560424055,9.30484281458334
18.46,12.01,0.3076666666666667,8.703000000000001,221.7046,71.297,13904.073672806066,tn1,85.0,80.0,1.537052328305385,0.0038458332852604,423,13851.239087414007,9.592298438750007
9.5,12.19,0.1583333333333333,8.861333333333334,115.805,71.13866666666667,26957.81052631579,tn1,85.0,80.0,0.7793272535416528,0.001979166641927,424,26414.78551192221,9.986830210833324
19.24,12.02,0.3206666666666666,9.182,231.2648,70.818,13250.76923076923,tn1,85.0,80.0,1.6006654242374856,0.0040083332832291,425,13093.198093662742,9.912019496249993
19.65,11.98,0.3274999999999999,9.5095,235.407,70.4905,12914.290076335878,tn1,85.0,80.0,1.6402335859571295,0.0040937499488281,426,12915.288871026263,9.980346678333309
24.1,11.9,0.4016666666666666,9.911166666666668,286.79,70.08883333333333,10469.701244813275,tn1,85.0,80.0,2.0252099138479065,0.0050208332705729,427,10464.837666617139,12.298889173333345
20.51,11.95,0.3418333333333334,10.253000000000002,245.0945,69.747,12242.28181374939,tn1,85.0,80.0,1.716317848006875,0.0042729166132552,428,12220.5958806903,10.527792084999993
20.51,11.95,0.3418333333333334,10.594833333333336,245.0945,69.40516666666666,12182.281813749389,tn1,85.0,80.0,1.716317848006875,0.0042729166132552,429,12202.442346069543,10.61534645916666
20.49,11.95,0.3414999999999999,10.936333333333335,244.8555,69.06366666666666,12134.172767203514,tn1,85.0,80.0,1.7146442079795643,0.0042687499466406,430,12197.889656510726,10.680913542499995
19.06,11.96,0.3176666666666666,11.254,227.9576,68.746,12984.55403987408,tn1,85.0,80.0,1.5936453517018936,0.0039708332836979,431,12791.152339302787,11.296905533749978
20.03,11.95,0.3338333333333333,11.587833333333334,239.3585,68.41216666666666,12295.746380429357,tn1,85.0,80.0,1.676150487351424,0.0041729166145052,432,12313.56591418833,11.156128857083324
20.02,11.94,0.3336666666666666,11.9215,239.0388,68.0785,12241.888111888113,tn1,85.0,80.0,1.6767167774944074,0.0041708332811979,433,12289.976824941978,11.262745314583329
16.37,12.0,0.2728333333333333,12.194333333333333,196.44,67.80566666666667,14911.447770311544,tn1,85.0,80.0,1.3641665529861209,0.0034104166240364,434,14661.021500846286,13.864440940416666
22.65,11.9,0.3775,12.571833333333332,269.53499999999997,67.42816666666667,10717.059602649008,tn1,85.0,80.0,1.903361184591497,0.0047187499410156,435,10760.26495369307,13.623745833333349
22.62,11.89,0.377,12.948833333333331,268.95180000000005,67.05116666666666,10671.27320954907,tn1,85.0,80.0,1.9024388643869752,0.0047124999410937,436,10665.500001071572,13.951779166666675
8.51,12.15,0.1418333333333333,13.090666666666666,103.3965,66.90933333333334,28304.77085781434,tn1,85.0,80.0,0.7004114649867107,0.0017729166445052,437,28226.30260824687,14.3799406275
8.51,12.15,0.1418333333333333,13.232499999999998,103.3965,66.7675,28244.770857814336,tn1,85.0,80.0,0.7004114649867107,0.0017729166445052,438,28213.59099514808,14.376295210833346
11.98,12.08,0.1996666666666667,13.432166666666664,144.7184,66.56783333333334,20003.689482470785,tn1,85.0,80.0,0.9917217722084628,0.0024958333021354,439,19724.37118352398,12.846489173333332
16.12,12.0,0.2686666666666666,13.700833333333332,193.44,66.29916666666666,14806.265508684864,tn1,85.0,80.0,1.3433332213888984,0.0033583332913541,440,14740.111627171971,14.108406877500002
16.12,11.99,0.2686666666666666,13.969499999999998,193.2788,66.0305,14746.265508684864,tn1,85.0,80.0,1.344453599294946,0.0033583332913541,441,14676.799092799498,14.41205646083334
16.11,11.99,0.2685,14.237999999999998,193.1589,65.762,14695.418994413409,tn1,85.0,80.0,1.343619571007542,0.0033562499580468,442,14698.123360439979,14.110197709166668
6.09,12.18,0.1014999999999999,14.339499999999996,74.1762,65.6605,38814.08866995074,tn1,85.0,80.0,0.4999999589491002,0.0012687499841406,443,38435.25457534037,14.768558333333328
6.1,12.2,0.1016666666666666,14.441166666666664,74.41999999999999,65.55883333333334,38690.45901639345,tn1,85.0,80.0,0.4999999590163968,0.0012708333174479,444,38414.82204067332,15.008226249999993
18.18,11.95,0.303,14.744166666666665,217.251,65.25583333333333,12921.94719471947,tn1,85.0,80.0,1.5213387848252065,0.0037874999526562,445,12974.02081553456,16.90111459000001
22.54,11.87,0.3756666666666666,15.119833333333332,267.54979999999995,64.88016666666667,10362.404614019522,tn1,85.0,80.0,1.8989046420467868,0.0046958332746354,446,10307.683355623658,16.28749604249998
19.0,11.92,0.3166666666666666,15.4365,226.48,64.5635,12233.084210526316,tn1,85.0,80.0,1.5939595978221814,0.0039583332838541,447,12174.736976726039,12.990865938749996
18.99,11.92,0.3164999999999999,15.752999999999998,226.3608,64.247,12179.526066350712,tn1,85.0,80.0,1.5931206717180644,0.0039562499505468,448,12167.989978368916,12.952933438749994
18.99,11.91,0.3164999999999999,16.069499999999998,226.1709,63.9305,12119.526066350712,tn1,85.0,80.0,1.5944583044115612,0.0039562499505468,449,12075.732747197955,13.328404272083338
12.25,12.03,0.2041666666666666,16.273666666666664,147.36749999999998,63.726333333333336,18727.738775510206,tn1,85.0,80.0,1.0182875296519096,0.0025520833014322,450,18589.44376861327,14.385557309166659
12.24,12.03,0.204,16.477666666666664,147.2472,63.522333333333336,18683.039215686276,tn1,85.0,80.0,1.017456274525663,0.002549999968125,451,18574.817803043003,14.467081994583328
16.08,11.96,0.2679999999999999,16.745666666666665,192.3168,63.254333333333335,14161.417910447764,tn1,85.0,80.0,1.3444814929363298,0.0033499999581249,452,14185.288606388938,17.037871668333352
16.08,11.95,0.2679999999999999,17.013666666666666,192.156,62.986333333333334,14101.417910447764,tn1,85.0,80.0,1.3456065819576082,0.0033499999581249,453,14166.408300536648,17.001227814583352
16.07,11.95,0.2678333333333333,17.281499999999998,192.0365,62.718500000000006,14050.192906036094,tn1,85.0,80.0,1.3447697619439531,0.0033479166248177,454,14155.989932266186,17.21775291833335
12.57,12.01,0.2095,17.490999999999996,150.9657,62.509,17902.33890214797,tn1,85.0,80.0,1.0466277230118466,0.0026187499672656,455,17881.183276046846,15.638650843333313
12.57,12.01,0.2095,17.700499999999995,150.9657,62.29950000000001,17842.338902147974,tn1,85.0,80.0,1.0466277230118466,0.0026187499672656,456,17877.521995898573,15.665909593333309
12.58,12.01,0.2096666666666666,17.91016666666666,151.0858,62.08983333333334,17768.155802861686,tn1,85.0,80.0,1.0474603624096286,0.0026208333005729,457,17872.33735845915,15.74868375999998
10.06,12.06,0.1676666666666666,18.077833333333327,121.3236,61.92216666666667,22159.025844930416,tn1,85.0,80.0,0.8341624515619859,0.0020958333071354,458,21968.37087494862,18.775644999999997
10.06,12.06,0.1676666666666666,18.245499999999993,121.3236,61.75450000000001,22099.025844930416,tn1,85.0,80.0,0.8341624515619859,0.0020958333071354,459,21942.22158419871,18.828778749999998
21.41,11.85,0.3568333333333333,18.602333333333327,253.7085,61.39766666666667,10323.755254553947,tn1,85.0,80.0,1.8067509023838904,0.0044604166109114,460,10320.165600062533,17.744095940416653
21.88,11.83,0.3646666666666666,18.966999999999995,258.8404,61.033,10041.992687385742,tn1,85.0,80.0,1.8495349239615448,0.0045583332763541,461,10057.792862439026,18.610450527083323
11.89,12.01,0.1981666666666666,19.16516666666666,142.7989,60.834833333333336,18419.29352396972,tn1,85.0,80.0,0.9900082439626776,0.0024770833023697,462,18301.896952559906,16.484362817916654
11.88,12.01,0.198,19.36316666666666,142.6788,60.63683333333334,18374.797979797982,tn1,85.0,80.0,0.9891756045648956,0.0024749999690625,463,18279.646228425776,16.546312817916654
15.12,11.94,0.252,19.61516666666666,180.5328,60.38483333333334,14377.341269841272,tn1,85.0,80.0,1.2663315522335383,0.003149999960625,464,14282.780861141457,20.175882916666623
15.12,11.94,0.252,19.86716666666666,180.5328,60.13283333333334,14317.341269841272,tn1,85.0,80.0,1.2663315522335383,0.003149999960625,465,14272.226246249857,20.241445833333295
15.12,11.93,0.252,20.119166666666658,180.3816,59.88083333333334,14257.341269841272,tn1,85.0,80.0,1.2673930203358743,0.003149999960625,466,14218.345332000023,19.980137916666692
15.11,11.93,0.2518333333333333,20.37099999999999,180.2623,59.629000000000005,14206.776968894774,tn1,85.0,80.0,1.2665547974388267,0.0031479166273177,467,14196.293514661958,20.220602083333358
15.11,11.93,0.2518333333333333,20.622833333333325,180.2623,59.377166666666675,14146.776968894774,tn1,85.0,80.0,1.2665547974388267,0.0031479166273177,468,14159.508702434563,20.398964583333346
15.1,11.92,0.2516666666666666,20.87449999999999,179.992,59.12550000000001,14096.14569536424,tn1,85.0,80.0,1.2667784172165757,0.0031458332940104,469,14060.658038324873,20.58311374999998
15.1,11.92,0.2516666666666666,21.126166666666656,179.992,58.873833333333344,14036.14569536424,tn1,85.0,80.0,1.2667784172165757,0.0031458332940104,470,14015.48674831352,20.76188791666664
15.1,11.92,0.2516666666666666,21.37783333333332,179.992,58.62216666666668,13976.14569536424,tn1,85.0,80.0,1.2667784172165757,0.0031458332940104,471,13985.317743107118,20.86881124999999
15.1,11.91,0.2516666666666666,21.629499999999982,179.841,58.370500000000014,13916.14569536424,tn1,85.0,80.0,1.2678420430023474,0.0031458332940104,472,13893.351040252259,21.23271239791666
17.65,11.86,0.2941666666666666,21.92366666666665,209.329,58.07633333333335,11845.597733711053,tn1,85.0,80.0,1.4881954900341072,0.0036770832873697,473,11679.53690834384,21.843893751666627
17.64,11.86,0.294,22.217666666666652,209.2104,57.78233333333335,11792.31292517007,tn1,85.0,80.0,1.4873523197847962,0.0036749999540625,474,11615.689135889192,22.364311460833296
19.74,11.82,0.3289999999999999,22.546666666666653,233.3268,57.45333333333335,10477.81155015198,tn1,85.0,80.0,1.6700506201310812,0.0041124999485937,475,10668.206538396496,22.630711669999993
24.71,11.72,0.4118333333333333,22.958499999999987,289.6012,57.04150000000001,8310.37636584379,tn1,85.0,80.0,2.1083615948496934,0.0051479166023177,476,8239.459127384773,21.43278624999999
24.69,11.72,0.4115,23.369999999999987,289.3668,56.63000000000001,8257.108140947754,tn1,85.0,80.0,2.1066551103536595,0.0051437499357031,477,8219.227852324317,21.871704583333308
24.66,11.71,0.411,23.780999999999988,288.76860000000005,56.21900000000001,8207.153284671534,tn1,85.0,80.0,2.1058922198213303,0.0051374999357812,478,8205.674399012207,23.5012795833333
24.65,11.7,0.4108333333333333,24.19183333333332,288.405,55.80816666666668,8150.482758620692,tn1,85.0,80.0,2.106837426766032,0.0051354166024739,479,8177.627975368312,24.077709999999957
24.62,11.69,0.4103333333333333,24.602166666666655,287.8078,55.397833333333345,8100.414297319254,tn1,85.0,80.0,2.1060733869911563,0.005129166602552,480,8159.96020050805,24.585342083333288
14.77,11.86,0.2461666666666666,24.84833333333332,175.17219999999998,55.15166666666668,13442.51861882194,tn1,85.0,80.0,1.2453624582325078,0.0030770832948697,481,13422.386179799167,22.89342875
14.77,11.86,0.2461666666666666,25.09449999999999,175.17219999999998,54.90550000000001,13382.51861882194,tn1,85.0,80.0,1.2453624582325078,0.0030770832948697,482,13421.890359434958,22.911850000000005
18.37,11.8,0.3061666666666667,25.400666666666655,216.766,54.59933333333335,10699.923788786067,tn1,85.0,80.0,1.5567795290864808,0.0038270832854947,483,10691.240716901719,23.892248334999977
18.35,11.79,0.3058333333333333,25.706499999999988,216.3465,54.29350000000001,10651.585831062672,tn1,85.0,80.0,1.556403599965768,0.0038229166188802,484,10692.431745456888,23.84908333499998
14.07,11.86,0.2345,25.94099999999999,166.87019999999998,54.05900000000001,13831.72707889126,tn1,85.0,80.0,1.1863405407807304,0.0029312499633593,485,13744.661727380531,22.883541249999986
14.07,11.86,0.2345,26.17549999999999,166.87019999999998,53.824500000000015,13771.72707889126,tn1,85.0,80.0,1.1863405407807304,0.0029312499633593,486,13740.750198602034,22.940134999999984
14.07,11.86,0.2345,26.40999999999999,166.87019999999998,53.59000000000001,13711.72707889126,tn1,85.0,80.0,1.1863405407807304,0.0029312499633593,487,13736.23785479149,22.975304166666646
10.5,11.93,0.175,26.58499999999999,125.265,53.415000000000006,18313.71428571429,tn1,85.0,80.0,0.8801340418999127,0.0021874999726562,488,17709.838412984227,28.869619166666677
16.66,11.81,0.2776666666666667,26.862666666666655,196.7546,53.137333333333345,11482.256902761108,tn1,85.0,80.0,1.410668805193158,0.0034708332899479,489,11454.437306823012,24.561268542500017
16.65,11.8,0.2774999999999999,27.140166666666655,196.47,52.85983333333334,11429.153153153156,tn1,85.0,80.0,1.4110168295748449,0.0034687499566406,490,11341.640878074619,25.77085895916667
16.65,11.8,0.2774999999999999,27.417666666666655,196.47,52.582333333333345,11369.153153153156,tn1,85.0,80.0,1.4110168295748449,0.0034687499566406,491,11340.873219482315,25.707898959166677
16.64,11.79,0.2773333333333333,27.69499999999999,196.1856,52.30500000000001,11315.985576923078,tn1,85.0,80.0,1.411365444328631,0.0034666666233333,492,11290.555036734853,25.90932041833332
16.64,11.79,0.2773333333333333,27.972333333333324,196.1856,52.02766666666667,11255.985576923078,tn1,85.0,80.0,1.411365444328631,0.0034666666233333,493,11283.80608262697,25.74942791833332
20.96,11.7,0.3493333333333333,28.32166666666666,245.232,51.67833333333334,8876.049618320612,tn1,85.0,80.0,1.7914528383373645,0.0043666666120833,494,8667.766616567964,27.98369218875
17.79,11.75,0.2965,28.61816666666666,209.0325,51.38183333333334,10397.672849915683,tn1,85.0,80.0,1.514042424336815,0.0037062499536718,495,10454.884266327981,26.482495627500015
17.78,11.75,0.2963333333333333,28.914499999999993,208.915,51.08550000000001,10343.520809898764,tn1,85.0,80.0,1.513191360579459,0.0037041666203645,496,10438.203739785262,26.618007294166688
12.66,11.83,0.211,29.12549999999999,149.7678,50.87450000000001,14466.68246445498,tn1,85.0,80.0,1.070160518160565,0.0026374999670312,497,13934.454842358542,28.496077916666714
12.15,11.85,0.2025,29.327999999999992,143.9775,50.67200000000001,15013.925925925929,tn1,85.0,80.0,1.0253163691716145,0.0025312499683593,498,14868.079947671593,28.351964583333366
12.15,11.85,0.2025,29.530499999999993,143.9775,50.46950000000001,14953.925925925929,tn1,85.0,80.0,1.0253163691716145,0.0025312499683593,499,14865.362479236865,28.335215416666696
13.96,11.82,0.2326666666666667,29.76316666666666,165.0072,50.23683333333334,12955.057306590255,tn1,85.0,80.0,1.181048969454402,0.0029083332969791,500,13040.756647052931,27.111933333333337
15.74,11.77,0.2623333333333333,30.02549999999999,185.2598,49.974500000000006,11430.0,tn1,85.0,80.0,1.3372981021836787,0.003279166625677,501,11426.696102608605,27.79045208333333
15.73,11.77,0.2621666666666666,30.28766666666666,185.1421,49.71233333333334,11377.266369993644,tn1,85.0,80.0,1.3364484845838165,0.0032770832923697,502,11481.60816893298,28.063273333333342
15.72,11.77,0.262,30.54966666666666,185.0244,49.45033333333334,11324.503816793893,tn1,85.0,80.0,1.3355988669839538,0.0032749999590625,503,11536.72925459373,28.45875875
18.67,11.71,0.3111666666666667,30.860833333333325,218.6257,49.139166666666675,9475.147295125871,tn1,85.0,80.0,1.5943636554770575,0.0038895832847135,504,9439.503230158993,30.52985124999995
18.66,11.7,0.311,31.171833333333325,218.32199999999995,48.828166666666675,9420.225080385851,tn1,85.0,80.0,1.594871658557978,0.0038874999514062,505,9375.806729667402,30.961028229583302
7.99,11.92,0.1331666666666666,31.304999999999993,95.2408,48.69500000000001,21940.175219023786,tn1,85.0,80.0,0.6703019571894332,0.001664583312526,506,21967.460860843443,32.39105448625002
23.64,11.63,0.394,31.69899999999999,274.9332,48.30100000000001,7355.482233502539,tn1,85.0,80.0,2.0326739438801424,0.0049249999384375,507,7446.6715939948,30.89973125333332
25.07,11.58,0.4178333333333333,32.116833333333325,290.3106,47.883166666666675,6875.9234144395705,tn1,85.0,80.0,2.1649393639948737,0.0052229166013802,508,6921.871810955133,29.280763336666677
25.03,11.57,0.4171666666666667,32.53399999999999,289.5971,47.46600000000001,6826.911705952858,tn1,85.0,80.0,2.163353313452609,0.005214583268151,509,6833.082947038537,29.51238042166667
25.01,11.55,0.4168333333333333,32.95083333333333,288.86550000000005,47.04916666666667,6772.371051579369,tn1,85.0,80.0,2.1653677778902356,0.0052104166015364,510,6795.217687192972,28.157021777083347
4.82,11.95,0.0803333333333333,33.031166666666664,57.599,46.968833333333336,35080.45643153527,tn1,85.0,80.0,0.4033472465818204,0.0010041666541145,511,34911.25178183232,34.07550333333333
4.83,11.97,0.0805,33.111666666666665,57.8151,46.888333333333335,34947.82608695652,tn1,85.0,80.0,0.4035087382198213,0.0010062499874218,512,34869.94861454888,34.442183750000005
4.84,11.98,0.0806666666666666,33.19233333333333,57.9832,46.80766666666667,34815.61983471075,tn1,85.0,80.0,0.4040066440729011,0.0010083333207291,513,34660.37916138976,34.24070166833335
4.84,11.98,0.0806666666666666,33.272999999999996,57.9832,46.727,34755.61983471075,tn1,85.0,80.0,0.4040066440729011,0.0010083333207291,514,34660.37916138976,34.24070166833335
14.63,11.75,0.2438333333333333,33.51683333333333,171.9025,46.48316666666667,11438.099794941902,tn1,85.0,80.0,1.245106277012232,0.0030479166285677,515,11552.89555919222,30.478826666666674
14.62,11.75,0.2436666666666666,33.7605,171.785,46.2395,11385.92339261286,tn1,85.0,80.0,1.2442552132548754,0.0030458332952604,516,11551.042560453308,30.43049041666668
18.97,11.66,0.3161666666666666,34.07666666666667,221.1902,45.92333333333333,8715.023721665788,tn1,85.0,80.0,1.6269295345686503,0.0039520832839322,517,8706.96242691459,33.280407501666694
18.95,11.65,0.3158333333333333,34.3925,220.7675,45.6075,8664.221635883905,tn1,85.0,80.0,1.6266093024369697,0.0039479166173177,518,8435.855239961864,34.21762322958335
22.9,11.57,0.3816666666666666,34.774166666666666,264.953,45.225833333333334,7109.737991266376,tn1,85.0,80.0,1.979256527289842,0.0047708332736979,519,7002.136774503837,33.248792607083345
22.87,11.56,0.3811666666666667,35.15533333333333,264.3772,44.84466666666667,7059.064276344557,tn1,85.0,80.0,1.9783735312825663,0.004764583273776,520,6969.794834658336,33.288201149583344
22.86,11.55,0.381,35.53633333333333,264.033,44.46366666666667,7002.152230971129,tn1,85.0,80.0,1.9792206078596877,0.0047624999404687,521,6922.649928093261,33.25926823291669
22.84,11.54,0.3806666666666666,35.917,263.5736,44.083,6948.283712784588,tn1,85.0,80.0,1.9792026014555808,0.0047583332738541,522,6885.0138426141775,33.44298531625003
22.82,11.53,0.3803333333333333,36.297333333333334,263.1146,43.702666666666666,6894.373356704646,tn1,85.0,80.0,1.979184563817471,0.0047541666072395,523,6843.459075530696,33.26563698125002
16.09,11.63,0.2681666666666666,36.5655,187.1267,43.4345,9718.098197638286,tn1,85.0,80.0,1.3834908526663068,0.0033520832914322,524,9520.65257005992,36.78651708333334
24.88,11.46,0.4146666666666666,36.98016666666667,285.1248,43.01983333333333,6224.7347266881025,tn1,85.0,80.0,2.171029478967759,0.0051833332685416,525,6290.208404441863,33.14145782458333
4.81,11.89,0.0801666666666666,37.06033333333333,57.1909,42.93966666666667,32137.796257796264,tn1,85.0,80.0,0.4045415975995292,0.0010020833208072,526,31744.328065465324,38.11541115624986
4.82,11.9,0.0803333333333333,37.14066666666667,57.358,42.85933333333333,32011.12033195021,tn1,85.0,80.0,0.4050419827695813,0.0010041666541145,527,31889.70861717548,37.771443241249855
7.36,11.84,0.1226666666666666,37.263333333333335,87.14240000000001,42.736666666666665,20903.804347826084,tn1,85.0,80.0,0.6216215691197999,0.0015333333141666,528,20976.002334348206,37.36688625166671
7.36,11.84,0.1226666666666666,37.386,87.14240000000001,42.614,20843.804347826084,tn1,85.0,80.0,0.6216215691197999,0.0015333333141666,529,20930.13711849317,37.52970062583339
7.36,11.84,0.1226666666666666,37.50866666666667,87.14240000000001,42.49133333333333,20783.804347826084,tn1,85.0,80.0,0.6216215691197999,0.0015333333141666,530,20925.005503851775,37.471630625833384
8.75,11.81,0.1458333333333333,37.654500000000006,103.3375,42.345499999999994,17422.14857142857,tn1,85.0,80.0,0.7408974817190955,0.0018229166438802,531,17413.277565894987,38.128294583333286
8.75,11.81,0.1458333333333333,37.80033333333334,103.3375,42.19966666666666,17362.148571428566,tn1,85.0,80.0,0.7408974817190955,0.0018229166438802,532,17338.552198622954,38.37294874999998
8.75,11.81,0.1458333333333333,37.94616666666668,103.3375,42.05383333333332,17302.148571428566,tn1,85.0,80.0,0.7408974817190955,0.0018229166438802,533,17328.096660720596,38.46131708333331
22.86,11.51,0.381,38.32716666666668,263.1186,41.67283333333332,6562.650918635169,tn1,85.0,80.0,1.9860988717550936,0.0047624999404687,534,6632.428783118079,34.3117076104167
22.82,11.5,0.3803333333333333,38.70750000000001,262.43,41.29249999999999,6514.154250657317,tn1,85.0,80.0,1.9843476535349869,0.0047541666072395,535,6565.245932045405,34.765296567916685
22.8,11.49,0.38,39.08750000000001,261.97200000000004,40.91249999999999,6459.868421052629,tn1,85.0,80.0,1.9843340309543929,0.004749999940625,536,6531.514031333793,35.15667031791666
22.78,11.47,0.3796666666666667,39.46716666666668,261.2866,40.53283333333332,6405.5399473222105,tn1,85.0,80.0,1.9860503935439937,0.0047458332740104,537,6493.526402510757,35.338618755
11.52,11.7,0.192,39.65916666666668,134.784,40.34083333333332,12606.510416666664,tn1,85.0,80.0,0.9846153004602308,0.00239999997,538,12381.840321990378,37.58007166666658
11.52,11.7,0.192,39.85116666666668,134.784,40.14883333333332,12546.510416666664,tn1,85.0,80.0,0.9846153004602308,0.00239999997,539,12350.031934926941,37.80695583333325
11.52,11.7,0.192,40.04316666666668,134.784,39.95683333333332,12486.510416666662,tn1,85.0,80.0,0.9846153004602308,0.00239999997,540,12326.282108828811,37.82906666666658
13.97,11.64,0.2328333333333333,40.27600000000001,162.6108,39.72399999999999,10236.678596993555,tn1,85.0,80.0,1.200171718198306,0.0029104166302864,541,9956.32524956012,38.55731291666669
13.97,11.64,0.2328333333333333,40.50883333333334,162.6108,39.49116666666666,10176.678596993554,tn1,85.0,80.0,1.200171718198306,0.0029104166302864,542,9917.410504647349,38.395501250000024
13.96,11.63,0.2326666666666667,40.74150000000001,162.3548,39.25849999999999,10123.968481375356,tn1,85.0,80.0,1.2003438348801518,0.0029083332969791,543,9899.526074447205,38.61095000000003
13.96,11.63,0.2326666666666667,40.97416666666667,162.3548,39.02583333333333,10063.968481375356,tn1,85.0,80.0,1.2003438348801518,0.0029083332969791,544,9855.714840349312,38.947695416666704
20.45,11.49,0.3408333333333333,41.31500000000001,234.9705,38.68499999999999,6810.0733496332505,tn1,85.0,80.0,1.7798083742551458,0.0042604166134114,545,6826.650290541857,40.91386125333331
20.42,11.48,0.3403333333333334,41.655333333333346,234.42160000000004,38.344666666666654,6760.078354554356,tn1,85.0,80.0,1.7787454896563164,0.0042541666134895,546,6811.292643684352,41.37447125333331
20.42,11.47,0.3403333333333334,41.99566666666668,234.21740000000003,38.00433333333332,6700.078354554355,tn1,85.0,80.0,1.7802962702444405,0.0042541666134895,547,6776.4681597603685,41.422613544166644
25.3,11.36,0.4216666666666667,42.417333333333346,287.408,37.582666666666654,5347.73122529644,tn1,85.0,80.0,2.2271124800077047,0.0052708332674479,548,5473.295221214291,42.522259688750026
25.25,11.35,0.4208333333333333,42.83816666666668,286.5875,37.16183333333332,5298.320792079206,tn1,85.0,80.0,2.224669407518114,0.0052604166009114,549,5435.987977173221,42.35083989625
25.22,11.33,0.4203333333333333,43.25850000000001,285.7426,36.74149999999999,5244.6233148295,tn1,85.0,80.0,2.2259486120080663,0.0052541666009895,550,5422.254177682421,43.22037499999998
12.46,11.56,0.2076666666666667,43.46616666666668,144.03760000000003,36.53383333333332,10555.52166934189,tn1,85.0,80.0,1.0778545780402615,0.0025958333008854,551,9650.073519371581,43.24008833500001
5.24,11.78,0.0873333333333333,43.553500000000014,61.7272,36.446499999999986,25039.580152671744,tn1,85.0,80.0,0.4448216939879717,0.0010916666530208,552,24823.307734643546,44.968018463749914
5.24,11.78,0.0873333333333333,43.64083333333335,61.7272,36.35916666666665,24979.580152671748,tn1,85.0,80.0,0.4448216939879717,0.0010916666530208,553,24823.307734643546,44.96801846374992
5.24,11.79,0.0873333333333333,43.72816666666668,61.779599999999995,36.27183333333332,24919.580152671744,tn1,85.0,80.0,0.4444444067477179,0.0010916666530208,554,24802.41922229816,44.72462022749993
14.29,11.56,0.2381666666666666,43.966333333333345,165.1924,36.033666666666655,9077.760671798458,tn1,85.0,80.0,1.236159062615998,0.0029770832961197,555,8749.81955559254,41.44446104416663
14.29,11.56,0.2381666666666666,44.20450000000001,165.1924,35.79549999999999,9017.760671798458,tn1,85.0,80.0,1.236159062615998,0.0029770832961197,556,8694.917887507403,41.626386877499975
23.23,11.37,0.3871666666666666,44.59166666666667,264.1251,35.408333333333324,5487.300904003442,tn1,85.0,80.0,2.043095686623071,0.0048395832728385,557,5568.036834803718,43.63475729249999
23.19,11.35,0.3865,44.978166666666674,263.2065,35.021833333333326,5436.765847347993,tn1,85.0,80.0,2.04317162615228,0.0048312499396093,558,5480.124645946423,43.934944792499984
23.16,11.34,0.386,45.36416666666668,262.63439999999997,34.63583333333332,5383.808290155439,tn1,85.0,80.0,2.042327862228584,0.0048249999396875,559,5435.455226898527,45.021450833333304
23.13,11.32,0.3855,45.74966666666668,261.8316,34.25033333333332,5330.791180285342,tn1,85.0,80.0,2.0432860385789717,0.0048187499397656,560,5406.956990658691,45.36517499999997
19.68,11.38,0.328,46.07766666666668,223.9584,33.92233333333332,6205.304878048778,tn1,85.0,80.0,1.729349584415678,0.00409999994875,561,6172.682972189038,45.622447085000005
19.67,11.37,0.3278333333333333,46.40550000000001,223.6479,33.59449999999999,6148.459583121503,tn1,85.0,80.0,1.729991052771236,0.0040979166154427,562,6086.057048196057,46.361118749999996
19.66,11.36,0.3276666666666666,46.73316666666667,223.3376,33.266833333333324,6091.586978636824,tn1,85.0,80.0,1.73063365047239,0.0040958332821354,563,6007.946536389314,46.798204583333316
13.55,11.49,0.2258333333333333,46.95900000000001,155.6895,33.04099999999999,8778.420664206638,tn1,85.0,80.0,1.179286233308422,0.0028229166313802,564,8396.178156096968,43.146833959166685
13.55,11.49,0.2258333333333333,47.184833333333344,155.6895,32.815166666666656,8718.420664206638,tn1,85.0,80.0,1.179286233308422,0.0028229166313802,565,8386.042521778632,43.15421979250002
13.55,11.48,0.2258333333333333,47.41066666666668,155.554,32.58933333333332,8658.420664206638,tn1,85.0,80.0,1.1803134860354108,0.0028229166313802,566,8331.645722056977,43.42809500166668
19.65,11.34,0.3274999999999999,47.73816666666668,222.831,32.26183333333332,5910.564885496182,tn1,85.0,80.0,1.7328040799996405,0.0040937499488281,567,5820.032220569014,48.33757708333333
19.64,11.33,0.3273333333333333,48.065500000000014,222.5212,31.934499999999986,5853.574338085537,tn1,85.0,80.0,1.7334508620078677,0.0040916666155208,568,5797.31372589798,48.48549416666667
16.02,11.4,0.267,48.33250000000002,182.628,31.667499999999983,7116.292134831458,tn1,85.0,80.0,1.4052630346260495,0.0033374999582812,569,7127.642760734723,45.69257281291676
16.02,11.39,0.267,48.59950000000002,182.4678,31.40049999999998,7056.292134831457,tn1,85.0,80.0,1.4064968036438277,0.0033374999582812,570,6942.781181024879,45.60210302208338
16.01,11.39,0.2668333333333333,48.86633333333335,182.35390000000004,31.13366666666665,7000.699562773262,tn1,85.0,80.0,1.405618840595361,0.0033354166249739,571,6928.757748861058,45.89535135541671
23.02,11.22,0.3836666666666666,49.25000000000002,258.2844,30.74999999999998,4808.861859252821,tn1,85.0,80.0,2.0516932217742228,0.0047958332733854,572,4818.041706054556,47.275081666666686
22.98,11.2,0.383,49.633000000000024,257.376,30.366999999999976,4757.232375979108,tn1,85.0,80.0,2.051785531090578,0.0047874999401562,573,4770.863043175883,47.801357916666674
22.96,11.19,0.3826666666666666,50.01566666666669,256.9224,29.98433333333331,4701.3763066202055,tn1,85.0,80.0,2.051831809487774,0.0047833332735416,574,4755.628544352639,47.77258541666667
22.93,11.17,0.3821666666666666,50.39783333333336,256.1281,29.60216666666664,4647.527256868727,tn1,85.0,80.0,2.0528198699355533,0.0047770832736197,575,4744.9874981407565,48.14191791666668
22.9,11.15,0.3816666666666666,50.77950000000003,255.335,29.220499999999973,4593.615720524013,tn1,85.0,80.0,2.0538114749944865,0.0047708332736979,576,4677.502330976943,49.33445041666668
16.41,11.29,0.2735,51.053000000000026,185.26889999999997,28.946999999999974,6350.347349177326,tn1,85.0,80.0,1.4534985426484908,0.0034187499572656,577,6174.69065835142,52.05876625
16.41,11.28,0.2735,51.326500000000024,185.1048,28.673499999999976,6290.347349177326,tn1,85.0,80.0,1.454787105072065,0.0034187499572656,578,6147.286880194454,52.3545175
16.41,11.28,0.2735,51.60000000000002,185.1048,28.399999999999977,6230.347349177326,tn1,85.0,80.0,1.454787105072065,0.0034187499572656,579,6135.955398271212,52.58879041666668
16.4,11.27,0.2733333333333333,51.87333333333336,184.82799999999995,28.126666666666644,6174.14634146341,tn1,85.0,80.0,1.455190642840227,0.0034166666239583,580,6049.505685460858,53.16277083333334
16.39,11.26,0.2731666666666666,52.146500000000024,184.5514,27.853499999999976,6117.913361805974,tn1,85.0,80.0,1.455594897371679,0.003414583290651,581,5985.992418838709,53.341306666666675
16.39,11.26,0.2731666666666666,52.41966666666669,184.5514,27.580333333333307,6057.913361805973,tn1,85.0,80.0,1.455594897371679,0.003414583290651,582,5969.985896783578,53.12884250000002
10.1,11.41,0.1683333333333333,52.58800000000003,115.241,27.41199999999997,9770.61386138613,tn1,85.0,80.0,0.8851883536206526,0.0021041666403645,583,9708.367314618768,49.53727916666662
10.1,11.42,0.1683333333333333,52.756333333333366,115.342,27.24366666666663,9710.613861386128,tn1,85.0,80.0,0.8844132325382459,0.0021041666403645,584,9700.461507888158,49.51644458333329
15.93,11.27,0.2655,53.02183333333337,179.53109999999998,26.97816666666663,6096.760828625228,tn1,85.0,80.0,1.4134870085637083,0.0033187499585156,585,6033.010263773001,53.5654541666667
18.13,11.2,0.3021666666666666,53.324000000000034,203.056,26.675999999999966,5296.944291229999,tn1,85.0,80.0,1.618749855468763,0.0037770832861197,586,5210.811484371634,53.52387583333334
18.11,11.19,0.3018333333333333,53.62583333333337,202.6509,26.374166666666632,5242.794036443946,tn1,85.0,80.0,1.6184091493825603,0.0037729166195052,587,5191.435883897823,53.68437291666666
18.11,11.18,0.3018333333333333,53.9276666666667,202.4698,26.072333333333297,5182.794036443947,tn1,85.0,80.0,1.6198567424099517,0.0037729166195052,588,5170.8956333021815,53.630343749999994
18.09,11.16,0.3015,54.2291666666667,201.8844,25.7708333333333,5128.524046434488,tn1,85.0,80.0,1.6209675966874917,0.0037687499528906,589,5149.551071714209,53.72299666666666
18.07,11.15,0.3011666666666667,54.53033333333337,201.4805,25.469666666666633,5074.200332042053,tn1,85.0,80.0,1.6206276573428111,0.003764583286276,590,5089.327024280203,53.21743374999997
16.32,11.18,0.272,54.802333333333365,182.4576,25.197666666666635,5558.308823529405,tn1,85.0,80.0,1.459749422204882,0.0033999999575,591,5754.999080714257,53.134210416666654
14.03,11.23,0.2338333333333333,55.0361666666667,157.55689999999998,24.963833333333294,6405.545260156798,tn1,85.0,80.0,1.2493320347878865,0.0029229166301302,592,6159.94299296897,54.531617500000046
14.03,11.23,0.2338333333333333,55.27000000000004,157.55689999999998,24.72999999999996,6345.545260156797,tn1,85.0,80.0,1.2493320347878865,0.0029229166301302,593,6118.82962438973,55.27970875000005
14.03,11.22,0.2338333333333333,55.503833333333375,157.4166,24.496166666666625,6285.545260156797,tn1,85.0,80.0,1.2504455213506664,0.0029229166301302,594,6091.500045053626,55.88811041666672
14.03,11.22,0.2338333333333333,55.73766666666671,157.4166,24.262333333333288,6225.545260156795,tn1,85.0,80.0,1.2504455213506664,0.0029229166301302,595,6045.112663430311,55.70332125000005
17.2,11.13,0.2866666666666667,56.02433333333338,191.436,23.97566666666662,5018.162790697665,tn1,85.0,80.0,1.5453727272800784,0.0035833332885416,596,5062.571283837762,54.14545875000001
17.18,11.11,0.2863333333333333,56.31066666666671,190.8698,23.689333333333288,4964.0046565774055,tn1,85.0,80.0,1.5463544962777234,0.003579166621927,597,4967.296522213998,54.42821166666664
17.16,11.1,0.286,56.596666666666714,190.476,23.403333333333286,4909.7902097902,tn1,85.0,80.0,1.545945806671549,0.0035749999553125,598,4907.73221458547,55.390509792500005
17.81,11.07,0.2968333333333333,56.893500000000046,197.1567,23.10649999999995,4670.60078607523,tn1,85.0,80.0,1.6088526098597462,0.0037104166202864,599,4740.275448847338,55.34305125000004
17.79,11.05,0.2965,57.19000000000005,196.5795,22.809999999999953,4615.851602023599,tn1,85.0,80.0,1.6099546054339724,0.0037062499536718,600,4691.1022261983435,55.83634666666671
17.77,11.04,0.2961666666666666,57.48616666666671,196.1808,22.513833333333288,4561.046707934713,tn1,85.0,80.0,1.609601303478143,0.0037020832870572,601,4632.926334443866,56.32316927375002
24.61,10.83,0.4101666666666667,57.89633333333338,266.5263,22.10366666666662,3233.368549370168,tn1,85.0,80.0,2.272391295254728,0.0051270832692447,602,3268.22288833205,57.96246208333332
24.54,10.79,0.409,58.30533333333338,264.78659999999996,21.69466666666662,3182.591687041558,tn1,85.0,80.0,2.274327870775916,0.0051124999360937,603,3265.4435440578022,58.29447958333332
24.46,10.74,0.4076666666666667,58.71300000000005,262.7004,21.286999999999956,3133.0008176614815,tn1,85.0,80.0,2.27746719949095,0.0050958332696354,604,3264.266091717972,58.19055416666666
4.68,11.37,0.078,58.79100000000005,53.21159999999999,21.208999999999953,16314.61538461535,tn1,85.0,80.0,0.4116094624793789,0.0009749999878125,605,15665.925041246064,61.15161229416668
4.69,11.4,0.0781666666666666,58.869166666666715,53.46600000000001,21.130833333333285,16219.829424306998,tn1,85.0,80.0,0.411403472683906,0.0009770833211197,606,15909.179717263522,58.43390333833343
4.69,11.41,0.0781666666666666,58.94733333333338,53.5129,21.052666666666617,16159.829424306996,tn1,85.0,80.0,0.4110429087604813,0.0009770833211197,607,15876.989710547403,57.03541271583347
8.71,11.29,0.1451666666666667,59.09250000000005,98.3359,20.90749999999995,8641.446613088381,tn1,85.0,80.0,0.7714791167866152,0.001814583310651,608,8103.653332080706,58.78745416666674
8.93,11.28,0.1488333333333333,59.24133333333339,100.7304,20.758666666666613,8368.555431130997,tn1,85.0,80.0,0.7916665964834578,0.0018604166434114,609,8001.6167753908085,60.0871875
8.93,11.28,0.1488333333333333,59.39016666666672,100.7304,20.609833333333277,8308.555431130997,tn1,85.0,80.0,0.7916665964834578,0.0018604166434114,610,7980.841351286713,60.37015458333333
15.63,11.07,0.2605,59.65066666666672,173.0241,20.349333333333277,4686.986564299411,tn1,85.0,80.0,1.4119239916961166,0.0032562499592968,611,4720.455773925437,56.320564166666664
15.61,11.05,0.2601666666666666,59.910833333333386,172.4905,20.089166666666618,4632.991672005113,tn1,85.0,80.0,1.41266955541452,0.0032520832926822,612,4679.290771070944,56.68961625
15.59,11.03,0.2598333333333333,60.17066666666672,171.9577,19.82933333333328,4578.935214881322,tn1,85.0,80.0,1.4134178228995629,0.0032479166260677,613,4669.180993162647,56.85241333333333
20.7,10.86,0.345,60.51566666666672,224.802,19.48433333333328,3388.579710144919,tn1,85.0,80.0,1.9060771725527468,0.0043124999460937,614,3409.0250088604744,57.476714999999984
20.64,10.82,0.344,60.85966666666672,223.3248,19.14033333333328,3338.4302325581302,tn1,85.0,80.0,1.907578381924364,0.00429999994625,615,3324.2113278382294,58.812561666666625
22.63,10.71,0.3771666666666666,61.23683333333339,242.3673,18.763166666666613,2984.860804242148,tn1,85.0,80.0,2.112978327453004,0.004714583274401,616,3107.4251279752702,60.50914083333335
22.56,10.66,0.376,61.612833333333384,240.4896,18.387166666666616,2934.122340425524,tn1,85.0,80.0,2.11632250315924,0.00469999994125,617,3040.2224081570816,61.22995333333336
22.47,10.61,0.3745,61.98733333333338,238.40669999999997,18.012666666666618,2885.874499332436,tn1,85.0,80.0,2.1178131839949876,0.0046812499414843,618,2938.8373484125914,61.745071250000045
24.87,10.44,0.4145,62.40183333333338,259.6428,17.59816666666662,2547.382388419776,tn1,85.0,80.0,2.382183679867464,0.0051812499352343,619,2739.6816627512076,59.514872916666754
24.7,10.34,0.4116666666666667,62.81350000000005,255.398,17.186499999999953,2504.914979757078,tn1,85.0,80.0,2.3887812003112963,0.0051458332690104,620,2723.299774840102,59.54570916666677
24.49,10.21,0.4081666666666666,63.221666666666714,250.0429,16.778333333333286,2466.394446712937,tn1,85.0,80.0,2.398628560369387,0.0051020832695572,621,2729.1921641756526,59.58052666666676
22.25,10.13,0.3708333333333333,63.59250000000005,225.3925,16.407499999999956,2654.696629213476,tn1,85.0,80.0,2.196445982581838,0.0046354166087239,622,2767.6383856266752,61.41360208333342
20.9,10.03,0.3483333333333333,63.94083333333338,209.627,16.05916666666662,2766.17224880382,tn1,85.0,80.0,2.083748545987184,0.0043541666122395,623,2799.5446308473283,62.02799197958343
20.34,9.6,0.339,64.27983333333339,195.264,15.720166666666614,2782.3303834808166,tn1,85.0,80.0,2.1187497792968983,0.0042374999470312,624,2794.048900933448,60.90008302208343
12.42,9.85,0.207,64.48683333333338,122.337,15.51316666666662,4496.570048309165,tn1,85.0,80.0,1.2609135775722258,0.0025874999676562,625,4578.205603481002,61.53132583333335
12.5,9.94,0.2083333333333333,64.69516666666671,124.25,15.304833333333292,4407.791999999988,tn1,85.0,80.0,1.2575451451161828,0.0026041666341145,626,4497.342947730907,61.03248541666669
9.11,10.23,0.1518333333333333,64.84700000000004,93.1953,15.152999999999963,5988.0131723380755,tn1,85.0,80.0,0.8905179970168136,0.0018979166429427,627,5793.410356236334,66.73691000000001
9.16,10.32,0.1526666666666666,64.9996666666667,94.5312,15.000333333333302,5895.327510917018,tn1,85.0,80.0,0.8875968132173632,0.0019083333094791,628,5754.050092110883,66.12021833333336
9.17,10.34,0.1528333333333333,65.15250000000003,94.8178,14.847499999999968,5828.898582333684,tn1,85.0,80.0,0.8868471095892545,0.0019104166427864,629,5738.676006419011,66.18607708333336
9.16,10.33,0.1526666666666666,65.3051666666667,94.6228,14.694833333333309,5775.2620087336145,tn1,85.0,80.0,0.8867375714678053,0.0019083333094791,630,5733.846432212292,66.15652208333336
7.58,10.56,0.1263333333333333,65.43150000000003,80.04480000000001,14.568499999999972,6919.076517150382,tn1,85.0,80.0,0.717802962329265,0.001579166646927,631,6779.312898187529,66.07065875000004
7.63,10.69,0.1271666666666666,65.5586666666667,81.5647,14.441333333333304,6813.7352555701045,tn1,85.0,80.0,0.7137511025490082,0.0015895833134635,632,6773.3266761605955,65.94331958333329
5.98,10.96,0.0996666666666666,65.65833333333336,65.5408,14.34166666666664,8633.77926421403,tn1,85.0,80.0,0.5456203881733223,0.0012458333177604,633,8497.967125714455,68.08321874999997
5.78,11.03,0.0963333333333333,65.7546666666667,63.7534,14.245333333333306,8872.525951557076,tn1,85.0,80.0,0.5240253378036867,0.0012041666516145,634,8629.153001451512,68.10664999999997
8.08,10.92,0.1346666666666666,65.88933333333335,88.2336,14.110666666666646,6286.930693069297,tn1,85.0,80.0,0.7399266721678872,0.0016833333122916,635,6156.388103861741,69.06157583333325
8.09,10.93,0.1348333333333333,66.02416666666669,88.4237,13.975833333333313,6219.159456118656,tn1,85.0,80.0,0.7401646166363571,0.0016854166455989,636,6111.02090551069,68.58109208333325
12.02,10.73,0.2003333333333333,66.22450000000002,128.9746,13.77549999999998,4125.773710482524,tn1,85.0,80.0,1.1202235675467318,0.0025041666353645,637,4439.6791881594,60.80809
12.0,10.7,0.2,66.42450000000002,128.39999999999998,13.575499999999977,4072.649999999993,tn1,85.0,80.0,1.1214952222901664,0.00249999996875,638,4421.784666226416,61.061297916666675
9.96,10.78,0.166,66.59050000000002,107.3688,13.40949999999998,4846.807228915654,tn1,85.0,80.0,0.9239331239394136,0.0020749999740625,639,4859.594070963444,64.03379
9.96,10.78,0.166,66.75650000000002,107.3688,13.243499999999983,4786.807228915656,tn1,85.0,80.0,0.9239331239394136,0.0020749999740625,640,4831.4784512286,64.17567000000003
9.95,10.78,0.1658333333333333,66.92233333333336,107.26099999999998,13.077666666666644,4731.618090452253,tn1,85.0,80.0,0.9230054802406792,0.0020729166407552,641,4779.759716509709,64.50573708333333
9.96,10.77,0.166,67.08833333333335,107.2692,12.911666666666648,4666.867469879511,tn1,85.0,80.0,0.9247910004836584,0.0020749999740625,642,4675.795237986438,65.17597916666666
9.96,10.77,0.166,67.25433333333335,107.2692,12.74566666666665,4606.867469879512,tn1,85.0,80.0,0.9247910004836584,0.0020749999740625,643,4644.4094299728295,65.25759541666667
8.38,10.85,0.1396666666666667,67.39400000000002,90.923,12.60599999999998,5415.46539379474,tn1,85.0,80.0,0.7723501592304002,0.0017458333115104,644,5468.06024495708,66.46650500000003
8.39,10.86,0.1398333333333333,67.53383333333335,91.1154,12.466166666666652,5349.010727056012,tn1,85.0,80.0,0.7725597815322486,0.0017479166448177,645,5419.959127412521,66.18391000000003
8.38,10.86,0.1396666666666667,67.67350000000002,91.0068,12.326499999999982,5295.393794749395,tn1,85.0,80.0,0.7716389713039623,0.0017458333115104,646,5406.675992876109,66.50073750000003
8.38,10.87,0.1396666666666667,67.81316666666669,91.0906,12.186833333333311,5235.393794749393,tn1,85.0,80.0,0.7709290919108472,0.0017458333115104,647,5360.619358052262,66.67830166666668
5.85,11.01,0.0974999999999999,67.91066666666669,64.40849999999999,12.089333333333316,7439.589743589732,tn1,85.0,80.0,0.5313351016044413,0.0012187499847656,648,7438.369088810386,69.22060874999997
5.85,11.03,0.0974999999999999,68.00816666666668,64.5255,11.991833333333318,7379.589743589735,tn1,85.0,80.0,0.5303716654241464,0.0012187499847656,649,7404.078725932332,68.87581874999995
5.85,11.05,0.0974999999999999,68.10566666666668,64.6425,11.89433333333332,7319.589743589736,tn1,85.0,80.0,0.5294117167953197,0.0012187499847656,650,7339.115641213925,68.57463249999991
5.86,11.06,0.0976666666666666,68.20333333333335,64.81160000000001,11.796666666666653,7247.098976109206,tn1,85.0,80.0,0.5298372034505241,0.0012208333180729,651,7253.450377988481,68.2339845833333
5.86,11.07,0.0976666666666666,68.30100000000002,64.87020000000001,11.698999999999984,7187.098976109205,tn1,85.0,80.0,0.5293585791003994,0.0012208333180729,652,7214.145252488042,68.88449583333329
7.55,10.99,0.1258333333333333,68.42683333333335,82.9745,11.573166666666651,5518.331125827807,tn1,85.0,80.0,0.6869881085543122,0.0015729166470052,653,5579.680996316569,65.56622874999992
7.56,10.99,0.126,68.55283333333335,83.0844,11.447166666666648,5451.031746031737,tn1,85.0,80.0,0.6878980265788874,0.0015749999803125,654,5530.678802113349,65.93826666666659
9.24,10.9,0.154,68.70683333333335,100.716,11.29316666666665,4399.935064935059,tn1,85.0,80.0,0.8477063442471244,0.0019249999759375,655,4424.509283746809,70.18021916666667
9.24,10.9,0.154,68.86083333333335,100.716,11.139166666666654,4339.93506493506,tn1,85.0,80.0,0.8477063442471244,0.0019249999759375,656,4390.615601571511,70.40425333333336
7.72,10.96,0.1286666666666666,68.9895,84.61120000000001,11.010499999999992,5134.430051813469,tn1,85.0,80.0,0.7043794977755933,0.0016083333132291,657,5137.014598142442,68.18690166666661
8.36,10.92,0.1393333333333333,69.12883333333335,91.2912,10.871166666666651,4681.3636363636315,tn1,85.0,80.0,0.7655676954608338,0.0017416666448958,658,4755.851111171372,68.4108158333334
12.25,10.71,0.2041666666666666,69.33300000000001,131.19750000000002,10.666999999999987,3134.79183673469,tn1,85.0,80.0,1.1437907428766814,0.0025520833014322,659,3120.02170232197,60.63330947958333
12.23,10.67,0.2038333333333333,69.53683333333335,130.4941,10.463166666666652,3079.918233851181,tn1,85.0,80.0,1.1462042037296905,0.0025479166348177,660,3092.235059466662,62.060611562916655
12.2,10.63,0.2033333333333333,69.74016666666668,129.686,10.25983333333332,3027.4918032786845,tn1,85.0,80.0,1.147695094290207,0.0025416666348958,661,3065.9187648258376,63.069704479583315
12.18,10.59,0.2029999999999999,69.94316666666668,128.9862,10.056833333333316,2972.4630541871866,tn1,85.0,80.0,1.150141534453113,0.0025374999682812,662,3047.4885320303274,64.05942843874998
14.33,10.41,0.2388333333333333,70.18200000000002,149.1753,9.817999999999984,2466.489881367756,tn1,85.0,80.0,1.376560866804912,0.0029854166293489,663,2599.879751734019,65.02682021916675
10.5,10.58,0.175,70.35700000000001,111.09,9.642999999999986,3306.171428571424,tn1,85.0,80.0,0.9924384695237742,0.0021874999726562,664,3398.7719022469896,62.03674334500002
6.21,10.81,0.1035,70.46050000000001,67.1301,9.53949999999999,5530.144927536226,tn1,85.0,80.0,0.5744680319641043,0.0012937499838281,665,5575.473597265082,67.9652995833332
6.01,10.89,0.1001666666666666,70.56066666666668,65.4489,9.439333333333323,5654.176372712141,tn1,85.0,80.0,0.5518824102954628,0.0012520833176822,666,5597.9635877484825,68.2017924999999
6.33,10.9,0.1055,70.66616666666668,68.997,9.333833333333317,5308.341232227478,tn1,85.0,80.0,0.5807338916757898,0.0013187499835156,667,5204.145728157778,68.24043958333328
10.24,10.64,0.1706666666666666,70.83683333333335,108.9536,9.163166666666656,3221.425781249996,tn1,85.0,80.0,0.9624059245859092,0.0021333333066666,668,3229.8480133648204,66.81583990458333
10.23,10.61,0.1705,71.00733333333335,108.5403,8.99266666666665,3164.574780058645,tn1,85.0,80.0,0.9641846405104016,0.0021312499733593,669,3218.453360797363,67.08626594541666
10.21,10.58,0.1701666666666667,71.17750000000001,108.0218,8.822499999999991,3110.7737512242866,tn1,85.0,80.0,0.9650282641750224,0.0021270833067447,670,3187.747913470111,69.91380480083332
8.53,10.66,0.1421666666666666,71.31966666666668,90.9298,8.680333333333323,3663.4466588511095,tn1,85.0,80.0,0.8001875421962906,0.0017770833111197,671,3565.399463082362,53.75548854250003
8.53,10.67,0.1421666666666666,71.46183333333335,91.0151,8.538166666666655,3603.446658851109,tn1,85.0,80.0,0.7994376008024742,0.0017770833111197,672,3551.0991151264516,55.431410625833344
15.55,10.21,0.2591666666666666,71.72100000000002,158.76550000000003,8.278999999999982,1916.6816720257193,tn1,85.0,80.0,1.5230165011737022,0.0032395832928385,673,1942.6057006192239,67.04678249999999
15.27,9.86,0.2545,71.97550000000001,150.5622,8.024499999999989,1891.8271119842805,tn1,85.0,80.0,1.5486813845150726,0.0031812499602343,674,1864.8347289752946,68.44494749999998
14.75,9.23,0.2458333333333333,72.22133333333335,136.1425,7.778666666666652,1898.5220338983015,tn1,85.0,80.0,1.5980496643499822,0.0030729166282552,675,1814.5559298504306,67.98189166666663
13.47,9.16,0.2245,72.44583333333335,123.3852,7.554166666666646,2018.930957683736,tn1,85.0,80.0,1.47052385692971,0.0028062499649218,676,1957.7310152897367,68.37064208333328
9.29,9.49,0.1548333333333333,72.60066666666668,88.1621,7.399333333333317,2867.341227125936,tn1,85.0,80.0,0.9789250812513086,0.0019354166424739,677,2802.407168309741,72.79133764374997
5.93,9.83,0.0988333333333333,72.69950000000001,58.2919,7.300499999999985,4432.006745362555,tn1,85.0,80.0,0.6032552794246918,0.0012354166512239,678,4358.742388202874,71.10966958333334
5.94,9.94,0.099,72.79850000000002,59.0436,7.201499999999982,4364.545454545443,tn1,85.0,80.0,0.5975854529592101,0.0012374999845312,679,4336.606505168693,71.06082708333334
5.36,10.06,0.0893333333333333,72.88783333333335,53.921600000000005,7.112166666666653,4776.828358208945,tn1,85.0,80.0,0.5328031279519754,0.0011166666527083,680,4549.032888288709,69.08133291666663
5.38,10.1,0.0896666666666666,72.97750000000002,54.337999999999994,7.0224999999999795,4699.070631970247,tn1,85.0,80.0,0.5326732145868105,0.0011208333193229,681,4587.775517488733,68.82372083333327
5.39,10.13,0.0898333333333333,73.06733333333335,54.6007,6.932666666666648,4630.3525046382065,tn1,85.0,80.0,0.5320828694883643,0.0011229166526302,682,4580.34628182727,66.4710237499999
5.39,10.14,0.0898333333333333,73.15716666666668,54.6546,6.842833333333317,4570.352504638208,tn1,85.0,80.0,0.5315581329824326,0.0011229166526302,683,4559.807869301189,65.96259520916658
5.42,10.15,0.0903333333333333,73.24750000000002,55.013,6.7524999999999835,4485.0553505534945,tn1,85.0,80.0,0.5339900951733897,0.001129166652552,684,4423.682599270958,69.32380416666659
5.42,10.16,0.0903333333333333,73.33783333333335,55.0672,6.66216666666665,4425.0553505534945,tn1,85.0,80.0,0.5334645144227841,0.001129166652552,685,4402.007740200413,71.09088999999993
5.42,10.17,0.0903333333333333,73.42816666666668,55.1214,6.571833333333316,4365.0553505534945,tn1,85.0,80.0,0.5329399672625401,0.001129166652552,686,4365.018771770642,71.7931890629166
5.43,10.18,0.0905,73.51866666666669,55.27739999999999,6.4813333333333105,4297.016574585621,tn1,85.0,80.0,0.5333987688213391,0.0011312499858593,687,4275.277460336871,74.05838614625002
5.43,10.19,0.0905,73.6091666666667,55.3317,6.390833333333305,4237.016574585617,tn1,85.0,80.0,0.5328753157139043,0.0011312499858593,688,4251.467332980891,74.36281229250005
8.87,9.77,0.1478333333333333,73.75700000000003,86.6599,6.242999999999967,2533.799323562557,tn1,85.0,80.0,0.9078811762660004,0.0018479166435677,689,2500.9244045867426,70.89851187583334
8.83,9.69,0.1471666666666666,73.9041666666667,85.56269999999999,6.095833333333303,2485.2774631936454,tn1,85.0,80.0,0.9112486159702152,0.0018395833103385,690,2455.107173514034,70.53004416833332
8.8,9.64,0.1466666666666666,74.05083333333336,84.83200000000001,5.949166666666642,2433.7499999999895,tn1,85.0,80.0,0.9128629758440896,0.0018333333104166,691,2429.678152658332,70.44246562583335
8.79,9.61,0.1465,74.19733333333336,84.47189999999999,5.802666666666639,2376.518771331047,tn1,85.0,80.0,0.914672121262006,0.0018312499771093,692,2364.6670087785624,67.63013698125005
5.36,9.95,0.0893333333333333,74.28666666666669,53.332,5.71333333333331,3837.313432835805,tn1,85.0,80.0,0.538693413196642,0.0011166666527083,693,3795.476622711396,73.54713927541675
5.37,9.98,0.0895,74.37616666666669,53.5926,5.623833333333309,3770.1675977653463,tn1,85.0,80.0,0.5380760983891685,0.0011187499860156,694,3759.1724972250313,72.88448469208345
6.94,9.83,0.1156666666666666,74.49183333333336,68.2202,5.508166666666639,2857.2622478386024,tn1,85.0,80.0,0.7060019627668401,0.0014458333152604,695,2821.5949336630483,73.7596762566667
6.92,9.8,0.1153333333333333,74.6071666666667,67.816,5.3928333333333,2805.520231213856,tn1,85.0,80.0,0.7061223769262881,0.0014416666486458,696,2784.33837943747,73.85267209
6.92,9.79,0.1153333333333333,74.72250000000004,67.7468,5.277499999999961,2745.520231213852,tn1,85.0,80.0,0.7068436458790965,0.0014416666486458,697,2766.4027075049707,73.38664011208333
6.92,9.78,0.1153333333333333,74.83783333333338,67.6776,5.1621666666666215,2685.520231213849,tn1,85.0,80.0,0.7075663898193877,0.0014416666486458,698,2732.9613177330984,72.24316261208334
7.6,9.72,0.1266666666666666,74.96450000000004,73.872,5.035499999999956,2385.2368421052424,tn1,85.0,80.0,0.7818929236735674,0.0015833333135416,699,2396.6742897455097,63.53747406625004
7.6,9.69,0.1266666666666666,75.09116666666671,73.64399999999999,4.908833333333291,2325.2368421052433,tn1,85.0,80.0,0.7843136445496756,0.0015833333135416,700,2359.2892432442723,61.551351256666706
9.72,9.52,0.162,75.25316666666671,92.5344,4.746833333333285,1758.0864197530686,tn1,85.0,80.0,1.0210082961125742,0.0020249999746875,701,1788.5632198765397,65.55553541666673
5.36,9.95,0.0893333333333333,75.34250000000004,53.332,4.657499999999956,3128.171641791015,tn1,85.0,80.0,0.538693413196642,0.0011166666527083,702,3104.043612904319,75.85995355583343
5.37,9.98,0.0895,75.43200000000004,53.5926,4.567999999999955,3062.346368715054,tn1,85.0,80.0,0.5380760983891685,0.0011187499860156,703,3041.7829529276682,77.07510616458343
8.2,9.64,0.1366666666666666,75.56866666666672,79.048,4.431333333333285,1945.4634146341257,tn1,85.0,80.0,0.8506223184001743,0.0017083333119791,704,1931.5309859462318,61.107918229583426
8.18,9.61,0.1363333333333333,75.70500000000006,78.60979999999999,4.294999999999945,1890.2200488997312,tn1,85.0,80.0,0.8511965815612299,0.0017041666453645,705,1913.412757696424,59.945813646250116
6.69,9.74,0.1115,75.81650000000006,65.1606,4.183499999999938,2251.210762331805,tn1,85.0,80.0,0.6868582457024389,0.0013937499825781,706,2234.0843782696606,66.76311604249997
6.69,9.75,0.1115,75.92800000000007,65.2275,4.071999999999932,2191.2107623318016,tn1,85.0,80.0,0.6861537757791,0.0013937499825781,707,2170.616268305819,67.65952395916665
6.69,9.75,0.1115,76.03950000000007,65.2275,3.960499999999925,2131.210762331798,tn1,85.0,80.0,0.6861537757791,0.0013937499825781,708,2139.6311794401977,67.7308952091667
6.01,9.83,0.1001666666666666,76.13966666666674,59.0783,3.8603333333332586,2312.346089850205,tn1,85.0,80.0,0.6113936305805056,0.0012520833176822,709,2239.0016951768357,72.93463854249998
6.04,9.83,0.1006666666666666,76.24033333333341,59.3732,3.7596666666665897,2240.860927152272,tn1,85.0,80.0,0.6144455122639357,0.0012583333176041,710,2174.7596828266146,70.87662291833334
