Current,Voltage,Ah Out,Cumulative Actual Disch Ah,Power,Remaining Capacity,Time to Depletion,type,capacity,charged,prediction
9.36,11.84,0.156,0.156,110.8224,26.844,10324.615384615388,b2,88.81,27.0,10420.41231037466
9.34,11.84,0.1556666666666666,0.3116666666666666,110.5856,26.688333333333333,10286.723768736616,b2,88.81,27.0,10353.32818693069
9.34,11.83,0.1556666666666666,0.4673333333333333,110.4922,26.532666666666668,10226.723768736618,b2,88.81,27.0,10411.174389111904
7.14,11.88,0.119,0.5863333333333334,84.8232,26.413666666666668,13317.81512605042,b2,88.81,27.0,13132.323651803716
7.13,11.88,0.1188333333333333,0.7051666666666667,84.7044,26.294833333333333,13276.49368863955,b2,88.81,27.0,13227.245662841224
7.13,11.88,0.1188333333333333,0.8240000000000001,84.7044,26.176,13216.49368863955,b2,88.81,27.0,13192.255067220085
7.13,11.87,0.1188333333333333,0.9428333333333334,84.6331,26.057166666666667,13156.493688639552,b2,88.81,27.0,13107.680026409449
10.89,11.78,0.1815,1.1243333333333334,128.2842,25.875666666666667,8553.939393939394,b2,88.81,27.0,8681.685199990103
10.89,11.77,0.1815,1.3058333333333334,128.1753,25.694166666666668,8493.939393939394,b2,88.81,27.0,8643.813426247796
10.89,11.77,0.1815,1.4873333333333334,128.1753,25.512666666666668,8433.939393939394,b2,88.81,27.0,8504.557176822043
10.88,11.76,0.1813333333333333,1.6686666666666667,127.9488,25.331333333333333,8381.691176470587,b2,88.81,27.0,8488.46357614936
10.88,11.75,0.1813333333333333,1.85,127.84,25.15,8321.691176470587,b2,88.81,27.0,8482.585873792525
7.72,11.83,0.1286666666666666,1.9786666666666668,91.3276,25.021333333333335,11667.9792746114,b2,88.81,27.0,11481.062035551386
7.71,11.82,0.1285,2.107166666666666,91.1322,24.892833333333332,11623.112840466923,b2,88.81,27.0,11515.166565428937
7.71,11.82,0.1285,2.2356666666666665,91.1322,24.764333333333333,11563.112840466929,b2,88.81,27.0,11502.99086275985
7.71,11.82,0.1285,2.3641666666666663,91.1322,24.635833333333338,11503.112840466923,b2,88.81,27.0,11493.032018943351
7.71,11.81,0.1285,2.492666666666666,91.0551,24.507333333333335,11443.112840466929,b2,88.81,27.0,11438.432326365055
6.02,11.85,0.1003333333333333,2.5929999999999995,71.33699999999999,24.407,14595.548172757475,b2,88.81,27.0,14505.839175550782
6.02,11.85,0.1003333333333333,2.693333333333333,71.33699999999999,24.30666666666667,14535.548172757475,b2,88.81,27.0,14486.110531532147
9.94,11.75,0.1656666666666666,2.8589999999999995,116.795,24.141,8743.219315895374,b2,88.81,27.0,8684.687104128334
9.94,11.74,0.1656666666666666,3.024666666666666,116.6956,23.975333333333335,8683.219315895374,b2,88.81,27.0,8602.590095643705
9.95,11.74,0.1658333333333333,3.1904999999999997,116.813,23.8095,8614.492462311558,b2,88.81,27.0,8559.992956087943
9.94,11.73,0.1656666666666666,3.3561666666666663,116.5962,23.643833333333333,8563.158953722335,b2,88.81,27.0,8529.459883721964
9.94,11.72,0.1656666666666666,3.521833333333333,116.4968,23.478166666666667,8503.158953722334,b2,88.81,27.0,8496.809620563934
9.94,11.72,0.1656666666666666,3.6875,116.4968,23.3125,8443.158953722334,b2,88.81,27.0,8477.428817621152
10.12,11.7,0.1686666666666666,3.8561666666666663,118.40399999999998,23.143833333333333,8232.984189723322,b2,88.81,27.0,8334.439505818738
12.16,11.65,0.2026666666666666,4.058833333333333,141.66400000000002,22.941166666666668,6791.792763157894,b2,88.81,27.0,7118.909189789053
12.15,11.65,0.2025,4.261333333333333,141.5475,22.738666666666667,6737.382716049382,b2,88.81,27.0,7067.1243295559725
12.16,11.64,0.2026666666666666,4.4639999999999995,141.5424,22.536,6671.842105263158,b2,88.81,27.0,6914.370181934008
12.14,11.63,0.2023333333333333,4.666333333333333,141.18820000000002,22.333666666666662,6622.833607907743,b2,88.81,27.0,6861.168379183195
12.14,11.62,0.2023333333333333,4.868666666666667,141.0668,22.131333333333338,6562.833607907743,b2,88.81,27.0,6851.31232913718
9.86,11.67,0.1643333333333333,5.033,115.0662,21.967,8020.405679513185,b2,88.81,27.0,7957.424986282528
9.86,11.67,0.1643333333333333,5.197333333333334,115.0662,21.802666666666667,7960.4056795131855,b2,88.81,27.0,7945.824986282528
9.85,11.66,0.1641666666666666,5.3615,114.851,21.6385,7908.487309644671,b2,88.81,27.0,7890.5161666723325
9.86,11.66,0.1643333333333333,5.525833333333334,114.9676,21.474166666666665,7840.466531440163,b2,88.81,27.0,7876.67311188749
9.86,12.66,0.1643333333333333,5.690166666666667,124.8276,21.309833333333337,7780.466531440162,b2,88.81,27.0,11680.884093431545
9.85,11.65,0.1641666666666666,5.854333333333334,114.7525,21.145666666666667,7728.365482233502,b2,88.81,27.0,7818.583097884763
7.35,11.71,0.1225,5.976833333333333,86.0685,21.02316666666667,10297.061224489798,b2,88.81,27.0,10034.243232095258
7.34,11.71,0.1223333333333333,6.099166666666667,85.9514,20.90083333333333,10251.08991825613,b2,88.81,27.0,10249.548689003268
7.34,11.71,0.1223333333333333,6.221500000000001,85.9514,20.7785,10191.089918256132,b2,88.81,27.0,10247.60156210016
7.34,11.7,0.1223333333333333,6.343833333333334,85.878,20.656166666666664,10131.08991825613,b2,88.81,27.0,10194.773830133428
6.42,11.73,0.107,6.4508333333333345,75.3066,20.549166666666665,11522.89719626168,b2,88.81,27.0,11444.770718941258
6.42,11.72,0.107,6.557833333333335,75.2424,20.442166666666665,11462.89719626168,b2,88.81,27.0,11349.339255402212
8.97,11.65,0.1495,6.7073333333333345,104.50050000000002,20.292666666666666,8144.214046822741,b2,88.81,27.0,8209.931552639342
6.75,11.71,0.1125,6.819833333333334,79.0425,20.180166666666665,10762.755555555554,b2,88.81,27.0,10872.961322174628
6.74,11.71,0.1123333333333333,6.932166666666667,78.92540000000001,20.067833333333333,10718.724035608308,b2,88.81,27.0,10846.244927622052
6.74,11.7,0.1123333333333333,7.0445,78.858,19.9555,10658.72403560831,b2,88.81,27.0,10786.497276590722
4.97,11.76,0.0828333333333333,7.1273333333333335,58.447199999999995,19.872666666666667,14394.688128772636,b2,88.81,27.0,14299.303440283229
4.97,11.75,0.0828333333333333,7.210166666666667,58.397499999999994,19.789833333333338,14334.68812877264,b2,88.81,27.0,14265.449805987559
4.97,11.75,0.0828333333333333,7.293,58.397499999999994,19.707,14274.688128772636,b2,88.81,27.0,14219.98720944053
4.97,11.75,0.0828333333333333,7.375833333333333,58.397499999999994,19.624166666666667,14214.688128772636,b2,88.81,27.0,14190.506728165783
4.96,11.75,0.0826666666666666,7.4585,58.28,19.5415,14183.346774193547,b2,88.81,27.0,14133.237579531477
10.69,11.58,0.1781666666666666,7.636666666666667,123.7902,19.363333333333333,6520.860617399439,b2,88.81,27.0,6714.887057869654
10.68,11.58,0.178,7.814666666666667,123.6744,19.185333333333332,6466.966292134832,b2,88.81,27.0,6660.776299649124
10.67,11.57,0.1778333333333333,7.9925,123.4519,19.0075,6413.027179006561,b2,88.81,27.0,6615.219211323186
10.67,11.56,0.1778333333333333,8.170333333333334,123.3452,18.829666666666668,6353.027179006561,b2,88.81,27.0,6565.560040927194
12.94,11.49,0.2156666666666666,8.386000000000001,148.6806,18.613999999999997,5178.54714064915,b2,88.81,27.0,5641.950555436528
9.58,11.57,0.1596666666666666,8.545666666666667,110.8406,18.45433333333333,6934.8225469728595,b2,88.81,27.0,6800.2112042892395
9.59,11.57,0.1598333333333333,8.7055,110.9563,18.2945,6867.591240875912,b2,88.81,27.0,6808.825864416841
9.58,11.56,0.1596666666666666,8.865166666666667,110.7448,18.134833333333333,6814.759916492693,b2,88.81,27.0,6796.384091163234
8.49,11.59,0.1415,9.006666666666668,98.3991,17.993333333333332,7629.681978798585,b2,88.81,27.0,7404.727801934779
8.49,11.58,0.1415,9.148166666666668,98.3142,17.85183333333333,7569.681978798585,b2,88.81,27.0,7346.878338598727
10.32,11.52,0.172,9.320166666666667,118.8864,17.67983333333333,6167.383720930232,b2,88.81,27.0,6459.1877031664235
10.83,11.5,0.1805,9.50066666666667,124.545,17.499333333333333,5816.952908587257,b2,88.81,27.0,6297.160842267043
7.11,11.6,0.1185,9.619166666666668,82.476,17.38083333333333,8800.421940928269,b2,88.81,27.0,8985.9560969055
7.12,11.6,0.1186666666666666,9.737833333333334,82.592,17.262166666666666,8728.061797752809,b2,88.81,27.0,8924.706451808563
9.38,11.53,0.1563333333333333,9.894166666666669,108.1514,17.105833333333333,6565.138592750533,b2,88.81,27.0,6625.314983497945
9.38,11.52,0.1563333333333333,10.0505,108.0576,16.9495,6505.138592750533,b2,88.81,27.0,6557.236874013861
9.37,11.51,0.1561666666666666,10.206666666666669,107.8487,16.793333333333333,6452.081109925294,b2,88.81,27.0,6515.070988674921
11.84,11.43,0.1973333333333333,10.404,135.3312,16.596,5046.081081081081,b2,88.81,27.0,5475.448760079726
9.82,11.48,0.1636666666666666,10.567666666666666,112.7336,16.432333333333332,6024.0733197556,b2,88.81,27.0,6092.357926000779
9.81,11.47,0.1635,10.731166666666669,112.5207,16.268833333333333,5970.214067278287,b2,88.81,27.0,6044.2621657517575
9.8,11.46,0.1633333333333333,10.8945,112.30800000000002,16.1055,5916.306122448978,b2,88.81,27.0,6025.660054893634
9.81,11.46,0.1635,11.058000000000002,112.42260000000002,15.941999999999998,5850.275229357798,b2,88.81,27.0,6002.977621015801
9.81,11.45,0.1635,11.221500000000002,112.3245,15.778499999999998,5790.275229357797,b2,88.81,27.0,5967.857483669802
11.39,11.39,0.1898333333333333,11.411333333333337,129.7321,15.588666666666663,4927.058823529412,b2,88.81,27.0,5253.166024746477
11.39,11.38,0.1898333333333333,11.601166666666668,129.6182,15.398833333333332,4867.058823529411,b2,88.81,27.0,5185.440719618516
11.38,11.37,0.1896666666666666,11.790833333333335,129.3906,15.209166666666665,4811.335676625658,b2,88.81,27.0,5149.096080782445
7.69,11.47,0.1281666666666666,11.919000000000002,88.2043,15.080999999999998,7060.026007802339,b2,88.81,27.0,6833.6813617092
7.68,11.47,0.128,12.047000000000002,88.0896,14.952999999999998,7009.218749999999,b2,88.81,27.0,6814.113005226316
7.68,11.46,0.128,12.175000000000002,88.0128,14.824999999999998,6949.218749999999,b2,88.81,27.0,6786.675608325887
7.68,11.46,0.128,12.303000000000004,88.0128,14.696999999999996,6889.218749999999,b2,88.81,27.0,6802.5910846867155
7.68,11.45,0.128,12.431000000000004,87.93599999999999,14.568999999999996,6829.218749999998,b2,88.81,27.0,6773.244375573682
5.4,11.52,0.09,12.521000000000004,62.208,14.478999999999996,9652.666666666664,b2,88.81,27.0,9591.545733106283
5.41,11.53,0.0901666666666666,12.61116666666667,62.3773,14.38883333333333,9574.824399260626,b2,88.81,27.0,9523.374660935591
5.41,11.53,0.0901666666666666,12.701333333333336,62.3773,14.298666666666664,9514.824399260626,b2,88.81,27.0,9514.667468082853
5.4,11.53,0.09,12.791333333333336,62.262,14.208666666666664,9472.444444444442,b2,88.81,27.0,9523.559516246542
5.41,11.53,0.0901666666666666,12.881500000000004,62.3773,14.118499999999996,9394.935304990757,b2,88.81,27.0,9453.491560410735
5.4,11.53,0.09,12.971500000000002,62.262,14.028499999999998,9352.33333333333,b2,88.81,27.0,9401.454623668189
9.22,11.39,0.1536666666666666,13.125166666666669,105.0158,13.874833333333331,5417.505422993491,b2,88.81,27.0,5711.504433787109
9.43,11.37,0.1571666666666666,13.282333333333336,107.21909999999998,13.717666666666664,5236.861081654294,b2,88.81,27.0,5523.005216244352
9.05,11.37,0.1508333333333333,13.433166666666668,102.8985,13.566833333333332,5396.751381215468,b2,88.81,27.0,5595.419561022805
9.04,11.36,0.1506666666666666,13.583833333333336,102.6944,13.416166666666664,5342.721238938053,b2,88.81,27.0,5595.079873735469
9.04,11.35,0.1506666666666666,13.7345,102.60399999999998,13.2655,5282.721238938053,b2,88.81,27.0,5584.559589666093
7.35,11.4,0.1225,13.857,83.78999999999999,13.143,6437.3877551020405,b2,88.81,27.0,6382.290756886606
7.35,11.4,0.1225,13.979500000000002,83.78999999999999,13.020499999999998,6377.3877551020405,b2,88.81,27.0,6364.019211569494
7.35,11.39,0.1225,14.102000000000002,83.7165,12.897999999999998,6317.3877551020405,b2,88.81,27.0,6237.481974164445
9.73,11.3,0.1621666666666666,14.264166666666668,109.949,12.735833333333332,4712.127440904418,b2,88.81,27.0,4761.066140865221
9.72,11.29,0.162,14.426166666666669,109.7388,12.573833333333331,4656.975308641974,b2,88.81,27.0,4673.702066376335
9.71,11.27,0.1618333333333333,14.588000000000005,109.4317,12.411999999999995,4601.771369721935,b2,88.81,27.0,4642.131892011655
12.59,11.16,0.2098333333333333,14.797833333333337,140.5044,12.202166666666663,3489.102462271643,b2,88.81,27.0,3982.44308047863
14.23,11.08,0.2371666666666666,15.035000000000004,157.66840000000002,11.964999999999996,3026.9852424455366,b2,88.81,27.0,3466.0954544768015
14.21,11.06,0.2368333333333333,15.271833333333335,157.16260000000003,11.728166666666665,2971.2456016889505,b2,88.81,27.0,3363.521978459314
14.19,11.03,0.2365,15.508333333333336,156.51569999999998,11.491666666666664,2915.433403805496,b2,88.81,27.0,3270.114733921957
14.18,11.0,0.2363333333333333,15.744666666666667,155.98,11.255333333333333,2857.489421720733,b2,88.81,27.0,3284.9391920436424
11.88,11.05,0.198,15.94266666666667,131.27400000000003,11.05733333333333,3350.7070707070693,b2,88.81,27.0,3519.5464072363575
11.86,11.04,0.1976666666666666,16.140333333333338,130.93439999999998,10.859666666666662,3296.35750421585,b2,88.81,27.0,3508.531982187035
11.85,11.02,0.1974999999999999,16.33783333333334,130.587,10.66216666666666,3239.1392405063275,b2,88.81,27.0,3479.526909925894
11.84,11.0,0.1973333333333333,16.535166666666672,130.24,10.464833333333328,3181.874999999998,b2,88.81,27.0,3353.594579239162
9.53,11.07,0.1588333333333333,16.694000000000006,105.4971,10.305999999999994,3893.137460650575,b2,88.81,27.0,3860.167458398563
9.52,11.06,0.1586666666666666,16.85266666666667,105.2912,10.147333333333329,3837.2268907563007,b2,88.81,27.0,3803.362218301483
9.54,11.06,0.1589999999999999,17.01166666666667,105.5124,9.98833333333333,3769.1823899371057,b2,88.81,27.0,3783.488504139285
9.52,11.05,0.1586666666666666,17.170333333333335,105.196,9.829666666666665,3717.1008403361343,b2,88.81,27.0,3731.263295702521
9.53,11.04,0.1588333333333333,17.32916666666667,105.2112,9.67083333333333,3653.2004197271767,b2,88.81,27.0,3690.938565243833
10.19,11.0,0.1698333333333333,17.499000000000002,112.09,9.500999999999998,3356.5848871442586,b2,88.81,27.0,3434.168471111288
10.18,10.99,0.1696666666666666,17.66866666666667,111.8782,9.33133333333333,3299.8821218074645,b2,88.81,27.0,3353.328762875903
10.17,10.97,0.1695,17.83816666666667,111.5649,9.16183333333333,3243.126843657816,b2,88.81,27.0,3293.434344176746
10.16,10.96,0.1693333333333333,18.007500000000004,111.3536,8.992499999999996,3186.3188976377937,b2,88.81,27.0,3273.973765000039
8.76,11.0,0.146,18.153500000000005,96.36,8.846499999999995,3635.547945205478,b2,88.81,27.0,3610.080583910225
8.75,11.0,0.1458333333333333,18.299333333333337,96.25,8.700666666666663,3579.7028571428555,b2,88.81,27.0,3553.1326122909677
8.74,10.99,0.1456666666666666,18.445000000000004,96.0526,8.554999999999996,3523.7986270022866,b2,88.81,27.0,3527.748384789809
8.75,10.98,0.1458333333333333,18.590833333333336,96.075,8.409166666666664,3459.7714285714274,b2,88.81,27.0,3503.429261236866
8.74,10.97,0.1456666666666666,18.736500000000003,95.8778,8.263499999999997,3403.729977116703,b2,88.81,27.0,3482.892862825659
3.56,11.16,0.0593333333333333,18.795833333333334,39.7296,8.204166666666662,8296.348314606737,b2,88.81,27.0,7680.734495311528
7.37,11.02,0.1228333333333333,18.91866666666667,81.2174,8.08133333333333,3947.4626865671626,b2,88.81,27.0,3854.9711976979975
7.37,11.02,0.1228333333333333,19.041500000000003,81.2174,7.958499999999997,3887.462686567163,b2,88.81,27.0,3821.3708305684627
7.37,11.01,0.1228333333333333,19.164333333333335,81.1437,7.835666666666665,3827.462686567163,b2,88.81,27.0,3771.6612554354724
7.36,11.01,0.1226666666666666,19.287000000000003,81.0336,7.712999999999997,3772.663043478259,b2,88.81,27.0,3745.2128916545307
7.36,11.0,0.1226666666666666,19.40966666666667,80.96000000000001,7.59033333333333,3712.663043478259,b2,88.81,27.0,3709.8444822168744
7.36,11.0,0.1226666666666666,19.532333333333337,80.96000000000001,7.467666666666663,3652.6630434782583,b2,88.81,27.0,3707.4317239309466
5.69,11.08,0.0948333333333333,19.62716666666667,63.0452,7.372833333333329,4664.710017574689,b2,88.81,27.0,4560.871754150719
5.69,11.08,0.0948333333333333,19.722000000000005,63.0452,7.277999999999995,4604.710017574689,b2,88.81,27.0,4536.471739477062
5.69,11.08,0.0948333333333333,19.81683333333334,63.0452,7.183166666666661,4544.710017574688,b2,88.81,27.0,4497.505404120117
5.69,11.08,0.0948333333333333,19.911666666666672,63.0452,7.088333333333328,4484.710017574688,b2,88.81,27.0,4470.0977632451595
5.71,11.08,0.0951666666666666,20.00683333333334,63.2668,6.99316666666666,4409.001751313481,b2,88.81,27.0,4409.254632142924
10.76,10.84,0.1793333333333333,20.186166666666672,116.6384,6.813833333333328,2279.7211895910764,b2,88.81,27.0,2567.973063829523
8.44,10.9,0.1406666666666666,20.32683333333334,91.996,6.67316666666666,2846.374407582936,b2,88.81,27.0,2941.7392900065665
8.44,10.89,0.1406666666666666,20.46750000000001,91.9116,6.532499999999992,2786.374407582935,b2,88.81,27.0,2916.905333517903
8.43,10.88,0.1404999999999999,20.608000000000008,91.7184,6.391999999999992,2729.6797153024877,b2,88.81,27.0,2849.0061600521453
8.43,10.87,0.1404999999999999,20.748500000000007,91.6341,6.251499999999993,2669.679715302488,b2,88.81,27.0,2817.203467416413
6.09,10.98,0.1014999999999999,20.85000000000001,66.8682,6.1499999999999915,3635.467980295562,b2,88.81,27.0,3697.508330221721
6.09,10.98,0.1014999999999999,20.95150000000001,66.8682,6.04849999999999,3575.46798029556,b2,88.81,27.0,3648.2918933959927
6.09,10.98,0.1014999999999999,21.05300000000001,66.8682,5.9469999999999885,3515.46798029556,b2,88.81,27.0,3608.5700389288763
6.09,10.98,0.1014999999999999,21.154500000000013,66.8682,5.845499999999987,3455.467980295559,b2,88.81,27.0,3474.3717628897302
9.37,10.8,0.1561666666666666,21.31066666666668,101.196,5.68933333333332,2185.8697972251816,b2,88.81,27.0,2361.95672957031
9.36,10.77,0.156,21.46666666666668,100.8072,5.533333333333321,2128.205128205124,b2,88.81,27.0,2164.156646090526
9.34,10.75,0.1556666666666666,21.622333333333344,100.405,5.377666666666656,2072.762312633829,b2,88.81,27.0,2134.6965532933764
9.33,10.72,0.1555,21.777833333333344,100.0176,5.222166666666656,2014.9839228295775,b2,88.81,27.0,2095.0970213899504
9.32,10.7,0.1553333333333333,21.93316666666668,99.724,5.066833333333321,1957.1459227467765,b2,88.81,27.0,2081.6433291870417
5.6,10.88,0.0933333333333333,22.026500000000013,60.928,4.973499999999987,3197.2499999999923,b2,88.81,27.0,2991.9444318742276
5.61,10.89,0.0935,22.12000000000001,61.09290000000001,4.879999999999988,3131.5508021390297,b2,88.81,27.0,3007.4458715203946
7.73,10.77,0.1288333333333333,22.248833333333344,83.2521,4.751166666666656,2212.7037516170712,b2,88.81,27.0,2250.292984526888
7.71,10.75,0.1285,22.377333333333343,82.8825,4.622666666666657,2158.4435797665324,b2,88.81,27.0,2217.5483551239695
7.71,10.73,0.1285,22.505833333333342,82.7283,4.494166666666658,2098.443579766533,b2,88.81,27.0,2205.129357086039
6.08,10.81,0.1013333333333333,22.607166666666675,65.7248,4.392833333333325,2601.0197368421004,b2,88.81,27.0,2603.2714724256352
6.08,10.81,0.1013333333333333,22.708500000000008,65.7248,4.291499999999992,2541.019736842101,b2,88.81,27.0,2561.3321394848685
8.6,10.65,0.1433333333333333,22.851833333333342,91.59,4.148166666666658,1736.4418604651123,b2,88.81,27.0,1913.8873473945403
8.57,10.61,0.1428333333333333,22.99466666666667,90.9277,4.005333333333326,1682.5204200700084,b2,88.81,27.0,1881.7920953055425
10.07,10.42,0.1678333333333333,23.16250000000001,104.9294,3.837499999999991,1371.896722939421,b2,88.81,27.0,1537.275448447128
9.96,10.22,0.166,23.32850000000001,101.79120000000002,3.671499999999991,1327.0481927710812,b2,88.81,27.0,1515.76598290851
9.68,9.75,0.1613333333333333,23.489833333333344,94.38,3.510166666666656,1305.433884297517,b2,88.81,27.0,1495.1426908949818
7.48,9.73,0.1246666666666666,23.61450000000001,72.78040000000001,3.3854999999999897,1629.3850267379628,b2,88.81,27.0,1640.963868691179
7.45,9.67,0.1241666666666666,23.73866666666668,72.0415,3.2613333333333223,1575.9463087248268,b2,88.81,27.0,1642.0144297009756
7.42,9.59,0.1236666666666666,23.862333333333343,71.1578,3.1376666666666573,1522.3180592991869,b2,88.81,27.0,1614.6129150518104
5.32,9.86,0.0886666666666666,23.951000000000008,52.4552,3.0489999999999924,2063.2330827067617,b2,88.81,27.0,2037.904551575565
5.32,9.85,0.0886666666666666,24.039666666666676,52.402,2.960333333333324,2003.2330827067603,b2,88.81,27.0,2018.9529858893432
5.88,9.74,0.098,24.137666666666675,57.2712,2.862333333333325,1752.448979591832,b2,88.81,27.0,1719.1397664901301
5.87,9.7,0.0978333333333333,24.23550000000001,56.939,2.764499999999991,1695.4344122657526,b2,88.81,27.0,1684.4663736567938
5.85,9.66,0.0974999999999999,24.33300000000001,56.511,2.666999999999991,1641.2307692307638,b2,88.81,27.0,1553.5780717945051
7.32,9.45,0.122,24.45500000000001,69.17399999999999,2.544999999999991,1251.6393442622905,b2,88.81,27.0,1396.283952099979
7.27,9.33,0.1211666666666666,24.576166666666676,67.8291,2.4238333333333237,1200.247592847313,b2,88.81,27.0,1420.1267217113107
5.83,9.43,0.0971666666666666,24.673333333333343,54.9769,2.3266666666666573,1436.7066895368723,b2,88.81,27.0,1430.6168731901291
5.82,9.4,0.097,24.770333333333344,54.708000000000006,2.229666666666656,1379.175257731952,b2,88.81,27.0,1420.7240379228285
2.19,9.84,0.0365,24.806833333333344,21.5496,2.193166666666656,3605.2054794520377,b2,88.81,27.0,6853.133158928246
5.53,9.4,0.0921666666666666,24.89900000000001,51.982000000000006,2.1009999999999884,1367.7396021699744,b2,88.81,27.0,1410.156352073961
5.52,9.37,0.092,24.99100000000001,51.72239999999999,2.0089999999999897,1310.2173913043412,b2,88.81,27.0,1344.7939975253776
5.5,9.33,0.0916666666666666,25.082666666666675,51.315,1.917333333333325,1254.9818181818123,b2,88.81,27.0,1313.8947527638154
9.01,12.42,0.1501666666666666,0.1501666666666666,111.9042,69.84983333333334,27908.923418423976,b3,88.35,70.0,28458.807339653602
9.18,12.24,0.153,0.3031666666666667,112.3632,69.69683333333333,27332.091503267973,b3,88.35,70.0,27264.42332863118
9.17,12.22,0.1528333333333333,0.456,112.0574,69.544,27301.897491821157,b3,88.35,70.0,26720.01554736801
9.17,12.22,0.1528333333333333,0.6088333333333333,112.0574,69.39116666666666,27241.897491821153,b3,88.35,70.0,26740.487935688005
19.11,12.04,0.3185,0.9273333333333332,230.0844,69.07266666666666,13012.119309262163,b3,88.35,70.0,12898.378239915712
19.07,12.01,0.3178333333333333,1.2451666666666668,229.0307,68.75483333333334,12979.412690089146,b3,88.35,70.0,12729.16506880016
19.06,12.0,0.3176666666666666,1.5628333333333333,228.71999999999997,68.43716666666667,12926.22245540399,b3,88.35,70.0,12676.006754624952
19.53,11.98,0.3255,1.8883333333333332,233.96940000000004,68.11166666666666,12555.145929339476,b3,88.35,70.0,12497.533827743948
19.51,11.98,0.3251666666666667,2.2135,233.72980000000004,67.7865,12508.016401845209,b3,88.35,70.0,12476.752674745676
19.5,11.97,0.325,2.5385,233.415,67.4615,12454.430769230768,b3,88.35,70.0,12384.448824691812
23.96,11.89,0.3993333333333334,2.9378333333333333,284.8844,67.06216666666667,10076.118530884807,b3,88.35,70.0,10060.753727660614
23.96,11.86,0.3993333333333334,3.3371666666666666,284.1656,66.66283333333334,10016.118530884807,b3,88.35,70.0,9886.606474142854
23.96,11.86,0.3993333333333334,3.7365,284.1656,66.2635,9956.118530884807,b3,88.35,70.0,9861.918102701122
23.87,11.85,0.3978333333333333,4.134333333333333,282.8595,65.86566666666667,9933.657310431505,b3,88.35,70.0,9788.01949999813
24.48,11.84,0.408,4.542333333333334,289.8432,65.45766666666667,9626.127450980392,b3,88.35,70.0,9530.182843759043
24.46,11.82,0.4076666666666667,4.95,289.1172,65.05,9573.998364677023,b3,88.35,70.0,9506.930456257287
24.44,11.81,0.4073333333333334,5.357333333333334,288.63640000000004,64.64266666666667,9521.833060556464,b3,88.35,70.0,9465.72441867702
24.96,11.8,0.416,5.773333333333334,294.528,64.22666666666666,9263.461538461535,b3,88.35,70.0,9205.01067254385
24.95,11.79,0.4158333333333333,6.189166666666668,294.16049999999996,63.810833333333335,9207.174348697396,b3,88.35,70.0,9164.627052826909
24.92,11.78,0.4153333333333334,6.604500000000002,293.5576,63.3955,9158.258426966291,b3,88.35,70.0,9142.06791579302
24.91,11.77,0.4151666666666667,7.0196666666666685,293.1907,62.980333333333334,9101.93496587716,b3,88.35,70.0,9131.197311465972
5.94,12.13,0.099,7.118666666666669,72.05220000000001,62.88133333333333,38109.89898989898,b3,88.35,70.0,37659.5925067803
5.94,12.15,0.099,7.217666666666669,72.171,62.782333333333334,38049.89898989899,b3,88.35,70.0,37554.747366175616
5.93,12.16,0.0988333333333333,7.316500000000002,72.1088,62.683499999999995,38054.06408094435,b3,88.35,70.0,37934.53696162935
5.92,12.16,0.0986666666666666,7.415166666666669,71.9872,62.58483333333333,38058.34459459459,b3,88.35,70.0,37973.92718910808
5.92,12.16,0.0986666666666666,7.513833333333335,71.9872,62.48616666666666,37998.34459459459,b3,88.35,70.0,37951.13888047632
5.91,12.17,0.0985,7.612333333333335,71.9247,62.38766666666667,38002.63959390863,b3,88.35,70.0,38129.32178611593
26.51,11.84,0.4418333333333333,8.054166666666669,313.8784,61.94583333333333,8412.108638249716,b3,88.35,70.0,8754.216438799796
24.25,11.78,0.4041666666666667,8.458333333333336,285.66499999999996,61.541666666666664,9136.082474226803,b3,88.35,70.0,9194.667036309173
24.22,11.77,0.4036666666666667,8.862000000000002,285.0694,61.138,9087.398843930636,b3,88.35,70.0,9169.958214011349
24.21,11.76,0.4035,9.2655,284.7096,60.7345,9031.152416356876,b3,88.35,70.0,9114.052932877665
18.77,11.9,0.3128333333333333,9.578333333333337,223.363,60.42166666666667,11588.598827916889,b3,88.35,70.0,11784.419000754266
18.31,11.84,0.3051666666666666,9.883500000000002,216.7904,60.1165,11819.7378481704,b3,88.35,70.0,11791.153257529942
18.3,11.84,0.305,10.1885,216.672,59.811499999999995,11766.196721311477,b3,88.35,70.0,11769.481179572209
18.31,11.83,0.3051666666666666,10.493666666666668,216.6073,59.50633333333333,11699.7706171491,b3,88.35,70.0,11739.142120426703
18.29,11.83,0.3048333333333333,10.7985,216.3707,59.2015,11652.564242755603,b3,88.35,70.0,11704.65057359251
18.29,11.82,0.3048333333333333,11.103333333333332,216.1878,58.89666666666667,11592.564242755603,b3,88.35,70.0,11682.156716682792
20.59,11.77,0.3431666666666667,11.4465,242.3443,58.5535,10237.620203982517,b3,88.35,70.0,10131.987491701708
20.58,11.77,0.3429999999999999,11.7895,242.22659999999996,58.2105,10182.59475218659,b3,88.35,70.0,10145.39796878296
20.57,11.76,0.3428333333333333,12.132333333333332,241.9032,57.867666666666665,10127.544968400583,b3,88.35,70.0,10107.20338827589
20.56,11.76,0.3426666666666666,12.475,241.7856,57.525,10072.470817120624,b3,88.35,70.0,10087.941653797923
20.55,11.75,0.3425,12.8175,241.4625,57.182500000000005,10017.372262773724,b3,88.35,70.0,10017.356793261937
16.53,11.82,0.2755,13.092999999999998,195.3846,56.907,12393.539019963702,b3,88.35,70.0,12184.536742619784
16.52,11.82,0.2753333333333333,13.368333333333332,195.2664,56.63166666666667,12341.041162227602,b3,88.35,70.0,12169.290641737889
16.52,11.81,0.2753333333333333,13.643666666666666,195.1012,56.35633333333333,12281.041162227602,b3,88.35,70.0,12114.654694657385
16.52,11.81,0.2753333333333333,13.919,195.1012,56.081,12221.041162227604,b3,88.35,70.0,12079.329935605701
17.12,11.79,0.2853333333333333,14.204333333333334,201.8448,55.79566666666666,11732.733644859813,b3,88.35,70.0,11686.133386024881
17.12,11.79,0.2853333333333333,14.489666666666668,201.8448,55.510333333333335,11672.733644859813,b3,88.35,70.0,11634.538207973248
17.11,11.79,0.2851666666666667,14.774833333333335,201.72689999999997,55.22516666666667,11619.555815312684,b3,88.35,70.0,11606.900802790742
23.37,11.66,0.3895,15.164333333333335,272.49420000000003,54.83566666666667,8447.086007702183,b3,88.35,70.0,8218.452613813435
23.36,11.65,0.3893333333333333,15.553666666666668,272.144,54.44633333333333,8390.70205479452,b3,88.35,70.0,8106.1368379791575
23.34,11.64,0.389,15.942666666666668,271.6776,54.05733333333333,8337.892030848328,b3,88.35,70.0,8092.968074218625
23.33,11.63,0.3888333333333333,16.331500000000002,271.3279,53.668499999999995,8281.465923703387,b3,88.35,70.0,8058.299969438628
24.59,11.6,0.4098333333333333,16.741333333333337,285.24399999999997,53.25866666666666,7797.120780805205,b3,88.35,70.0,7745.745610410844
24.57,11.59,0.4095,17.15083333333334,284.7663,52.84916666666666,7743.467643467642,b3,88.35,70.0,7690.711238445337
24.55,11.57,0.4091666666666667,17.560000000000006,284.0435,52.44,7689.775967413441,b3,88.35,70.0,7646.256788894314
24.53,11.56,0.4088333333333333,17.96883333333334,283.5668,52.031166666666664,7636.045658377496,b3,88.35,70.0,7623.858322769153
24.51,11.55,0.4085,18.37733333333334,283.0905,51.62266666666666,7582.276621787024,b3,88.35,70.0,7588.541417482964
21.0,11.62,0.35,18.72733333333334,244.02,51.27266666666666,8789.599999999999,b3,88.35,70.0,8528.611927333208
21.0,11.61,0.35,19.077333333333343,243.81,50.92266666666666,8729.599999999999,b3,88.35,70.0,8476.29081971237
20.99,11.6,0.3498333333333333,19.427166666666675,243.484,50.57283333333332,8673.758932825152,b3,88.35,70.0,8500.701891404855
20.98,11.6,0.3496666666666667,19.776833333333343,243.368,50.22316666666666,8617.893231649188,b3,88.35,70.0,8491.764036123393
20.97,11.59,0.3495,20.126333333333346,243.0423,49.87366666666666,8562.002861230329,b3,88.35,70.0,8431.590399526152
23.83,11.52,0.3971666666666666,20.52350000000001,274.5216,49.47649999999999,7474.418799832143,b3,88.35,70.0,7474.283601808048
23.82,11.51,0.397,20.920500000000008,274.1682,49.0795,7417.556675062971,b3,88.35,70.0,7415.670242106006
23.8,11.5,0.3966666666666666,21.317166666666676,273.7,48.68283333333332,7363.789915966385,b3,88.35,70.0,7382.252533622791
23.79,11.49,0.3964999999999999,21.713666666666676,273.3471,48.28633333333333,7306.885245901638,b3,88.35,70.0,7339.0514221335825
23.77,11.48,0.3961666666666666,22.10983333333334,272.8796,47.89016666666666,7253.033235170382,b3,88.35,70.0,7282.348392351284
23.76,11.47,0.396,22.505833333333342,272.52720000000005,47.49416666666666,7196.085858585857,b3,88.35,70.0,7187.758473530955
23.75,11.47,0.3958333333333333,22.90166666666667,272.4125,47.09833333333333,7139.115789473683,b3,88.35,70.0,7178.619154920182
23.73,11.46,0.3955,23.297166666666673,271.9458,46.70283333333333,7085.132743362831,b3,88.35,70.0,7085.912084409292
18.42,11.45,0.307,23.60416666666667,210.909,46.39583333333333,9067.589576547229,b3,88.35,70.0,8429.868515892069
19.04,11.55,0.3173333333333333,23.921500000000005,219.912,46.07849999999999,8712.321428571428,b3,88.35,70.0,8495.242174654697
19.03,11.54,0.3171666666666667,24.23866666666667,219.6062,45.761333333333326,8656.899632159744,b3,88.35,70.0,8492.14682171438
19.03,11.54,0.3171666666666667,24.555833333333336,219.6062,45.44416666666666,8596.899632159746,b3,88.35,70.0,8474.243629194612
19.02,11.53,0.317,24.872833333333336,219.30059999999995,45.12716666666667,8541.419558359623,b3,88.35,70.0,8452.135180462074
15.23,11.62,0.2538333333333333,25.12666666666667,176.9726,44.873333333333335,10606.959947472094,b3,88.35,70.0,10172.667972267667
15.23,11.62,0.2538333333333333,25.3805,176.9726,44.6195,10546.959947472094,b3,88.35,70.0,10155.569941239351
15.23,11.62,0.2538333333333333,25.634333333333338,176.9726,44.36566666666667,10486.959947472096,b3,88.35,70.0,10137.820383260316
14.88,11.63,0.248,25.882333333333335,173.05440000000002,44.117666666666665,10673.629032258064,b3,88.35,70.0,10387.5183024849
14.88,11.62,0.248,26.130333333333336,172.9056,43.86966666666666,10613.629032258064,b3,88.35,70.0,10311.050925969193
14.88,11.62,0.248,26.378333333333337,172.9056,43.62166666666666,10553.629032258064,b3,88.35,70.0,10284.889187902416
17.18,11.56,0.2863333333333333,26.66466666666667,198.6008,43.33533333333333,9080.745052386495,b3,88.35,70.0,8863.718522636078
17.17,11.55,0.2861666666666667,26.950833333333335,198.31350000000003,43.049166666666665,9026.033779848573,b3,88.35,70.0,8795.7900915915
17.16,11.55,0.286,27.236833333333337,198.198,42.76316666666666,8971.293706293705,b3,88.35,70.0,8783.503270736526
17.15,11.54,0.2858333333333333,27.52266666666667,197.91099999999997,42.477333333333334,8916.524781341108,b3,88.35,70.0,8761.79218735547
17.15,11.54,0.2858333333333333,27.8085,197.91099999999997,42.1915,8856.524781341108,b3,88.35,70.0,8744.22266541362
17.15,11.53,0.2858333333333333,28.094333333333335,197.73949999999996,41.90566666666666,8796.524781341108,b3,88.35,70.0,8713.930293210473
17.14,11.53,0.2856666666666667,28.380000000000003,197.6242,41.62,8741.656942823804,b3,88.35,70.0,8673.148056534856
17.14,11.52,0.2856666666666667,28.66566666666667,197.4528,41.33433333333333,8681.656942823804,b3,88.35,70.0,8606.253475232996
17.14,11.52,0.2856666666666667,28.951333333333334,197.4528,41.04866666666666,8621.656942823804,b3,88.35,70.0,8557.70428197618
17.13,11.51,0.2855,29.236833333333337,197.1663,40.76316666666666,8566.690017513136,b3,88.35,70.0,8522.255771372618
11.02,11.67,0.1836666666666666,29.420500000000004,128.6034,40.5795,13256.460980036296,b3,88.35,70.0,12713.642644844454
11.02,11.68,0.1836666666666666,29.60416666666667,128.7136,40.39583333333333,13196.460980036296,b3,88.35,70.0,12783.647066338983
11.03,11.68,0.1838333333333333,29.788000000000004,128.8304,40.212,13124.4968268359,b3,88.35,70.0,12755.5432090477
11.02,11.68,0.1836666666666666,29.97166666666667,128.7136,40.02833333333333,13076.406533575317,b3,88.35,70.0,12698.595623459034
11.03,11.68,0.1838333333333333,30.155500000000004,128.8304,39.8445,13004.551223934724,b3,88.35,70.0,12657.547123028204
11.02,11.68,0.1836666666666666,30.33916666666667,128.7136,39.66083333333333,12956.352087114336,b3,88.35,70.0,12615.269209501976
16.77,11.52,0.2794999999999999,30.61866666666667,193.1904,39.38133333333333,8453.953488372092,b3,88.35,70.0,8504.523077144848
16.75,11.51,0.2791666666666667,30.897833333333335,192.7925,39.10216666666666,8404.04776119403,b3,88.35,70.0,8477.178848310246
17.12,11.49,0.2853333333333333,31.18316666666667,196.7088,38.816833333333335,8162.4182242990655,b3,88.35,70.0,8119.258372369
17.11,11.48,0.2851666666666667,31.468333333333337,196.4228,38.531666666666666,8107.18877849211,b3,88.35,70.0,8074.7067074634015
17.11,11.48,0.2851666666666667,31.7535,196.4228,38.2465,8047.18877849211,b3,88.35,70.0,8063.774686162099
17.11,11.47,0.2851666666666667,32.038666666666664,196.2517,37.961333333333336,7987.188778492111,b3,88.35,70.0,7994.860846762532
17.1,11.46,0.285,32.32366666666666,195.96600000000004,37.67633333333334,7931.859649122807,b3,88.35,70.0,7964.8505864973395
17.09,11.45,0.2848333333333333,32.60849999999999,195.6805,37.39150000000001,7876.500877706262,b3,88.35,70.0,7947.52483376453
17.08,11.45,0.2846666666666666,32.89316666666666,195.56599999999997,37.10683333333334,7821.1124121779885,b3,88.35,70.0,7938.990771649564
17.08,11.44,0.2846666666666666,33.177833333333325,195.39519999999996,36.822166666666675,7761.112412177988,b3,88.35,70.0,7862.05334360091
22.86,11.27,0.381,33.558833333333325,257.6322,36.441166666666675,5738.766404199477,b3,88.35,70.0,6432.917261691038
22.82,11.25,0.3803333333333333,33.93916666666666,256.725,36.06083333333334,5688.825591586329,b3,88.35,70.0,5527.043038691615
22.8,11.23,0.38,34.31916666666666,256.04400000000004,35.68083333333334,5633.815789473685,b3,88.35,70.0,5485.344031819715
22.78,11.22,0.3796666666666667,34.698833333333326,255.59160000000003,35.301166666666674,5578.762071992977,b3,88.35,70.0,5443.261130215038
23.69,11.17,0.3948333333333333,35.09366666666666,264.6173,34.90633333333334,5304.466019417477,b3,88.35,70.0,5249.761349184631
23.67,11.16,0.3945,35.48816666666666,264.15720000000005,34.51183333333334,5248.948035487961,b3,88.35,70.0,5229.588174492386
23.65,11.14,0.3941666666666666,35.88233333333332,263.461,34.11766666666668,5193.386892177592,b3,88.35,70.0,5159.048987273988
23.62,11.12,0.3936666666666666,36.27599999999999,262.6544,33.72400000000001,5139.983065198985,b3,88.35,70.0,5043.7836471899955
25.04,11.06,0.4173333333333333,36.69333333333332,276.9424,33.30666666666668,4788.498402555912,b3,88.35,70.0,4789.849336541033
25.0,11.04,0.4166666666666667,37.109999999999985,276.0,32.890000000000015,4736.160000000003,b3,88.35,70.0,4703.208921133571
24.97,11.02,0.4161666666666666,37.526166666666654,275.1694,32.473833333333346,4681.850220264319,b3,88.35,70.0,4685.715579590638
24.93,11.0,0.4155,37.941666666666656,274.23,32.058333333333344,4629.362214199761,b3,88.35,70.0,4616.403123436505
24.9,10.98,0.415,38.356666666666655,273.402,31.643333333333345,4574.939759036147,b3,88.35,70.0,4521.358455634488
24.87,10.96,0.4145,38.77116666666665,272.57520000000005,31.22883333333335,4520.458383594695,b3,88.35,70.0,4500.697535060616
16.35,10.94,0.2725,39.04366666666665,178.869,30.956333333333347,6816.073394495415,b3,88.35,70.0,5705.905209729171
19.87,11.08,0.3311666666666666,39.37483333333332,220.1596,30.62516666666668,5548.595873175644,b3,88.35,70.0,5172.72454363167
19.85,11.07,0.3308333333333333,39.70566666666665,219.7395,30.29433333333335,5494.186397984889,b3,88.35,70.0,5161.487966267454
19.85,11.06,0.3308333333333333,40.03649999999998,219.54100000000005,29.963500000000018,5434.1863979848895,b3,88.35,70.0,5133.780116753086
22.57,10.96,0.3761666666666666,40.41266666666665,247.36720000000005,29.587333333333348,4719.291094373064,b3,88.35,70.0,4472.74824379277
25.78,10.94,0.4296666666666667,40.84233333333332,282.0332,29.15766666666668,4071.6679596586514,b3,88.35,70.0,4331.390994323734
23.72,10.87,0.3953333333333333,41.237666666666655,257.83639999999997,28.762333333333345,4365.278246205736,b3,88.35,70.0,4300.743888957142
23.68,10.85,0.3946666666666666,41.63233333333332,256.928,28.36766666666668,4312.652027027029,b3,88.35,70.0,4271.351622686686
23.65,10.83,0.3941666666666666,42.026499999999984,256.1295,27.973500000000016,4258.122621564485,b3,88.35,70.0,4248.904710269103
23.62,10.8,0.3936666666666666,42.42016666666665,255.09600000000003,27.579833333333347,4203.530906011856,b3,88.35,70.0,4211.308433788974
23.59,10.77,0.3931666666666666,42.81333333333332,254.06429999999995,27.18666666666668,4148.876642645191,b3,88.35,70.0,4186.289559661381
22.9,10.77,0.3816666666666666,43.194999999999986,246.633,26.805000000000017,4213.886462882098,b3,88.35,70.0,4166.84265809336
22.87,10.75,0.3811666666666667,43.57616666666665,245.8525,26.42383333333335,4159.414079580239,b3,88.35,70.0,4143.743644918579
22.83,10.72,0.3804999999999999,43.95666666666665,244.7376,26.04333333333335,4106.701708278583,b3,88.35,70.0,4103.643003788492
22.79,10.69,0.3798333333333333,44.33649999999998,243.62509999999995,25.66350000000002,4053.9096094778447,b3,88.35,70.0,4034.060929798328
22.75,10.66,0.3791666666666666,44.71566666666665,242.515,25.28433333333335,4001.0373626373657,b3,88.35,70.0,4011.978876119395
17.73,10.86,0.2955,45.01116666666665,192.5478,24.988833333333353,5073.874788494082,b3,88.35,70.0,4729.527093379437
17.72,10.85,0.2953333333333333,45.30649999999998,192.26199999999997,24.69350000000002,5016.738148984204,b3,88.35,70.0,4721.888358451184
17.71,10.84,0.2951666666666667,45.601666666666645,191.9764,24.398333333333355,4959.570863918694,b3,88.35,70.0,4683.615715843439
17.71,10.84,0.2951666666666667,45.89683333333331,191.9764,24.103166666666688,4899.570863918694,b3,88.35,70.0,4653.244666454411
21.41,10.63,0.3568333333333333,46.253666666666646,227.58830000000003,23.746333333333354,3992.8444652031794,b3,88.35,70.0,3936.436295339103
21.36,10.59,0.356,46.60966666666665,226.2024,23.390333333333352,3942.1910112359583,b3,88.35,70.0,3919.244340164824
24.77,10.38,0.4128333333333333,47.02249999999998,257.11260000000004,22.97750000000002,3339.4832458619326,b3,88.35,70.0,3577.8310895938657
24.63,10.29,0.4105,47.43299999999998,253.44269999999997,22.56700000000002,3298.465286236301,b3,88.35,70.0,3515.333371062216
24.38,10.36,0.4063333333333333,47.839333333333315,252.57679999999996,22.160666666666685,3272.2887612797404,b3,88.35,70.0,3500.8827031538262
23.7,10.15,0.3949999999999999,48.23433333333332,240.555,21.76566666666668,3306.177215189876,b3,88.35,70.0,3534.121764651456
23.55,10.04,0.3925,48.62683333333331,236.442,21.373166666666684,3267.235668789812,b3,88.35,70.0,3540.3178343598584
23.36,9.91,0.3893333333333333,49.01616666666665,231.4976,20.98383333333335,3233.809931506852,b3,88.35,70.0,3544.7937475607846
18.82,10.12,0.3136666666666666,49.32983333333332,190.4584,20.67016666666668,3953.9107332624894,b3,88.35,70.0,3938.5951877648376
18.75,10.07,0.3125,49.64233333333332,188.8125,20.35766666666668,3908.672000000003,b3,88.35,70.0,3933.600221669485
18.64,9.97,0.3106666666666667,49.95299999999999,185.84080000000003,20.04700000000001,3871.738197424894,b3,88.35,70.0,3905.1510682836943
18.54,9.87,0.309,50.261999999999986,182.98979999999997,19.738000000000017,3832.621359223303,b3,88.35,70.0,3900.1529373416734
16.6,10.02,0.2766666666666666,50.53866666666665,166.332,19.46133333333335,4220.530120481931,b3,88.35,70.0,4163.217866911521
14.37,10.23,0.2395,50.77816666666665,147.0051,19.22183333333335,4815.49060542798,b3,88.35,70.0,4491.115289725853
14.36,10.22,0.2393333333333333,51.017499999999984,146.7592,18.982500000000016,4758.844011142066,b3,88.35,70.0,4491.243637777891
14.33,10.18,0.2388333333333333,51.25633333333331,145.8794,18.743666666666684,4708.806699232384,b3,88.35,70.0,4508.920825733985
14.3,10.14,0.2383333333333333,51.49466666666665,145.002,18.505333333333347,4658.685314685318,b3,88.35,70.0,4522.74471959618
14.27,10.09,0.2378333333333333,51.73249999999999,143.9843,18.267500000000013,4608.479327259989,b3,88.35,70.0,4511.1224904227565
14.24,10.05,0.2373333333333333,51.96983333333332,143.11200000000002,18.03016666666668,4558.188202247195,b3,88.35,70.0,4508.454804909302
14.21,10.01,0.2368333333333333,52.206666666666656,142.2421,17.793333333333344,4507.81140042224,b3,88.35,70.0,4489.129113014006
14.18,9.97,0.2363333333333333,52.44299999999999,141.37460000000002,17.55700000000001,4457.348377997181,b3,88.35,70.0,4474.197666053409
14.15,9.93,0.2358333333333333,52.67883333333332,140.5095,17.321166666666677,4406.798586572441,b3,88.35,70.0,4479.203089759144
14.12,9.89,0.2353333333333333,52.91416666666666,139.6468,17.08583333333334,4356.161473087821,b3,88.35,70.0,4466.669768071032
13.44,9.93,0.224,53.138166666666656,133.45919999999998,16.861833333333344,4516.562500000003,b3,88.35,70.0,4478.219547521175
13.42,9.91,0.2236666666666666,53.36183333333332,132.9922,16.638166666666677,4463.29359165425,b3,88.35,70.0,4475.778597729463
13.4,9.88,0.2233333333333333,53.58516666666666,132.39200000000002,16.41483333333334,4409.955223880599,b3,88.35,70.0,4456.065536176954
13.37,9.85,0.2228333333333333,53.80799999999999,131.69449999999998,16.192000000000007,4359.850411368739,b3,88.35,70.0,4433.303429918512
13.34,9.81,0.2223333333333333,54.03033333333333,130.8654,15.969666666666676,4309.655172413795,b3,88.35,70.0,4418.737237767086
11.31,10.03,0.1885,54.21883333333332,113.4393,15.781166666666678,5023.1830238726825,b3,88.35,70.0,4632.694329737736
11.34,10.07,0.189,54.40783333333332,114.1938,15.592166666666678,4949.894179894183,b3,88.35,70.0,4628.257003610871
11.34,10.08,0.189,54.59683333333332,114.3072,15.403166666666678,4889.894179894183,b3,88.35,70.0,4627.3684113176805
11.34,10.08,0.189,54.78583333333332,114.3072,15.214166666666678,4829.894179894184,b3,88.35,70.0,4620.0697739172965
11.33,10.06,0.1888333333333333,54.97466666666666,113.9798,15.025333333333345,4774.157105030894,b3,88.35,70.0,4569.002218390179
11.32,10.04,0.1886666666666666,55.16333333333333,113.6528,14.836666666666671,4718.374558303889,b3,88.35,70.0,4559.6800829702215
11.3,10.02,0.1883333333333333,55.35166666666666,113.226,14.64833333333334,4666.725663716817,b3,88.35,70.0,4554.2983576480765
11.93,9.88,0.1988333333333333,55.55049999999999,117.8684,14.449500000000008,4360.284995808887,b3,88.35,70.0,4392.774537149117
11.91,9.83,0.1985,55.748999999999995,117.0753,14.251000000000005,4307.6070528967275,b3,88.35,70.0,4372.168663505815
11.87,9.78,0.1978333333333333,55.94683333333333,116.0886,14.05316666666667,4262.122999157541,b3,88.35,70.0,4359.8241779326445
11.85,9.74,0.1974999999999999,56.14433333333333,115.419,13.855666666666671,4209.316455696204,b3,88.35,70.0,4354.434039715305
11.82,9.69,0.197,56.34133333333333,114.5358,13.658666666666669,4160.0,b3,88.35,70.0,4337.418528571302
11.8,9.65,0.1966666666666666,56.538,113.87,13.462000000000003,4107.050847457628,b3,88.35,70.0,4344.442587298476
9.92,9.88,0.1653333333333333,56.70333333333333,98.0096,13.296666666666669,4825.403225806452,b3,88.35,70.0,4553.39099609944
9.93,9.91,0.1655,56.868833333333335,98.4063,13.131166666666664,4760.543806646526,b3,88.35,70.0,4543.471413658317
9.94,9.94,0.1656666666666666,57.0345,98.8036,12.9655,4695.754527162978,b3,88.35,70.0,4531.93198959557
9.97,9.98,0.1661666666666666,57.20066666666667,99.5006,12.79933333333333,4621.62487462387,b3,88.35,70.0,4498.274880831927
10.65,9.93,0.1775,57.37816666666667,105.7545,12.621833333333328,4266.535211267604,b3,88.35,70.0,4381.623397178977
10.61,9.86,0.1768333333333333,57.55500000000001,104.61459999999998,12.444999999999991,4222.620169651271,b3,88.35,70.0,4327.163523265575
6.91,10.48,0.1151666666666666,57.670166666666674,72.41680000000001,12.329833333333326,6423.646888567289,b3,88.35,70.0,5794.403155483974
6.96,10.65,0.116,57.786166666666674,74.124,12.213833333333326,6317.499999999996,b3,88.35,70.0,5833.390425194837
6.98,10.71,0.1163333333333333,57.9025,74.75580000000001,12.097499999999997,6239.39828080229,b3,88.35,70.0,5782.158163914039
6.99,10.72,0.1165,58.019000000000005,74.9328,11.980999999999996,6170.472103004288,b3,88.35,70.0,5791.100436106653
7.63,10.67,0.1271666666666666,58.14616666666667,81.4121,11.853833333333329,5592.896461336825,b3,88.35,70.0,5293.489219413334
7.62,10.66,0.127,58.273166666666675,81.2292,11.726833333333325,5540.236220472437,b3,88.35,70.0,5231.4579209434305
7.61,10.65,0.1268333333333333,58.400000000000006,81.04650000000001,11.599999999999994,5487.516425755582,b3,88.35,70.0,5231.299542379991
7.61,10.64,0.1268333333333333,58.526833333333336,80.97040000000001,11.473166666666664,5427.516425755583,b3,88.35,70.0,5204.618412077987
7.61,10.63,0.1268333333333333,58.653666666666666,80.89430000000002,11.346333333333334,5367.516425755585,b3,88.35,70.0,5147.727814112504
7.61,10.62,0.1268333333333333,58.7805,80.8182,11.219500000000004,5307.516425755586,b3,88.35,70.0,5053.437166221194
12.32,10.21,0.2053333333333333,58.98583333333333,125.7872,11.014166666666668,3218.425324675325,b3,88.35,70.0,3861.5952660718367
10.09,10.18,0.1681666666666666,59.154,102.7162,10.846000000000004,3869.732408325075,b3,88.35,70.0,4148.834899429126
9.99,9.99,0.1665,59.3205,99.8001,10.679500000000004,3848.4684684684703,b3,88.35,70.0,4138.569582862946
9.89,9.82,0.1648333333333333,59.48533333333333,97.1198,10.51466666666667,3827.381193124369,b3,88.35,70.0,4153.634804347063
9.82,9.69,0.1636666666666666,59.648999999999994,95.1558,10.351000000000006,3794.6639511201647,b3,88.35,70.0,4166.599939072223
9.77,9.6,0.1628333333333333,59.811833333333325,93.792,10.188166666666676,3754.083930399184,b3,88.35,70.0,4169.904317861039
6.74,9.97,0.1123333333333333,59.92416666666666,67.1978,10.075833333333344,5381.750741839768,b3,88.35,70.0,5234.879200989701
6.77,10.07,0.1128333333333333,60.03699999999999,68.1739,9.963000000000008,5297.902511078291,b3,88.35,70.0,5192.125303801722
6.8,10.14,0.1133333333333333,60.15033333333333,68.952,9.849666666666671,5214.529411764709,b3,88.35,70.0,5158.623684103162
6.81,10.18,0.1134999999999999,60.26383333333333,69.3258,9.73616666666667,5146.872246696037,b3,88.35,70.0,5144.304144191831
6.82,10.2,0.1136666666666666,60.3775,69.564,9.622500000000002,5079.325513196482,b3,88.35,70.0,5087.769211761853
6.83,10.23,0.1138333333333333,60.49133333333333,69.8709,9.50866666666667,5011.888726207908,b3,88.35,70.0,5069.193692938311
7.47,10.09,0.1245,60.61583333333333,75.3723,9.384166666666673,4522.48995983936,b3,88.35,70.0,4613.54644577858
7.45,10.03,0.1241666666666666,60.739999999999995,74.7235,9.260000000000003,4474.630872483224,b3,88.35,70.0,4524.933739144416
7.43,9.98,0.1238333333333333,60.863833333333325,74.1514,9.136166666666677,4426.67563930014,b3,88.35,70.0,4365.359660360034
7.42,9.94,0.1236666666666666,60.98749999999999,73.75479999999999,9.01250000000001,4372.641509433967,b3,88.35,70.0,4318.41005393787
7.42,9.89,0.1236666666666666,61.111166666666655,73.38380000000001,8.888833333333345,4312.641509433968,b3,88.35,70.0,4260.404971162697
7.4,9.85,0.1233333333333333,61.23449999999999,72.89,8.76550000000001,4264.297297297302,b3,88.35,70.0,4214.947983631664
7.38,9.81,0.123,61.35749999999999,72.3978,8.642500000000013,4215.853658536591,b3,88.35,70.0,4155.283184916195
7.36,9.78,0.1226666666666666,61.480166666666655,71.9808,8.519833333333345,4167.309782608701,b3,88.35,70.0,4126.245093769086
7.36,9.74,0.1226666666666666,61.60283333333332,71.6864,8.397166666666678,4107.3097826087005,b3,88.35,70.0,4100.193349566207
7.35,9.71,0.1225,61.725333333333325,71.3685,8.274666666666675,4052.897959183678,b3,88.35,70.0,4076.8107050341905
7.34,9.68,0.1223333333333333,61.847666666666655,71.0512,8.152333333333345,3998.419618528616,b3,88.35,70.0,4057.6329478964194
7.33,9.65,0.1221666666666666,61.96983333333332,70.7345,8.03016666666668,3943.8744884038265,b3,88.35,70.0,4044.731355804302
9.56,9.26,0.1593333333333333,62.129166666666656,88.5256,7.870833333333344,2963.9121338912173,b3,88.35,70.0,3215.603366506036
9.51,9.16,0.1585,62.28766666666665,87.1116,7.712333333333348,2919.4952681388068,b3,88.35,70.0,3271.5711872020884
6.6,9.57,0.11,62.39766666666665,63.162,7.602333333333348,4146.727272727281,b3,88.35,70.0,4104.278061084862
6.61,9.6,0.1101666666666666,62.50783333333331,63.456,7.492166666666684,4080.4538577912344,b3,88.35,70.0,4079.469638662704
6.61,9.61,0.1101666666666666,62.61799999999998,63.5221,7.382000000000019,4020.453857791236,b3,88.35,70.0,4088.375412837151
6.61,9.63,0.1101666666666666,62.728166666666645,63.654300000000006,7.271833333333355,3960.453857791237,b3,88.35,70.0,4079.4723965124085
6.62,9.65,0.1103333333333333,62.83849999999998,63.883,7.161500000000018,3894.471299093665,b3,88.35,70.0,4052.809615956118
5.15,9.85,0.0858333333333333,62.924333333333315,50.7275,7.0756666666666845,4946.097087378653,b3,88.35,70.0,4737.7838671382715
5.15,9.89,0.0858333333333333,63.01016666666665,50.93350000000001,6.989833333333351,4886.097087378653,b3,88.35,70.0,4724.99586242018
5.15,9.9,0.0858333333333333,63.09599999999998,50.98500000000001,6.904000000000018,4826.097087378653,b3,88.35,70.0,4709.457406871494
5.15,9.89,0.0858333333333333,63.18183333333331,50.93350000000001,6.818166666666684,4766.097087378653,b3,88.35,70.0,4669.785047880654
5.14,9.89,0.0856666666666666,63.267499999999984,50.8346,6.732500000000016,4715.369649805459,b3,88.35,70.0,4681.140599168342
5.14,9.89,0.0856666666666666,63.35316666666665,50.8346,6.646833333333348,4655.369649805458,b3,88.35,70.0,4649.124107767915
7.32,9.6,0.122,63.47516666666665,70.272,6.524833333333348,3208.9344262295153,b3,88.35,70.0,3584.9103226488805
7.29,9.5,0.1215,63.59666666666665,69.255,6.40333333333335,3162.139917695482,b3,88.35,70.0,3489.119268590474
7.27,9.45,0.1211666666666666,63.71783333333332,68.7015,6.282166666666683,3110.8390646492517,b3,88.35,70.0,3399.458458003759
7.27,9.45,0.1211666666666666,63.838999999999984,68.7015,6.161000000000016,3050.8390646492517,b3,88.35,70.0,3403.9935994278067
6.57,9.5,0.1095,63.94849999999998,62.415000000000006,6.0515000000000185,3315.8904109589143,b3,88.35,70.0,3449.786491544694
6.56,9.48,0.1093333333333333,64.05783333333332,62.1888,5.9421666666666795,3260.9451219512266,b3,88.35,70.0,3390.7045954885316
6.55,9.45,0.1091666666666666,64.16699999999999,61.897499999999994,5.833000000000013,3205.9236641221446,b3,88.35,70.0,3310.5588868096665
5.11,9.66,0.0851666666666666,64.25216666666665,49.3626,5.747833333333347,4049.354207436408,b3,88.35,70.0,4004.507266698269
5.11,9.68,0.0851666666666666,64.33733333333332,49.4648,5.662666666666681,3989.3542074364086,b3,88.35,70.0,3969.9175381477635
5.11,9.69,0.0851666666666666,64.42249999999999,49.5159,5.577500000000015,3929.3542074364095,b3,88.35,70.0,3889.3746518066278
5.11,9.69,0.0851666666666666,64.50766666666665,49.5159,5.492333333333349,3869.35420743641,b3,88.35,70.0,3865.973262505642
5.11,9.69,0.0851666666666666,64.59283333333332,49.5159,5.407166666666683,3809.3542074364104,b3,88.35,70.0,3828.760198051699
5.98,9.55,0.0996666666666666,64.69249999999998,57.10900000000001,5.307500000000019,3195.150501672252,b3,88.35,70.0,3209.949584939819
5.97,9.52,0.0994999999999999,64.79199999999999,56.834399999999995,5.208000000000013,3140.502512562822,b3,88.35,70.0,3129.258003473505
5.96,9.5,0.0993333333333333,64.89133333333332,56.62,5.108666666666679,3085.7718120805444,b3,88.35,70.0,3114.9253172298477
5.96,9.48,0.0993333333333333,64.99066666666666,56.500800000000005,5.009333333333345,3025.771812080544,b3,88.35,70.0,3093.7642385483928
14.63,12.35,0.2438333333333333,0.2438333333333333,180.6805,84.75616666666667,20855.926179084072,b5,85.0,85.0,21050.494728277557
14.91,12.21,0.2485,0.4923333333333333,182.0511,84.50766666666667,20404.26559356137,b5,85.0,85.0,20165.65331649177
14.93,12.26,0.2488333333333333,0.7411666666666666,183.0418,84.25883333333333,20316.9323509712,b5,85.0,85.0,20098.021360039744
14.94,12.29,0.249,0.9901666666666666,183.6126,84.00983333333333,20243.333333333336,b5,85.0,85.0,20046.91132300448
21.44,12.19,0.3573333333333333,1.3475,261.35360000000003,83.6525,14046.128731343282,b5,85.0,85.0,13964.039734744993
21.43,12.2,0.3571666666666667,1.7046666666666666,261.44599999999997,83.29533333333333,13992.68315445637,b5,85.0,85.0,13944.890442047124
21.42,12.21,0.357,2.0616666666666665,261.5382,82.93833333333333,13939.215686274509,b5,85.0,85.0,13952.697596220085
10.96,12.41,0.1826666666666666,2.244333333333333,136.01360000000005,82.75566666666667,27182.518248175184,b5,85.0,85.0,26323.135370531334
10.96,12.43,0.1826666666666666,2.4269999999999996,136.2328,82.57300000000001,27122.518248175184,b5,85.0,85.0,27026.22502591104
10.96,12.43,0.1826666666666666,2.609666666666666,136.2328,82.39033333333333,27062.51824817518,b5,85.0,85.0,26998.145347573787
13.34,12.38,0.2223333333333333,2.8319999999999994,165.1492,82.168,22174.272863568214,b5,85.0,85.0,22036.609157055427
13.33,12.38,0.2221666666666666,3.0541666666666663,165.02540000000002,81.94583333333334,22130.90772693173,b5,85.0,85.0,21999.417569143643
13.34,12.38,0.2223333333333333,3.2764999999999995,165.1492,81.7235,22054.317841079457,b5,85.0,85.0,21972.739363382625
13.33,12.38,0.2221666666666666,3.4986666666666664,165.02540000000002,81.50133333333333,22010.86271567892,b5,85.0,85.0,21928.672478664994
19.97,12.25,0.3328333333333333,3.8315,244.6325,81.1685,14632.27841762644,b5,85.0,85.0,14503.150377526901
19.95,12.25,0.3324999999999999,4.164,244.3875,80.836,14586.947368421052,b5,85.0,85.0,14531.676183606129
19.95,12.25,0.3324999999999999,4.496499999999999,244.3875,80.5035,14526.947368421055,b5,85.0,85.0,14506.975036089168
19.94,12.24,0.3323333333333333,4.828833333333333,244.0656,80.17116666666666,14474.232698094282,b5,85.0,85.0,14435.715041123653
19.93,12.24,0.3321666666666666,5.161,243.9432,79.839,14421.49523331661,b5,85.0,85.0,14401.766772682831
19.93,12.24,0.3321666666666666,5.493166666666666,243.9432,79.50683333333333,14361.495233316607,b5,85.0,85.0,14367.241110643527
19.91,12.24,0.3318333333333333,5.824999999999999,243.6984,79.175,14315.92164741336,b5,85.0,85.0,14320.450053958408
22.51,12.19,0.3751666666666667,6.200166666666666,274.3969,78.79983333333334,12602.372278987115,b5,85.0,85.0,12660.72382663478
22.5,12.18,0.375,6.575166666666666,274.05,78.42483333333334,12547.973333333335,b5,85.0,85.0,12617.143230726166
22.49,12.18,0.3748333333333333,6.949999999999999,273.92819999999995,78.05,12493.552690084483,b5,85.0,85.0,12605.484022781024
23.0,12.17,0.3833333333333333,7.333333333333333,279.91,77.66666666666667,12156.521739130434,b5,85.0,85.0,12344.01088994991
22.99,12.16,0.3831666666666666,7.7165,279.5584,77.2835,12101.809482383647,b5,85.0,85.0,12271.606398746024
10.34,12.41,0.1723333333333333,7.888833333333333,128.3194,77.11116666666666,26847.214700193425,b5,85.0,85.0,26712.190451204384
10.35,12.41,0.1725,8.061333333333334,128.4435,76.93866666666666,26761.275362318844,b5,85.0,85.0,26691.60536760086
10.35,12.41,0.1725,8.233833333333333,128.4435,76.76616666666666,26701.275362318844,b5,85.0,85.0,26607.369144481247
12.71,12.36,0.2118333333333333,8.445666666666666,157.0956,76.55433333333333,21683.367427222656,b5,85.0,85.0,21618.509718787398
12.71,12.36,0.2118333333333333,8.657499999999999,157.0956,76.3425,21623.367427222656,b5,85.0,85.0,21545.44711175653
12.71,12.35,0.2118333333333333,8.869333333333332,156.9685,76.13066666666667,21563.36742722266,b5,85.0,85.0,21490.359414826296
12.71,12.35,0.2118333333333333,9.081166666666665,156.9685,75.91883333333334,21503.36742722266,b5,85.0,85.0,21470.759414826298
15.12,12.3,0.252,9.333166666666664,185.976,75.66683333333333,18015.912698412696,b5,85.0,85.0,18002.231617736223
15.12,12.3,0.252,9.585166666666666,185.976,75.41483333333333,17955.9126984127,b5,85.0,85.0,17954.126501065683
15.11,12.3,0.2518333333333333,9.837,185.853,75.163,17907.796161482464,b5,85.0,85.0,17889.233674082938
25.22,12.11,0.4203333333333333,10.257333333333332,305.4142,74.74266666666666,10669.056304520222,b5,85.0,85.0,10697.923973255864
25.79,12.09,0.4298333333333333,10.687166666666666,311.80109999999996,74.31283333333333,10373.253198914308,b5,85.0,85.0,10501.193974214359
25.76,12.08,0.4293333333333333,11.1165,311.18080000000003,73.8835,10325.333850931676,b5,85.0,85.0,10432.533893780246
25.73,12.08,0.4288333333333333,11.545333333333334,310.8184,73.45466666666667,10277.372716673144,b5,85.0,85.0,10417.195215601876
25.71,12.07,0.4285,11.973833333333332,310.3197,73.02616666666667,10225.367561260213,b5,85.0,85.0,10390.111997588065
4.93,12.49,0.0821666666666666,12.056,61.5757,72.944,53265.39553752536,b5,85.0,85.0,52902.66806598757
4.94,12.52,0.0823333333333333,12.138333333333332,61.8488,72.86166666666666,53097.57085020243,b5,85.0,85.0,52973.57118457861
4.95,12.52,0.0825,12.220833333333331,61.974,72.77916666666667,52930.30303030303,b5,85.0,85.0,52870.43889194646
4.95,12.52,0.0825,12.303333333333333,61.974,72.69666666666667,52870.30303030303,b5,85.0,85.0,52817.488982302355
12.98,12.33,0.2163333333333333,12.519666666666664,160.04340000000002,72.48033333333333,20102.403697996917,b5,85.0,85.0,19933.68457045175
12.96,12.32,0.216,12.735666666666663,159.6672,72.26433333333334,20073.425925925927,b5,85.0,85.0,19932.246898140573
12.96,12.31,0.216,12.951666666666664,159.53760000000003,72.04833333333333,20013.425925925923,b5,85.0,85.0,19872.54932147582
12.96,12.31,0.216,13.167666666666662,159.53760000000003,71.83233333333334,19953.425925925927,b5,85.0,85.0,19781.225985119036
12.96,12.31,0.216,13.38366666666666,159.53760000000003,71.61633333333334,19893.425925925927,b5,85.0,85.0,19750.2920479173
23.46,12.1,0.391,13.77466666666666,283.866,71.22533333333334,10929.718670076729,b5,85.0,85.0,10979.98602458389
23.43,12.09,0.3905,14.16516666666666,283.26869999999997,70.83483333333334,10883.713188220232,b5,85.0,85.0,10852.36644866751
23.4,12.08,0.3899999999999999,14.55516666666666,282.67199999999997,70.44483333333334,10837.666666666668,b5,85.0,85.0,10903.730742632859
23.38,12.08,0.3896666666666666,14.944833333333328,282.43039999999996,70.05516666666668,10786.937553464502,b5,85.0,85.0,10884.524835974184
24.51,12.05,0.4085,15.353333333333328,295.3455,69.64666666666668,10229.620563035496,b5,85.0,85.0,10406.597961914045
24.49,12.04,0.4081666666666666,15.761499999999996,294.85959999999994,69.2385,10177.974683544304,b5,85.0,85.0,10400.873255662014
24.47,12.03,0.4078333333333333,16.169333333333327,294.3741,68.83066666666667,10126.293420514918,b5,85.0,85.0,10395.55373814539
22.28,12.06,0.3713333333333333,16.54066666666666,268.69680000000005,68.45933333333335,11061.651705565531,b5,85.0,85.0,11064.45813118894
22.27,12.06,0.3711666666666666,16.911833333333327,268.57620000000003,68.08816666666667,11006.618769645263,b5,85.0,85.0,10995.980478223686
22.25,12.05,0.3708333333333333,17.28266666666666,268.1125,67.71733333333334,10956.512359550565,b5,85.0,85.0,10879.835648681516
22.25,12.05,0.3708333333333333,17.653499999999994,268.1125,67.3465,10896.512359550565,b5,85.0,85.0,10839.345492252956
22.24,12.04,0.3706666666666666,18.02416666666666,267.76959999999997,66.97583333333334,10841.4118705036,b5,85.0,85.0,10776.70949285148
22.73,12.03,0.3788333333333333,18.40299999999999,273.4419,66.59700000000001,10547.699076110868,b5,85.0,85.0,10434.758018290167
22.72,12.02,0.3786666666666666,18.78166666666666,273.09439999999995,66.21833333333333,10492.341549295776,b5,85.0,85.0,10466.72728728178
22.71,12.01,0.3785,19.160166666666655,272.7471,65.83983333333335,10436.961690885077,b5,85.0,85.0,10394.797580256009
15.61,12.15,0.2601666666666666,19.420333333333325,189.6615,65.57966666666667,15124.074311338887,b5,85.0,85.0,15077.587597269368
15.62,12.15,0.2603333333333333,19.680666666666657,189.783,65.31933333333335,15054.391805377723,b5,85.0,85.0,15032.156892382602
15.62,12.15,0.2603333333333333,19.94099999999999,189.783,65.05900000000001,14994.391805377723,b5,85.0,85.0,14998.90995132609
15.62,12.15,0.2603333333333333,20.20133333333332,189.783,64.79866666666668,14934.391805377723,b5,85.0,85.0,14951.88090943565
15.62,12.15,0.2603333333333333,20.461666666666652,189.783,64.53833333333336,14874.391805377729,b5,85.0,85.0,14912.791020341552
15.62,12.14,0.2603333333333333,20.721999999999984,189.6268,64.27800000000002,14814.391805377729,b5,85.0,85.0,14830.717543919092
15.62,12.14,0.2603333333333333,20.982333333333315,189.6268,64.01766666666668,14754.391805377723,b5,85.0,85.0,14822.317543919093
17.83,12.09,0.2971666666666666,21.27949999999998,215.5647,63.720500000000015,12865.60852495794,b5,85.0,85.0,12941.372432518838
17.82,12.09,0.297,21.57649999999998,215.4438,63.42350000000002,12812.828282828286,b5,85.0,85.0,12940.172432518837
17.81,12.08,0.2968333333333333,21.873333333333314,215.1448,63.12666666666669,12760.022459292535,b5,85.0,85.0,12893.383544460547
17.81,12.08,0.2968333333333333,22.170166666666645,215.1448,62.829833333333355,12700.022459292535,b5,85.0,85.0,12862.394827638049
17.81,12.07,0.2968333333333333,22.466999999999977,214.9667,62.53300000000002,12640.022459292535,b5,85.0,85.0,12844.422406871188
22.56,11.97,0.376,22.84299999999998,270.0432,62.157000000000025,9918.670212765965,b5,85.0,85.0,10022.506334623376
23.05,11.96,0.3841666666666666,23.227166666666644,275.67800000000005,61.77283333333335,9647.81778741866,b5,85.0,85.0,9694.373682621417
23.04,11.95,0.384,23.611166666666644,275.328,61.38883333333335,9592.005208333338,b5,85.0,85.0,9674.212770344504
23.01,11.94,0.3835,23.99466666666665,274.7394,61.005333333333354,9544.511082138204,b5,85.0,85.0,9616.980762223497
23.01,11.94,0.3835,24.378166666666647,274.7394,60.62183333333336,9484.511082138204,b5,85.0,85.0,9583.473094599327
22.91,11.93,0.3818333333333333,24.75999999999998,273.3163,60.24000000000002,9465.91008293322,b5,85.0,85.0,9602.748961031944
25.09,11.88,0.4181666666666667,25.178166666666648,298.0692,59.82183333333335,8583.443603029098,b5,85.0,85.0,8718.896349969547
25.07,11.87,0.4178333333333333,25.595999999999982,297.5809,59.40400000000002,8530.29118468289,b5,85.0,85.0,8608.258861118646
25.06,11.86,0.4176666666666666,26.013666666666648,297.2116,58.98633333333335,8473.69513168396,b5,85.0,85.0,8535.34738772979
25.04,11.85,0.4173333333333333,26.43099999999998,296.724,58.56900000000002,8420.463258785945,b5,85.0,85.0,8468.343470350188
25.02,11.85,0.417,26.84799999999998,296.48699999999997,58.152000000000015,8367.194244604318,b5,85.0,85.0,8445.929134104317
19.24,11.95,0.3206666666666666,27.16866666666665,229.918,57.83133333333335,10820.831600831603,b5,85.0,85.0,10819.286333529599
18.81,11.96,0.3135,27.48216666666665,224.9676,57.51783333333335,11008.19776714514,b5,85.0,85.0,10973.739417927163
18.81,11.96,0.3135,27.79566666666665,224.9676,57.20433333333335,10948.19776714514,b5,85.0,85.0,10941.97313824942
18.81,11.95,0.3135,28.109166666666653,224.7795,56.89083333333335,10888.19776714514,b5,85.0,85.0,10889.256537744452
18.81,11.95,0.3135,28.422666666666657,224.7795,56.57733333333334,10828.197767145137,b5,85.0,85.0,10862.890324604472
24.68,11.82,0.4113333333333333,28.83399999999999,291.7176,56.16600000000001,8192.771474878446,b5,85.0,85.0,8248.25381383099
24.66,11.81,0.411,29.24499999999999,291.2346,55.75500000000001,8139.416058394162,b5,85.0,85.0,8189.877789244711
24.65,11.81,0.4108333333333333,29.655833333333323,291.1165,55.34416666666668,8082.71805273834,b5,85.0,85.0,8158.637380654489
24.63,11.8,0.4105,30.06633333333332,290.634,54.93366666666668,8029.281364190014,b5,85.0,85.0,8088.482794695949
24.61,11.79,0.4101666666666667,30.476499999999987,290.15189999999996,54.52350000000001,7975.806582689965,b5,85.0,85.0,8013.488368912005
24.59,11.78,0.4098333333333333,30.88633333333332,289.67019999999997,54.113666666666674,7922.293615290771,b5,85.0,85.0,7960.225752413077
22.4,11.82,0.3733333333333333,31.259666666666657,264.768,53.74033333333334,8636.839285714286,b5,85.0,85.0,8667.61642034846
22.4,11.81,0.3733333333333333,31.632999999999992,264.544,53.367,8576.839285714286,b5,85.0,85.0,8607.493471778547
22.39,11.8,0.3731666666666667,32.00616666666666,264.202,52.99383333333334,8520.669941938366,b5,85.0,85.0,8512.71039279153
22.38,11.8,0.373,32.379166666666656,264.084,52.620833333333344,8464.477211796248,b5,85.0,85.0,8487.104048780055
24.66,11.74,0.411,32.79016666666666,289.5084,52.20983333333334,7621.873479318736,b5,85.0,85.0,7715.178078526106
23.72,11.75,0.3953333333333333,33.18549999999999,278.71,51.81450000000001,7863.920741989884,b5,85.0,85.0,7891.803509381914
23.71,11.75,0.3951666666666666,33.58066666666666,278.59250000000003,51.41933333333334,7807.237452551667,b5,85.0,85.0,7861.136939602072
23.7,11.74,0.3949999999999999,33.97566666666666,278.238,51.02433333333334,7750.531645569621,b5,85.0,85.0,7739.172209050166
17.16,11.88,0.286,34.26166666666666,203.8608,50.73833333333334,10644.405594405594,b5,85.0,85.0,10646.937332861797
17.15,11.88,0.2858333333333333,34.5475,203.742,50.4525,10590.61224489796,b5,85.0,85.0,10581.969946089344
17.14,11.88,0.2856666666666667,34.83316666666666,203.62320000000005,50.16683333333334,10536.791131855309,b5,85.0,85.0,10593.624848754112
23.79,11.72,0.3964999999999999,35.22966666666667,278.8188,49.77033333333333,7531.450189155108,b5,85.0,85.0,7643.973786401134
23.77,11.71,0.3961666666666666,35.62583333333333,278.3467,49.37416666666667,7477.787126630206,b5,85.0,85.0,7589.252467456748
23.75,11.7,0.3958333333333333,36.02166666666667,277.875,48.97833333333333,7424.0842105263155,b5,85.0,85.0,7558.308923672795
18.33,11.82,0.3055,36.32716666666667,216.6606,48.67283333333333,9559.312602291326,b5,85.0,85.0,9615.695313460536
18.33,11.81,0.3055,36.63266666666667,216.4773,48.36733333333333,9499.312602291324,b5,85.0,85.0,9523.383958286888
18.32,11.81,0.3053333333333333,36.938,216.3592,48.062,9444.497816593885,b5,85.0,85.0,9462.466145167364
18.33,11.81,0.3055,37.2435,216.4773,47.7565,9379.345335515549,b5,85.0,85.0,9416.854003744003
20.6,11.75,0.3433333333333334,37.58683333333334,242.05,47.41316666666666,8285.796116504853,b5,85.0,85.0,8291.09939000105
20.59,11.74,0.3431666666666667,37.93000000000001,241.7266,47.06999999999999,8229.820301117046,b5,85.0,85.0,8183.404721924875
20.57,11.73,0.3428333333333333,38.27283333333334,241.2861,46.72716666666666,8177.82207097715,b5,85.0,85.0,8153.364388675326
20.57,11.73,0.3428333333333333,38.61566666666667,241.2861,46.38433333333333,8117.82207097715,b5,85.0,85.0,8137.356956716692
20.56,11.72,0.3426666666666666,38.958333333333336,240.9632,46.041666666666664,8061.770428015565,b5,85.0,85.0,8091.540169386007
20.55,11.71,0.3425,39.30083333333334,240.64050000000003,45.69916666666666,8005.693430656934,b5,85.0,85.0,8064.912333000709
25.2,11.6,0.42,39.72083333333334,292.32,45.27916666666666,6468.45238095238,b5,85.0,85.0,6545.639538734412
25.16,11.59,0.4193333333333333,40.14016666666667,291.6044,44.85983333333333,6418.736089030205,b5,85.0,85.0,6525.921031527863
25.14,11.57,0.419,40.55916666666667,290.8698,44.44083333333333,6363.842482100238,b5,85.0,85.0,6459.2896044458375
23.57,11.6,0.3928333333333333,40.952000000000005,273.412,44.047999999999995,6727.738650827322,b5,85.0,85.0,6728.705211172328
23.56,11.59,0.3926666666666666,41.34466666666667,273.06039999999996,43.65533333333333,6670.594227504244,b5,85.0,85.0,6658.411164468269
23.55,11.58,0.3925,41.73716666666667,272.709,43.26283333333333,6613.426751592357,b5,85.0,85.0,6634.528513748995
23.54,11.57,0.3923333333333333,42.1295,272.3578,42.8705,6556.236193712829,b5,85.0,85.0,6623.6034358584975
23.52,11.56,0.392,42.5215,271.8912,42.4785,6501.811224489795,b5,85.0,85.0,6633.6904726134
17.59,11.7,0.2931666666666667,42.81466666666667,205.803,42.18533333333333,8633.723706651506,b5,85.0,85.0,8489.266599389157
17.59,11.7,0.2931666666666667,43.10783333333333,205.803,41.89216666666667,8573.723706651508,b5,85.0,85.0,8465.35308822987
17.59,11.69,0.2931666666666667,43.401,205.6271,41.599,8513.723706651508,b5,85.0,85.0,8408.330700597098
17.6,11.69,0.2933333333333333,43.69433333333333,205.744,41.30566666666667,8448.886363636362,b5,85.0,85.0,8371.841927857067
17.59,11.69,0.2931666666666667,43.9875,205.6271,41.0125,8393.68959636157,b5,85.0,85.0,8344.317773157358
13.25,11.79,0.2208333333333333,44.20833333333333,156.2175,40.79166666666667,11083.018867924531,b5,85.0,85.0,10988.328253319967
13.25,11.8,0.2208333333333333,44.42916666666666,156.35000000000002,40.57083333333334,11023.018867924531,b5,85.0,85.0,10961.493928575124
13.25,11.8,0.2208333333333333,44.64999999999999,156.35000000000002,40.35000000000001,10963.018867924531,b5,85.0,85.0,10946.693928575123
13.25,11.8,0.2208333333333333,44.87083333333332,156.35000000000002,40.12916666666668,10903.018867924531,b5,85.0,85.0,10943.596335361182
13.25,11.79,0.2208333333333333,45.091666666666654,156.2175,39.908333333333346,10843.018867924531,b5,85.0,85.0,10916.002365719247
23.62,11.54,0.3936666666666666,45.48533333333332,272.5748,39.51466666666668,6022.557154953431,b5,85.0,85.0,6371.188066354285
13.86,11.77,0.2309999999999999,45.71633333333333,163.13219999999998,39.28366666666667,10203.549783549786,b5,85.0,85.0,10255.61578514748
13.87,11.77,0.2311666666666666,45.94749999999999,163.2499,39.05250000000001,10136.193222782988,b5,85.0,85.0,10177.435965003895
13.87,11.77,0.2311666666666666,46.17866666666666,163.2499,38.82133333333334,10076.19322278299,b5,85.0,85.0,10149.406086989062
13.86,11.77,0.2309999999999999,46.40966666666666,163.13219999999998,38.59033333333334,10023.463203463209,b5,85.0,85.0,10140.760737096993
13.85,11.76,0.2308333333333333,46.6405,162.876,38.3595,9970.700361010831,b5,85.0,85.0,10068.86919509091
13.86,11.76,0.2309999999999999,46.8715,162.9936,38.1285,9903.506493506497,b5,85.0,85.0,10060.576029845137
13.85,11.76,0.2308333333333333,47.102333333333334,162.876,37.897666666666666,9850.657039711192,b5,85.0,85.0,10017.941848452283
19.5,11.6,0.325,47.42733333333334,226.2,37.57266666666666,6936.492307692307,b5,85.0,85.0,6967.293844974116
19.5,11.59,0.325,47.75233333333334,226.005,37.24766666666666,6876.492307692307,b5,85.0,85.0,6884.038099279254
19.48,11.58,0.3246666666666666,48.077000000000005,225.5784,36.922999999999995,6823.552361396303,b5,85.0,85.0,6815.671293889011
19.47,11.57,0.3244999999999999,48.401500000000006,225.2679,36.598499999999994,6767.057010785824,b5,85.0,85.0,6762.019624478838
19.46,11.56,0.3243333333333333,48.72583333333334,224.9576,36.27416666666666,6710.534429599176,b5,85.0,85.0,6663.109817845489
21.62,11.49,0.3603333333333333,49.08616666666668,248.4138,35.91383333333332,5980.10175763182,b5,85.0,85.0,6050.54533706258
21.61,11.48,0.3601666666666666,49.44633333333334,248.0828,35.55366666666666,5922.869042110133,b5,85.0,85.0,5984.917471016476
21.59,11.47,0.3598333333333333,49.80616666666668,247.6373,35.19383333333332,5868.35572024085,b5,85.0,85.0,5862.788193018486
15.73,11.62,0.2621666666666666,50.06833333333334,182.7826,34.93166666666666,7994.532739987283,b5,85.0,85.0,7739.799681577808
15.73,11.62,0.2621666666666666,50.33050000000001,182.7826,34.66949999999999,7934.532739987283,b5,85.0,85.0,7753.268010042408
15.72,11.62,0.262,50.59250000000001,182.6664,34.40749999999999,7879.580152671753,b5,85.0,85.0,7748.502675321074
20.92,11.47,0.3486666666666667,50.941166666666675,239.95240000000004,34.058833333333325,5860.984703632886,b5,85.0,85.0,5958.1241994759675
20.89,11.46,0.3481666666666667,51.28933333333334,239.3994,33.71066666666666,5809.401627573,b5,85.0,85.0,5743.841322146952
20.89,11.45,0.3481666666666667,51.6375,239.1905,33.3625,5749.401627573001,b5,85.0,85.0,5699.908999571664
20.86,11.44,0.3476666666666667,51.98516666666667,238.6384,33.01483333333333,5697.670182166826,b5,85.0,85.0,5678.895430847412
20.86,11.43,0.3476666666666667,52.33283333333334,238.4298,32.66716666666666,5637.670182166826,b5,85.0,85.0,5658.576099971299
20.84,11.41,0.3473333333333333,52.68016666666667,237.7844,32.31983333333333,5583.080614203454,b5,85.0,85.0,5630.855521409658
20.83,11.4,0.3471666666666666,53.02733333333334,237.462,31.97266666666666,5525.760921747479,b5,85.0,85.0,5560.6169362568935
20.2,11.41,0.3366666666666666,53.364,230.482,31.635999999999996,5638.09900990099,b5,85.0,85.0,5598.306835980029
20.18,11.4,0.3363333333333333,53.70033333333334,230.052,31.29966666666666,5583.686818632308,b5,85.0,85.0,5552.59729898299
20.18,11.39,0.3363333333333333,54.03666666666667,229.8502,30.963333333333324,5523.686818632308,b5,85.0,85.0,5440.306685042731
12.1,11.62,0.2016666666666666,54.238333333333344,140.60199999999998,30.761666666666656,9152.231404958677,b5,85.0,85.0,8613.943161335155
12.1,11.62,0.2016666666666666,54.44000000000001,140.60199999999998,30.559999999999988,9092.231404958677,b5,85.0,85.0,8589.157057306174
12.11,11.62,0.2018333333333333,54.641833333333345,140.7182,30.358166666666655,9024.723369116433,b5,85.0,85.0,8576.961718959832
12.11,11.62,0.2018333333333333,54.84366666666668,140.7182,30.15633333333332,8964.72336911643,b5,85.0,85.0,8572.623785902782
12.12,11.62,0.2019999999999999,55.04566666666667,140.8344,29.954333333333324,8897.326732673264,b5,85.0,85.0,8505.728545098933
12.12,11.62,0.2019999999999999,55.247666666666674,140.8344,29.75233333333333,8837.326732673266,b5,85.0,85.0,8501.745094755945
21.8,11.34,0.3633333333333333,55.61100000000001,247.212,29.38899999999999,4853.229357798164,b5,85.0,85.0,5034.620009404185
21.75,11.32,0.3625,55.97350000000001,246.21,29.02649999999999,4804.38620689655,b5,85.0,85.0,4948.375062873383
21.72,11.3,0.362,56.33550000000001,245.436,28.66449999999999,4751.022099447513,b5,85.0,85.0,4913.122185621167
21.69,11.29,0.3615,56.69700000000001,244.8801,28.30299999999999,4697.593360995848,b5,85.0,85.0,4879.962235877737
24.65,11.19,0.4108333333333333,57.107833333333346,275.83349999999996,27.892166666666657,4073.5010141987814,b5,85.0,85.0,4381.986926096712
24.61,11.17,0.4101666666666667,57.518000000000015,274.89369999999997,27.481999999999985,4020.121901665987,b5,85.0,85.0,4334.331091429555
19.49,11.3,0.3248333333333333,57.842833333333346,220.237,27.157166666666654,5016.203181118521,b5,85.0,85.0,5003.534849650536
19.48,11.29,0.3246666666666666,58.16750000000001,219.9292,26.83249999999999,4958.7782340862395,b5,85.0,85.0,4995.525500027693
19.46,11.28,0.3243333333333333,58.491833333333346,219.5088,26.508166666666657,4903.874614594036,b5,85.0,85.0,4973.5428199169155
19.45,11.27,0.3241666666666666,58.81600000000001,219.2015,26.18399999999999,4846.395886889459,b5,85.0,85.0,4960.804053889558
19.44,11.26,0.324,59.14000000000001,218.8944,25.859999999999992,4788.888888888887,b5,85.0,85.0,4940.918994123859
19.43,11.25,0.3238333333333333,59.46383333333334,218.5875,25.53616666666666,4731.35357694287,b5,85.0,85.0,4941.654637451596
19.42,11.24,0.3236666666666667,59.78750000000001,218.28080000000003,25.21249999999999,4673.789907312048,b5,85.0,85.0,4932.603068958332
22.98,11.11,0.383,60.17050000000001,255.3078,24.82949999999999,3889.7389033942536,b5,85.0,85.0,4081.7807106855853
22.94,11.09,0.3823333333333333,60.552833333333346,254.4046,24.447166666666657,3836.5213600697457,b5,85.0,85.0,4010.086929280702
22.91,11.08,0.3818333333333333,60.93466666666668,253.8428,24.06533333333332,3781.545176778697,b5,85.0,85.0,3948.8072732367514
22.88,11.06,0.3813333333333333,61.31600000000001,253.0528,23.68399999999999,3726.503496503495,b5,85.0,85.0,3907.983217389814
22.87,11.04,0.3811666666666667,61.697166666666675,252.4848,23.302833333333325,3668.132925229557,b5,85.0,85.0,3873.11236359514
24.94,10.95,0.4156666666666667,62.11283333333334,273.093,22.88716666666666,3303.6808340016028,b5,85.0,85.0,3700.759871699768
24.89,10.93,0.4148333333333333,62.52766666666667,272.0477,22.472333333333324,3250.317396544795,b5,85.0,85.0,3710.978705028397
24.86,10.9,0.4143333333333333,62.94200000000001,270.974,22.057999999999993,3194.239742558326,b5,85.0,85.0,3678.9525349938763
24.82,10.88,0.4136666666666667,63.35566666666667,270.0416,21.64433333333333,3139.3875906526982,b5,85.0,85.0,3652.7769566560282
14.72,11.2,0.2453333333333333,63.601000000000006,164.864,21.39899999999999,5233.45108695652,b5,85.0,85.0,5117.787109149762
14.72,11.2,0.2453333333333333,63.84633333333334,164.864,21.15366666666666,5173.451086956519,b5,85.0,85.0,5116.096802551835
14.73,11.2,0.2455,64.09183333333334,164.976,20.90816666666666,5109.938900203664,b5,85.0,85.0,5114.569765392757
14.72,11.2,0.2453333333333333,64.33716666666668,164.864,20.662833333333325,5053.410326086954,b5,85.0,85.0,5023.268864215413
16.38,11.13,0.2729999999999999,64.61016666666667,182.3094,20.38983333333333,4481.28205128205,b5,85.0,85.0,4552.619788548877
16.37,11.12,0.2728333333333333,64.88300000000001,182.0344,20.11699999999999,4424.019547953571,b5,85.0,85.0,4488.765659869507
16.36,11.11,0.2726666666666666,65.15566666666668,181.7596,19.844333333333324,4366.723716381416,b5,85.0,85.0,4405.403918468507
16.35,11.1,0.2725,65.42816666666667,181.485,19.57183333333333,4309.394495412843,b5,85.0,85.0,4356.784542371719
20.66,10.94,0.3443333333333333,65.77250000000001,226.0204,19.227499999999992,3350.387221684413,b5,85.0,85.0,3590.8015704689788
20.64,10.92,0.344,66.1165,225.3888,18.8835,3293.633720930232,b5,85.0,85.0,3500.4159791796437
20.61,10.89,0.3434999999999999,66.46000000000001,224.4429,18.539999999999992,3238.427947598252,b5,85.0,85.0,3483.539087871565
20.57,10.86,0.3428333333333333,66.80283333333334,223.3902,18.19716666666666,3184.725328147787,b5,85.0,85.0,3406.206818846186
22.03,10.78,0.3671666666666667,67.17,237.4834,17.83,2913.663186563776,b5,85.0,85.0,3226.20654284414
22.03,10.78,0.3671666666666667,67.53716666666666,237.4834,17.462833333333336,2853.663186563777,b5,85.0,85.0,3218.9599126430126
21.98,10.75,0.3663333333333333,67.9035,236.285,17.096500000000006,2800.154686078254,b5,85.0,85.0,3200.269162434786
21.96,10.72,0.366,68.2695,235.41120000000004,16.730500000000006,2742.704918032788,b5,85.0,85.0,3192.2709564502175
21.91,10.69,0.3651666666666667,68.63466666666666,234.2179,16.36533333333334,2688.963943404839,b5,85.0,85.0,3135.636245381218
16.81,10.86,0.2801666666666666,68.91483333333333,182.55659999999995,16.085166666666666,3444.7709696609163,b5,85.0,85.0,3568.9074552500697
16.81,10.85,0.2801666666666666,69.19500000000001,182.3885,15.804999999999993,3384.7709696609145,b5,85.0,85.0,3488.7917346739305
16.8,10.84,0.28,69.47500000000001,182.112,15.524999999999991,3326.7857142857124,b5,85.0,85.0,3473.966605444524
16.79,10.82,0.2798333333333333,69.75483333333334,181.6678,15.245166666666664,3268.7671232876705,b5,85.0,85.0,3472.55670899437
14.61,10.89,0.2435,69.99833333333333,159.1029,15.001666666666663,3696.509240246406,b5,85.0,85.0,3795.78280120407
16.78,10.79,0.2796666666666667,70.278,181.0562,14.721999999999994,3158.4743742550645,b5,85.0,85.0,3406.070165268898
16.77,10.77,0.2794999999999999,70.5575,180.6129,14.442499999999995,3100.35778175313,b5,85.0,85.0,3367.409408421487
16.75,10.75,0.2791666666666667,70.83666666666667,180.0625,14.163333333333329,3044.059701492536,b5,85.0,85.0,3342.2452478599475
16.73,10.73,0.2788333333333333,71.11550000000001,179.5129,13.884499999999989,2987.698744769872,b5,85.0,85.0,3305.821049476788
16.72,10.7,0.2786666666666667,71.39416666666668,178.90399999999997,13.605833333333322,2929.485645933012,b5,85.0,85.0,3304.1892717248356
16.7,10.68,0.2783333333333333,71.67250000000001,178.356,13.327499999999986,2872.994011976045,b5,85.0,85.0,3263.3511806098672
21.69,10.43,0.3615,72.03400000000002,226.2267,12.96599999999998,2152.0331950207433,b5,85.0,85.0,2685.944316184498
21.56,10.34,0.3593333333333333,72.39333333333336,222.9304,12.60666666666664,2105.0092764378437,b5,85.0,85.0,2612.905846938198
21.43,10.23,0.3571666666666667,72.75050000000003,219.2289,12.24949999999997,2057.7788147456786,b5,85.0,85.0,2583.547660430207
9.35,10.89,0.1558333333333333,72.90633333333336,101.8215,12.093666666666635,4656.385026737956,b5,85.0,85.0,4591.309190790551
9.36,10.92,0.156,73.06233333333337,102.2112,11.93766666666663,4591.410256410242,b5,85.0,85.0,4574.3879541620445
9.38,10.93,0.1563333333333333,73.2186666666667,102.5234,11.781333333333292,4521.62046908314,b5,85.0,85.0,4518.944085312664
9.38,10.94,0.1563333333333333,73.37500000000004,102.6172,11.624999999999956,4461.620469083139,b5,85.0,85.0,4487.963344570248
9.39,10.95,0.1565,73.53150000000004,102.8205,11.468499999999963,4396.8690095846505,b5,85.0,85.0,4459.431051361126
9.39,10.95,0.1565,73.68800000000003,102.8205,11.31199999999997,4336.869009584652,b5,85.0,85.0,4454.272750571012
9.4,10.96,0.1566666666666666,73.8446666666667,103.02400000000002,11.155333333333305,4272.255319148924,b5,85.0,85.0,4418.08475361482
7.71,11.06,0.1285,73.9731666666667,85.2726,11.0268333333333,5148.715953307378,b5,85.0,85.0,4843.531133646493
7.71,11.07,0.1285,74.1016666666667,85.3497,10.898333333333298,5088.715953307376,b5,85.0,85.0,4862.087085344473
7.72,11.08,0.1286666666666666,74.23033333333336,85.5376,10.769666666666636,5022.1243523315925,b5,85.0,85.0,4860.5304018240895
5.26,11.22,0.0876666666666666,74.31800000000003,59.0172,10.681999999999974,7310.874524714811,b5,85.0,85.0,6849.891259289421
5.26,11.24,0.0876666666666666,74.40566666666669,59.1224,10.59433333333331,7250.874524714814,b5,85.0,85.0,6847.462836917528
5.27,11.25,0.0878333333333333,74.49350000000003,59.287499999999994,10.506499999999974,7177.115749525599,b5,85.0,85.0,6792.100971620381
5.27,11.27,0.0878333333333333,74.58133333333336,59.39289999999999,10.418666666666638,7117.1157495255975,b5,85.0,85.0,6776.057326689518
5.28,11.28,0.088,74.66933333333336,59.5584,10.330666666666644,7043.6363636363485,b5,85.0,85.0,6728.532700134121
7.29,11.17,0.1215,74.79083333333335,81.4293,10.209166666666649,5041.563786008221,b5,85.0,85.0,4902.292508230204
7.28,11.17,0.1213333333333333,74.91216666666669,81.3176,10.087833333333307,4988.489010988998,b5,85.0,85.0,4900.470906569543
7.29,11.17,0.1215,75.03366666666669,81.4293,9.96633333333331,4921.646090534968,b5,85.0,85.0,4844.655978706438
7.29,11.17,0.1215,75.15516666666669,81.4293,9.844833333333312,4861.646090534969,b5,85.0,85.0,4819.809794437076
7.91,11.14,0.1318333333333333,75.28700000000002,88.1174,9.71299999999998,4420.581542351445,b5,85.0,85.0,4444.460156111431
7.91,11.14,0.1318333333333333,75.41883333333335,88.1174,9.581166666666649,4360.581542351445,b5,85.0,85.0,4387.933697249791
7.91,11.14,0.1318333333333333,75.55066666666669,88.1174,9.449333333333314,4300.581542351445,b5,85.0,85.0,4370.129293089298
7.91,11.14,0.1318333333333333,75.68250000000002,88.1174,9.31749999999998,4240.581542351446,b5,85.0,85.0,4275.060881295333
9.58,11.05,0.1596666666666666,75.84216666666669,105.859,9.157833333333317,3441.356993736945,b5,85.0,85.0,3511.47168387716
9.57,11.04,0.1595,76.00166666666668,105.6528,8.99833333333332,3384.952978056421,b5,85.0,85.0,3421.8251049675164
9.58,11.03,0.1596666666666666,76.16133333333335,105.6674,8.838666666666654,3321.4196242171142,b5,85.0,85.0,3386.2218409254574
9.57,11.02,0.1595,76.32083333333334,105.4614,8.67916666666666,3264.8902821316588,b5,85.0,85.0,3296.200686652332
9.56,11.01,0.1593333333333333,76.48016666666668,105.2556,8.519833333333324,3208.30543933054,b5,85.0,85.0,3287.2312960587105
9.56,11.0,0.1593333333333333,76.63950000000001,105.16,8.360499999999988,3148.3054393305392,b5,85.0,85.0,3263.562529173974
7.28,11.12,0.1213333333333333,76.76083333333335,80.9536,8.239166666666648,4074.3131868131777,b5,85.0,85.0,4045.632554371347
7.28,11.12,0.1213333333333333,76.88216666666669,80.9536,8.117833333333309,4014.313186813174,b5,85.0,85.0,4018.916501174148
7.29,11.12,0.1215,77.00366666666669,81.06479999999999,7.996333333333311,3948.806584362129,b5,85.0,85.0,3941.2910675307676
7.28,11.12,0.1213333333333333,77.12500000000003,80.9536,7.874999999999972,3894.230769230755,b5,85.0,85.0,3914.775166828383
7.28,11.12,0.1213333333333333,77.24633333333337,80.9536,7.753666666666632,3834.230769230752,b5,85.0,85.0,3859.5445288982737
10.07,10.95,0.1678333333333333,77.4141666666667,110.2665,7.585833333333298,2711.916583912599,b5,85.0,85.0,2788.604134306326
10.06,10.94,0.1676666666666666,77.58183333333336,110.0564,7.418166666666636,2654.612326043726,b5,85.0,85.0,2761.8357328454263
10.05,10.92,0.1675,77.74933333333337,109.746,7.250666666666632,2597.253731343271,b5,85.0,85.0,2706.8672588800455
10.05,10.91,0.1675,77.91683333333337,109.6455,7.083166666666628,2537.2537313432695,b5,85.0,85.0,2686.441310813092
10.04,10.89,0.1673333333333333,78.0841666666667,109.3356,6.915833333333296,2479.7808764940105,b5,85.0,85.0,2621.9674468514054
9.41,10.91,0.1568333333333333,78.24100000000004,102.6631,6.758999999999958,2585.802337938347,b5,85.0,85.0,2683.6784751157434
9.41,10.9,0.1568333333333333,78.39783333333338,102.569,6.602166666666619,2525.8023379383453,b5,85.0,85.0,2617.559561202006
9.4,10.89,0.1566666666666666,78.55450000000005,102.366,6.445499999999953,2468.48936170211,b5,85.0,85.0,2554.3114666859806
9.39,10.87,0.1565,78.71100000000004,102.0693,6.288999999999959,2411.118210862604,b5,85.0,85.0,2570.7456312992445
9.38,10.86,0.1563333333333333,78.86733333333338,101.8668,6.132666666666623,2353.6886993603243,b5,85.0,85.0,2463.134038090556
5.31,11.12,0.0885,78.95583333333337,59.04719999999999,6.0441666666666265,4097.740112994323,b5,85.0,85.0,3758.172547767194
5.93,11.09,0.0988333333333333,79.0546666666667,65.7637,5.945333333333295,3609.308600337245,b5,85.0,85.0,3255.346539309937
10.29,10.82,0.1714999999999999,79.2261666666667,111.3378,5.7738333333333,2019.9999999999884,b5,85.0,85.0,2055.0502779466437
10.29,10.82,0.1714999999999999,79.3976666666667,111.3378,5.602333333333306,1959.9999999999905,b5,85.0,85.0,2005.0318921818036
10.27,10.79,0.1711666666666666,79.56883333333336,110.81329999999998,5.431166666666641,1903.816942551111,b5,85.0,85.0,1960.6918655607838
10.26,10.77,0.1709999999999999,79.73983333333337,110.5002,5.260166666666635,1845.672514619872,b5,85.0,85.0,1920.3522819091231
9.6,10.77,0.16,79.89983333333336,103.392,5.100166666666638,1912.5624999999893,b5,85.0,85.0,1939.6145041355503
9.6,10.75,0.16,80.05983333333336,103.2,4.9401666666666415,1852.562499999991,b5,85.0,85.0,1924.763933614483
9.59,10.73,0.1598333333333333,80.2196666666667,102.9007,4.780333333333303,1794.494264859217,b5,85.0,85.0,1876.2451628562094
9.57,10.71,0.1595,80.37916666666669,102.4947,4.620833333333309,1738.244514106574,b5,85.0,85.0,1814.0412338234557
9.56,10.69,0.1593333333333333,80.53850000000003,102.1964,4.4614999999999725,1680.0627615062658,b5,85.0,85.0,1723.4508852398903
11.16,10.53,0.186,80.72450000000003,117.5148,4.275499999999965,1379.1935483870857,b5,85.0,85.0,1448.9630495877332
11.12,10.47,0.1853333333333333,80.90983333333337,116.4264,4.090166666666633,1324.154676258982,b5,85.0,85.0,1385.0621814956908
11.08,10.4,0.1846666666666666,81.09450000000004,115.232,3.905499999999961,1268.9350180505287,b5,85.0,85.0,1349.9523621644778
11.02,10.31,0.1836666666666666,81.2781666666667,113.6162,3.7218333333332936,1215.8439201451777,b5,85.0,85.0,1329.6942650804233
9.41,10.39,0.1568333333333333,81.43500000000004,97.7699,3.564999999999955,1363.8682252922251,b5,85.0,85.0,1461.0243281855649
8.17,10.5,0.1361666666666666,81.57116666666671,85.785,3.428833333333287,1510.8690330477152,b5,85.0,85.0,1524.889537475261
8.17,10.48,0.1361666666666666,81.70733333333338,85.6216,3.2926666666666193,1450.8690330477148,b5,85.0,85.0,1501.984078580799
8.16,10.46,0.136,81.84333333333338,85.35360000000001,3.1566666666666237,1392.6470588235104,b5,85.0,85.0,1441.1289235388854
8.15,10.42,0.1358333333333333,81.97916666666671,84.923,3.020833333333286,1334.3558282208378,b5,85.0,85.0,1416.4671654032534
9.63,9.99,0.1605,82.13966666666671,96.2037,2.860333333333287,1069.2834890965555,b5,85.0,85.0,1203.093952302268
9.54,9.79,0.1589999999999999,82.29866666666672,93.39659999999998,2.701333333333281,1019.3710691823704,b5,85.0,85.0,1156.9251957464817
9.5,9.66,0.1583333333333333,82.45700000000005,91.77,2.5429999999999495,963.6631578947176,b5,85.0,85.0,1158.5769801027222
9.42,9.55,0.157,82.61400000000005,89.96100000000001,2.385999999999953,911.847133757944,b5,85.0,85.0,1028.6898010326524
6.05,9.94,0.1008333333333333,82.71483333333337,60.13699999999999,2.285166666666626,1359.7685950412983,b5,85.0,85.0,1228.5739501336366
6.05,9.94,0.1008333333333333,82.8156666666667,60.13699999999999,2.1843333333332993,1299.7685950413022,b5,85.0,85.0,1213.3342688020875
6.05,9.93,0.1008333333333333,82.91650000000003,60.0765,2.0834999999999724,1239.7685950413058,b5,85.0,85.0,1175.8374747269233
6.05,9.92,0.1008333333333333,83.01733333333335,60.016,1.9826666666666457,1179.7685950413097,b5,85.0,85.0,1135.6776768284153
9.37,9.43,0.1561666666666666,83.17350000000002,88.35909999999998,1.8264999999999816,701.7502668089578,b5,85.0,85.0,849.1234837487038
4.4,9.9,0.0733333333333333,83.24683333333336,43.56,1.753166666666644,1434.409090909072,b5,85.0,85.0,1275.0690690702343
6.0,9.77,0.1,83.34683333333335,58.62,1.6531666666666496,991.8999999999896,b5,85.0,85.0,1002.0280518144032
7.85,9.59,0.1308333333333333,83.47766666666668,75.2815,1.5223333333333215,698.1401273885297,b5,85.0,85.0,836.2784437287473
7.81,9.49,0.1301666666666666,83.60783333333335,74.1169,1.392166666666654,641.7157490396868,b5,85.0,85.0,827.9542602297653
4.39,9.86,0.0731666666666666,83.68100000000001,43.2854,1.3189999999999884,1081.6400911161636,b5,85.0,85.0,999.3259434015814
5.99,9.72,0.0998333333333333,83.78083333333335,58.22280000000001,1.219166666666652,732.7212020033301,b5,85.0,85.0,757.3278531721016
5.99,9.71,0.0998333333333333,83.88066666666668,58.16290000000001,1.1193333333333155,672.7212020033284,b5,85.0,85.0,703.6355441690847
5.99,9.7,0.0998333333333333,83.98050000000002,58.102999999999994,1.0194999999999794,612.7212020033265,b5,85.0,85.0,602.1371812181357
9.27,9.21,0.1545,84.13500000000002,85.3767,0.8649999999999807,335.9223300970799,b5,85.0,85.0,425.1078107889265
9.2,9.07,0.1533333333333333,84.28833333333336,83.444,0.7116666666666447,278.47826086955666,b5,85.0,85.0,394.3144172092628
17.03,12.03,0.2838333333333333,0.2838333333333333,204.8709,80.99616666666667,17121.91426893717,b1,81.28,81.28,17020.488264933843
17.03,11.99,0.2838333333333333,0.5676666666666667,204.1897,80.71233333333333,17061.91426893717,b1,81.28,81.28,16916.64449890232
17.03,12.01,0.2838333333333333,0.8514999999999999,204.5303,80.4285,17001.914268937166,b1,81.28,81.28,16928.986751683093
17.03,12.02,0.2838333333333333,1.1353333333333333,204.7006,80.14466666666667,16941.91426893717,b1,81.28,81.28,16912.723062663426
17.03,12.02,0.2838333333333333,1.419166666666667,204.7006,79.86083333333333,16881.91426893717,b1,81.28,81.28,16825.19644603749
1.34,1.5,0.0223333333333333,1.4415,2.01,79.8385,214491.4925373134,b1,81.28,81.28,206962.7210894789
1.35,1.5,0.0225,1.464,2.0250000000000004,79.816,212842.6666666667,b1,81.28,81.28,207518.64541103775
1.35,1.5,0.0225,1.4865,2.0250000000000004,79.7935,212782.66666666663,b1,81.28,81.28,207518.64541103775
1.33,1.5,0.0221666666666666,1.5086666666666666,1.995,79.77133333333333,215922.4060150376,b1,81.28,81.28,210511.71899478976
1.36,1.5,0.0226666666666666,1.5313333333333332,2.04,79.74866666666667,211099.41176470587,b1,81.28,81.28,208811.7554838493
1.32,1.5,0.022,1.5533333333333332,1.98,79.72666666666667,217436.3636363636,b1,81.28,81.28,202781.3564520692
1.33,1.5,0.0221666666666666,1.5755,1.995,79.7045,215741.5037593985,b1,81.28,81.28,210520.6142181421
1.33,1.5,0.0221666666666666,1.5976666666666666,1.995,79.68233333333333,215681.5037593985,b1,81.28,81.28,210496.2436299068
1.36,1.5,0.0226666666666666,1.6203333333333332,2.04,79.65966666666667,210863.82352941175,b1,81.28,81.28,208623.8578721726
7.32,12.19,0.122,1.7423333333333333,89.2308,79.53766666666667,39116.885245901634,b1,81.28,81.28,40012.69336750094
7.32,12.2,0.122,1.8643333333333336,89.304,79.41566666666667,39056.88524590164,b1,81.28,81.28,38925.68517936303
7.32,12.22,0.122,1.9863333333333335,89.4504,79.29366666666667,38996.88524590164,b1,81.28,81.28,38909.04431312788
7.32,12.22,0.122,2.1083333333333334,89.4504,79.17166666666667,38936.885245901634,b1,81.28,81.28,38898.22714753035
7.32,12.22,0.122,2.2303333333333333,89.4504,79.04966666666667,38876.885245901634,b1,81.28,81.28,38846.01030961873
7.32,12.22,0.122,2.352333333333333,89.4504,78.92766666666667,38816.885245901634,b1,81.28,81.28,38827.21040393792
4.63,12.28,0.0771666666666666,2.4295,56.856399999999994,78.8505,61309.24406047516,b1,81.28,81.28,60046.45394720916
4.63,12.3,0.0771666666666666,2.506666666666667,56.949000000000005,78.77333333333334,61249.24406047516,b1,81.28,81.28,60225.90247966393
4.63,12.3,0.0771666666666666,2.5838333333333336,56.949000000000005,78.69616666666667,61189.24406047517,b1,81.28,81.28,60071.6319133082
4.63,12.3,0.0771666666666666,2.6610000000000005,56.949000000000005,78.619,61129.24406047517,b1,81.28,81.28,60098.19714798734
6.52,12.26,0.1086666666666666,2.769666666666667,79.9352,78.51033333333334,43349.26380368099,b1,81.28,81.28,43119.836774900235
6.52,12.25,0.1086666666666666,2.878333333333334,79.86999999999999,78.40166666666667,43289.26380368099,b1,81.28,81.28,42825.77973036289
6.52,12.25,0.1086666666666666,2.9870000000000005,79.86999999999999,78.293,43229.263803680995,b1,81.28,81.28,42795.021367252826
7.57,12.22,0.1261666666666666,3.1131666666666673,92.5054,78.16683333333333,37173.13077939233,b1,81.28,81.28,37259.34988544451
7.57,12.21,0.1261666666666666,3.239333333333334,92.4297,78.04066666666667,37113.13077939234,b1,81.28,81.28,37134.51252795907
7.57,12.21,0.1261666666666666,3.365500000000001,92.4297,77.9145,37053.13077939234,b1,81.28,81.28,37145.57784426613
7.57,12.21,0.1261666666666666,3.4916666666666676,92.4297,77.78833333333333,36993.13077939233,b1,81.28,81.28,37050.203624104215
7.57,12.21,0.1261666666666666,3.6178333333333343,92.4297,77.66216666666666,36933.13077939233,b1,81.28,81.28,37021.41725434538
7.57,12.21,0.1261666666666666,3.744000000000001,92.4297,77.536,36873.13077939233,b1,81.28,81.28,36934.63789755743
7.57,12.21,0.1261666666666666,3.870166666666668,92.4297,77.40983333333334,36813.13077939234,b1,81.28,81.28,36850.821817261975
10.0,12.18,0.1666666666666666,4.036833333333335,121.8,77.24316666666667,27807.54,b1,81.28,81.28,27394.5943683788
10.0,12.18,0.1666666666666666,4.203500000000002,121.8,77.0765,27747.539999999997,b1,81.28,81.28,27399.91684816173
11.58,12.14,0.193,4.396500000000001,140.5812,76.8835,23901.60621761658,b1,81.28,81.28,23810.941915262865
11.58,12.12,0.193,4.589500000000001,140.34959999999998,76.6905,23841.60621761658,b1,81.28,81.28,23694.032630197882
11.58,12.12,0.193,4.782500000000001,140.34959999999998,76.4975,23781.60621761658,b1,81.28,81.28,23659.832630197885
11.58,12.12,0.193,4.9755,140.34959999999998,76.3045,23721.60621761658,b1,81.28,81.28,23669.719529591275
11.58,12.12,0.193,5.1685,140.34959999999998,76.1115,23661.606217616583,b1,81.28,81.28,23649.486621889508
11.98,12.1,0.1996666666666667,5.368166666666666,144.958,75.91183333333333,22811.56928213689,b1,81.28,81.28,22792.527692895343
11.98,12.1,0.1996666666666667,5.567833333333333,144.958,75.71216666666666,22751.569282136898,b1,81.28,81.28,22703.918612997826
11.98,12.1,0.1996666666666667,5.767499999999999,144.958,75.5125,22691.569282136898,b1,81.28,81.28,22665.673861207662
11.98,12.1,0.1996666666666667,5.967166666666666,144.958,75.31283333333333,22631.569282136898,b1,81.28,81.28,22635.406948304466
20.79,11.94,0.3465,6.313666666666665,248.2326,74.96633333333334,12981.183261183263,b1,81.28,81.28,12948.356656523625
20.8,11.93,0.3466666666666667,6.660333333333332,248.144,74.61966666666667,12914.94230769231,b1,81.28,81.28,12885.509752040147
4.87,12.24,0.0811666666666666,6.7414999999999985,59.6088,74.5385,55100.32854209445,b1,81.28,81.28,54689.13149923067
4.87,12.26,0.0811666666666666,6.822666666666665,59.7062,74.45733333333334,55040.32854209446,b1,81.28,81.28,54895.708331259666
4.87,12.26,0.0811666666666666,6.903833333333331,59.7062,74.37616666666668,54980.32854209446,b1,81.28,81.28,54862.50833125967
4.87,12.26,0.0811666666666666,6.984999999999998,59.7062,74.295,54920.32854209445,b1,81.28,81.28,54822.90833125967
4.87,12.26,0.0811666666666666,7.066166666666664,59.7062,74.21383333333334,54860.32854209447,b1,81.28,81.28,54803.30833125967
20.9,11.97,0.3483333333333333,7.414499999999998,250.173,73.8655,12723.244019138756,b1,81.28,81.28,12745.383956315636
20.88,11.92,0.348,7.762499999999997,248.88959999999997,73.5175,12675.43103448276,b1,81.28,81.28,12566.645948912035
20.86,11.92,0.3476666666666667,8.110166666666665,248.6512,73.16983333333334,12627.583892617453,b1,81.28,81.28,12558.1169037065
20.86,12.91,0.3476666666666667,8.457833333333332,269.3026,72.82216666666667,12567.583892617453,b1,81.28,81.28,12701.409665531122
20.86,11.91,0.3476666666666667,8.805499999999999,248.4426,72.4745,12507.583892617453,b1,81.28,81.28,12477.494127030017
20.86,11.9,0.3476666666666667,9.153166666666666,248.234,72.12683333333334,12447.583892617453,b1,81.28,81.28,12395.106420239174
13.87,12.03,0.2311666666666666,9.384333333333332,166.85609999999997,71.89566666666667,18660.7354001442,b1,81.28,81.28,18561.849556931276
13.87,12.03,0.2311666666666666,9.6155,166.85609999999997,71.6645,18600.735400144196,b1,81.28,81.28,18500.779463540282
13.87,12.03,0.2311666666666666,9.846666666666666,166.85609999999997,71.43333333333334,18540.735400144196,b1,81.28,81.28,18482.188492958092
13.87,12.02,0.2311666666666666,10.077833333333333,166.7174,71.20216666666667,18480.7354001442,b1,81.28,81.28,18424.0349426821
15.29,11.99,0.2548333333333333,10.332666666666666,183.3271,70.94733333333333,16704.408109875738,b1,81.28,81.28,16837.711415378577
15.66,11.97,0.261,10.593666666666666,187.4502,70.68633333333334,16249.731800766283,b1,81.28,81.28,16280.674407940212
15.68,11.97,0.2613333333333333,10.855,187.6896,70.425,16169.005102040815,b1,81.28,81.28,16224.678936127055
14.12,11.99,0.2353333333333333,11.090333333333332,169.2988,70.18966666666667,17895.382436260625,b1,81.28,81.28,17810.863864596333
14.14,11.99,0.2356666666666666,11.326,169.5386,69.95400000000001,17810.07072135785,b1,81.28,81.28,17745.912765647612
14.11,11.98,0.2351666666666666,11.561166666666663,169.0378,69.71883333333334,17787.93763288448,b1,81.28,81.28,17764.130540555492
14.13,11.98,0.2355,11.796666666666663,169.27740000000003,69.48333333333333,17702.76008492569,b1,81.28,81.28,17703.033853156885
14.12,11.98,0.2353333333333333,12.031999999999998,169.1576,69.248,17655.297450424932,b1,81.28,81.28,17646.940496667423
14.11,11.98,0.2351666666666666,12.267166666666665,169.0378,69.01283333333333,17607.810063784553,b1,81.28,81.28,17578.6321744632
5.39,12.17,0.0898333333333333,12.356999999999998,65.5963,68.923,46033.914656771805,b1,81.28,81.28,45768.73639161637
5.37,12.18,0.0895,12.446499999999997,65.4066,68.8335,46145.36312849162,b1,81.28,81.28,45783.73315434842
5.4,12.18,0.09,12.536499999999997,65.772,68.74350000000001,45829.0,b1,81.28,81.28,45397.84495408607
5.41,12.18,0.0901666666666666,12.626666666666663,65.8938,68.65333333333334,45684.28835489834,b1,81.28,81.28,45575.20196253601
5.38,12.18,0.0896666666666666,12.71633333333333,65.52839999999999,68.56366666666668,45879.033457249076,b1,81.28,81.28,45598.577364237986
20.56,11.87,0.3426666666666666,13.058999999999996,244.0472,68.221,11945.311284046693,b1,81.28,81.28,11935.677042098932
20.56,12.86,0.3426666666666666,13.401666666666662,264.4016,67.87833333333334,11885.311284046697,b1,81.28,81.28,11962.96570774346
20.54,11.85,0.3423333333333333,13.743999999999994,243.39899999999997,67.536,11836.8841285297,b1,81.28,81.28,11700.950489218858
20.52,12.84,0.3419999999999999,14.085999999999997,263.47679999999997,67.194,11788.42105263158,b1,81.28,81.28,11891.472759747527
20.51,12.84,0.3418333333333334,14.427833333333329,263.3484,66.85216666666668,11734.168698196005,b1,81.28,81.28,11843.151312080403
4.85,12.16,0.0808333333333333,14.50866666666666,58.976,66.77133333333335,49562.226804123726,b1,81.28,81.28,48956.76383928048
4.84,12.18,0.0806666666666666,14.589333333333329,58.9512,66.69066666666667,49604.62809917356,b1,81.28,81.28,49072.54196800666
6.93,12.12,0.1154999999999999,14.70483333333333,83.99159999999999,66.57516666666668,34584.50216450217,b1,81.28,81.28,34559.721212720084
6.93,12.12,0.1154999999999999,14.82033333333333,83.99159999999999,66.45966666666666,34524.50216450216,b1,81.28,81.28,34537.87878764353
6.92,12.12,0.1153333333333333,14.935666666666664,83.87039999999999,66.34433333333334,34514.39306358382,b1,81.28,81.28,34519.895995227176
6.92,12.12,0.1153333333333333,15.050999999999998,83.87039999999999,66.229,34454.39306358381,b1,81.28,81.28,34501.32751021187
8.39,12.09,0.1398333333333333,15.190833333333332,101.4351,66.08916666666667,28357.687723480336,b1,81.28,81.28,28512.955342929432
8.39,12.08,0.1398333333333333,15.330666666666666,101.3512,65.94933333333333,28297.68772348033,b1,81.28,81.28,28389.651060367407
8.39,12.08,0.1398333333333333,15.4705,101.3512,65.8095,28237.687723480332,b1,81.28,81.28,28322.559137204487
8.39,12.08,0.1398333333333333,15.610333333333331,101.3512,65.66966666666667,28177.687723480332,b1,81.28,81.28,28283.559137204487
8.39,12.08,0.1398333333333333,15.750166666666669,101.3512,65.52983333333333,28117.687723480332,b1,81.28,81.28,28217.755129854002
8.39,12.08,0.1398333333333333,15.89,101.3512,65.39,28057.687723480332,b1,81.28,81.28,28156.27068893532
9.18,12.06,0.153,16.043,110.7108,65.237,25583.13725490196,b1,81.28,81.28,25738.019680935977
9.17,12.06,0.1528333333333333,16.195833333333333,110.5902,65.08416666666668,25551.035986913852,b1,81.28,81.28,25693.89606419902
9.15,12.06,0.1525,16.348333333333333,110.349,64.93166666666667,25546.88524590164,b1,81.28,81.28,25677.68624706227
9.15,12.06,0.1525,16.500833333333333,110.349,64.77916666666667,25486.88524590164,b1,81.28,81.28,25619.954441329737
9.16,12.06,0.1526666666666666,16.653499999999998,110.4696,64.62650000000001,25399.061135371183,b1,81.28,81.28,25522.666829139635
11.99,11.99,0.1998333333333333,16.85333333333333,143.7601,64.42666666666668,19344.120100083404,b1,81.28,81.28,19270.433131029742
11.99,11.99,0.1998333333333333,17.053166666666666,143.7601,64.22683333333333,19284.120100083404,b1,81.28,81.28,19195.077253118263
17.82,11.89,0.297,17.350166666666667,211.8798,63.929833333333335,12915.117845117844,b1,81.28,81.28,12889.230663370286
17.82,11.88,0.297,17.647166666666667,211.7016,63.63283333333334,12855.117845117846,b1,81.28,81.28,12772.241916408879
17.82,11.87,0.297,17.944166666666668,211.5234,63.33583333333333,12795.117845117846,b1,81.28,81.28,12704.40783519305
17.82,11.87,0.297,18.24116666666667,211.5234,63.03883333333333,12735.117845117844,b1,81.28,81.28,12677.248877697904
17.82,11.88,0.297,18.53816666666667,211.7016,62.74183333333333,12675.117845117846,b1,81.28,81.28,12723.244574341039
20.12,11.8,0.3353333333333333,18.873500000000003,237.41600000000005,62.406499999999994,11166.172962226638,b1,81.28,81.28,11149.561915256712
20.12,11.8,0.3353333333333333,19.208833333333335,237.41600000000005,62.07116666666666,11106.17296222664,b1,81.28,81.28,11127.58577671456
20.12,11.79,0.3353333333333333,19.544166666666673,237.2148,61.73583333333333,11046.17296222664,b1,81.28,81.28,11116.82889680011
18.49,11.82,0.3081666666666666,19.852333333333338,218.5518,61.42766666666667,11959.95673336939,b1,81.28,81.28,11922.80138044016
18.49,11.81,0.3081666666666666,20.160500000000003,218.3669,61.1195,11899.95673336939,b1,81.28,81.28,11861.446478570286
18.49,11.8,0.3081666666666666,20.468666666666667,218.182,60.81133333333334,11839.95673336939,b1,81.28,81.28,11778.304681870653
18.49,11.8,0.3081666666666666,20.776833333333332,218.182,60.50316666666667,11779.95673336939,b1,81.28,81.28,11758.104681870653
18.49,11.79,0.3081666666666666,21.084999999999997,217.99709999999996,60.19500000000001,11719.956733369392,b1,81.28,81.28,11713.794756188949
18.49,11.79,0.3081666666666666,21.393166666666666,217.99709999999996,59.88683333333334,11659.956733369392,b1,81.28,81.28,11701.090437324094
5.61,12.07,0.0935,21.48666666666666,67.71270000000001,59.79333333333334,38370.05347593583,b1,81.28,81.28,38063.73032696463
5.61,12.08,0.0935,21.58016666666666,67.7688,59.699833333333345,38310.053475935834,b1,81.28,81.28,38099.254880314846
5.61,12.08,0.0935,21.67366666666666,67.7688,59.60633333333334,38250.05347593583,b1,81.28,81.28,38080.05488031485
5.61,12.08,0.0935,21.767166666666657,67.7688,59.51283333333335,38190.053475935834,b1,81.28,81.28,38060.85488031485
20.08,11.77,0.3346666666666666,22.101833333333325,236.34159999999997,59.17816666666668,10609.631474103588,b1,81.28,81.28,10650.387726640025
20.08,11.76,0.3346666666666666,22.43649999999999,236.1408,58.843500000000006,10549.631474103588,b1,81.28,81.28,10560.764694525647
20.08,11.75,0.3346666666666666,22.77116666666666,235.93999999999997,58.50883333333334,10489.63147410359,b1,81.28,81.28,10482.626890504886
20.08,11.74,0.3346666666666666,23.10583333333333,235.7392,58.17416666666668,10429.63147410359,b1,81.28,81.28,10451.653262585507
20.08,11.73,0.3346666666666666,23.440499999999993,235.5384,57.83950000000001,10369.63147410359,b1,81.28,81.28,10396.792316026642
7.08,11.99,0.118,23.55849999999999,84.8892,57.721500000000006,29349.91525423729,b1,81.28,81.28,28967.790080321654
7.09,12.01,0.1181666666666666,23.67666666666666,85.1509,57.60333333333334,29248.519040902684,b1,81.28,81.28,28988.50788758399
7.13,12.01,0.1188333333333333,23.795499999999993,85.6313,57.48450000000001,29024.431977559612,b1,81.28,81.28,28815.014732866723
7.1,12.01,0.1183333333333333,23.91383333333333,85.271,57.36616666666667,29087.070422535213,b1,81.28,81.28,28883.080182188154
7.1,12.01,0.1183333333333333,24.032166666666654,85.271,57.24783333333335,29027.07042253522,b1,81.28,81.28,28857.604740760245
9.57,11.95,0.1595,24.19166666666666,114.3615,57.08833333333334,21475.235109717873,b1,81.28,81.28,21296.147323955545
9.56,11.95,0.1593333333333333,24.350999999999992,114.242,56.92900000000001,21437.69874476988,b1,81.28,81.28,21295.8255660647
9.57,11.95,0.1595,24.510499999999993,114.3615,56.76950000000001,21355.297805642636,b1,81.28,81.28,21257.341444132635
9.58,11.95,0.1596666666666666,24.67016666666666,114.481,56.60983333333334,21273.00626304802,b1,81.28,81.28,21167.0687850327
9.58,11.94,0.1596666666666666,24.82983333333333,114.3852,56.450166666666675,21213.00626304802,b1,81.28,81.28,21100.684472716475
9.58,11.94,0.1596666666666666,24.989499999999992,114.3852,56.29050000000001,21153.006263048017,b1,81.28,81.28,21032.791121672304
11.33,11.91,0.1888333333333333,25.178333333333327,134.9403,56.101666666666674,17825.772285966465,b1,81.28,81.28,17753.955246116002
11.29,11.9,0.1881666666666666,25.366499999999995,134.351,55.913500000000006,17828.928255093007,b1,81.28,81.28,17688.72498122763
11.91,11.89,0.1985,25.56499999999999,141.6099,55.715,16840.80604534005,b1,81.28,81.28,17105.54514163971
11.91,11.89,0.1985,25.763499999999993,141.6099,55.51650000000001,16780.80604534005,b1,81.28,81.28,16942.321492132774
13.0,11.88,0.2166666666666666,25.98016666666666,154.44,55.29983333333334,15313.8,b1,81.28,81.28,15526.6870760148
13.0,11.87,0.2166666666666666,26.196833333333323,154.31,55.08316666666668,15253.800000000005,b1,81.28,81.28,15354.531395805569
17.42,11.77,0.2903333333333334,26.487166666666656,205.0334,54.79283333333335,11323.432835820897,b1,81.28,81.28,11234.142410976625
17.41,11.75,0.2901666666666667,26.777333333333324,204.5675,54.50266666666668,11269.936817920738,b1,81.28,81.28,11262.466727728224
17.38,11.75,0.2896666666666666,27.06699999999999,204.21499999999995,54.21300000000001,11229.39010356732,b1,81.28,81.28,11257.132021265494
17.34,11.74,0.289,27.35599999999999,203.5716,53.92400000000001,11195.29411764706,b1,81.28,81.28,11205.603221600531
17.35,11.73,0.2891666666666667,27.645166666666658,203.51550000000003,53.63483333333335,11128.84149855908,b1,81.28,81.28,11131.302542900386
17.31,11.73,0.2885,27.933666666666657,203.0463,53.34633333333335,11094.55805892548,b1,81.28,81.28,11092.293868577177
17.29,11.72,0.2881666666666666,28.22183333333332,202.6388,53.05816666666668,11047.391555812612,b1,81.28,81.28,10899.301311880356
17.29,11.71,0.2881666666666666,28.509999999999987,202.4659,52.77000000000001,10987.39155581261,b1,81.28,81.28,10896.729659286913
7.62,11.92,0.127,28.636999999999983,90.8304,52.643000000000015,24870.708661417328,b1,81.28,81.28,24194.610641497897
7.65,11.94,0.1275,28.764499999999988,91.341,52.51550000000002,24713.176470588245,b1,81.28,81.28,24668.387301479328
7.63,11.94,0.1271666666666666,28.891666666666655,91.1022,52.38833333333335,24717.955439056364,b1,81.28,81.28,24647.07887556644
7.63,11.94,0.1271666666666666,29.018833333333323,91.1022,52.26116666666668,24657.955439056364,b1,81.28,81.28,24612.62955863627
7.63,11.94,0.1271666666666666,29.14599999999999,91.1022,52.134000000000015,24597.955439056364,b1,81.28,81.28,24577.061418426052
7.63,11.94,0.1271666666666666,29.273166666666658,91.1022,52.00683333333335,24537.95543905636,b1,81.28,81.28,24562.376067696427
5.05,12.01,0.0841666666666666,29.35733333333333,60.650499999999994,51.92266666666667,37014.17821782178,b1,81.28,81.28,36609.40878919007
5.06,12.01,0.0843333333333333,29.44166666666666,60.770599999999995,51.83833333333334,36881.0276679842,b1,81.28,81.28,36498.54395684711
5.05,12.01,0.0841666666666666,29.525833333333328,60.650499999999994,51.75416666666668,36894.0594059406,b1,81.28,81.28,36562.16205651681
21.52,11.67,0.3586666666666666,29.884499999999996,251.1384,51.395500000000006,8597.760223048328,b1,81.28,81.28,8552.961081455209
21.48,11.64,0.358,30.242499999999996,250.0272,51.03750000000001,8553.770949720672,b1,81.28,81.28,8455.616573981717
21.52,11.61,0.3586666666666666,30.601166666666664,249.8472,50.67883333333334,8477.871747211897,b1,81.28,81.28,8401.559321820803
21.48,11.6,0.358,30.959166666666665,249.168,50.32083333333334,8433.659217877097,b1,81.28,81.28,8392.475946116776
6.86,11.93,0.1143333333333333,31.0735,81.8398,50.206500000000005,26347.434402332365,b1,81.28,81.28,26237.897654812074
6.85,11.94,0.1141666666666666,31.187666666666665,81.78899999999999,50.092333333333336,26325.897810218983,b1,81.28,81.28,26552.28051873589
6.87,11.94,0.1145,31.302166666666665,82.0278,49.977833333333336,26189.2576419214,b1,81.28,81.28,26520.18594140503
5.57,11.98,0.0928333333333333,31.395,66.7286,49.885000000000005,32241.651705565535,b1,81.28,81.28,31973.969354737532
5.58,11.98,0.093,31.488,66.8484,49.792,32123.870967741936,b1,81.28,81.28,32023.77417945767
5.57,11.98,0.0928333333333333,31.580833333333334,66.7286,49.69916666666667,32121.54398563734,b1,81.28,81.28,32041.33487553862
5.58,11.98,0.093,31.673833333333334,66.8484,49.60616666666667,32003.978494623658,b1,81.28,81.28,31979.12694870923
8.76,11.9,0.146,31.819833333333335,104.244,49.460166666666666,20326.09589041096,b1,81.28,81.28,20526.25014063789
8.75,11.89,0.1458333333333333,31.965666666666667,104.0375,49.31433333333334,20289.325714285715,b1,81.28,81.28,20439.19543092426
8.75,11.89,0.1458333333333333,32.1115,104.0375,49.1685,20229.325714285715,b1,81.28,81.28,20423.44950663528
1.33,1.5,0.0221666666666666,32.13366666666666,1.995,49.14633333333334,133027.66917293234,b1,81.28,81.28,137918.01785552662
1.34,1.5,0.0223333333333333,32.156,2.01,49.124,131974.92537313432,b1,81.28,81.28,135266.83983857138
1.32,1.5,0.022,32.178,1.98,49.102,133914.54545454547,b1,81.28,81.28,135093.47373670957
9.64,11.97,0.1606666666666666,32.33866666666666,115.3908,48.94133333333334,18276.846473029047,b1,81.28,81.28,19872.55635363173
9.89,11.92,0.1648333333333333,32.503499999999995,117.8888,48.776500000000006,17754.8432760364,b1,81.28,81.28,17896.613292896956
9.87,11.91,0.1644999999999999,32.66799999999999,117.5517,48.61200000000001,17730.820668693013,b1,81.28,81.28,17784.51679367389
9.87,11.9,0.1644999999999999,32.83249999999999,117.453,48.44750000000001,17670.820668693017,b1,81.28,81.28,17709.112670206952
9.87,11.9,0.1644999999999999,32.996999999999986,117.453,48.283000000000015,17610.820668693013,b1,81.28,81.28,17692.793028221466
9.88,11.9,0.1646666666666666,33.161666666666655,117.57200000000002,48.11833333333335,17532.995951417008,b1,81.28,81.28,17641.881215957557
9.87,11.9,0.1644999999999999,33.32616666666665,117.453,47.95383333333335,17490.75987841946,b1,81.28,81.28,17745.259901408182
17.5,11.72,0.2916666666666667,33.617833333333316,205.1,47.662166666666685,9804.788571428577,b1,81.28,81.28,9897.909324115793
17.5,11.71,0.2916666666666667,33.90949999999998,204.925,47.37050000000002,9744.788571428577,b1,81.28,81.28,9836.41542428474
21.69,11.62,0.3615,34.27099999999998,252.0378,47.00900000000002,7802.323651452285,b1,81.28,81.28,7850.424543551447
21.66,11.6,0.361,34.63199999999998,251.256,46.648000000000025,7753.13019390582,b1,81.28,81.28,7873.289814732643
21.62,11.58,0.3603333333333333,34.99233333333331,250.3596,46.28766666666669,7707.474560592047,b1,81.28,81.28,7670.417962170119
21.6,11.56,0.36,35.35233333333331,249.69600000000003,45.92766666666669,7654.611111111113,b1,81.28,81.28,7612.77200414529
21.56,11.54,0.3593333333333333,35.711666666666645,248.8024,45.56833333333336,7608.812615955478,b1,81.28,81.28,7615.070824923376
21.6,11.57,0.36,36.07166666666664,249.91200000000003,45.20833333333336,7534.722222222225,b1,81.28,81.28,7546.360490044592
21.56,11.55,0.3593333333333333,36.430999999999976,249.018,44.849000000000025,7488.701298701303,b1,81.28,81.28,7534.616609233678
4.58,11.95,0.0763333333333333,36.50733333333331,54.730999999999995,44.772666666666694,35192.48908296945,b1,81.28,81.28,34866.33425655575
4.57,11.96,0.0761666666666666,36.58349999999997,54.65720000000001,44.69650000000003,35209.49671772431,b1,81.28,81.28,34876.02583161465
4.59,11.96,0.0765,36.659999999999975,54.8964,44.620000000000026,34996.07843137257,b1,81.28,81.28,34802.67008267171
4.6,11.96,0.0766666666666666,36.73666666666664,55.016,44.54333333333336,34860.00000000002,b1,81.28,81.28,34863.28724058868
4.58,12.01,0.0763333333333333,36.812999999999974,55.0058,44.46700000000003,34952.22707423583,b1,81.28,81.28,34938.25891393989
4.57,12.02,0.0761666666666666,36.88916666666664,54.9314,44.39083333333336,34968.70897155363,b1,81.28,81.28,34946.603335232816
4.59,12.03,0.0765,36.96566666666664,55.217699999999994,44.31433333333336,34756.339869281066,b1,81.28,81.28,34807.10180276205
4.6,12.03,0.0766666666666666,37.04233333333331,55.337999999999994,44.23766666666669,34620.78260869568,b1,81.28,81.28,34783.93662454167
2.86,11.65,0.0476666666666666,37.089999999999975,33.319,44.190000000000026,55623.77622377626,b1,81.28,81.28,51021.331455335676
2.89,11.62,0.0481666666666666,37.13816666666664,33.5818,44.14183333333336,54986.36678200695,b1,81.28,81.28,50264.4349897233
2.9,11.92,0.0483333333333333,37.186499999999974,34.568,44.09350000000003,54736.75862068969,b1,81.28,81.28,49546.90428165203
17.34,11.92,0.289,37.475499999999975,206.6928,43.804500000000026,9094.359861591702,b1,81.28,81.28,10484.317475552083
4.47,11.92,0.0745,37.549999999999976,53.2824,43.730000000000025,35218.791946308746,b1,81.28,81.28,35272.21635798389
5.57,11.92,0.0928333333333333,37.64283333333331,66.3944,43.637166666666694,28203.55475763018,b1,81.28,81.28,29015.29286921347
5.57,11.92,0.0928333333333333,37.73566666666664,66.3944,43.54433333333336,28143.554757630176,b1,81.28,81.28,28617.694035752447
5.59,11.92,0.0931666666666666,37.82883333333331,66.6328,43.451166666666694,27982.86225402506,b1,81.28,81.28,28410.9581675384
5.59,11.83,0.0931666666666666,37.921999999999976,66.1297,43.358000000000025,27922.862254025065,b1,81.28,81.28,27795.92679814032
5.6,11.83,0.0933333333333333,38.01533333333331,66.24799999999999,43.26466666666669,27813.000000000015,b1,81.28,81.28,27752.084634092895
5.58,11.82,0.093,38.10833333333331,65.9556,43.17166666666669,27852.688172043025,b1,81.28,81.28,27764.03244316395
5.58,11.82,0.093,38.20133333333332,65.9556,43.078666666666685,27792.688172043025,b1,81.28,81.28,27751.2906732984
5.58,11.81,0.093,38.29433333333332,65.8998,42.98566666666668,27732.68817204302,b1,81.28,81.28,27722.087555018832
8.91,11.63,0.1485,38.44283333333332,103.6233,42.83716666666668,17307.946127946132,b1,81.28,81.28,16069.830827104486
8.93,11.61,0.1488333333333333,38.591666666666654,103.6773,42.68833333333335,17209.18253079508,b1,81.28,81.28,16976.62957613033
15.63,11.6,0.2605,38.852166666666655,181.308,42.427833333333346,9772.24568138196,b1,81.28,81.28,9690.973905451807
16.02,11.61,0.267,39.11916666666666,185.9922,42.16083333333334,9474.344569288392,b1,81.28,81.28,9606.028134116244
16.04,11.6,0.2673333333333333,39.38649999999999,186.064,41.89350000000001,9402.531172069828,b1,81.28,81.28,9494.08375141984
20.68,11.46,0.3446666666666667,39.73116666666666,236.9928,41.54883333333334,7232.8723404255325,b1,81.28,81.28,7241.409292034867
20.65,11.44,0.3441666666666666,40.075333333333326,236.23599999999996,41.204666666666675,7183.380145278452,b1,81.28,81.28,7187.502932872401
20.64,11.43,0.344,40.41933333333333,235.9152,40.860666666666674,7126.86046511628,b1,81.28,81.28,7156.50849113494
20.62,11.42,0.3436666666666667,40.76299999999999,235.4804,40.51700000000001,7073.77303588749,b1,81.28,81.28,7118.2600710841825
20.59,11.41,0.3431666666666667,41.10616666666666,234.9319,40.17383333333334,7024.079650315688,b1,81.28,81.28,7105.548449410076
20.59,11.4,0.3431666666666667,41.44933333333333,234.726,39.83066666666667,6964.079650315688,b1,81.28,81.28,7046.383777828099
4.13,11.86,0.0688333333333333,41.51816666666666,48.9818,39.76183333333334,34659.22518159807,b1,81.28,81.28,33948.69589659769
4.13,11.86,0.0688333333333333,41.58699999999999,48.9818,39.69300000000001,34599.22518159808,b1,81.28,81.28,33928.09589659769
4.13,11.87,0.0688333333333333,41.65583333333332,49.02309999999999,39.62416666666668,34539.22518159808,b1,81.28,81.28,33974.514190085356
4.13,11.87,0.0688333333333333,41.72466666666665,49.02309999999999,39.55533333333335,34479.22518159808,b1,81.28,81.28,33958.514190085356
15.65,11.54,0.2608333333333333,41.98549999999998,180.601,39.29450000000002,9038.990415335467,b1,81.28,81.28,9001.836276309346
15.63,11.52,0.2605,42.24599999999998,180.0576,39.03400000000002,8990.556621881004,b1,81.28,81.28,9005.413723707086
15.64,11.51,0.2606666666666666,42.506666666666646,180.0164,38.773333333333355,8924.808184143229,b1,81.28,81.28,8947.477210258852
15.61,11.5,0.2601666666666666,42.76683333333331,179.515,38.51316666666669,8881.9602818706,b1,81.28,81.28,8913.898252178387
15.62,11.5,0.2603333333333333,43.027166666666645,179.63,38.25283333333336,8816.274007682463,b1,81.28,81.28,8897.84211172709
18.25,11.42,0.3041666666666666,43.33133333333331,208.415,37.94866666666669,7485.764383561647,b1,81.28,81.28,7455.464942279155
18.22,11.42,0.3036666666666666,43.63499999999998,208.0724,37.645000000000024,7438.090010976954,b1,81.28,81.28,7430.606610903293
18.21,11.41,0.3035,43.938499999999976,207.7761,37.341500000000025,7382.174629324552,b1,81.28,81.28,7386.17648956537
18.21,11.4,0.3035,44.241999999999976,207.594,37.038000000000025,7322.174629324552,b1,81.28,81.28,7350.482149935431
18.21,11.39,0.3035,44.545499999999976,207.41190000000003,36.734500000000025,7262.174629324552,b1,81.28,81.28,7295.555232633786
17.6,11.4,0.2933333333333333,44.83883333333331,200.64,36.44116666666669,7453.875000000004,b1,81.28,81.28,7437.96850741012
17.61,11.39,0.2935,45.132333333333314,200.5779,36.14766666666669,7389.642248722322,b1,81.28,81.28,7391.848767591856
17.59,11.37,0.2931666666666667,45.42549999999998,199.99829999999997,35.85450000000002,7338.044343376923,b1,81.28,81.28,7294.895230672197
17.58,11.36,0.293,45.71849999999998,199.70879999999997,35.561500000000024,7282.218430034135,b1,81.28,81.28,7279.502413228682
17.57,11.35,0.2928333333333333,46.01133333333331,199.4195,35.26866666666669,7226.363118952765,b1,81.28,81.28,7166.298486166372
17.55,11.35,0.2925,46.30383333333331,199.1925,34.97616666666669,7174.5982905982955,b1,81.28,81.28,7116.28059874401
17.55,11.35,0.2925,46.596333333333305,199.1925,34.683666666666696,7114.5982905982955,b1,81.28,81.28,7075.832402364096
4.74,11.74,0.079,46.675333333333306,55.6476,34.604666666666695,26282.02531645572,b1,81.28,81.28,25870.725365182796
4.73,11.75,0.0788333333333333,46.75416666666664,55.57750000000001,34.52583333333336,26277.58985200847,b1,81.28,81.28,26463.521139628694
4.74,11.76,0.079,46.83316666666664,55.7424,34.44683333333336,26162.151898734195,b1,81.28,81.28,26205.054494313845
4.73,11.75,0.0788333333333333,46.91199999999998,55.57750000000001,34.36800000000002,26157.463002114186,b1,81.28,81.28,26208.179523045725
6.34,11.71,0.1056666666666666,47.01766666666664,74.2414,34.26233333333336,19454.95268138803,b1,81.28,81.28,19686.989408304744
6.35,11.7,0.1058333333333333,47.12349999999998,74.29499999999999,34.15650000000002,19364.314960629938,b1,81.28,81.28,19362.467083062325
6.36,11.7,0.106,47.22949999999998,74.412,34.05050000000002,19273.867924528313,b1,81.28,81.28,19266.028674807516
6.33,11.7,0.1055,47.33499999999998,74.06099999999999,33.94500000000002,19305.21327014219,b1,81.28,81.28,19310.659984561393
6.36,11.7,0.106,47.44099999999998,74.412,33.83900000000002,19154.150943396235,b1,81.28,81.28,19196.756391752595
6.34,11.7,0.1056666666666666,47.546666666666646,74.178,33.733333333333356,19154.57413249213,b1,81.28,81.28,19094.030857087695
18.86,11.34,0.3143333333333333,47.860999999999976,213.8724,33.419000000000025,6379.024390243908,b1,81.28,81.28,6485.533507445783
18.82,11.31,0.3136666666666666,48.174666666666646,212.8542,33.105333333333355,6332.582359192353,b1,81.28,81.28,6316.118604376371
18.81,11.28,0.3135,48.48816666666664,212.1768,32.79183333333336,6275.94896331739,b1,81.28,81.28,6226.019406237448
18.8,11.27,0.3133333333333333,48.801499999999976,211.876,32.478500000000025,6219.287234042558,b1,81.28,81.28,6184.480103315302
18.76,11.28,0.3126666666666667,49.11416666666664,211.6128,32.16583333333336,6172.547974413651,b1,81.28,81.28,6158.356999868171
18.74,11.26,0.3123333333333333,49.426499999999976,211.0124,31.853500000000025,6119.135538954114,b1,81.28,81.28,6135.6278456697155
10.5,11.5,0.175,49.60149999999997,120.75,31.678500000000028,10861.20000000001,b1,81.28,81.28,10550.432495540927
10.5,11.49,0.175,49.77649999999997,120.645,31.50350000000003,10801.20000000001,b1,81.28,81.28,10585.717728109132
10.46,11.49,0.1743333333333333,49.95083333333331,120.18540000000002,31.329166666666698,10782.504780114732,b1,81.28,81.28,10580.595183805493
10.44,11.49,0.174,50.12483333333331,119.9556,31.155166666666695,10743.160919540242,b1,81.28,81.28,10563.950300675018
10.45,11.49,0.1741666666666666,50.29899999999997,120.0705,30.98100000000003,10672.88038277513,b1,81.28,81.28,10545.156503825103
10.46,11.48,0.1743333333333333,50.47333333333331,120.0808,30.806666666666693,10602.676864244751,b1,81.28,81.28,10550.118406545067
15.58,11.32,0.2596666666666666,50.732999999999976,176.3656,30.547000000000025,7058.35686777921,b1,81.28,81.28,6901.977015079155
15.58,11.31,0.2596666666666666,50.99266666666664,176.2098,30.28733333333336,6998.356867779209,b1,81.28,81.28,6880.690227516192
15.55,11.3,0.2591666666666666,51.25183333333331,175.71500000000003,30.028166666666692,6951.858520900328,b1,81.28,81.28,6850.75544625567
15.54,11.3,0.259,51.51083333333331,175.602,29.769166666666692,6896.332046332052,b1,81.28,81.28,6826.803141705807
15.54,11.28,0.259,51.76983333333331,175.29119999999998,29.51016666666669,6836.332046332052,b1,81.28,81.28,6756.213966335425
11.17,11.42,0.1861666666666666,51.955999999999975,127.5614,29.324000000000023,9450.88630259625,b1,81.28,81.28,9436.082530199024
11.18,11.41,0.1863333333333333,52.142333333333305,127.5638,29.137666666666696,9382.432915921298,b1,81.28,81.28,9465.824893174682
11.17,11.41,0.1861666666666666,52.32849999999997,127.4497,28.95150000000003,9330.832587287388,b1,81.28,81.28,9461.384553192069
11.17,11.4,0.1861666666666666,52.514666666666635,127.338,28.765333333333366,9270.832587287388,b1,81.28,81.28,9278.434211396803
22.0,11.1,0.3666666666666666,52.8813333333333,244.2,28.3986666666667,4647.054545454551,b1,81.28,81.28,4757.431514399176
22.0,11.08,0.3666666666666666,53.24799999999997,243.76,28.032000000000032,4587.054545454551,b1,81.28,81.28,4655.795630314477
22.0,11.06,0.3666666666666666,53.61466666666664,243.32,27.665333333333365,4527.054545454551,b1,81.28,81.28,4622.253666480757
5.06,11.58,0.0843333333333333,53.69899999999997,58.5948,27.58100000000003,19622.845849802394,b1,81.28,81.28,19445.425785069816
5.06,11.59,0.0843333333333333,53.7833333333333,58.645399999999995,27.496666666666695,19562.845849802397,b1,81.28,81.28,19430.279636435855
5.06,11.6,0.0843333333333333,53.86766666666664,58.69599999999999,27.412333333333365,19502.845849802394,b1,81.28,81.28,19615.83367505391
5.05,11.6,0.0841666666666666,53.951833333333305,58.58,27.328166666666696,19481.465346534675,b1,81.28,81.28,19579.38685664868
5.07,11.6,0.0845,54.0363333333333,58.812000000000005,27.243666666666694,19344.615384615405,b1,81.28,81.28,19339.060356872167
5.07,11.61,0.0845,54.1208333333333,58.8627,27.1591666666667,19284.615384615405,b1,81.28,81.28,19244.435682829
9.74,11.43,0.1623333333333333,54.28316666666664,111.3282,26.996833333333363,9978.295687885022,b1,81.28,81.28,10032.385937531895
9.74,11.43,0.1623333333333333,54.445499999999974,111.3282,26.834500000000027,9918.29568788502,b1,81.28,81.28,9999.309204844407
6.49,11.55,0.1081666666666666,54.55366666666664,74.9595,26.72633333333336,14825.084745762726,b1,81.28,81.28,14825.01660582801
6.49,11.55,0.1081666666666666,54.66183333333331,74.9595,26.61816666666669,14765.084745762724,b1,81.28,81.28,14770.937916942792
8.92,11.46,0.1486666666666666,54.810499999999976,102.2232,26.469500000000025,10682.75784753364,b1,81.28,81.28,10464.492903991808
8.91,11.45,0.1485,54.958999999999975,102.0195,26.321000000000023,10634.747474747484,b1,81.28,81.28,10422.423662001032
8.91,11.45,0.1485,55.10749999999997,102.0195,26.172500000000028,10574.747474747486,b1,81.28,81.28,10415.917396919142
8.91,11.45,0.1485,55.25599999999997,102.0195,26.02400000000003,10514.747474747486,b1,81.28,81.28,10379.965531309706
9.15,11.45,0.1525,55.408499999999975,104.7675,25.871500000000022,10178.950819672142,b1,81.28,81.28,10098.2988246916
9.15,11.44,0.1525,55.56099999999998,104.676,25.719000000000023,10118.95081967214,b1,81.28,81.28,9911.09893767208
11.82,11.43,0.197,55.75799999999998,135.1026,25.52200000000002,7773.197969543153,b1,81.28,81.28,8009.252635797903
11.81,11.43,0.1968333333333333,55.95483333333331,134.9883,25.32516666666669,7719.779847586798,b1,81.28,81.28,7970.2010357182335
13.46,11.32,0.2243333333333333,56.179166666666646,152.36720000000005,25.100833333333355,6713.447251114418,b1,81.28,81.28,6752.2408355834805
13.45,11.31,0.2241666666666666,56.403333333333315,152.1195,24.876666666666686,6658.438661710043,b1,81.28,81.28,6728.852501450257
17.19,11.31,0.2865,56.68983333333331,194.41890000000004,24.59016666666669,5149.773123909254,b1,81.28,81.28,5777.4399734902245
18.69,11.25,0.3115,57.001333333333314,210.2625,24.278666666666687,4676.46869983949,b1,81.28,81.28,5104.178239804066
18.64,11.23,0.3106666666666667,57.31199999999998,209.3272,23.968000000000018,4629.012875536484,b1,81.28,81.28,4870.234531494532
18.6,11.21,0.31,57.621999999999986,208.50600000000003,23.658000000000015,4578.967741935487,b1,81.28,81.28,4841.849882921004
18.0,11.19,0.3,57.92199999999998,201.42,23.35800000000002,4671.600000000003,b1,81.28,81.28,4948.322699396095
5.94,11.48,0.099,58.02099999999998,68.19120000000001,23.25900000000002,14096.363636363649,b1,81.28,81.28,14085.379232967896
5.92,11.48,0.0986666666666666,58.119666666666646,67.9616,23.160333333333355,14083.9864864865,b1,81.28,81.28,14037.2804679868
5.93,11.48,0.0988333333333333,58.21849999999998,68.07639999999999,23.061500000000024,14000.236087689727,b1,81.28,81.28,14046.998703957026
5.92,11.48,0.0986666666666666,58.31716666666664,67.9616,22.962833333333357,13963.88513513515,b1,81.28,81.28,13992.844904126972
5.92,11.48,0.0986666666666666,58.41583333333331,67.9616,22.86416666666669,13903.88513513515,b1,81.28,81.28,13974.05307716174
5.91,11.48,0.0985,58.51433333333331,67.8468,22.76566666666669,13867.411167512704,b1,81.28,81.28,13887.562649460508
5.11,11.53,0.0851666666666666,58.59949999999998,58.9183,22.680500000000023,15978.434442270076,b1,81.28,81.28,15519.7138807721
5.1,11.52,0.0849999999999999,58.68449999999998,58.751999999999995,22.595500000000023,15949.76470588237,b1,81.28,81.28,15566.06085309996
19.42,10.91,0.3236666666666667,59.00816666666665,211.8722,22.271833333333355,4128.661174047377,b1,81.28,81.28,4182.508690485922
21.38,10.79,0.3563333333333333,59.36449999999998,230.6902,21.915500000000023,3690.168381665111,b1,81.28,81.28,3825.105759749357
21.32,10.76,0.3553333333333333,59.71983333333331,229.4032,21.56016666666669,3640.553470919328,b1,81.28,81.28,3843.53619835942
7.81,11.32,0.1301666666666666,59.84999999999998,88.4092,21.43000000000002,9878.10499359796,b1,81.28,81.28,9501.956871664412
7.8,11.32,0.13,59.97999999999998,88.296,21.30000000000002,9830.76923076924,b1,81.28,81.28,9508.358514207284
7.8,11.32,0.13,60.109999999999985,88.296,21.170000000000016,9770.769230769238,b1,81.28,81.28,9494.779729881171
7.82,11.31,0.1303333333333333,60.24033333333332,88.44420000000001,21.039666666666683,9685.780051150903,b1,81.28,81.28,9409.379304105478
7.82,11.31,0.1303333333333333,60.37066666666665,88.44420000000001,20.90933333333335,9625.780051150903,b1,81.28,81.28,9402.607034455106
9.62,11.22,0.1603333333333333,60.530999999999985,107.9364,20.749000000000017,7764.698544698551,b1,81.28,81.28,7579.51387632006
9.86,11.21,0.1643333333333333,60.69533333333331,110.5306,20.584666666666685,7515.699797160251,b1,81.28,81.28,7436.948532820819
9.85,11.19,0.1641666666666666,60.85949999999998,110.2215,20.42050000000002,7463.329949238585,b1,81.28,81.28,7348.523644593224
9.87,11.18,0.1644999999999999,61.02399999999998,110.3466,20.25600000000002,7388.2066869301,b1,81.28,81.28,7326.353536907926
9.84,11.18,0.164,61.18799999999998,110.0112,20.09200000000002,7350.731707317081,b1,81.28,81.28,7286.923664448314
9.84,11.17,0.164,61.35199999999998,109.9128,19.92800000000002,7290.73170731708,b1,81.28,81.28,7282.46649066652
1.47,11.0,0.0245,61.376499999999986,16.169999999999998,19.903500000000015,48743.265306122485,b1,81.28,81.28,48172.53236547949
1.47,11.135,0.0245,61.40099999999999,16.36845,19.879000000000012,48683.26530612248,b1,81.28,81.28,48268.276264339795
1.47,11.135,0.0245,61.42549999999999,16.36845,19.85450000000001,48623.26530612247,b1,81.28,81.28,48243.686027163836
1.48,11.135,0.0246666666666666,61.45016666666666,16.4798,19.82983333333334,48234.72972972975,b1,81.28,81.28,48055.37565538945
11.69,11.1,0.1948333333333333,61.645,129.759,19.635000000000005,6046.706586826349,b1,81.28,81.28,5894.023612701316
11.71,11.09,0.1951666666666666,61.84016666666666,129.8639,19.43983333333334,5976.379163108456,b1,81.28,81.28,5789.208236689643
11.68,11.07,0.1946666666666666,62.03483333333333,129.2976,19.24516666666667,5931.729452054795,b1,81.28,81.28,5732.9534466862115
11.67,11.01,0.1945,62.22933333333333,128.48669999999998,19.05066666666667,5876.812339331622,b1,81.28,81.28,5665.796996675215
12.55,10.99,0.2091666666666666,62.4385,137.92450000000002,18.841500000000003,5404.733067729084,b1,81.28,81.28,5505.0743139277365
16.96,10.76,0.2826666666666667,62.72116666666666,182.4896,18.55883333333334,3939.375000000001,b1,81.28,81.28,4227.650240238535
16.91,10.73,0.2818333333333333,63.00299999999999,181.4443,18.277000000000008,3891.0230632761695,b1,81.28,81.28,4309.271659777427
7.73,11.17,0.1288333333333333,63.131833333333326,86.3441,18.148166666666675,8451.927554980599,b1,81.28,81.28,8204.705230803906
7.73,11.17,0.1288333333333333,63.26066666666666,86.3441,18.019333333333343,8391.927554980599,b1,81.28,81.28,8197.014497402703
7.72,11.17,0.1286666666666666,63.389333333333326,86.2324,17.890666666666675,8342.797927461144,b1,81.28,81.28,8166.37714452472
7.72,11.17,0.1286666666666666,63.517999999999994,86.2324,17.762000000000008,8282.797927461144,b1,81.28,81.28,8158.511438701594
7.74,11.17,0.129,63.64699999999999,86.4558,17.63300000000001,8201.395348837214,b1,81.28,81.28,8150.441828098735
7.73,11.16,0.1288333333333333,63.77583333333333,86.2668,17.504166666666677,8152.005174644248,b1,81.28,81.28,8123.661082194143
4.85,11.31,0.0808333333333333,63.856666666666655,54.8535,17.423333333333346,12932.78350515465,b1,81.28,81.28,12280.109374764425
4.84,11.32,0.0806666666666666,63.93733333333332,54.7888,17.34266666666668,12899.504132231415,b1,81.28,81.28,12418.520804921773
6.97,11.23,0.1161666666666666,64.05349999999999,78.2731,17.226500000000016,8897.474892395992,b1,81.28,81.28,8667.70831056299
6.97,11.2,0.1161666666666666,64.16966666666666,78.064,17.110333333333344,8837.474892395989,b1,81.28,81.28,8568.640284313156
6.97,11.2,0.1161666666666666,64.28583333333333,78.064,16.994166666666672,8777.474892395987,b1,81.28,81.28,8564.988613141506
6.27,11.2,0.1045,64.39033333333333,70.22399999999999,16.88966666666667,9697.416267942586,b1,81.28,81.28,9146.192334069663
6.42,11.23,0.107,64.49733333333333,72.0966,16.78266666666667,9410.841121495328,b1,81.28,81.28,9162.937548327045
6.42,11.22,0.107,64.60433333333333,72.03240000000001,16.67566666666667,9350.84112149533,b1,81.28,81.28,9146.247926712485
6.42,11.22,0.107,64.71133333333333,72.03240000000001,16.568666666666672,9290.84112149533,b1,81.28,81.28,9130.740703004418
8.94,11.17,0.149,64.86033333333333,99.8598,16.41966666666667,6611.946308724834,b1,81.28,81.28,6792.549573558423
8.94,11.17,0.149,65.00933333333333,99.8598,16.27066666666667,6551.946308724834,b1,81.28,81.28,6738.592602030107
8.94,11.17,0.149,65.15833333333333,99.8598,16.12166666666667,6491.946308724834,b1,81.28,81.28,6710.484977961111
10.52,10.98,0.1753333333333333,65.33366666666666,115.5096,15.946333333333342,5456.920152091258,b1,81.28,81.28,5287.578932694531
10.5,10.96,0.175,65.50866666666666,115.08,15.771333333333343,5407.314285714289,b1,81.28,81.28,5205.211531211027
10.5,10.95,0.175,65.68366666666665,114.975,15.596333333333348,5347.314285714291,b1,81.28,81.28,5213.539125646832
10.49,10.94,0.1748333333333333,65.85849999999999,114.7606,15.421500000000009,5292.4118207817,b1,81.28,81.28,5182.682508871681
10.48,10.93,0.1746666666666666,66.03316666666666,114.5464,15.246833333333342,5237.461832061071,b1,81.28,81.28,5149.736331730484
7.71,11.08,0.1285,66.16166666666666,85.4268,15.11833333333334,7059.143968871598,b1,81.28,81.28,6893.891938724995
7.71,11.07,0.1285,66.29016666666666,85.3497,14.989833333333335,6999.143968871597,b1,81.28,81.28,6877.817314953183
7.7,11.07,0.1283333333333333,66.4185,85.239,14.861500000000008,6948.2337662337695,b1,81.28,81.28,6860.445493165005
7.7,11.06,0.1283333333333333,66.54683333333332,85.162,14.733166666666676,6888.233766233771,b1,81.28,81.28,6839.272176700241
7.9,11.05,0.1316666666666666,66.67849999999999,87.29500000000002,14.601500000000016,6653.84810126583,b1,81.28,81.28,6686.482030002799
7.9,11.04,0.1316666666666666,66.81016666666665,87.216,14.469833333333357,6593.848101265833,b1,81.28,81.28,6660.929422899738
4.85,11.22,0.0808333333333333,66.89099999999998,54.417,14.389000000000024,10680.494845360843,b1,81.28,81.28,10578.213101030658
4.86,11.23,0.081,66.97199999999998,54.5778,14.30800000000002,10598.518518518533,b1,81.28,81.28,10364.936315968374
4.86,11.23,0.081,67.05299999999998,54.5778,14.227000000000018,10538.518518518533,b1,81.28,81.28,10344.603771740298
6.76,11.11,0.1126666666666666,67.16566666666665,75.1036,14.114333333333349,7516.508875739653,b1,81.28,81.28,7438.824674725926
6.75,11.11,0.1125,67.27816666666665,74.99249999999999,14.001833333333352,7467.644444444454,b1,81.28,81.28,7490.827332464108
1.56,11.135,0.026,67.30416666666665,17.3706,13.975833333333355,32251.923076923125,b1,81.28,81.28,33633.66755127421
1.52,11.135,0.0253333333333333,67.32949999999998,16.9252,13.95050000000002,33040.65789473688,b1,81.28,81.28,33721.13418240352
1.52,11.135,0.0253333333333333,67.35483333333332,16.9252,13.925166666666684,32980.65789473688,b1,81.28,81.28,33729.08357511608
5.55,11.16,0.0925,67.44733333333332,61.937999999999995,13.832666666666682,8972.54054054055,b1,81.28,81.28,8720.422500011708
5.55,11.19,0.0925,67.53983333333332,62.104499999999994,13.74016666666668,8912.540540540549,b1,81.28,81.28,8763.290807221087
5.55,11.19,0.0925,67.63233333333332,62.104499999999994,13.64766666666668,8852.540540540549,b1,81.28,81.28,8754.475926451762
5.55,11.19,0.0925,67.72483333333332,62.104499999999994,13.55516666666668,8792.540540540549,b1,81.28,81.28,8735.830973950622
1.55,1.5,0.0258333333333333,67.75066666666666,2.325,13.52933333333334,31422.9677419355,b1,81.28,81.28,38333.087598251324
5.14,11.48,0.0856666666666666,67.83633333333333,59.0072,13.443666666666672,9415.797665369651,b1,81.28,81.28,10887.680303206338
8.89,10.99,0.1481666666666666,67.9845,97.7011,13.295500000000004,5384.004499437572,b1,81.28,81.28,5567.878535128118
8.89,10.98,0.1481666666666666,68.13266666666667,97.61220000000002,13.147333333333336,5324.004499437571,b1,81.28,81.28,5522.91680407372
9.97,10.9,0.1661666666666666,68.29883333333333,108.67300000000002,12.981166666666669,4687.28184553661,b1,81.28,81.28,4756.550097484991
1.55,10.6,0.0258333333333333,68.32466666666667,16.43,12.955333333333328,30089.80645161289,b1,81.28,81.28,29722.842918079357
21.27,10.25,0.3545,68.67916666666667,218.0175,12.600833333333329,2132.722143864597,b1,81.28,81.28,2741.3387183582304
1.56,10.68,0.026,68.70516666666667,16.660800000000002,12.57483333333333,29018.846153846145,b1,81.28,81.28,28756.96145405809
5.53,11.12,0.0921666666666666,68.79733333333334,61.4936,12.48266666666666,8126.148282097644,b1,81.28,81.28,8064.274752384463
5.52,11.12,0.092,68.88933333333334,61.38239999999999,12.39066666666666,8080.869565217388,b1,81.28,81.28,8069.517609600637
5.53,11.12,0.0921666666666666,68.98150000000001,61.4936,12.29849999999999,8006.256781193483,b1,81.28,81.28,8010.631510324126
5.52,11.12,0.092,69.07350000000001,61.38239999999999,12.206499999999991,7960.760869565212,b1,81.28,81.28,7910.337755238484
1.56,1.5,0.026,69.0995,2.34,12.180499999999997,28108.84615384614,b1,81.28,81.28,35746.396991547765
1.55,1.5,0.0258333333333333,69.12533333333334,2.325,12.154666666666657,28230.193548387073,b1,81.28,81.28,35948.758966561974
9.66,10.87,0.161,69.28633333333335,105.0042,11.993666666666655,4469.689440993785,b1,81.28,81.28,4453.133015993372
9.93,10.83,0.1655,69.45183333333334,107.5419,11.82816666666666,4288.1570996978835,b1,81.28,81.28,4296.5439310918155
9.92,10.82,0.1653333333333333,69.61716666666668,107.3344,11.662833333333325,4232.479838709674,b1,81.28,81.28,4252.891628327922
9.9,10.79,0.165,69.78216666666668,106.821,11.497833333333318,4181.030303030298,b1,81.28,81.28,4247.798385598257
1.56,10.6,0.026,69.80816666666668,16.536,11.471833333333322,26473.461538461514,b1,81.28,81.28,26520.48658846527
1.56,10.6,0.026,69.83416666666668,16.536,11.445833333333326,26413.461538461517,b1,81.28,81.28,26502.54722782591
1.54,10.6,0.0256666666666666,69.85983333333334,16.323999999999998,11.42016666666666,26696.49350649349,b1,81.28,81.28,26818.938348585427
1.56,10.6,0.026,69.88583333333334,16.536,11.394166666666663,26294.23076923076,b1,81.28,81.28,26432.398915493133
1.54,10.6,0.0256666666666666,69.9115,16.323999999999998,11.368499999999996,26575.71428571428,b1,81.28,81.28,26743.83696910465
1.55,10.6,0.0258333333333333,69.93733333333334,16.43,11.34266666666666,26344.258064516107,b1,81.28,81.28,26758.418431298353
16.88,10.44,0.2813333333333333,70.21866666666668,176.22719999999998,11.061333333333325,2359.0521327014194,b1,81.28,81.28,2646.3694270770875
16.8,10.38,0.28,70.49866666666668,174.384,10.781333333333322,2310.285714285712,b1,81.28,81.28,2562.7883064127186
16.74,10.33,0.2789999999999999,70.77766666666668,172.92419999999998,10.502333333333326,2258.5663082437263,b1,81.28,81.28,2472.345147789925
16.68,10.26,0.2779999999999999,71.05566666666668,171.1368,10.22433333333332,2206.690647482011,b1,81.28,81.28,2496.398394303509
1.66,1.5,0.0276666666666666,71.08333333333334,2.49,10.196666666666658,22113.253012048175,b1,81.28,81.28,22048.69427287336
4.78,11.03,0.0796666666666666,71.16300000000001,52.7234,10.11699999999999,7619.497907949783,b1,81.28,81.28,7804.035339615139
4.79,11.03,0.0798333333333333,71.24283333333335,52.8337,10.03716666666665,7543.590814196229,b1,81.28,81.28,7730.203678189974
4.79,11.03,0.0798333333333333,71.32266666666669,52.8337,9.95733333333331,7483.590814196224,b1,81.28,81.28,7707.126465377369
4.79,11.04,0.0798333333333333,71.40250000000003,52.8816,9.87749999999997,7423.590814196219,b1,81.28,81.28,7667.314370793987
4.79,11.04,0.0798333333333333,71.48233333333337,52.8816,9.797666666666627,7363.5908141962145,b1,81.28,81.28,7636.2802442282145
6.67,10.91,0.1111666666666666,71.59350000000003,72.7697,9.686499999999969,5228.095952023969,b1,81.28,81.28,5125.194395137991
6.67,10.89,0.1111666666666666,71.7046666666667,72.6363,9.575333333333305,5168.095952023972,b1,81.28,81.28,5086.180632733661
6.67,10.89,0.1111666666666666,71.81583333333336,72.6363,9.464166666666642,5108.095952023975,b1,81.28,81.28,5064.05446356395
6.67,10.88,0.1111666666666666,71.92700000000002,72.56960000000001,9.35299999999998,5048.095952023978,b1,81.28,81.28,4961.865835080017
6.66,10.87,0.111,72.03800000000003,72.3942,9.241999999999976,4995.675675675663,b1,81.28,81.28,4916.81801925259
7.44,10.81,0.124,72.16200000000002,80.4264,9.11799999999998,4411.935483870958,b1,81.28,81.28,4273.401887684824
7.43,10.79,0.1238333333333333,72.28583333333336,80.16969999999999,8.994166666666644,4357.873485868091,b1,81.28,81.28,4219.293760662806
7.43,10.78,0.1238333333333333,72.4096666666667,80.0954,8.870333333333306,4297.873485868089,b1,81.28,81.28,4165.245492613084
7.43,10.74,0.1238333333333333,72.53350000000003,79.7982,8.746499999999969,4237.873485868087,b1,81.28,81.28,4101.8591939951275
7.63,10.73,0.1271666666666666,72.6606666666667,81.8699,8.619333333333302,4066.788990825673,b1,81.28,81.28,3954.1840990033297
7.62,10.72,0.127,72.7876666666667,81.6864,8.492333333333306,4012.125984251956,b1,81.28,81.28,3929.72396237142
7.62,10.7,0.127,72.91466666666669,81.53399999999999,8.36533333333331,3952.125984251958,b1,81.28,81.28,3890.1266494525885
5.07,10.89,0.0845,72.9991666666667,55.212300000000006,8.280833333333305,5879.881656804713,b1,81.28,81.28,5620.081966503163
5.07,10.9,0.0845,73.0836666666667,55.263000000000005,8.1963333333333,5819.88165680471,b1,81.28,81.28,5637.452565460617
5.07,10.9,0.0845,73.1681666666667,55.263000000000005,8.111833333333294,5759.881656804706,b1,81.28,81.28,5624.652565460618
5.07,10.9,0.0845,73.25266666666671,55.263000000000005,8.027333333333289,5699.881656804701,b1,81.28,81.28,5589.274595000795
5.06,10.9,0.0843333333333333,73.33700000000005,55.154,7.942999999999955,5651.146245059257,b1,81.28,81.28,5548.147413798516
5.06,10.89,0.0843333333333333,73.42133333333338,55.1034,7.858666666666622,5591.146245059257,b1,81.28,81.28,5528.224347753846
6.82,10.74,0.1136666666666666,73.53500000000004,73.24680000000001,7.744999999999962,4088.2697947213874,b1,81.28,81.28,4141.767027583067
5.05,10.87,0.0841666666666666,73.6191666666667,54.8935,7.660833333333301,5461.188118811859,b1,81.28,81.28,5352.774289693751
5.06,10.87,0.0843333333333333,73.70350000000003,55.002199999999995,7.576499999999967,5390.395256916973,b1,81.28,81.28,5324.634903455942
5.05,10.87,0.0841666666666666,73.7876666666667,54.8935,7.492333333333306,5341.069306930674,b1,81.28,81.28,5279.524474167578
5.05,10.87,0.0841666666666666,73.87183333333336,54.8935,7.408166666666645,5281.069306930678,b1,81.28,81.28,5255.016373891192
5.05,10.87,0.0841666666666666,73.95600000000002,54.8935,7.323999999999984,5221.069306930682,b1,81.28,81.28,5332.605322271631
5.05,10.87,0.0841666666666666,74.04016666666668,54.8935,7.239833333333323,5161.069306930685,b1,81.28,81.28,5276.541609920973
1.65,10.78,0.0275,74.06766666666668,17.787,7.212333333333319,15735.99999999997,b1,81.28,81.28,15378.778822828905
1.65,10.78,0.0275,74.09516666666669,17.787,7.184833333333316,15675.999999999962,b1,81.28,81.28,15378.778822828905
1.6,10.78,0.0266666666666666,74.12183333333336,17.248,7.158166666666645,16105.87499999995,b1,81.28,81.28,15479.118009426575
1.6,10.78,0.0266666666666666,74.14850000000003,17.248,7.131499999999974,16045.874999999942,b1,81.28,81.28,15456.84967609324
7.61,10.7,0.1268333333333333,74.27533333333336,81.42699999999999,7.004666666666637,3313.639947437568,b1,81.28,81.28,3394.7087614856396
7.59,10.68,0.1265,74.40183333333336,81.0612,6.878166666666644,3262.3715415019656,b1,81.28,81.28,3219.0455727522626
6.01,10.78,0.1001666666666666,74.50200000000002,64.78779999999999,6.777999999999977,4060.033277870203,b1,81.28,81.28,3981.848092454131
5.99,10.78,0.0998333333333333,74.60183333333336,64.5722,6.678166666666641,4013.589315525861,b1,81.28,81.28,3970.314533853352
5.99,10.77,0.0998333333333333,74.7016666666667,64.5123,6.578333333333305,3953.589315525859,b1,81.28,81.28,3915.2801711739894
6.0,10.76,0.1,74.80166666666669,64.56,6.47833333333331,3886.999999999986,b1,81.28,81.28,3868.5052287090384
5.62,10.78,0.0936666666666666,74.89533333333335,60.5836,6.3846666666666465,4089.822064056926,b1,81.28,81.28,3954.8988128128417
5.63,10.77,0.0938333333333333,74.98916666666669,60.635099999999994,6.29083333333331,4022.55772646535,b1,81.28,81.28,4021.925673950684
5.62,10.76,0.0936666666666666,75.08283333333335,60.4712,6.1971666666666465,3969.71530249109,b1,81.28,81.28,3991.6282159679467
1.65,10.76,0.0275,75.11033333333336,17.753999999999998,6.169666666666643,13461.09090909086,b1,81.28,81.28,13550.21142459
1.64,10.76,0.0273333333333333,75.13766666666669,17.6464,6.142333333333312,13483.17073170727,b1,81.28,81.28,13260.294743778388
6.58,10.77,0.1096666666666666,75.24733333333336,70.86659999999999,6.032666666666643,3300.547112461993,b1,81.28,81.28,3497.966254019911
5.78,10.77,0.0963333333333333,75.34366666666669,62.2506,5.936333333333309,3697.3702422145175,b1,81.28,81.28,3802.092349167623
5.77,10.76,0.0961666666666666,75.43983333333335,62.08519999999999,5.840166666666647,3643.7781629116,b1,81.28,81.28,3755.0645517153494
1.65,10.76,0.0275,75.46733333333336,17.753999999999998,5.812666666666644,12682.181818181769,b1,81.28,81.28,12891.381590018424
1.64,10.76,0.0273333333333333,75.49466666666669,17.6464,5.785333333333313,12699.512195121906,b1,81.28,81.28,12695.411412919326
1.65,10.76,0.0275,75.52216666666669,17.753999999999998,5.757833333333309,12562.545454545403,b1,81.28,81.28,12884.989808791519
1.65,10.76,0.0275,75.5496666666667,17.753999999999998,5.730333333333306,12502.545454545396,b1,81.28,81.28,12826.818625900045
1.65,10.76,0.0275,75.5771666666667,17.753999999999998,5.702833333333302,12442.545454545389,b1,81.28,81.28,12809.818625900045
1.65,10.76,0.0275,75.6046666666667,17.753999999999998,5.675333333333299,12382.54545454538,b1,81.28,81.28,12810.798322869741
1.6,10.76,0.0266666666666666,75.63133333333337,17.216,5.648666666666628,12709.499999999913,b1,81.28,81.28,12511.889760615424
1.6,10.76,0.0266666666666666,75.65800000000004,17.216,5.621999999999957,12649.499999999902,b1,81.28,81.28,12511.889760615424
1.59,10.76,0.0265,75.68450000000004,17.1084,5.595499999999959,12669.05660377349,b1,81.28,81.28,12536.292293317767
1.6,10.76,0.0266666666666666,75.71116666666671,17.216,5.568833333333288,12529.874999999896,b1,81.28,81.28,12467.584751411556
1.59,10.76,0.0265,75.73766666666671,17.1084,5.542333333333289,12548.679245282918,b1,81.28,81.28,12473.608903610742
1.59,10.76,0.0265,75.76416666666671,17.1084,5.5158333333332905,12488.67924528292,b1,81.28,81.28,12444.010026482349
1.6,10.76,0.0266666666666666,75.79083333333338,17.216,5.48916666666662,12350.624999999894,b1,81.28,81.28,12335.071244694036
1.61,10.76,0.0268333333333333,75.81766666666671,17.3236,5.462333333333291,12213.913043478164,b1,81.28,81.28,12330.831248478215
1.59,10.76,0.0265,75.84416666666671,17.1084,5.435833333333292,12307.547169811229,b1,81.28,81.28,12281.730295549174
1.59,10.76,0.0265,75.87066666666671,17.1084,5.409333333333294,12247.54716981123,b1,81.28,81.28,12267.447364868287
1.6,10.76,0.0266666666666666,75.89733333333338,17.216,5.382666666666623,12110.9999999999,b1,81.28,81.28,12104.587604321896
1.6,10.76,0.0266666666666666,75.92400000000005,17.216,5.355999999999952,12050.99999999989,b1,81.28,81.28,12057.429602699847
1.59,10.76,0.0265,75.95050000000005,17.1084,5.329499999999953,12066.792452830085,b1,81.28,81.28,12020.965456013522
1.6,10.76,0.0266666666666666,75.97716666666672,17.216,5.302833333333282,11931.374999999884,b1,81.28,81.28,11940.832187088188
1.59,10.76,0.0265,76.00366666666672,17.1084,5.276333333333284,11946.415094339509,b1,81.28,81.28,11898.297917691985
1.6,10.76,0.0266666666666666,76.03033333333339,17.216,5.249666666666613,11811.749999999878,b1,81.28,81.28,11846.832292862891
1.59,10.76,0.0265,76.05683333333339,17.1084,5.223166666666614,11826.03773584894,b1,81.28,81.28,11786.622508886938
1.59,10.76,0.0265,76.08333333333339,17.1084,5.196666666666616,11766.037735848942,b1,81.28,81.28,11744.6486173775
1.6,10.76,0.0266666666666666,76.11000000000006,17.216,5.169999999999945,11632.499999999874,b1,81.28,81.28,11618.264436012974
1.59,10.76,0.0265,76.13650000000005,17.1084,5.143499999999946,11645.660377358368,b1,81.28,81.28,11615.663286163377
1.6,10.76,0.0266666666666666,76.16316666666673,17.216,5.116833333333275,11512.874999999867,b1,81.28,81.28,11505.092792931206
1.59,10.76,0.0265,76.18966666666672,17.1084,5.090333333333277,11525.283018867796,b1,81.28,81.28,11527.276289308027
1.6,10.76,0.0266666666666666,76.2163333333334,17.216,5.063666666666606,11393.249999999864,b1,81.28,81.28,11427.169701257699
1.59,10.76,0.0265,76.2428333333334,17.1084,5.037166666666607,11404.905660377222,b1,81.28,81.28,11373.429135219996
1.6,10.76,0.0266666666666666,76.26950000000006,17.216,5.010499999999936,11273.624999999856,b1,81.28,81.28,11275.513089622478
1.59,10.76,0.0265,76.29600000000006,17.1084,4.983999999999938,11284.52830188665,b1,81.28,81.28,11251.899952830061
1.6,10.76,0.0266666666666666,76.32266666666673,17.216,4.957333333333267,11153.99999999985,b1,81.28,81.28,11143.003278301716
1.59,10.76,0.0265,76.34916666666673,17.1084,4.930833333333268,11164.15094339608,b1,81.28,81.28,11170.808286163388
1.6,10.76,0.0266666666666666,76.3758333333334,17.216,4.9041666666665975,11034.374999999844,b1,81.28,81.28,11082.425400943226
1.6,10.76,0.0266666666666666,76.40250000000007,17.216,4.877499999999927,10974.374999999833,b1,81.28,81.28,11054.487979559575
1.59,10.76,0.0265,76.42900000000007,17.1084,4.850999999999928,10983.39622641493,b1,81.28,81.28,10994.662075471546
1.59,10.76,0.0265,76.45550000000007,17.1084,4.824499999999929,10923.396226414934,b1,81.28,81.28,10980.807830188529
1.59,10.76,0.0265,76.48200000000007,17.1084,4.797999999999931,10863.396226414938,b1,81.28,81.28,10916.00531446526
1.59,10.76,0.0265,76.50850000000007,17.1084,4.771499999999932,10803.39622641494,b1,81.28,81.28,10892.20531446526
1.59,10.76,0.0265,76.53500000000007,17.1084,4.7449999999999335,10743.396226414943,b1,81.28,81.28,10708.99373649834
7.65,10.75,0.1275,76.66250000000007,82.2375,4.617499999999936,2172.941176470558,b1,81.28,81.28,2421.947233866427
7.63,10.73,0.1271666666666666,76.78966666666673,81.8699,4.490333333333268,2118.6369593708737,b1,81.28,81.28,2316.347471884124
7.62,10.71,0.127,76.91666666666673,81.6102,4.363333333333273,2061.417322834617,b1,81.28,81.28,2262.4958086064107
5.42,10.87,0.0903333333333333,77.00700000000006,58.9154,4.272999999999939,2838.154981549775,b1,81.28,81.28,2805.833701504399
5.42,10.86,0.0903333333333333,77.0973333333334,58.8612,4.182666666666606,2778.154981549775,b1,81.28,81.28,2754.528992425166
5.42,10.84,0.0903333333333333,77.18766666666673,58.7528,4.092333333333272,2718.1549815497747,b1,81.28,81.28,2693.4186292646655
7.6,10.67,0.1266666666666666,77.3143333333334,81.092,3.965666666666607,1878.473684210498,b1,81.28,81.28,2039.9235140254216
7.57,10.63,0.1261666666666666,77.44050000000006,80.46910000000001,3.839499999999944,1825.918097754267,b1,81.28,81.28,1954.8389224201828
7.56,10.61,0.126,77.56650000000006,80.21159999999999,3.7134999999999394,1768.3333333333046,b1,81.28,81.28,1857.1566261457383
7.55,10.58,0.1258333333333333,77.6923333333334,79.879,3.587666666666607,1710.675496688713,b1,81.28,81.28,1828.3447523336024
7.55,10.55,0.1258333333333333,77.81816666666673,79.6525,3.4618333333332743,1650.6754966887136,b1,81.28,81.28,1807.461994092114
5.38,10.69,0.0896666666666666,77.9078333333334,57.51219999999999,3.372166666666601,2256.468401486945,b1,81.28,81.28,2204.212979287285
5.38,10.7,0.0896666666666666,77.99750000000007,57.565999999999995,3.282499999999928,2196.4684014869404,b1,81.28,81.28,2154.6620658059105
5.39,10.69,0.0898333333333333,78.0873333333334,57.6191,3.1926666666665966,2132.393320964703,b1,81.28,81.28,2104.137165222251
5.39,10.68,0.0898333333333333,78.17716666666674,57.5652,3.1028333333332654,2072.3933209647043,b1,81.28,81.28,2071.237003962914
5.37,10.66,0.0895,78.26666666666674,57.2442,3.0133333333332644,2020.1117318435292,b1,81.28,81.28,2026.545661287844
5.36,10.65,0.0893333333333333,78.35600000000007,57.084,2.9239999999999355,1963.880597014882,b1,81.28,81.28,1971.7589259633332
6.96,10.5,0.116,78.47200000000007,73.08,2.807999999999936,1452.4137931034152,b1,81.28,81.28,1609.1273032164888
5.36,10.59,0.0893333333333333,78.5613333333334,56.7624,2.718666666666607,1825.9701492536913,b1,81.28,81.28,1831.055227331162
5.36,10.6,0.0893333333333333,78.65066666666672,56.816,2.6293333333332782,1765.9701492536942,b1,81.28,81.28,1815.0652598350964
5.36,10.58,0.0893333333333333,78.74000000000005,56.7088,2.5399999999999494,1705.9701492536974,b1,81.28,81.28,1753.4893876288913
5.35,10.57,0.0891666666666666,78.82916666666672,56.549499999999995,2.4508333333332786,1649.1588785046365,b1,81.28,81.28,1691.0513107536892
7.49,10.34,0.1248333333333333,78.95400000000005,77.4466,2.3259999999999508,1117.970627503314,b1,81.28,81.28,1190.303719773179
7.46,10.28,0.1243333333333333,79.07833333333339,76.6888,2.201666666666611,1062.46648793563,b1,81.28,81.28,1109.757392617804
7.44,10.23,0.124,79.20233333333339,76.11120000000001,2.077666666666616,1005.3225806451368,b1,81.28,81.28,1079.93460328861
5.85,10.37,0.0974999999999999,79.29983333333338,60.66449999999999,1.9801666666666191,1218.5641025640734,b1,81.28,81.28,1284.289614832589
5.85,10.35,0.0974999999999999,79.39733333333338,60.54749999999999,1.8826666666666227,1158.5641025640757,b1,81.28,81.28,1269.4823452360995
7.37,10.14,0.1228333333333333,79.52016666666671,74.7318,1.7598333333332905,859.6200814111052,b1,81.28,81.28,938.3415412040843
7.32,10.04,0.122,79.64216666666671,73.4928,1.6378333333332904,805.4918032786674,b1,81.28,81.28,893.8889708141796
7.27,9.92,0.1211666666666666,79.76333333333338,72.1184,1.516666666666623,751.0316368638024,b1,81.28,81.28,868.3486443126627
3.69,10.48,0.0615,79.82483333333337,38.6712,1.455166666666628,1419.6747967479296,b1,81.28,81.28,1584.7810956772598
3.7,10.5,0.0616666666666666,79.88650000000004,38.85,1.3934999999999604,1355.8378378377993,b1,81.28,81.28,1506.7578021292875
3.7,10.51,0.0616666666666666,79.94816666666671,38.887,1.331833333333293,1295.8378378377986,b1,81.28,81.28,1420.9125522522645
5.27,10.29,0.0878333333333333,80.03600000000004,54.22829999999999,1.2439999999999571,849.7912713472194,b1,81.28,81.28,962.7961705265303
5.26,10.25,0.0876666666666666,80.12366666666671,53.915,1.1563333333332937,791.4068441064367,b1,81.28,81.28,864.8282618996342
5.24,10.22,0.0873333333333333,80.21100000000004,53.552800000000005,1.06899999999996,734.427480916003,b1,81.28,81.28,807.4284219155695
5.23,10.18,0.0871666666666666,80.2981666666667,53.241400000000006,0.9818333333332988,675.8317399617351,b1,81.28,81.28,756.4960573930528
5.21,10.15,0.0868333333333333,80.38500000000003,52.8815,0.8949999999999676,618.4261036468107,b1,81.28,81.28,763.0496235856702
7.21,9.77,0.1201666666666666,80.5051666666667,70.4417,0.7748333333333051,386.8793342579609,b1,81.28,81.28,571.0860298836601
7.11,9.51,0.1185,80.6236666666667,67.6161,0.6563333333333077,332.3206751054722,b1,81.28,81.28,512.6608178661743
20.28,12.12,0.338,0.338,245.7936,81.50200000000001,14467.810650887574,b1,81.84,81.84,14504.692423118253
20.51,11.87,0.3418333333333334,0.6798333333333334,243.4537,81.16016666666667,14245.568015602146,b1,81.84,81.84,13707.551033160313
20.58,11.95,0.3429999999999999,1.0228333333333333,245.93099999999995,80.81716666666667,14137.113702623908,b1,81.84,81.84,14005.88542789364
7.96,12.19,0.1326666666666666,1.1555,97.0324,80.6845,36490.477386934675,b1,81.84,81.84,36726.78651111792
18.38,12.02,0.3063333333333333,1.461833333333333,220.9276,80.37816666666667,15743.275299238305,b1,81.84,81.84,15621.859673105295
18.37,12.02,0.3061666666666667,1.768,220.8074,80.072,15691.845400108872,b1,81.84,81.84,15599.419083391
7.96,12.21,0.1326666666666666,1.9006666666666667,97.1916,79.93933333333334,36153.467336683425,b1,81.84,81.84,36966.42074366925
7.38,12.27,0.123,2.0236666666666667,90.5526,79.81633333333333,38934.79674796748,b1,81.84,81.84,39100.568607590634
7.36,12.23,0.1226666666666666,2.146333333333333,90.01280000000001,79.69366666666667,38980.59782608696,b1,81.84,81.84,38842.73441788522
7.37,12.23,0.1228333333333333,2.2691666666666666,90.1351,79.57083333333334,38867.706919945726,b1,81.84,81.84,38805.0717947784
7.36,12.22,0.1226666666666666,2.391833333333333,89.93920000000001,79.44816666666667,38860.516304347824,b1,81.84,81.84,38804.39625896681
5.23,12.27,0.0871666666666666,2.4789999999999996,64.1721,79.361,54627.07456978968,b1,81.84,81.84,54459.52424677164
5.24,12.27,0.0873333333333333,2.566333333333333,64.2948,79.27366666666667,54462.82442748092,b1,81.84,81.84,54315.81215070933
5.23,12.27,0.0871666666666666,2.6534999999999997,64.1721,79.18650000000001,54506.95984703633,b1,81.84,81.84,54269.506752815076
5.23,12.27,0.0871666666666666,2.7406666666666664,64.1721,79.09933333333333,54446.95984703632,b1,81.84,81.84,54211.38192566904
5.22,12.27,0.087,2.8276666666666666,64.04939999999999,79.01233333333333,54491.26436781609,b1,81.84,81.84,54256.382571773305
5.22,12.27,0.087,2.9146666666666667,64.04939999999999,78.92533333333334,54431.2643678161,b1,81.84,81.84,54244.36289831926
13.26,12.11,0.221,3.135666666666667,160.5786,78.70433333333334,21367.692307692312,b1,81.84,81.84,21171.91870160025
13.58,12.09,0.2263333333333333,3.362,164.1822,78.47800000000001,20804.182621502212,b1,81.84,81.84,20762.453902751415
13.58,12.09,0.2263333333333333,3.588333333333334,164.1822,78.25166666666667,20744.18262150221,b1,81.84,81.84,20704.23588954086
13.58,12.09,0.2263333333333333,3.814666666666666,164.1822,78.02533333333334,20684.18262150221,b1,81.84,81.84,20673.139856860264
13.58,12.08,0.2263333333333333,4.041,164.0464,77.799,20624.182621502212,b1,81.84,81.84,20622.03019127418
13.57,12.08,0.2261666666666666,4.267166666666667,163.9256,77.57283333333334,20579.380987472367,b1,81.84,81.84,20567.019348092817
13.57,12.08,0.2261666666666666,4.493333333333334,163.9256,77.34666666666666,20519.380987472367,b1,81.84,81.84,20532.520071875453
13.57,12.07,0.2261666666666666,4.719500000000001,163.78990000000002,77.1205,20459.38098747237,b1,81.84,81.84,20483.75794951008
22.59,11.93,0.3765,5.096000000000001,269.4987,76.744,12230.119521912353,b1,81.84,81.84,12225.454631187016
22.56,11.92,0.376,5.472000000000001,268.91519999999997,76.368,12186.382978723404,b1,81.84,81.84,12192.231273818428
22.55,11.92,0.3758333333333333,5.847833333333335,268.796,75.99216666666666,12131.787139689575,b1,81.84,81.84,12121.220637099781
22.54,11.91,0.3756666666666666,6.223500000000001,268.4514,75.6165,12077.169476486248,b1,81.84,81.84,12037.46588125762
18.68,11.96,0.3113333333333333,6.534833333333335,223.4128,75.30516666666666,14512.773019271948,b1,81.84,81.84,14354.309953256408
18.67,11.96,0.3111666666666667,6.846000000000002,223.29320000000004,74.994,14460.54633101232,b1,81.84,81.84,14286.722439701029
7.9,12.15,0.1316666666666666,6.977666666666669,95.985,74.86233333333334,34114.48101265823,b1,81.84,81.84,34173.82252309935
7.9,12.15,0.1316666666666666,7.1093333333333355,95.985,74.73066666666666,34054.48101265822,b1,81.84,81.84,34151.62252309935
7.9,12.15,0.1316666666666666,7.241000000000002,95.985,74.599,33994.48101265823,b1,81.84,81.84,34118.488603438855
7.9,12.15,0.1316666666666666,7.372666666666669,95.985,74.46733333333333,33934.48101265822,b1,81.84,81.84,34073.08860343885
7.9,12.15,0.1316666666666666,7.504333333333336,95.985,74.33566666666667,33874.48101265823,b1,81.84,81.84,34053.36100850214
13.54,12.04,0.2256666666666666,7.730000000000002,163.02159999999998,74.11,19704.283604135893,b1,81.84,81.84,19643.02417330923
13.53,12.04,0.2254999999999999,7.955500000000003,162.9012,73.8845,19658.84700665189,b1,81.84,81.84,19618.662122158355
13.53,12.03,0.2254999999999999,8.181000000000003,162.7659,73.659,19598.84700665189,b1,81.84,81.84,19548.80644712925
13.53,12.03,0.2254999999999999,8.406500000000003,162.7659,73.4335,19538.84700665188,b1,81.84,81.84,19518.579405627275
17.81,11.96,0.2968333333333333,8.703333333333337,213.0076,73.13666666666667,14783.38012352611,b1,81.84,81.84,14665.289663857793
17.8,11.95,0.2966666666666667,9.000000000000004,212.71,72.84,14731.685393258427,b1,81.84,81.84,14673.81242399532
9.78,12.09,0.1629999999999999,9.163000000000004,118.2402,72.67699999999999,26752.269938650308,b1,81.84,81.84,26353.479161392675
9.78,12.09,0.1629999999999999,9.326000000000004,118.2402,72.514,26692.269938650308,b1,81.84,81.84,26358.093892141573
15.49,11.99,0.2581666666666666,9.58416666666667,185.7251,72.25583333333333,16792.83408650742,b1,81.84,81.84,16845.394641986946
15.49,11.99,0.2581666666666666,9.842333333333336,185.7251,71.99766666666667,16732.834086507428,b1,81.84,81.84,16763.750719356834
15.48,11.98,0.258,10.100333333333335,185.4504,71.73966666666666,16683.643410852714,b1,81.84,81.84,16664.45915737502
19.85,11.91,0.3308333333333333,10.431166666666668,236.41350000000003,71.40883333333333,12950.72040302267,b1,81.84,81.84,12945.476602137116
19.84,11.9,0.3306666666666666,10.761833333333335,236.096,71.07816666666668,12897.24798387097,b1,81.84,81.84,12727.654353143624
22.5,11.86,0.375,11.136833333333335,266.84999999999997,70.70316666666668,11312.506666666668,b1,81.84,81.84,11305.599433359872
22.48,11.85,0.3746666666666666,11.511500000000002,266.388,70.3285,11262.571174377224,b1,81.84,81.84,11215.947858568921
22.47,11.85,0.3745,11.886,266.2695,69.95400000000001,11207.583444592792,b1,81.84,81.84,11174.375645756316
22.46,11.84,0.3743333333333333,12.260333333333334,265.9264,69.57966666666667,11152.573463935889,b1,81.84,81.84,11091.970955149747
18.0,11.9,0.3,12.560333333333334,214.2,69.27966666666667,13855.933333333334,b1,81.84,81.84,13723.836154742814
17.99,11.9,0.2998333333333333,12.860166666666668,214.081,68.97983333333333,13803.635352973875,b1,81.84,81.84,13702.441248005867
18.0,11.89,0.3,13.160166666666669,214.02,68.67983333333333,13735.966666666667,b1,81.84,81.84,13630.507750089908
18.11,11.89,0.3018333333333333,13.462000000000002,215.3279,68.378,13592.534511319713,b1,81.84,81.84,13528.173186001648
18.1,11.88,0.3016666666666667,13.763666666666667,215.028,68.07633333333334,13540.044198895028,b1,81.84,81.84,13397.737065141491
23.53,11.79,0.3921666666666666,14.155833333333334,277.4187,67.68416666666667,10355.418614534636,b1,81.84,81.84,10277.489622474943
23.52,11.79,0.392,14.547833333333331,277.3008,67.29216666666667,10299.82142857143,b1,81.84,81.84,10214.590094122772
23.5,11.78,0.3916666666666666,14.9395,276.83,66.90050000000001,10248.587234042554,b1,81.84,81.84,10165.225227050869
23.49,11.77,0.3914999999999999,15.331,276.47729999999996,66.509,10192.950191570882,b1,81.84,81.84,10139.627483501115
23.48,11.77,0.3913333333333333,15.722333333333337,276.3596,66.11766666666666,10137.291311754683,b1,81.84,81.84,10129.791264680616
25.14,11.74,0.419,16.141333333333336,295.1436,65.69866666666667,9407.923627684964,b1,81.84,81.84,9430.916959511133
25.13,11.73,0.4188333333333333,16.560166666666667,294.7749,65.27983333333333,9351.6673298846,b1,81.84,81.84,9375.204891311962
25.11,11.72,0.4185,16.97866666666667,294.2892,64.86133333333333,9299.115890083633,b1,81.84,81.84,9300.465779666745
25.1,11.71,0.4183333333333333,17.397000000000002,293.92100000000005,64.443,9242.820717131472,b1,81.84,81.84,9244.879642516655
25.08,11.71,0.418,17.815,293.6868,64.025,9190.191387559811,b1,81.84,81.84,9218.53463296063
5.41,12.06,0.0901666666666666,17.905166666666666,65.2446,63.93483333333334,42544.43622920518,b1,81.84,81.84,41940.0314574281
5.41,12.07,0.0901666666666666,17.99533333333333,65.2987,63.84466666666667,42484.43622920518,b1,81.84,81.84,42211.10884923406
5.41,12.08,0.0901666666666666,18.085499999999996,65.3528,63.75450000000001,42424.436229205174,b1,81.84,81.84,42335.51407120794
5.41,12.08,0.0901666666666666,18.17566666666666,65.3528,63.664333333333346,42364.43622920518,b1,81.84,81.84,42299.01976368415
5.41,12.08,0.0901666666666666,18.26583333333333,65.3528,63.57416666666668,42304.43622920518,b1,81.84,81.84,42269.786594655605
5.4,12.08,0.09,18.35583333333333,65.232,63.48416666666668,42322.77777777779,b1,81.84,81.84,42312.49863502486
6.35,12.07,0.1058333333333333,18.46166666666666,76.6445,63.378333333333345,35931.02362204725,b1,81.84,81.84,35404.38746161728
6.35,12.07,0.1058333333333333,18.567499999999992,76.6445,63.27250000000001,35871.02362204725,b1,81.84,81.84,35319.5455225549
23.39,11.74,0.3898333333333333,18.957333333333324,274.59860000000003,62.88266666666668,9678.392475416846,b1,81.84,81.84,9710.233002981526
23.37,11.73,0.3895,19.34683333333333,274.1301,62.49316666666668,9626.675224646986,b1,81.84,81.84,9667.412768084096
23.35,11.72,0.3891666666666667,19.735999999999994,273.66200000000003,62.10400000000001,9574.920770877949,b1,81.84,81.84,9593.119611891225
16.64,11.83,0.2773333333333333,20.01333333333333,196.8512,61.826666666666675,13375.96153846154,b1,81.84,81.84,13182.73721289769
16.64,11.83,0.2773333333333333,20.290666666666663,196.8512,61.54933333333334,13315.96153846154,b1,81.84,81.84,13145.105451450061
12.42,11.9,0.207,20.497666666666664,147.798,61.34233333333334,17780.386473429953,b1,81.84,81.84,17474.509745055955
12.43,11.9,0.2071666666666666,20.70483333333333,147.917,61.13516666666668,17706.08205953339,b1,81.84,81.84,17451.4410556571
12.42,11.9,0.207,20.91183333333333,147.798,60.92816666666667,17660.33816425121,b1,81.84,81.84,17412.118189425244
16.35,11.82,0.2725,21.18433333333333,193.25700000000003,60.65566666666667,13355.37614678899,b1,81.84,81.84,13193.363380492472
16.35,11.82,0.2725,21.456833333333332,193.25700000000003,60.38316666666667,13295.376146788987,b1,81.84,81.84,13165.913914954357
16.34,11.82,0.2723333333333333,21.729166666666664,193.1388,60.11083333333334,13243.512851897189,b1,81.84,81.84,13111.307079914242
16.34,11.81,0.2723333333333333,22.001499999999997,192.9754,59.83850000000001,13183.512851897189,b1,81.84,81.84,12987.601901398224
20.44,11.73,0.3406666666666667,22.342166666666664,239.76120000000003,59.49783333333334,10479.070450097848,b1,81.84,81.84,10392.356252133653
20.43,11.73,0.3404999999999999,22.682666666666663,239.6439,59.15733333333334,10424.199706314244,b1,81.84,81.84,10318.066907903243
20.41,11.72,0.3401666666666667,23.022833333333327,239.2052,58.81716666666668,10374.41450269476,b1,81.84,81.84,10266.354375453247
20.4,11.71,0.3399999999999999,23.362833333333327,238.884,58.47716666666667,10319.500000000004,b1,81.84,81.84,10238.494418878463
20.39,11.71,0.3398333333333333,23.702666666666666,238.7669,58.137333333333345,10264.561059342815,b1,81.84,81.84,10218.222026823283
24.75,11.63,0.4125,24.115166666666664,287.84250000000003,57.724833333333336,8396.339393939395,b1,81.84,81.84,8385.432011134197
24.73,11.62,0.4121666666666667,24.52733333333333,287.3626,57.31266666666667,8343.129801860088,b1,81.84,81.84,8352.015675500348
24.72,11.61,0.412,24.93933333333333,286.9992,56.90066666666667,8286.504854368934,b1,81.84,81.84,8283.264366007015
24.7,11.6,0.4116666666666667,25.350999999999996,286.52,56.489,8233.214574898786,b1,81.84,81.84,8221.627366936265
24.68,11.59,0.4113333333333333,25.76233333333333,286.0412,56.07766666666667,8179.886547811995,b1,81.84,81.84,8191.619843793805
24.66,11.58,0.411,26.173333333333332,285.5628,55.66666666666667,8126.520681265208,b1,81.84,81.84,8168.017686213812
24.65,11.57,0.4108333333333333,26.584166666666665,285.2005,55.25583333333334,8069.817444219068,b1,81.84,81.84,8148.669670191654
18.51,11.67,0.3085,26.892666666666663,216.0117,54.94733333333334,10686.677471636953,b1,81.84,81.84,10411.83469890703
18.51,11.67,0.3085,27.201166666666666,216.0117,54.63883333333334,10626.677471636953,b1,81.84,81.84,10397.23469890703
18.51,11.67,0.3085,27.50966666666666,216.0117,54.33033333333334,10566.677471636956,b1,81.84,81.84,10356.172422603819
14.57,11.74,0.2428333333333333,27.75249999999999,171.0518,54.087500000000006,13364.10432395333,b1,81.84,81.84,13142.621956632871
14.56,11.74,0.2426666666666666,27.995166666666663,170.9344,53.84483333333334,13313.282967032968,b1,81.84,81.84,13133.963710602753
14.56,11.74,0.2426666666666666,28.23783333333333,170.9344,53.60216666666667,13253.28296703297,b1,81.84,81.84,13103.3215053234
14.56,11.73,0.2426666666666666,28.4805,170.7888,53.3595,13193.282967032968,b1,81.84,81.84,12842.391133074527
8.78,11.86,0.1463333333333333,28.626833333333337,104.1308,53.213166666666666,21818.61047835991,b1,81.84,81.84,21721.671375160175
8.78,11.86,0.1463333333333333,28.77316666666667,104.1308,53.066833333333335,21758.61047835991,b1,81.84,81.84,21775.218926561967
8.78,11.86,0.1463333333333333,28.919500000000003,104.1308,52.9205,21698.61047835991,b1,81.84,81.84,21715.08996015733
8.78,11.86,0.1463333333333333,29.065833333333337,104.1308,52.774166666666666,21638.61047835991,b1,81.84,81.84,21662.08996015733
8.78,11.86,0.1463333333333333,29.212166666666672,104.1308,52.62783333333333,21578.610478359908,b1,81.84,81.84,21624.553672573555
10.06,11.83,0.1676666666666666,29.379833333333337,119.0098,52.460166666666666,18773.021868787277,b1,81.84,81.84,18308.189770625122
10.06,11.83,0.1676666666666666,29.547500000000003,119.0098,52.2925,18713.021868787277,b1,81.84,81.84,18269.40799620941
10.05,11.83,0.1675,29.715000000000003,118.8915,52.125,18671.641791044774,b1,81.84,81.84,18290.373880718933
22.95,11.57,0.3825,30.097500000000004,265.5315,51.7425,8116.470588235295,b1,81.84,81.84,8036.297024424155
22.92,11.56,0.382,30.479500000000005,264.95520000000005,51.3605,8067.094240837697,b1,81.84,81.84,8014.412023436126
22.9,11.55,0.3816666666666666,30.861166666666673,264.495,50.97883333333333,8014.139737991266,b1,81.84,81.84,7982.457256249573
22.88,11.54,0.3813333333333333,31.242500000000007,264.0352,50.5975,7961.145104895105,b1,81.84,81.84,7940.286002273192
22.87,11.53,0.3811666666666667,31.623666666666672,263.6911,50.21633333333333,7904.626147791866,b1,81.84,81.84,7920.615017919028
18.45,11.61,0.3075,31.931166666666673,214.20449999999997,49.908833333333334,9738.30894308943,b1,81.84,81.84,9628.363816322259
18.44,11.6,0.3073333333333333,32.23850000000001,213.904,49.601499999999994,9683.590021691973,b1,81.84,81.84,9606.170002542302
18.52,11.59,0.3086666666666666,32.547166666666676,214.6468,49.29283333333333,9581.760259179266,b1,81.84,81.84,9574.429198366495
18.43,11.59,0.3071666666666666,32.854333333333344,213.6037,48.98566666666666,9568.551275094953,b1,81.84,81.84,9534.81878167486
18.42,11.58,0.307,33.161333333333346,213.3036,48.67866666666666,9513.745928338758,b1,81.84,81.84,9459.732588886729
12.01,11.71,0.2001666666666666,33.361500000000014,140.6371,48.47849999999999,14531.4404662781,b1,81.84,81.84,13902.873836187686
12.0,11.71,0.2,33.56150000000002,140.52,48.27849999999999,14483.549999999996,b1,81.84,81.84,13817.190076626232
16.84,11.61,0.2806666666666667,33.842166666666685,195.5124,47.99783333333332,10260.819477434678,b1,81.84,81.84,10184.905776568014
16.84,11.6,0.2806666666666667,34.122833333333354,195.344,47.71716666666665,10200.819477434676,b1,81.84,81.84,10072.986760244605
16.83,11.59,0.2804999999999999,34.40333333333335,195.05969999999996,47.43666666666665,10146.88057040998,b1,81.84,81.84,10048.592746949525
16.82,11.59,0.2803333333333333,34.68366666666668,194.9438,47.15633333333332,10092.913198573124,b1,81.84,81.84,10042.056073491784
16.82,11.58,0.2803333333333333,34.96400000000001,194.7756,46.87599999999999,10032.913198573126,b1,81.84,81.84,9947.4200788281
16.81,11.58,0.2801666666666666,35.24416666666668,194.6598,46.59583333333333,9978.881618084471,b1,81.84,81.84,9942.494256235537
8.1,11.75,0.1349999999999999,35.37916666666668,95.175,46.460833333333326,20649.259259259255,b1,81.84,81.84,20733.024960332306
8.1,11.75,0.1349999999999999,35.514166666666675,95.175,46.32583333333333,20589.259259259255,b1,81.84,81.84,20681.137012531315
13.86,11.63,0.2309999999999999,35.74516666666668,161.1918,46.09483333333333,11972.68398268398,b1,81.84,81.84,11575.268099645575
15.89,11.58,0.2648333333333333,36.01000000000001,184.0062,45.82999999999999,10383.134046570169,b1,81.84,81.84,10003.831394348306
15.89,11.58,0.2648333333333333,36.27483333333335,184.0062,45.565166666666656,10323.134046570169,b1,81.84,81.84,9986.564651228087
15.89,11.57,0.2648333333333333,36.53966666666668,183.8473,45.30033333333332,10263.134046570169,b1,81.84,81.84,9902.841023038869
10.09,11.7,0.1681666666666666,36.70783333333335,118.053,45.132166666666656,16102.656095143702,b1,81.84,81.84,15511.705730003194
10.09,11.7,0.1681666666666666,36.87600000000001,118.053,44.96399999999999,16042.656095143704,b1,81.84,81.84,15483.400888284545
10.09,11.7,0.1681666666666666,37.04416666666667,118.053,44.79583333333333,15982.656095143704,b1,81.84,81.84,15476.644690474188
12.99,11.63,0.2165,37.26066666666668,151.0737,44.57933333333333,12354.549653579676,b1,81.84,81.84,11857.186566800827
12.98,11.63,0.2163333333333333,37.47700000000001,150.9574,44.36299999999999,12304.067796610168,b1,81.84,81.84,11915.912104368575
12.98,11.63,0.2163333333333333,37.69333333333334,150.9574,44.14666666666666,12244.067796610168,b1,81.84,81.84,11871.193683167876
15.49,11.57,0.2581666666666666,37.95150000000001,179.2193,43.88849999999999,10200.038734667523,b1,81.84,81.84,9978.136276942523
15.49,11.56,0.2581666666666666,38.20966666666668,179.0644,43.630333333333326,10140.038734667529,b1,81.84,81.84,9923.502208832902
15.48,11.56,0.258,38.46766666666668,178.9488,43.37233333333332,10086.58914728682,b1,81.84,81.84,9936.767519474133
25.51,11.32,0.4251666666666667,38.89283333333335,288.77320000000003,42.947166666666654,6060.752646021167,b1,81.84,81.84,6037.827690697181
25.51,11.32,0.4251666666666667,39.31800000000002,288.77320000000003,42.521999999999984,6000.752646021166,b1,81.84,81.84,5997.52744492662
25.05,11.33,0.4175,39.735500000000016,283.8165,42.10449999999999,6050.946107784429,b1,81.84,81.84,6040.618050822778
25.02,11.31,0.417,40.15250000000002,282.9762,41.687499999999986,5998.201438848919,b1,81.84,81.84,5994.693433449306
24.99,11.3,0.4165,40.56900000000002,282.387,41.27099999999999,5945.402160864344,b1,81.84,81.84,5979.188037077908
24.96,11.28,0.416,40.985000000000014,281.54879999999997,40.85499999999999,5892.548076923075,b1,81.84,81.84,5970.24713752138
4.41,11.72,0.0735,41.058500000000016,51.6852,40.78149999999999,33291.020408163255,b1,81.84,81.84,32109.863806725727
5.35,11.75,0.0891666666666666,41.14766666666668,62.8625,40.69233333333332,27381.75700934579,b1,81.84,81.84,27299.913630453273
5.35,11.76,0.0891666666666666,41.236833333333344,62.916,40.60316666666666,27321.75700934579,b1,81.84,81.84,27296.647755277998
5.35,11.76,0.0891666666666666,41.32600000000001,62.916,40.514,27261.75700934579,b1,81.84,81.84,27292.86879486636
5.34,11.77,0.089,41.415000000000006,62.8518,40.425,27252.808988764045,b1,81.84,81.84,27312.422007766585
5.34,11.77,0.089,41.504000000000005,62.8518,40.336,27192.808988764045,b1,81.84,81.84,27312.422007766585
18.28,11.43,0.3046666666666667,41.808666666666674,208.9404,40.03133333333333,7883.632385120349,b1,81.84,81.84,7792.986218029869
18.27,11.42,0.3045,42.11316666666667,208.6434,39.72683333333333,7827.947454844007,b1,81.84,81.84,7751.762340836218
18.26,11.41,0.3043333333333333,42.4175,208.3466,39.4225,7772.23439211391,b1,81.84,81.84,7701.456311811249
18.82,11.39,0.3136666666666666,42.731166666666674,214.3598,39.10883333333333,7480.96705632306,b1,81.84,81.84,7392.183128903299
18.81,11.38,0.3135,43.04466666666667,214.0578,38.79533333333333,7424.944178628389,b1,81.84,81.84,7320.252251391662
18.79,11.37,0.3131666666666666,43.35783333333334,213.6423,38.482166666666664,7372.847259180415,b1,81.84,81.84,7250.802381944575
18.78,11.36,0.313,43.67083333333334,213.3408,38.16916666666666,7316.773162939295,b1,81.84,81.84,7207.993151339628
21.29,11.29,0.3548333333333333,44.02566666666667,240.3641,37.81433333333333,6394.156881164865,b1,81.84,81.84,6304.781161207767
21.26,11.28,0.3543333333333333,44.38000000000001,239.8128,37.459999999999994,6343.179680150515,b1,81.84,81.84,6264.478250060323
21.25,11.27,0.3541666666666667,44.734166666666674,239.4875,37.10583333333333,6286.164705882353,b1,81.84,81.84,6237.359694585604
11.85,11.49,0.1974999999999999,44.93166666666667,136.1565,36.90833333333333,11212.658227848102,b1,81.84,81.84,10834.51847819438
11.85,11.49,0.1974999999999999,45.12916666666667,136.1565,36.71083333333333,11152.658227848102,b1,81.84,81.84,10812.744738956048
13.17,11.46,0.2195,45.34866666666667,150.9282,36.49133333333334,9974.85193621868,b1,81.84,81.84,10021.765302052621
13.16,11.46,0.2193333333333333,45.568,150.8136,36.272000000000006,9922.43161094225,b1,81.84,81.84,9898.116621895924
13.16,11.45,0.2193333333333333,45.78733333333333,150.682,36.052666666666674,9862.43161094225,b1,81.84,81.84,9839.79758143044
13.15,11.45,0.2191666666666666,46.0065,150.5675,35.83350000000001,9809.931558935365,b1,81.84,81.84,9832.506857404465
18.8,11.3,0.3133333333333333,46.31983333333333,212.44000000000003,35.520166666666675,6801.734042553193,b1,81.84,81.84,6593.344518552717
20.39,11.25,0.3398333333333333,46.65966666666666,229.3875,35.180333333333344,6211.338891613538,b1,81.84,81.84,6212.528024185286
20.95,11.22,0.3491666666666667,47.00883333333333,235.059,34.831166666666675,5985.30787589499,b1,81.84,81.84,5909.11110395387
20.93,11.21,0.3488333333333333,47.35766666666666,234.6253,34.482333333333344,5931.027233635931,b1,81.84,81.84,5897.247354761273
20.91,11.2,0.3485,47.70616666666666,234.192,34.13383333333334,5876.700143472024,b1,81.84,81.84,5880.495167059563
22.92,11.13,0.382,48.08816666666666,255.09960000000004,33.751833333333344,5301.335078534033,b1,81.84,81.84,5262.131149532251
22.89,11.12,0.3815,48.46966666666666,254.5368,33.37033333333334,5248.283093053737,b1,81.84,81.84,5137.78147031929
22.84,11.09,0.3806666666666666,48.85033333333333,253.2956,32.98966666666667,5199.772329246936,b1,81.84,81.84,5016.79744448219
22.84,11.09,0.3806666666666666,49.231,253.2956,32.609,5139.772329246935,b1,81.84,81.84,4989.3243879548045
25.01,11.02,0.4168333333333333,49.64783333333334,275.6102,32.192166666666665,4633.818472610955,b1,81.84,81.84,4648.509213033484
24.98,11.0,0.4163333333333333,50.06416666666667,274.78000000000003,31.77583333333333,4579.383506805444,b1,81.84,81.84,4579.65396246415
24.94,10.98,0.4156666666666667,50.47983333333334,273.8412,31.360166666666665,4526.7281475541295,b1,81.84,81.84,4497.9189054863855
24.91,10.96,0.4151666666666667,50.895,273.0136,30.945,4472.179847450823,b1,81.84,81.84,4478.213164288394
24.87,10.94,0.4145,51.3095,272.0778,30.530500000000004,4419.372738238842,b1,81.84,81.84,4464.5231624491835
7.27,11.46,0.1211666666666666,51.43066666666667,83.3142,30.409333333333336,15058.266850068778,b1,81.84,81.84,14205.682564037976
5.51,11.52,0.0918333333333333,51.5225,63.475199999999994,30.317500000000003,19808.16696914701,b1,81.84,81.84,19282.9159285302
5.51,11.53,0.0918333333333333,51.614333333333335,63.5303,30.22566666666667,19748.16696914701,b1,81.84,81.84,19430.03206570809
5.51,11.54,0.0918333333333333,51.70616666666667,63.58539999999999,30.133833333333335,19688.166969147005,b1,81.84,81.84,19510.777247895403
5.51,11.55,0.0918333333333333,51.798,63.6405,30.042,19628.16696914701,b1,81.84,81.84,19581.009726295397
7.87,11.47,0.1311666666666666,51.92916666666667,90.2689,29.910833333333336,13682.210927573064,b1,81.84,81.84,13187.577986407277
7.87,11.47,0.1311666666666666,52.06033333333333,90.2689,29.77966666666667,13622.210927573064,b1,81.84,81.84,13162.518802826668
7.87,11.47,0.1311666666666666,52.1915,90.2689,29.64850000000001,13562.210927573064,b1,81.84,81.84,13132.805109250068
7.87,11.47,0.1311666666666666,52.32266666666666,90.2689,29.51733333333334,13502.210927573064,b1,81.84,81.84,13120.463199527514
7.86,11.48,0.131,52.45366666666666,90.2328,29.38633333333334,13459.3893129771,b1,81.84,81.84,13062.580046849474
10.54,11.39,0.1756666666666666,52.62933333333333,120.0506,29.210666666666675,9977.077798861485,b1,81.84,81.84,9301.292091619334
8.78,11.43,0.1463333333333333,52.77566666666666,100.3554,29.064333333333344,11917.03872437358,b1,81.84,81.84,11282.007894407101
24.8,10.96,0.4133333333333333,53.18899999999999,271.80800000000005,28.65100000000001,4159.016129032259,b1,81.84,81.84,4365.3896485055375
24.75,10.93,0.4125,53.601499999999994,270.5175,28.23850000000001,4107.418181818183,b1,81.84,81.84,4321.144600431062
22.69,10.96,0.3781666666666667,53.97966666666666,248.68240000000003,27.860333333333344,4420.326134861174,b1,81.84,81.84,4388.000920986783
22.65,10.94,0.3775,54.35716666666666,247.79099999999997,27.482833333333343,4368.132450331128,b1,81.84,81.84,4346.993390014522
16.48,11.1,0.2746666666666666,54.631833333333326,182.928,27.20816666666668,5943.53155339806,b1,81.84,81.84,5565.562311116202
16.46,11.09,0.2743333333333334,54.90616666666666,182.5414,26.933833333333347,5890.753341433781,b1,81.84,81.84,5514.3239434465395
13.99,11.16,0.2331666666666666,55.139333333333326,156.1284,26.700666666666677,6870.793423874198,b1,81.84,81.84,6375.2109045357
13.98,11.16,0.233,55.37233333333332,156.01680000000002,26.46766666666668,6815.708154506441,b1,81.84,81.84,6402.1822206201305
13.98,11.15,0.233,55.60533333333332,155.877,26.234666666666683,6755.708154506442,b1,81.84,81.84,6288.100024754514
13.98,11.15,0.233,55.83833333333332,155.877,26.001666666666686,6695.708154506443,b1,81.84,81.84,6266.9650160473175
24.4,10.82,0.4066666666666666,56.24499999999998,264.008,25.59500000000002,3776.311475409839,b1,81.84,81.84,4161.299993686243
22.99,10.83,0.3831666666666666,56.62816666666665,248.9817,25.211833333333352,3947.9164854284504,b1,81.84,81.84,4122.511431559197
22.86,10.81,0.381,57.00916666666665,247.1166,24.830833333333352,3910.367454068245,b1,81.84,81.84,4081.2932101504502
23.34,10.77,0.389,57.398166666666654,251.3718,24.44183333333335,3769.9485861182543,b1,81.84,81.84,4036.834900279191
23.27,10.73,0.3878333333333333,57.78599999999999,249.6871,24.054000000000016,3721.2892135797183,b1,81.84,81.84,3972.3337594934414
17.33,10.9,0.2888333333333333,58.07483333333332,188.897,23.76516666666668,4936.791690709755,b1,81.84,81.84,4577.077958204413
17.33,10.9,0.2888333333333333,58.36366666666666,188.897,23.476333333333343,4876.791690709754,b1,81.84,81.84,4567.706685804086
17.32,10.89,0.2886666666666667,58.65233333333333,188.6148,23.18766666666668,4819.607390300233,b1,81.84,81.84,4541.205112488678
17.3,10.88,0.2883333333333333,58.94066666666666,188.224,22.899333333333345,4765.179190751448,b1,81.84,81.84,4519.145000063763
17.3,10.87,0.2883333333333333,59.22899999999999,188.051,22.61100000000001,4705.179190751447,b1,81.84,81.84,4480.661732246087
20.38,10.74,0.3396666666666667,59.56866666666666,218.8812,22.271333333333345,3934.0922473012783,b1,81.84,81.84,3969.1714759229203
20.36,10.72,0.3393333333333333,59.907999999999994,218.2592,21.93200000000001,3877.956777996072,b1,81.84,81.84,3938.0468456139324
18.15,10.77,0.3025,60.2105,195.4755,21.629500000000007,4290.14876033058,b1,81.84,81.84,4160.618747480558
18.14,10.76,0.3023333333333333,60.51283333333333,195.1864,21.32716666666667,4232.513781697906,b1,81.84,81.84,4153.768569146828
18.12,10.74,0.302,60.81483333333333,194.6088,21.02516666666667,4177.185430463577,b1,81.84,81.84,4129.7544044677725
18.1,10.72,0.3016666666666667,61.1165,194.03200000000004,20.7235,4121.8011049723755,b1,81.84,81.84,4109.717008665615
18.08,10.7,0.3013333333333333,61.417833333333334,193.45599999999996,20.42216666666667,4066.360619469027,b1,81.84,81.84,4089.235270060324
18.06,10.68,0.301,61.718833333333336,192.8808,20.121166666666667,4010.863787375415,b1,81.84,81.84,4056.335591558336
18.04,10.66,0.3006666666666666,62.0195,192.3064,19.820500000000003,3955.310421286031,b1,81.84,81.84,4053.540964533637
18.02,10.64,0.3003333333333333,62.319833333333335,191.7328,19.520166666666668,3899.7003329633744,b1,81.84,81.84,4024.48046250542
18.0,10.62,0.3,62.61983333333333,191.16,19.22016666666667,3844.033333333334,b1,81.84,81.84,4027.0235396487374
12.74,10.82,0.2123333333333333,62.832166666666666,137.8468,19.007833333333338,5371.130298273156,b1,81.84,81.84,4822.503106544983
12.74,10.82,0.2123333333333333,63.0445,137.8468,18.795500000000004,5311.130298273157,b1,81.84,81.84,4801.908211175614
12.74,10.82,0.2123333333333333,63.25683333333333,137.8468,18.58316666666667,5251.130298273156,b1,81.84,81.84,4790.301983043336
12.74,10.82,0.2123333333333333,63.469166666666666,137.8468,18.370833333333337,5191.130298273157,b1,81.84,81.84,4787.754519235222
19.14,10.53,0.319,63.78816666666667,201.5442,18.051833333333335,3395.329153605016,b1,81.84,81.84,3711.475013169156
19.1,10.49,0.3183333333333333,64.1065,200.359,17.733500000000006,3342.439790575917,b1,81.84,81.84,3643.3298647551924
19.04,10.45,0.3173333333333333,64.42383333333333,198.968,17.41616666666667,3292.972689075631,b1,81.84,81.84,3575.8063892592754
19.0,10.41,0.3166666666666666,64.7405,197.79,17.099500000000006,3239.9052631578957,b1,81.84,81.84,3506.173772723941
18.94,10.37,0.3156666666666667,65.05616666666667,196.4078,16.783833333333334,3190.168954593453,b1,81.84,81.84,3464.957326001471
18.9,10.32,0.315,65.37116666666667,195.048,16.468833333333336,3136.9206349206356,b1,81.84,81.84,3464.5495516887936
20.24,10.19,0.3373333333333333,65.7085,206.24559999999997,16.131500000000003,2869.2391304347834,b1,81.84,81.84,3338.8109042360356
14.02,10.48,0.2336666666666666,65.94216666666667,146.9296,15.897833333333338,4082.1825962910143,b1,81.84,81.84,4139.486705507578
14.01,10.47,0.2334999999999999,66.17566666666667,146.68470000000002,15.664333333333332,4025.09635974304,b1,81.84,81.84,4139.764953272957
14.0,10.46,0.2333333333333333,66.409,146.44,15.430999999999996,3967.971428571428,b1,81.84,81.84,4076.771914368261
13.99,10.45,0.2331666666666666,66.64216666666667,146.19549999999998,15.197833333333335,3910.8077197998578,b1,81.84,81.84,4035.8371591864943
13.98,10.43,0.233,66.87516666666667,145.8114,14.964833333333331,3853.605150214592,b1,81.84,81.84,4016.8570995926266
16.03,10.28,0.2671666666666666,67.14233333333334,164.7884,14.697666666666665,3300.786026200872,b1,81.84,81.84,3565.565275658
15.96,10.19,0.266,67.40833333333335,162.6324,14.431666666666658,3255.263157894735,b1,81.84,81.84,3556.443298629822
8.55,10.67,0.1425,67.55083333333334,91.2285,14.28916666666666,6016.491228070172,b1,81.84,81.84,5596.76078362987
8.55,10.67,0.1425,67.69333333333334,91.2285,14.14666666666666,5956.491228070173,b1,81.84,81.84,5576.537880505906
8.56,10.71,0.1426666666666666,67.83600000000001,91.6776,14.00399999999999,5889.532710280369,b1,81.84,81.84,5586.8959468342555
8.57,10.72,0.1428333333333333,67.97883333333334,91.8704,13.861166666666662,5822.660443407232,b1,81.84,81.84,5553.018910087828
8.58,10.74,0.143,68.12183333333334,92.1492,13.718166666666662,5755.874125874124,b1,81.84,81.84,5495.637249153803
8.58,10.75,0.143,68.26483333333334,92.235,13.57516666666666,5695.874125874123,b1,81.84,81.84,5470.686157223555
8.59,10.75,0.1431666666666666,68.40800000000002,92.3425,13.431999999999988,5629.243306169959,b1,81.84,81.84,5463.248985312746
8.59,10.76,0.1431666666666666,68.55116666666669,92.4284,13.288833333333317,5569.243306169958,b1,81.84,81.84,5438.936678750042
8.59,10.77,0.1431666666666666,68.69433333333336,92.5143,13.145666666666642,5509.243306169955,b1,81.84,81.84,5409.432194057896
11.6,10.59,0.1933333333333333,68.88766666666669,122.844,12.952333333333314,4019.689655172408,b1,81.84,81.84,4082.4291525020917
11.59,10.57,0.1931666666666666,69.08083333333336,122.5063,12.759166666666644,3963.1578947368353,b1,81.84,81.84,4021.126074070803
11.58,10.56,0.193,69.27383333333336,122.2848,12.566166666666646,3906.5803108808223,b1,81.84,81.84,3999.522424836913
11.57,10.54,0.1928333333333333,69.4666666666667,121.9478,12.373333333333306,3849.956784788237,b1,81.84,81.84,3963.550713647826
11.56,10.53,0.1926666666666666,69.65933333333336,121.7268,12.18066666666664,3793.287197231825,b1,81.84,81.84,3931.983425167352
11.55,10.51,0.1925,69.85183333333336,121.3905,11.988166666666643,3736.5714285714207,b1,81.84,81.84,3915.5260074494577
11.54,10.5,0.1923333333333333,70.0441666666667,121.17,11.795833333333306,3679.809358752158,b1,81.84,81.84,3872.246649840974
15.19,10.26,0.2531666666666666,70.29733333333337,155.8494,11.542666666666634,2735.589203423297,b1,81.84,81.84,3127.6082690319504
15.11,10.16,0.2518333333333333,70.54916666666671,153.5176,11.290833333333296,2690.0727994705408,b1,81.84,81.84,3096.593330853342
15.0,10.04,0.25,70.79916666666671,150.6,11.040833333333296,2649.799999999991,b1,81.84,81.84,3005.7685111736546
9.12,10.52,0.152,70.95116666666671,95.9424,10.888833333333295,4298.223684210512,b1,81.84,81.84,4344.120892339167
9.12,10.54,0.152,71.10316666666671,96.12479999999998,10.736833333333294,4238.223684210511,b1,81.84,81.84,4243.034615760039
9.13,10.55,0.1521666666666666,71.25533333333338,96.3215,10.58466666666662,4173.58159912375,b1,81.84,81.84,4202.583379034364
9.13,10.55,0.1521666666666666,71.40750000000006,96.3215,10.432499999999948,4113.581599123747,b1,81.84,81.84,4149.714345441217
9.13,10.55,0.1521666666666666,71.55966666666673,96.3215,10.280333333333274,4053.581599123744,b1,81.84,81.84,4152.816212913204
6.84,10.7,0.114,71.67366666666673,73.18799999999999,10.16633333333327,5350.701754385931,b1,81.84,81.84,5027.784894744035
6.85,10.73,0.1141666666666666,71.7878333333334,73.5005,10.052166666666608,5282.890510948874,b1,81.84,81.84,4978.632179361591
6.86,10.75,0.1143333333333333,71.90216666666673,73.745,9.937833333333272,5215.1895043731465,b1,81.84,81.84,5037.741505621428
6.86,10.76,0.1143333333333333,72.01650000000006,73.81360000000001,9.82349999999994,5155.189504373146,b1,81.84,81.84,5072.567842868394
10.13,10.54,0.1688333333333333,72.1853333333334,106.7702,9.6546666666666,3431.0760118459784,b1,81.84,81.84,3656.964538189219
10.12,10.52,0.1686666666666666,72.35400000000007,106.4624,9.485999999999931,3374.466403162032,b1,81.84,81.84,3602.7045227702442
10.11,10.5,0.1684999999999999,72.52250000000006,106.155,9.31749999999994,3317.8041543026493,b1,81.84,81.84,3539.5420999557155
10.1,10.48,0.1683333333333333,72.6908333333334,105.848,9.149166666666602,3261.089108910868,b1,81.84,81.84,3438.963405191437
9.13,10.54,0.1521666666666666,72.84300000000007,96.2302,8.996999999999929,3547.557502738197,b1,81.84,81.84,3617.1960632477158
9.12,10.54,0.152,72.99500000000008,96.12479999999998,8.844999999999928,3491.4473684210247,b1,81.84,81.84,3585.282688128615
9.12,10.53,0.152,73.14700000000008,96.0336,8.692999999999927,3431.4473684210243,b1,81.84,81.84,3520.678067293321
9.11,10.52,0.1518333333333333,73.2988333333334,95.8372,8.541166666666598,3375.2140504939357,b1,81.84,81.84,3498.9041071854936
9.11,10.52,0.1518333333333333,73.45066666666673,95.8372,8.38933333333327,3315.2140504939375,b1,81.84,81.84,3488.3968121942735
6.81,10.66,0.1134999999999999,73.56416666666674,72.5946,8.275833333333267,4374.889867841375,b1,81.84,81.84,4094.2252942264245
7.94,10.6,0.1323333333333333,73.69650000000007,84.164,8.143499999999932,3692.267002518861,b1,81.84,81.84,3627.231034063318
7.94,10.6,0.1323333333333333,73.8288333333334,84.164,8.011166666666597,3632.26700251886,b1,81.84,81.84,3582.2418364504197
7.94,10.6,0.1323333333333333,73.96116666666674,84.164,7.878833333333262,3572.267002518859,b1,81.84,81.84,3479.1514305896135
7.94,10.6,0.1323333333333333,74.09350000000008,84.164,7.7464999999999264,3512.267002518858,b1,81.84,81.84,3443.203120120808
10.09,10.44,0.1681666666666666,74.26166666666674,105.3396,7.578333333333262,2703.8652130822343,b1,81.84,81.84,2828.884838342563
10.07,10.4,0.1678333333333333,74.42950000000008,104.728,7.410499999999928,2649.2353525322483,b1,81.84,81.84,2777.6071280843494
10.05,10.37,0.1675,74.59700000000008,104.2185,7.242999999999924,2594.50746268654,b1,81.84,81.84,2738.1802335402476
10.03,10.33,0.1671666666666666,74.76416666666674,103.6099,7.075833333333264,2539.68095712859,b1,81.84,81.84,2701.1723714765635
13.66,10.02,0.2276666666666666,74.9918333333334,136.8732,6.8481666666666,1804.7877013176983,b1,81.84,81.84,2139.5148964422206
8.4,10.34,0.14,75.1318333333334,86.85600000000001,6.7081666666666,2874.9285714285425,b1,81.84,81.84,2819.2454118530136
8.4,10.35,0.14,75.2718333333334,86.94,6.568166666666599,2814.9285714285425,b1,81.84,81.84,2782.40783753545
8.4,10.34,0.14,75.4118333333334,86.85600000000001,6.428166666666598,2754.928571428542,b1,81.84,81.84,2752.4115534489865
8.39,10.33,0.1398333333333333,75.55166666666673,86.6687,6.28833333333327,2698.2121573301274,b1,81.84,81.84,2691.146050215155
8.39,10.32,0.1398333333333333,75.69150000000006,86.5848,6.148499999999942,2638.2121573301297,b1,81.84,81.84,2674.5927798964804
9.33,10.17,0.1555,75.84700000000007,94.8861,5.992999999999938,2312.411575562677,b1,81.84,81.84,2529.2326259639453
9.25,10.03,0.1541666666666666,76.00116666666673,92.7775,5.83883333333327,2272.4108108107857,b1,81.84,81.84,2430.6501724168616
9.17,9.89,0.1528333333333333,76.15400000000007,90.6913,5.685999999999936,2232.235550708808,b1,81.84,81.84,2361.599543330205
6.74,10.12,0.1123333333333333,76.2663333333334,68.2088,5.573666666666597,2977.032640949518,b1,81.84,81.84,2753.7814960600012
6.74,10.15,0.1123333333333333,76.37866666666675,68.411,5.461333333333258,2917.032640949514,b1,81.84,81.84,2712.2591068131583
6.74,10.16,0.1123333333333333,76.49100000000008,68.47840000000001,5.3489999999999185,2857.0326409495115,b1,81.84,81.84,2692.460941541841
6.74,10.15,0.1123333333333333,76.60333333333342,68.411,5.236666666666579,2797.0326409495083,b1,81.84,81.84,2664.649076776597
6.74,10.15,0.1123333333333333,76.71566666666676,68.411,5.12433333333324,2737.032640949505,b1,81.84,81.84,2648.542682899739
8.35,9.87,0.1391666666666666,76.85483333333343,82.41449999999999,4.985166666666572,2149.293413173612,b1,81.84,81.84,2275.80761720081
8.31,9.78,0.1385,76.99333333333342,81.2718,4.846666666666579,2099.6389891696367,b1,81.84,81.84,2177.222815040225
8.29,9.72,0.1381666666666666,77.13150000000009,80.5788,4.7084999999999155,2044.7044632086488,b1,81.84,81.84,2102.0209567996526
8.27,9.67,0.1378333333333333,77.26933333333342,79.9709,4.5706666666665825,1989.6493349455495,b1,81.84,81.84,2077.854648459908
6.11,9.93,0.1018333333333333,77.37116666666675,60.6723,4.468833333333251,2633.0278232405403,b1,81.84,81.84,2420.1858764312024
6.12,9.97,0.102,77.47316666666676,61.0164,4.366833333333247,2568.7254901960277,b1,81.84,81.84,2432.0214639192445
5.47,10.08,0.0911666666666666,77.56433333333342,55.1376,4.275666666666581,2813.9670932357753,b1,81.84,81.84,2720.0253943208236
5.49,10.13,0.0915,77.65583333333342,55.61370000000001,4.184166666666584,2743.7158469944816,b1,81.84,81.84,2695.7955254597837
5.51,10.18,0.0918333333333333,77.74766666666675,56.0918,4.092333333333258,2673.7568058075735,b1,81.84,81.84,2598.969439190376
5.51,10.22,0.0918333333333333,77.83950000000007,56.3122,4.000499999999931,2613.7568058075776,b1,81.84,81.84,2500.113293801304
7.64,9.89,0.1273333333333333,77.96683333333341,75.5596,3.873166666666592,1825.0523560209072,b1,81.84,81.84,1959.8135148154072
8.27,9.73,0.1378333333333333,78.10466666666674,80.4671,3.7353333333332586,1626.021765417138,b1,81.84,81.84,1819.7950193832023
8.24,9.64,0.1373333333333333,78.24200000000008,79.43360000000001,3.597999999999928,1571.9417475727842,b1,81.84,81.84,1760.2142627786375
6.03,9.84,0.1005,78.34250000000007,59.3352,3.497499999999931,2088.059701492496,b1,81.84,81.84,1986.119529916891
6.03,9.81,0.1005,78.44300000000007,59.154300000000006,3.3969999999999345,2028.059701492498,b1,81.84,81.84,1981.77919313424
6.02,9.79,0.1003333333333333,78.54333333333341,58.93579999999999,3.296666666666596,1971.4285714285293,b1,81.84,81.84,1952.9093119327572
6.01,9.77,0.1001666666666666,78.64350000000007,58.717699999999994,3.1964999999999293,1914.708818635565,b1,81.84,81.84,1919.2365235121952
6.01,9.76,0.1001666666666666,78.74366666666674,58.657599999999995,3.0963333333332628,1854.7088186355652,b1,81.84,81.84,1861.1185276607505
6.01,9.74,0.1001666666666666,78.84383333333341,58.5374,2.9961666666665963,1794.7088186355652,b1,81.84,81.84,1838.350657279244
6.68,9.65,0.1113333333333333,78.95516666666674,64.462,2.884833333333262,1554.7005988023568,b1,81.84,81.84,1617.9191196514987
6.66,9.63,0.111,79.06616666666675,64.1358,2.7738333333332577,1499.3693693693283,b1,81.84,81.84,1540.2691864276005
6.66,9.62,0.111,79.17716666666675,64.0692,2.6628333333332534,1439.3693693693265,b1,81.84,81.84,1498.4847710419149
6.64,9.61,0.1106666666666666,79.28783333333341,63.810399999999994,2.5521666666665936,1383.704819277069,b1,81.84,81.84,1456.5846227279912
6.66,9.6,0.111,79.39883333333341,63.936,2.4411666666665894,1319.549549549508,b1,81.84,81.84,1392.507872833752
6.66,9.59,0.111,79.50983333333342,63.8694,2.3301666666665852,1259.5495495495056,b1,81.84,81.84,1296.2945330001232
8.19,9.42,0.1364999999999999,79.64633333333342,77.1498,2.193666666666587,964.2490842490494,b1,81.84,81.84,1141.4364660193055
5.0,12.5,0.0833333333333333,0.0833333333333333,62.5,84.91666666666667,61140.0,b5,85.0,85.0,59928.61218218657
5.0,12.43,0.0833333333333333,0.1666666666666666,62.15,84.83333333333333,61080.0,b5,85.0,85.0,60126.70736438016
5.0,12.38,0.0833333333333333,0.25,61.900000000000006,84.75,61020.0,b5,85.0,85.0,60010.801118004594
5.0,12.38,0.0833333333333333,0.3333333333333333,61.900000000000006,84.66666666666667,60960.0,b5,85.0,85.0,59983.6011180046
7.0,12.3,0.1166666666666666,0.4499999999999999,86.10000000000001,84.55,43482.857142857145,b5,85.0,85.0,40385.386586014036
7.0,12.28,0.1166666666666666,0.5666666666666667,85.96,84.43333333333334,43422.857142857145,b5,85.0,85.0,40329.408640034366
7.0,12.29,0.1166666666666666,0.6833333333333333,86.03,84.31666666666666,43362.857142857145,b5,85.0,85.0,40173.69676538322
8.0,12.29,0.1333333333333333,0.8166666666666667,98.32,84.18333333333334,37882.5,b5,85.0,85.0,37595.11781492228
8.0,12.3,0.1333333333333333,0.95,98.4,84.05,37822.5,b5,85.0,85.0,37791.92566964985
8.0,12.3,0.1333333333333333,1.0833333333333333,98.4,83.91666666666667,37762.5,b5,85.0,85.0,37777.725669649844
8.0,12.31,0.1333333333333333,1.2166666666666666,98.48,83.78333333333333,37702.5,b5,85.0,85.0,37751.86527537421
8.0,12.31,0.1333333333333333,1.35,98.48,83.65,37642.5,b5,85.0,85.0,37744.119970298074
8.0,12.31,0.1333333333333333,1.4833333333333332,98.48,83.51666666666667,37582.5,b5,85.0,85.0,37744.815870278544
10.0,12.27,0.1666666666666666,1.65,122.7,83.35,30006.0,b5,85.0,85.0,29797.13695196527
10.0,12.27,0.1666666666666666,1.8166666666666669,122.7,83.18333333333334,29946.0,b5,85.0,85.0,29629.211606007186
0.14,12.26,0.0023333333333333,1.819,1.7164,83.181,2138939.9999999995,b5,85.0,85.0,1887166.1956358957
0.14,12.26,0.0023333333333333,1.8213333333333332,1.7164,83.17866666666667,2138880.0,b5,85.0,85.0,1887140.9956358958
11.8,12.24,0.1966666666666666,2.018,144.43200000000002,82.982,25316.542372881355,b5,85.0,85.0,25187.59776032684
11.8,12.24,0.1966666666666666,2.2146666666666666,144.43200000000002,82.78533333333333,25256.54237288135,b5,85.0,85.0,25127.11149780055
11.8,12.24,0.1966666666666666,2.4113333333333333,144.43200000000002,82.58866666666667,25196.542372881355,b5,85.0,85.0,25108.71149780055
11.8,12.25,0.1966666666666666,2.608,144.55,82.392,25136.542372881355,b5,85.0,85.0,25052.410329695795
11.8,12.25,0.1966666666666666,2.804666666666667,144.55,82.19533333333334,25076.542372881355,b5,85.0,85.0,24994.88654020056
13.36,12.22,0.2226666666666666,3.0273333333333334,163.2592,81.97266666666667,22088.443113772457,b5,85.0,85.0,21894.844702641934
13.36,12.22,0.2226666666666666,3.25,163.2592,81.75,22028.443113772457,b5,85.0,85.0,21852.22334234403
13.36,12.22,0.2226666666666666,3.4726666666666666,163.2592,81.52733333333333,21968.443113772453,b5,85.0,85.0,21785.1666643899
13.36,12.22,0.2226666666666666,3.695333333333333,163.2592,81.30466666666666,21908.443113772457,b5,85.0,85.0,21715.860460629985
23.38,12.04,0.3896666666666666,4.085,281.49519999999995,80.915,12459.110350727118,b5,85.0,85.0,12368.635795698028
23.38,12.02,0.3896666666666666,4.474666666666667,281.02759999999995,80.52533333333334,12399.110350727118,b5,85.0,85.0,12310.013737393192
5.32,12.39,0.0886666666666666,4.5633333333333335,65.9148,80.43666666666667,54430.82706766917,b5,85.0,85.0,54092.426375159506
5.32,12.42,0.0886666666666666,4.652,66.0744,80.348,54370.82706766917,b5,85.0,85.0,54187.625097946795
5.32,12.42,0.0886666666666666,4.740666666666667,66.0744,80.25933333333333,54310.82706766917,b5,85.0,85.0,54173.02509794679
5.32,12.42,0.0886666666666666,4.8293333333333335,66.0744,80.17066666666666,54250.82706766916,b5,85.0,85.0,54153.02509794679
5.32,12.42,0.0886666666666666,4.918,66.0744,80.082,54190.82706766916,b5,85.0,85.0,54137.79344956941
23.8,12.04,0.3966666666666666,5.314666666666667,286.55199999999996,79.68533333333333,12053.243697478993,b5,85.0,85.0,11995.508464479106
23.8,12.01,0.3966666666666666,5.711333333333333,285.838,79.28866666666667,11993.243697478993,b5,85.0,85.0,11956.533888718464
23.8,12.0,0.3966666666666666,6.108,285.6,78.892,11933.243697478993,b5,85.0,85.0,11968.244224824239
23.8,12.01,0.3966666666666666,6.504666666666666,285.838,78.49533333333333,11873.243697478993,b5,85.0,85.0,11919.487756958002
23.8,12.01,0.3966666666666666,6.901333333333333,285.838,78.09866666666667,11813.243697478993,b5,85.0,85.0,11908.007539518067
23.8,12.01,0.3966666666666666,7.297999999999999,285.838,77.702,11753.243697478993,b5,85.0,85.0,11901.990285131567
15.24,12.15,0.254,7.552,185.166,77.44800000000001,18294.8031496063,b5,85.0,85.0,18261.31814890325
15.24,12.15,0.254,7.805999999999999,185.166,77.194,18234.8031496063,b5,85.0,85.0,18200.188584976506
15.24,12.15,0.254,8.059999999999999,185.166,76.94,18174.803149606298,b5,85.0,85.0,18186.882278379766
15.24,12.15,0.254,8.313999999999998,185.166,76.686,18114.8031496063,b5,85.0,85.0,18158.785899552237
17.21,12.11,0.2868333333333333,8.600833333333332,208.4131,76.39916666666667,15981.231841952353,b5,85.0,85.0,15778.507487265902
17.21,12.1,0.2868333333333333,8.887666666666666,208.241,76.11233333333334,15921.231841952354,b5,85.0,85.0,15774.073271207433
17.21,12.1,0.2868333333333333,9.1745,208.241,75.8255,15861.231841952354,b5,85.0,85.0,15760.505410413012
15.58,12.13,0.2596666666666666,9.434166666666666,188.98540000000003,75.56583333333333,17460.654685494224,b5,85.0,85.0,17437.258436805932
15.58,12.13,0.2596666666666666,9.693833333333332,188.98540000000003,75.30616666666667,17400.654685494224,b5,85.0,85.0,17317.90705046245
15.58,12.13,0.2596666666666666,9.953499999999998,188.98540000000003,75.04650000000001,17340.654685494224,b5,85.0,85.0,17288.124953678936
15.58,12.13,0.2596666666666666,10.213166666666664,188.98540000000003,74.78683333333333,17280.65468549422,b5,85.0,85.0,17273.213774135285
6.14,12.33,0.1023333333333333,10.315499999999998,75.7062,74.6845,43788.95765472313,b5,85.0,85.0,43186.19663036058
6.14,12.35,0.1023333333333333,10.417833333333332,75.829,74.58216666666667,43728.957654723126,b5,85.0,85.0,43156.19663036059
6.14,12.35,0.1023333333333333,10.520166666666666,75.829,74.47983333333333,43668.95765472313,b5,85.0,85.0,43109.05222797775
6.14,12.35,0.1023333333333333,10.6225,75.829,74.3775,43608.957654723126,b5,85.0,85.0,42985.60035841877
6.14,12.36,0.1023333333333333,10.724833333333336,75.8904,74.27516666666666,43548.957654723126,b5,85.0,85.0,42807.107855289134
22.01,12.0,0.3668333333333333,11.091666666666669,264.12,73.90833333333333,12088.596092685142,b5,85.0,85.0,11927.91909654556
22.01,11.99,0.3668333333333333,11.458500000000004,263.8999,73.5415,12028.596092685144,b5,85.0,85.0,11934.1835468404
22.01,11.98,0.3668333333333333,11.825333333333337,263.6798,73.17466666666667,11968.596092685142,b5,85.0,85.0,11895.276190610182
22.01,11.97,0.3668333333333333,12.19216666666667,263.45970000000005,72.80783333333333,11908.596092685142,b5,85.0,85.0,11811.429197543779
22.01,11.96,0.3668333333333333,12.559000000000005,263.23960000000005,72.441,11848.596092685142,b5,85.0,85.0,11790.087453960059
5.43,12.33,0.0905,12.649500000000003,66.9519,72.3505,47967.18232044199,b5,85.0,85.0,48198.8265549509
5.43,12.35,0.0905,12.740000000000006,67.06049999999999,72.25999999999999,47907.182320441985,b5,85.0,85.0,48330.26425641968
8.37,12.29,0.1394999999999999,12.879500000000004,102.8673,72.12049999999999,31019.56989247312,b5,85.0,85.0,31149.44055970681
8.37,12.27,0.1394999999999999,13.019000000000004,102.6999,71.981,30959.56989247312,b5,85.0,85.0,31073.91787072228
8.37,12.27,0.1394999999999999,13.158500000000004,102.6999,71.8415,30899.56989247312,b5,85.0,85.0,30911.72148532647
8.37,12.27,0.1394999999999999,13.298000000000004,102.6999,71.702,30839.56989247312,b5,85.0,85.0,30811.390095579576
9.36,12.25,0.156,13.454000000000006,114.66,71.54599999999999,27517.69230769231,b5,85.0,85.0,27351.804873031484
9.36,12.24,0.156,13.610000000000008,114.5664,71.38999999999999,27457.692307692305,b5,85.0,85.0,27267.446726545306
9.36,12.24,0.156,13.766000000000007,114.5664,71.234,27397.69230769231,b5,85.0,85.0,27248.446726545306
9.36,12.24,0.156,13.922000000000008,114.5664,71.07799999999999,27337.692307692305,b5,85.0,85.0,27210.952888494023
9.36,12.24,0.156,14.078000000000008,114.5664,70.922,27277.69230769231,b5,85.0,85.0,27176.828495907826
9.36,12.24,0.156,14.234000000000009,114.5664,70.76599999999999,27217.69230769231,b5,85.0,85.0,27133.107292218843
9.95,12.22,0.1658333333333333,14.399833333333342,121.589,70.60016666666665,25543.77889447236,b5,85.0,85.0,25599.7948434818
9.95,12.22,0.1658333333333333,14.565666666666676,121.589,70.43433333333333,25483.77889447236,b5,85.0,85.0,25551.36912175762
9.95,12.22,0.1658333333333333,14.73150000000001,121.589,70.26849999999999,25423.77889447236,b5,85.0,85.0,25520.83470646114
9.95,12.22,0.1658333333333333,14.897333333333345,121.589,70.10266666666666,25363.77889447236,b5,85.0,85.0,25552.58160070165
9.95,12.22,0.1658333333333333,15.063166666666676,121.589,69.93683333333333,25303.77889447236,b5,85.0,85.0,25504.345806191424
14.34,12.13,0.239,15.302166666666675,173.94420000000002,69.69783333333332,17497.3640167364,b5,85.0,85.0,17462.812588629335
14.34,12.12,0.239,15.541166666666678,173.80079999999998,69.45883333333332,17437.364016736396,b5,85.0,85.0,17324.980047184767
18.36,12.01,0.306,15.847166666666675,220.5036,69.15283333333332,13559.37908496732,b5,85.0,85.0,13435.28764629028
18.36,12.01,0.306,16.153166666666678,220.5036,68.84683333333332,13499.37908496732,b5,85.0,85.0,13422.552460060142
18.36,12.01,0.306,16.45916666666668,220.5036,68.54083333333332,13439.37908496732,b5,85.0,85.0,13402.63678814001
18.36,12.0,0.306,16.76516666666668,220.32,68.23483333333331,13379.379084967317,b5,85.0,85.0,13300.44932381218
18.36,12.0,0.306,17.07116666666668,220.32,67.92883333333332,13319.379084967317,b5,85.0,85.0,13238.59763363139
22.9,11.91,0.3816666666666666,17.45283333333335,272.739,67.54716666666666,10618.768558951964,b5,85.0,85.0,10587.853872828837
22.9,11.89,0.3816666666666666,17.834500000000016,272.281,67.16549999999998,10558.768558951962,b5,85.0,85.0,10466.345815706267
22.9,11.88,0.3816666666666666,18.216166666666684,272.052,66.78383333333332,10498.768558951964,b5,85.0,85.0,10379.86478078401
20.81,11.91,0.3468333333333333,18.563000000000017,247.8471,66.43699999999998,11493.185968284475,b5,85.0,85.0,11324.17835280075
20.81,11.89,0.3468333333333333,18.90983333333335,247.4309,66.09016666666665,11433.185968284475,b5,85.0,85.0,11224.749448948483
20.81,11.88,0.3468333333333333,19.25666666666668,247.2228,65.74333333333331,11373.185968284475,b5,85.0,85.0,11112.937092947555
20.81,11.88,0.3468333333333333,19.603500000000015,247.2228,65.39649999999999,11313.185968284475,b5,85.0,85.0,11095.37075636874
20.81,11.87,0.3468333333333333,19.950333333333347,247.0147,65.04966666666665,11253.185968284475,b5,85.0,85.0,11072.180227005372
20.81,11.87,0.3468333333333333,20.29716666666668,247.0147,64.70283333333332,11193.185968284475,b5,85.0,85.0,11013.960007979576
6.58,12.21,0.1096666666666666,20.406833333333346,80.3418,64.59316666666666,35339.726443768996,b5,85.0,85.0,35021.81482955812
6.58,12.22,0.1096666666666666,20.51650000000001,80.4076,64.48349999999999,35279.726443768996,b5,85.0,85.0,35021.49942746829
6.58,12.22,0.1096666666666666,20.626166666666677,80.4076,64.37383333333332,35219.72644376899,b5,85.0,85.0,35008.29942746829
6.58,12.22,0.1096666666666666,20.735833333333343,80.4076,64.26416666666665,35159.72644376899,b5,85.0,85.0,34997.76771181109
6.58,12.23,0.1096666666666666,20.84550000000001,80.4734,64.15449999999998,35099.72644376899,b5,85.0,85.0,35062.5344402339
6.58,12.23,0.1096666666666666,20.95516666666667,80.4734,64.04483333333333,35039.726443768996,b5,85.0,85.0,35119.66783599222
6.56,12.23,0.1093333333333333,21.06450000000001,80.22879999999999,63.93549999999999,35086.55487804877,b5,85.0,85.0,35085.652934961705
6.56,12.23,0.1093333333333333,21.173833333333334,80.22879999999999,63.826166666666666,35026.55487804878,b5,85.0,85.0,35075.83340886636
6.56,12.23,0.1093333333333333,21.28316666666667,80.22879999999999,63.71683333333333,34966.55487804878,b5,85.0,85.0,35063.94559842823
6.56,12.23,0.1093333333333333,21.3925,80.22879999999999,63.6075,34906.55487804878,b5,85.0,85.0,35034.16997755196
6.56,12.23,0.1093333333333333,21.501833333333337,80.22879999999999,63.49816666666666,34846.55487804878,b5,85.0,85.0,34934.36535827974
6.56,12.23,0.1093333333333333,21.611166666666666,80.22879999999999,63.38883333333334,34786.55487804879,b5,85.0,85.0,34868.54198168129
5.8,12.26,0.0966666666666666,21.707833333333333,71.10799999999999,63.29216666666667,39284.793103448275,b5,85.0,85.0,38620.61260003228
5.8,12.28,0.0966666666666666,21.8045,71.22399999999999,63.1955,39224.793103448275,b5,85.0,85.0,38779.82995075454
5.8,12.28,0.0966666666666666,21.90116666666667,71.22399999999999,63.09883333333333,39164.793103448275,b5,85.0,85.0,38818.73173511424
5.8,12.28,0.0966666666666666,21.997833333333336,71.22399999999999,63.00216666666667,39104.79310344828,b5,85.0,85.0,38769.02196877676
22.3,11.87,0.3716666666666667,22.3695,264.70099999999996,62.6305,10110.7533632287,b5,85.0,85.0,10099.887602112462
22.3,11.82,0.3716666666666667,22.74116666666667,263.586,62.25883333333333,10050.7533632287,b5,85.0,85.0,10028.518675880512
22.3,11.81,0.3716666666666667,23.112833333333334,263.363,61.887166666666666,9990.7533632287,b5,85.0,85.0,10029.952357391221
22.3,11.81,0.3716666666666667,23.4845,263.363,61.5155,9930.7533632287,b5,85.0,85.0,10003.266637037797
22.3,11.81,0.3716666666666667,23.856166666666667,263.363,61.14383333333333,9870.7533632287,b5,85.0,85.0,9985.637995700914
8.01,12.13,0.1335,23.98966666666667,97.1613,61.010333333333335,27420.37453183521,b5,85.0,85.0,27034.558579033397
8.01,12.15,0.1335,24.12316666666667,97.3215,60.87683333333333,27360.374531835205,b5,85.0,85.0,27165.830725574942
8.01,12.15,0.1335,24.25666666666667,97.3215,60.743333333333325,27300.374531835205,b5,85.0,85.0,27139.630725574945
8.01,12.15,0.1335,24.390166666666673,97.3215,60.60983333333333,27240.3745318352,b5,85.0,85.0,27106.430725574945
8.01,12.15,0.1335,24.52366666666667,97.3215,60.47633333333333,27180.374531835205,b5,85.0,85.0,27096.030725574943
10.66,12.08,0.1776666666666666,24.70133333333334,128.7728,60.29866666666666,20363.527204502818,b5,85.0,85.0,20315.958318572586
10.66,12.08,0.1776666666666666,24.87900000000001,128.7728,60.120999999999995,20303.52720450281,b5,85.0,85.0,20268.353897154437
10.66,12.07,0.1776666666666666,25.056666666666676,128.6662,59.94333333333333,20243.52720450281,b5,85.0,85.0,20170.200884091086
10.66,12.08,0.1776666666666666,25.234333333333343,128.7728,59.76566666666666,20183.52720450281,b5,85.0,85.0,20221.957581254985
10.66,12.07,0.1776666666666666,25.41200000000001,128.6662,59.587999999999994,20123.527204502818,b5,85.0,85.0,20168.455223236837
10.66,12.07,0.1776666666666666,25.589666666666677,128.6662,59.41033333333333,20063.527204502818,b5,85.0,85.0,20106.029727191737
12.73,12.02,0.2121666666666666,25.801833333333345,153.0146,59.19816666666665,16741.03692065985,b5,85.0,85.0,16714.808209576244
12.73,12.01,0.2121666666666666,26.014000000000017,152.8873,58.98599999999999,16681.036920659855,b5,85.0,85.0,16693.696464246488
12.73,12.0,0.2121666666666666,26.22616666666668,152.76,58.773833333333314,16621.03692065985,b5,85.0,85.0,16625.560146004023
13.12,11.99,0.2186666666666666,26.44483333333335,157.3088,58.55516666666665,16066.966463414632,b5,85.0,85.0,16225.002822440158
13.12,11.99,0.2186666666666666,26.663500000000017,157.3088,58.33649999999999,16006.966463414632,b5,85.0,85.0,16181.641124231446
18.84,11.85,0.314,26.977500000000017,223.254,58.02249999999998,11087.101910828022,b5,85.0,85.0,10865.878695054867
18.84,11.83,0.314,27.291500000000017,222.8772,57.70849999999999,11027.101910828023,b5,85.0,85.0,10801.515346575916
18.84,11.81,0.314,27.605500000000017,222.5004,57.39449999999998,10967.101910828022,b5,85.0,85.0,10745.257809687231
19.69,11.79,0.3281666666666666,27.933666666666685,232.1451,57.06633333333332,10433.661757237174,b5,85.0,85.0,10317.643898797558
19.69,11.78,0.3281666666666666,28.261833333333353,231.9482,56.73816666666664,10373.66175723717,b5,85.0,85.0,10271.860523164236
19.69,11.77,0.3281666666666666,28.59000000000002,231.7513,56.40999999999998,10313.661757237172,b5,85.0,85.0,10221.760686736909
19.69,11.8,0.3281666666666666,28.91816666666669,232.34200000000004,56.08183333333331,10253.66175723717,b5,85.0,85.0,10217.484173300063
19.69,11.8,0.3281666666666666,29.246333333333357,232.34200000000004,55.753666666666646,10193.661757237172,b5,85.0,85.0,10150.720598291837
8.28,12.06,0.1379999999999999,29.38433333333336,99.8568,55.61566666666664,24180.72463768115,b5,85.0,85.0,24217.07788798893
8.28,12.06,0.1379999999999999,29.52233333333336,99.8568,55.47766666666664,24120.72463768115,b5,85.0,85.0,24167.253127096104
8.28,12.07,0.1379999999999999,29.66033333333336,99.9396,55.33966666666664,24060.72463768115,b5,85.0,85.0,24139.423518179585
8.28,12.07,0.1379999999999999,29.798333333333364,99.9396,55.20166666666664,24000.72463768115,b5,85.0,85.0,24108.00143114764
8.28,12.07,0.1379999999999999,29.93633333333337,99.9396,55.063666666666634,23940.72463768115,b5,85.0,85.0,24067.25123152437
8.28,12.07,0.1379999999999999,30.074333333333367,99.9396,54.92566666666663,23880.724637681145,b5,85.0,85.0,24054.45123152437
5.93,12.14,0.0988333333333333,30.173166666666702,71.9902,54.8268333333333,33284.4182124789,b5,85.0,85.0,32826.7839494763
5.93,12.14,0.0988333333333333,30.27200000000003,71.9902,54.727999999999966,33224.4182124789,b5,85.0,85.0,32886.096067338134
5.93,12.14,0.0988333333333333,30.37083333333337,71.9902,54.629166666666634,33164.4182124789,b5,85.0,85.0,32865.89606733813
22.02,11.75,0.367,30.737833333333366,258.735,54.26216666666663,8871.198910081739,b5,85.0,85.0,8742.575689569145
22.02,11.73,0.367,31.104833333333367,258.2946,53.89516666666663,8811.198910081739,b5,85.0,85.0,8586.62722406763
22.02,11.72,0.367,31.471833333333368,258.0744,53.528166666666635,8751.198910081739,b5,85.0,85.0,8556.505729285473
22.02,11.72,0.367,31.83883333333337,258.0744,53.16116666666663,8691.198910081737,b5,85.0,85.0,8495.373825902912
7.64,12.05,0.1273333333333333,31.9661666666667,92.062,53.0338333333333,24989.764397905743,b5,85.0,85.0,24916.65266907042
7.64,12.06,0.1273333333333333,32.093500000000034,92.1384,52.906499999999966,24929.764397905743,b5,85.0,85.0,25020.817631578146
7.64,12.06,0.1273333333333333,32.22083333333337,92.1384,52.77916666666663,24869.764397905747,b5,85.0,85.0,25013.518965852152
6.06,12.1,0.1009999999999999,32.321833333333366,73.326,52.678166666666634,31293.960396039587,b5,85.0,85.0,30972.768634139382
6.06,12.11,0.1009999999999999,32.422833333333365,73.38659999999999,52.577166666666635,31233.960396039583,b5,85.0,85.0,30948.754623793942
6.06,12.11,0.1009999999999999,32.523833333333364,73.38659999999999,52.47616666666664,31173.960396039587,b5,85.0,85.0,30799.629511951593
6.06,12.11,0.1009999999999999,32.62483333333336,73.38659999999999,52.37516666666664,31113.960396039587,b5,85.0,85.0,30775.55352253447
9.42,12.03,0.157,32.78183333333336,113.3226,52.21816666666664,19955.98726114649,b5,85.0,85.0,19964.768346558463
9.42,12.01,0.157,32.938833333333356,113.1342,52.06116666666664,19895.98726114649,b5,85.0,85.0,20030.765330353766
9.42,12.01,0.157,33.09583333333335,113.1342,51.90416666666665,19835.987261146493,b5,85.0,85.0,20007.61792063278
11.37,11.91,0.1894999999999999,33.285333333333355,135.4167,51.714666666666645,16374.03693931398,b5,85.0,85.0,16509.76770192504
11.37,11.9,0.1894999999999999,33.47483333333336,135.303,51.52516666666664,16314.03693931398,b5,85.0,85.0,16121.074001006022
11.37,11.9,0.1894999999999999,33.66433333333336,135.303,51.33566666666664,16254.036939313975,b5,85.0,85.0,16009.951021378241
11.37,11.9,0.1894999999999999,33.85383333333336,135.303,51.14616666666664,16194.036939313975,b5,85.0,85.0,15793.92765608451
11.37,11.91,0.1894999999999999,34.043333333333365,135.4167,50.956666666666635,16134.036939313975,b5,85.0,85.0,15847.554872492834
18.89,11.76,0.3148333333333333,34.3581666666667,222.1464,50.6418333333333,9651.169931180511,b5,85.0,85.0,9674.387721242903
18.89,11.75,0.3148333333333333,34.67300000000003,221.9575,50.32699999999997,9591.169931180511,b5,85.0,85.0,9564.776081294307
22.67,11.64,0.3778333333333333,35.050833333333365,263.8788,49.949166666666635,7931.936479929416,b5,85.0,85.0,7824.641080887463
22.67,11.63,0.3778333333333333,35.4286666666667,263.6521,49.5713333333333,7871.936479929416,b5,85.0,85.0,7795.814528373408
22.67,11.63,0.3778333333333333,35.806500000000035,263.6521,49.193499999999965,7811.936479929415,b5,85.0,85.0,7768.658565648267
22.67,11.61,0.3778333333333333,36.18433333333337,263.19870000000003,48.81566666666663,7751.936479929416,b5,85.0,85.0,7609.328612528153
22.67,11.6,0.3778333333333333,36.562166666666705,262.97200000000004,48.437833333333295,7691.936479929415,b5,85.0,85.0,7536.313376955141
5.34,12.07,0.089,36.651166666666704,64.4538,48.348833333333296,32594.719101123577,b5,85.0,85.0,31785.080824179462
5.34,12.06,0.089,36.7401666666667,64.4004,48.2598333333333,32534.719101123577,b5,85.0,85.0,31614.75651114457
5.34,12.07,0.089,36.8291666666667,64.4538,48.1708333333333,32474.719101123577,b5,85.0,85.0,31780.22725188589
5.34,12.07,0.089,36.9181666666667,64.4538,48.0818333333333,32414.719101123577,b5,85.0,85.0,31762.71449039873
22.64,11.6,0.3773333333333333,37.29550000000003,262.624,47.70449999999997,7585.521201413423,b5,85.0,85.0,7471.388669793698
22.64,11.59,0.3773333333333333,37.672833333333365,262.3976,47.327166666666635,7525.521201413421,b5,85.0,85.0,7414.901972624234
22.64,11.58,0.3773333333333333,38.0501666666667,262.1712,46.9498333333333,7465.521201413422,b5,85.0,85.0,7375.125682963298
22.64,11.56,0.3773333333333333,38.42750000000003,261.71840000000003,46.57249999999997,7405.521201413422,b5,85.0,85.0,7320.194921267494
6.05,12.01,0.1008333333333333,38.52833333333336,72.6605,46.47166666666664,27652.561983471056,b5,85.0,85.0,27429.56287984438
6.05,12.02,0.1008333333333333,38.6291666666667,72.72099999999999,46.3708333333333,27592.561983471056,b5,85.0,85.0,27441.43474464543
6.05,12.02,0.1008333333333333,38.73000000000003,72.72099999999999,46.26999999999997,27532.561983471056,b5,85.0,85.0,27427.048754990872
6.05,12.02,0.1008333333333333,38.830833333333366,72.72099999999999,46.169166666666634,27472.561983471056,b5,85.0,85.0,27403.448754990874
6.05,12.02,0.1008333333333333,38.9316666666667,72.72099999999999,46.0683333333333,27412.561983471056,b5,85.0,85.0,27377.555760163596
6.05,12.02,0.1008333333333333,39.032500000000034,72.72099999999999,45.967499999999966,27352.561983471056,b5,85.0,85.0,27241.655555377776
12.27,11.83,0.2045,39.23700000000004,145.1541,45.76299999999996,13426.79706601466,b5,85.0,85.0,13233.006799306433
12.27,11.82,0.2045,39.44150000000004,145.0314,45.55849999999996,13366.797066014658,b5,85.0,85.0,13172.063350007367
12.27,11.82,0.2045,39.64600000000004,145.0314,45.35399999999996,13306.797066014658,b5,85.0,85.0,13146.633663596216
12.27,11.8,0.2045,39.850500000000046,144.786,45.149499999999954,13246.797066014657,b5,85.0,85.0,12989.899778601208
12.27,11.81,0.2045,40.05500000000005,144.9087,44.94499999999995,13186.797066014657,b5,85.0,85.0,13084.414599562715
19.36,11.65,0.3226666666666666,40.37766666666671,225.544,44.62233333333329,8297.541322314042,b5,85.0,85.0,8145.868915226009
19.36,11.64,0.3226666666666666,40.700333333333376,225.3504,44.299666666666624,8237.541322314042,b5,85.0,85.0,8105.646975301876
19.36,11.62,0.3226666666666666,41.02300000000004,224.96319999999997,43.97699999999996,8177.541322314043,b5,85.0,85.0,8029.048101724879
19.36,11.62,0.3226666666666666,41.3456666666667,224.96319999999997,43.6543333333333,8117.541322314042,b5,85.0,85.0,7977.980465429556
17.69,11.66,0.2948333333333333,41.64050000000004,206.26540000000003,43.35949999999996,8823.866591294509,b5,85.0,85.0,8512.461164156912
17.69,11.66,0.2948333333333333,41.935333333333375,206.26540000000003,43.064666666666625,8763.866591294507,b5,85.0,85.0,8491.112957873844
17.69,11.64,0.2948333333333333,42.23016666666671,205.9116,42.76983333333329,8703.866591294507,b5,85.0,85.0,8436.186101373565
16.04,11.68,0.2673333333333333,42.497500000000045,187.3472,42.502499999999955,9539.214463840388,b5,85.0,85.0,9435.70042684006
16.04,11.67,0.2673333333333333,42.76483333333338,187.1868,42.23516666666662,9479.21446384039,b5,85.0,85.0,9401.67048480093
16.04,11.67,0.2673333333333333,43.03216666666671,187.1868,41.96783333333329,9419.21446384039,b5,85.0,85.0,9363.584834483154
5.3,11.95,0.0883333333333333,43.12050000000004,63.334999999999994,41.87949999999996,28446.45283018865,b5,85.0,85.0,28184.520958566143
5.3,11.98,0.0883333333333333,43.208833333333374,63.494,41.791166666666626,28386.452830188657,b5,85.0,85.0,28093.98508930896
5.3,11.98,0.0883333333333333,43.297166666666705,63.494,41.702833333333295,28326.452830188657,b5,85.0,85.0,28080.877694953742
6.71,11.95,0.1118333333333333,43.40900000000004,80.1845,41.59099999999996,22314.098360655717,b5,85.0,85.0,22290.821125771672
6.71,11.94,0.1118333333333333,43.52083333333338,80.11739999999999,41.47916666666662,22254.098360655713,b5,85.0,85.0,22161.96412205469
6.71,11.94,0.1118333333333333,43.632666666666715,80.11739999999999,41.367333333333285,22194.09836065571,b5,85.0,85.0,22140.179373128467
6.71,11.94,0.1118333333333333,43.74450000000005,80.11739999999999,41.25549999999995,22134.09836065571,b5,85.0,85.0,22132.179373128467
6.71,11.94,0.1118333333333333,43.85633333333339,80.11739999999999,41.14366666666661,22074.09836065571,b5,85.0,85.0,22119.779373128466
6.71,11.94,0.1118333333333333,43.968166666666725,80.11739999999999,41.031833333333275,22014.09836065571,b5,85.0,85.0,21980.029489460194
7.02,11.94,0.1169999999999999,44.08516666666672,83.8188,40.91483333333328,20981.965811965783,b5,85.0,85.0,21283.145537549775
7.02,11.93,0.1169999999999999,44.20216666666672,83.7486,40.79783333333328,20921.965811965787,b5,85.0,85.0,21103.825877033785
7.02,11.93,0.1169999999999999,44.31916666666672,83.7486,40.68083333333328,20861.965811965787,b5,85.0,85.0,21075.783232335965
7.02,11.93,0.1169999999999999,44.436166666666715,83.7486,40.563833333333285,20801.965811965787,b5,85.0,85.0,21052.395169622247
7.02,11.93,0.1169999999999999,44.55316666666671,83.7486,40.44683333333329,20741.96581196579,b5,85.0,85.0,21007.807946497505
7.02,11.93,0.1169999999999999,44.67016666666671,83.7486,40.32983333333329,20681.96581196579,b5,85.0,85.0,20994.607946497505
12.99,11.76,0.2165,44.88666666666671,152.7624,40.11333333333329,11116.859122401836,b5,85.0,85.0,10962.07588854927
12.99,11.74,0.2165,45.10316666666672,152.5026,39.89683333333328,11056.859122401836,b5,85.0,85.0,10849.407829589174
12.99,11.74,0.2165,45.31966666666672,152.5026,39.68033333333328,10996.859122401833,b5,85.0,85.0,10822.62863910898
12.99,11.74,0.2165,45.53616666666672,152.5026,39.46383333333328,10936.859122401833,b5,85.0,85.0,10705.023936583111
17.88,11.6,0.298,45.834166666666725,207.408,39.165833333333275,7885.738255033546,b5,85.0,85.0,7668.541371014918
17.88,11.61,0.298,46.13216666666673,207.5868,38.86783333333327,7825.738255033545,b5,85.0,85.0,7653.148165586837
1.47,11.61,0.0245,46.15666666666673,17.066699999999997,38.84333333333327,95126.53061224474,b5,85.0,85.0,94709.19665804882
1.47,11.72,0.0245,46.18116666666673,17.2284,38.81883333333327,95066.53061224474,b5,85.0,85.0,95039.0152769702
1.44,11.8,0.024,46.205166666666734,16.992,38.794833333333266,96987.08333333315,b5,85.0,85.0,96771.9549745195
1.44,11.8,0.024,46.229166666666735,16.992,38.770833333333265,96927.08333333315,b5,85.0,85.0,96829.98076817031
6.02,11.98,0.1003333333333333,46.32950000000007,72.11959999999999,38.67049999999993,23125.215946843815,b5,85.0,85.0,23155.591245138792
6.02,11.95,0.1003333333333333,46.4298333333334,71.939,38.5701666666666,23065.21594684382,b5,85.0,85.0,22983.509924193448
6.02,11.95,0.1003333333333333,46.53016666666673,71.939,38.46983333333327,23005.215946843815,b5,85.0,85.0,22969.109924193446
6.02,11.94,0.1003333333333333,46.63050000000006,71.8788,38.36949999999994,22945.21594684382,b5,85.0,85.0,22877.220110488644
6.02,11.94,0.1003333333333333,46.73083333333339,71.8788,38.26916666666661,22885.215946843826,b5,85.0,85.0,22856.020110488644
6.02,11.94,0.1003333333333333,46.831166666666725,71.8788,38.168833333333275,22825.21594684382,b5,85.0,85.0,22842.220110488644
9.8,11.84,0.1633333333333333,46.99450000000006,116.032,38.00549999999994,13961.20408163263,b5,85.0,85.0,13916.363157018952
9.8,11.82,0.1633333333333333,47.15783333333339,115.836,37.84216666666661,13901.20408163263,b5,85.0,85.0,13733.075929516277
9.8,11.81,0.1633333333333333,47.32116666666673,115.738,37.67883333333327,13841.20408163263,b5,85.0,85.0,13646.563098416511
9.8,11.8,0.1633333333333333,47.48450000000006,115.64,37.51549999999994,13781.20408163263,b5,85.0,85.0,13479.353697222541
9.8,11.8,0.1633333333333333,47.647833333333395,115.64,37.352166666666605,13721.20408163263,b5,85.0,85.0,13419.86358206012
18.36,11.51,0.306,47.95383333333339,211.3236,37.04616666666661,7263.954248366002,b5,85.0,85.0,7144.5953941783355
18.36,11.51,0.306,48.25983333333339,211.3236,36.74016666666661,7203.9542483660025,b5,85.0,85.0,7119.718520563588
18.36,11.5,0.306,48.56583333333339,211.14,36.43416666666661,7143.9542483660025,b5,85.0,85.0,7049.899855433862
18.36,11.48,0.306,48.871833333333385,210.7728,36.128166666666615,7083.954248366003,b5,85.0,85.0,6910.6129100516055
18.36,11.48,0.306,49.17783333333338,210.7728,35.82216666666662,7023.954248366004,b5,85.0,85.0,6800.116899505855
22.5,11.37,0.375,49.55283333333338,255.825,35.44716666666662,5671.546666666659,b5,85.0,85.0,5595.06281906447
22.5,11.35,0.375,49.92783333333338,255.375,35.07216666666662,5611.546666666659,b5,85.0,85.0,5497.31195016564
22.5,11.34,0.375,50.30283333333338,255.15,34.69716666666662,5551.546666666659,b5,85.0,85.0,5480.099428970976
22.5,11.33,0.375,50.67783333333338,254.925,34.32216666666662,5491.546666666659,b5,85.0,85.0,5448.103557448478
22.5,11.31,0.375,51.05283333333338,254.475,33.94716666666662,5431.546666666659,b5,85.0,85.0,5376.46033331341
22.5,11.3,0.375,51.42783333333338,254.25000000000003,33.57216666666662,5371.546666666659,b5,85.0,85.0,5267.376471896606
5.5,11.78,0.0916666666666666,51.51950000000005,64.78999999999999,33.48049999999995,21914.509090909058,b5,85.0,85.0,21030.575152018642
5.5,11.79,0.0916666666666666,51.61116666666672,64.845,33.38883333333328,21854.509090909058,b5,85.0,85.0,21066.84489631097
5.5,11.78,0.0916666666666666,51.70283333333339,64.78999999999999,33.29716666666661,21794.509090909058,b5,85.0,85.0,20901.241336227766
5.5,11.8,0.0916666666666666,51.794500000000056,64.9,33.205499999999944,21734.509090909058,b5,85.0,85.0,21148.169768868596
16.95,11.44,0.2825,52.077000000000055,193.908,32.922999999999945,6992.495575221227,b5,85.0,85.0,6526.293631004004
16.95,11.42,0.2825,52.359500000000054,193.569,32.640499999999946,6932.495575221227,b5,85.0,85.0,6504.297342468024
16.95,11.42,0.2825,52.64200000000005,193.569,32.35799999999995,6872.495575221228,b5,85.0,85.0,6486.912766452661
16.95,11.42,0.2825,52.92450000000005,193.569,32.07549999999995,6812.495575221228,b5,85.0,85.0,6451.422800329564
16.95,11.4,0.2825,53.20700000000005,193.23,31.79299999999995,6752.495575221228,b5,85.0,85.0,6287.187249237261
20.81,11.3,0.3468333333333333,53.55383333333339,235.153,31.446166666666613,5439.990389235935,b5,85.0,85.0,5345.390677703075
20.81,11.29,0.3468333333333333,53.90066666666672,234.94489999999996,31.099333333333277,5379.990389235935,b5,85.0,85.0,5309.012187556839
20.81,11.28,0.3468333333333333,54.24750000000006,234.73679999999996,30.75249999999994,5319.990389235934,b5,85.0,85.0,5281.081176413101
20.81,11.26,0.3468333333333333,54.594333333333395,234.3206,30.405666666666605,5259.990389235933,b5,85.0,85.0,5257.981539098752
20.81,11.25,0.3468333333333333,54.94116666666673,234.1125,30.05883333333327,5199.990389235933,b5,85.0,85.0,5246.58308749743
19.13,11.25,0.3188333333333333,55.26000000000006,215.2125,29.739999999999934,5596.654469419748,b5,85.0,85.0,5325.62681216056
19.13,11.23,0.3188333333333333,55.57883333333339,214.8299,29.421166666666608,5536.654469419749,b5,85.0,85.0,5302.21535170771
19.13,11.24,0.3188333333333333,55.89766666666672,215.0212,29.102333333333277,5476.65446941975,b5,85.0,85.0,5264.064422006162
19.13,11.23,0.3188333333333333,56.21650000000005,214.8299,28.783499999999947,5416.654469419749,b5,85.0,85.0,5232.850159251734
19.13,11.22,0.3188333333333333,56.535333333333384,214.6386,28.464666666666616,5356.65446941975,b5,85.0,85.0,5220.0536735872165
19.13,11.21,0.3188333333333333,56.854166666666714,214.4473,28.14583333333329,5296.654469419751,b5,85.0,85.0,5179.388844351615
21.57,11.15,0.3595,57.21366666666671,240.5055,27.78633333333329,4637.496522948532,b5,85.0,85.0,4652.5360205647785
21.57,11.15,0.3595,57.57316666666671,240.5055,27.426833333333292,4577.496522948532,b5,85.0,85.0,4634.356658411791
21.57,11.15,0.3595,57.932666666666705,240.5055,27.067333333333295,4517.496522948533,b5,85.0,85.0,4616.9210820535745
21.57,11.15,0.3595,58.2921666666667,240.5055,26.707833333333294,4457.496522948533,b5,85.0,85.0,4564.1031326145685
16.93,11.22,0.2821666666666667,58.57433333333337,189.9546,26.42566666666663,5619.161252214995,b5,85.0,85.0,5284.187188735279
16.93,11.2,0.2821666666666667,58.85650000000004,189.616,26.14349999999996,5559.161252214994,b5,85.0,85.0,5258.217753490806
16.93,11.2,0.2821666666666667,59.13866666666671,189.616,25.86133333333329,5499.161252214994,b5,85.0,85.0,5258.217753490806
16.93,11.2,0.2821666666666667,59.42083333333338,189.616,25.579166666666623,5439.1612522149935,b5,85.0,85.0,5257.017753490806
16.93,11.19,0.2821666666666667,59.703000000000046,189.4467,25.29699999999995,5379.1612522149935,b5,85.0,85.0,5229.818388698384
16.93,11.17,0.2821666666666667,59.985166666666714,189.1081,25.01483333333329,5319.1612522149935,b5,85.0,85.0,5203.748738503086
14.71,11.23,0.2451666666666666,60.230333333333384,165.19330000000002,24.769666666666616,6061.917063222285,b5,85.0,85.0,5501.425356893867
14.71,11.22,0.2451666666666666,60.47550000000005,165.04620000000003,24.524499999999943,6001.917063222284,b5,85.0,85.0,5489.286241750151
14.71,11.22,0.2451666666666666,60.72066666666672,165.04620000000003,24.279333333333277,5941.917063222284,b5,85.0,85.0,5451.924991555585
14.71,11.22,0.2451666666666666,60.96583333333339,165.04620000000003,24.034166666666607,5881.917063222282,b5,85.0,85.0,5440.7165256143135
14.71,11.21,0.2451666666666666,61.21100000000006,164.89910000000003,23.788999999999938,5821.917063222282,b5,85.0,85.0,5415.629229004801
20.52,11.04,0.3419999999999999,61.55300000000006,226.5408,23.44699999999994,4113.5087719298135,b5,85.0,85.0,4043.296608990422
20.52,11.01,0.3419999999999999,61.89500000000006,225.9252,23.10499999999994,4053.508771929814,b5,85.0,85.0,4015.259632222094
20.52,11.0,0.3419999999999999,62.23700000000006,225.72,22.76299999999994,3993.508771929814,b5,85.0,85.0,3952.9745773347436
20.52,10.98,0.3419999999999999,62.57900000000006,225.3096,22.420999999999943,3933.5087719298144,b5,85.0,85.0,3897.386530435488
20.52,10.94,0.3419999999999999,62.921000000000056,224.4888,22.078999999999944,3873.5087719298144,b5,85.0,85.0,3850.0749127396684
20.52,10.93,0.3419999999999999,63.263000000000055,224.2836,21.736999999999945,3813.5087719298153,b5,85.0,85.0,3844.3167481660903
12.6,11.18,0.21,63.473000000000056,140.868,21.526999999999944,6150.571428571412,b5,85.0,85.0,5638.015947623169
12.6,11.18,0.21,63.68300000000006,140.868,21.316999999999943,6090.571428571412,b5,85.0,85.0,5638.015947623169
12.6,11.18,0.21,63.89300000000006,140.868,21.106999999999942,6030.571428571412,b5,85.0,85.0,5635.615947623169
12.6,11.17,0.21,64.10300000000005,140.742,20.89699999999995,5970.571428571415,b5,85.0,85.0,5643.426635192748
12.6,11.17,0.21,64.31300000000005,140.742,20.686999999999955,5910.571428571416,b5,85.0,85.0,5597.0800559423615
18.18,10.98,0.303,64.61600000000004,199.6164,20.38399999999996,4036.435643564348,b5,85.0,85.0,4033.334060618063
18.18,10.98,0.303,64.91900000000004,199.6164,20.08099999999996,3976.435643564349,b5,85.0,85.0,3994.250251536286
18.18,10.93,0.303,65.22200000000004,198.7074,19.777999999999963,3916.4356435643494,b5,85.0,85.0,3962.7140458511267
18.18,10.91,0.303,65.52500000000003,198.3438,19.47499999999997,3856.43564356435,b5,85.0,85.0,3911.2200100939954
15.78,10.93,0.263,65.78800000000004,172.47539999999998,19.21199999999996,4382.965779467671,b5,85.0,85.0,4190.406334233081
15.78,10.9,0.263,66.05100000000004,172.002,18.948999999999955,4322.9657794676705,b5,85.0,85.0,4111.971366301425
15.78,10.9,0.263,66.31400000000005,172.002,18.68599999999995,4262.96577946767,b5,85.0,85.0,4048.978119221602
20.93,10.69,0.3488333333333333,66.66283333333338,223.7417,18.33716666666662,3154.0277114190076,b5,85.0,85.0,3311.9682367030264
20.93,10.62,0.3488333333333333,67.01166666666671,222.27659999999997,17.988333333333287,3094.027711419008,b5,85.0,85.0,3256.439932572459
20.93,10.56,0.3488333333333333,67.36050000000004,221.0208,17.639499999999956,3034.027711419008,b5,85.0,85.0,3250.411875173822
20.93,10.52,0.3488333333333333,67.70933333333338,220.1836,17.290666666666624,2974.0277114190085,b5,85.0,85.0,3232.3698185813414
20.93,10.49,0.3488333333333333,68.05816666666671,219.5557,16.941833333333292,2914.027711419009,b5,85.0,85.0,3223.350821017468
20.93,10.45,0.3488333333333333,68.40700000000004,218.7185,16.59299999999996,2854.027711419009,b5,85.0,85.0,3191.377733157171
10.43,9.91,0.1738333333333333,68.58083333333337,103.3613,16.419166666666626,5667.209971236803,b5,85.0,85.0,4948.242138615449
10.43,9.29,0.1738333333333333,68.75466666666671,96.8947,16.245333333333292,5607.209971236803,b5,85.0,85.0,5333.360857056928
10.43,9.76,0.1738333333333333,68.92850000000004,101.7968,16.071499999999958,5547.209971236803,b5,85.0,85.0,4935.568089574896
10.43,9.5,0.1738333333333333,69.10233333333338,99.085,15.897666666666623,5487.209971236803,b5,85.0,85.0,5144.136755332371
0.15,9.5,0.0025,69.10483333333337,1.425,15.895166666666626,381483.999999999,b5,85.0,85.0,451900.01609493326
1.5,9.5,0.025,69.12983333333338,14.25,15.87016666666662,38088.399999999885,b5,85.0,85.0,50585.34460839195
1.5,9.5,0.025,69.15483333333339,14.25,15.845166666666614,38028.39999999987,b5,85.0,85.0,38068.08747046354
1.49,9.5,0.0248333333333333,69.17966666666672,14.155,15.82033333333328,38223.6241610737,b5,85.0,85.0,38166.5606389744
1.49,9.5,0.0248333333333333,69.20450000000005,14.155,15.795499999999947,38163.6241610737,b5,85.0,85.0,38152.23839905664
1.49,9.5,0.0248333333333333,69.22933333333339,14.155,15.770666666666614,38103.6241610737,b5,85.0,85.0,38117.453570227815
1.49,9.5,0.0248333333333333,69.25416666666672,14.155,15.74583333333328,38043.6241610737,b5,85.0,85.0,38087.28092375584
1.48,9.5,0.0246666666666666,69.27883333333338,14.06,15.72116666666662,38240.67567567557,b5,85.0,85.0,38175.528751403785
1.48,9.5,0.0246666666666666,69.30350000000004,14.06,15.696499999999958,38180.67567567557,b5,85.0,85.0,38151.869781695816
1.48,9.5,0.0246666666666666,69.3281666666667,14.06,15.671833333333296,38120.675675675586,b5,85.0,85.0,38106.32662007782
1.48,9.5,0.0246666666666666,69.35283333333336,14.06,15.647166666666635,38060.6756756756,b5,85.0,85.0,38047.66765036987
1.48,9.5,0.0246666666666666,69.37750000000003,14.06,15.622499999999974,38000.675675675615,b5,85.0,85.0,38006.83816551589
1.48,9.5,0.0246666666666666,69.40216666666669,14.06,15.597833333333313,37940.67567567562,b5,85.0,85.0,37945.745751101495
1.48,9.5,0.0246666666666666,69.42683333333335,14.06,15.573166666666651,37880.67567567564,b5,85.0,85.0,37886.97609344385
1.48,9.5,0.0246666666666666,69.45150000000001,14.06,15.54849999999999,37820.67567567565,b5,85.0,85.0,37828.19177941554
1.48,9.5,0.0246666666666666,69.47616666666667,14.06,15.523833333333329,37760.675675675666,b5,85.0,85.0,37754.23248909003
1.48,9.5,0.0246666666666666,69.50083333333333,14.06,15.499166666666667,37700.67567567567,b5,85.0,85.0,37689.1587394741
1.48,9.5,0.0246666666666666,69.5255,14.06,15.474500000000006,37640.67567567569,b5,85.0,85.0,37642.15873947411
1.48,9.5,0.0246666666666666,69.55016666666666,14.06,15.449833333333345,37580.6756756757,b5,85.0,85.0,37591.95873947411
1.48,9.5,0.0246666666666666,69.57483333333332,14.06,15.425166666666684,37520.67567567572,b5,85.0,85.0,37549.07927633752
1.47,9.5,0.0245,69.59933333333332,13.965,15.40066666666668,37715.918367346974,b5,85.0,85.0,37654.87639271919
1.48,9.5,0.0246666666666666,69.62399999999998,14.06,15.37600000000002,37401.08108108113,b5,85.0,85.0,37477.66572605261
1.47,9.5,0.0245,69.64849999999998,13.965,15.351500000000016,37595.51020408167,b5,85.0,85.0,37562.53202794634
1.47,9.5,0.0245,69.67299999999999,13.965,15.327000000000012,37535.510204081664,b5,85.0,85.0,37530.11897407614
1.47,9.5,0.0245,69.69749999999999,13.965,15.302500000000007,37475.51020408166,b5,85.0,85.0,37494.10536863393
1.48,9.5,0.0246666666666666,69.72216666666665,14.06,15.277833333333348,37162.29729729734,b5,85.0,85.0,37232.72604964148
1.47,9.5,0.0245,69.74666666666666,13.965,15.253333333333345,37355.10204081636,b5,85.0,85.0,37348.98933627508
1.47,9.5,0.0245,69.77116666666666,13.965,15.22883333333334,37295.102040816346,b5,85.0,85.0,37112.75491530278
1.48,9.5,0.0246666666666666,69.79583333333332,14.06,15.20416666666668,36983.10810810814,b5,85.0,85.0,36923.972323649825
1.47,9.5,0.0245,69.82033333333332,13.965,15.179666666666677,37174.69387755105,b5,85.0,85.0,36828.47651565792
21.3,12.0,0.355,0.355,255.6,88.455,14950.140845070422,b2,88.81,88.81,14615.686624052922
21.79,11.99,0.3631666666666666,0.7181666666666666,261.2621,88.09183333333334,14553.951353832035,b2,88.81,88.81,14521.196139261174
21.85,12.04,0.3641666666666667,1.0823333333333334,263.074,87.72766666666666,14453.98627002288,b2,88.81,88.81,14265.335732329526
21.87,12.06,0.3645,1.4468333333333334,263.7522,87.36316666666667,14380.76817558299,b2,88.81,88.81,14307.469916807131
21.87,12.07,0.3645,1.8113333333333337,263.97090000000003,86.99866666666667,14320.76817558299,b2,88.81,88.81,14273.371686673127
21.87,12.08,0.3645,2.1758333333333333,264.18960000000004,86.63416666666667,14260.768175582987,b2,88.81,88.81,14258.129748709609
21.87,12.08,0.3645,2.5403333333333333,264.18960000000004,86.26966666666667,14200.768175582987,b2,88.81,88.81,14375.670713790732
4.66,12.45,0.0776666666666666,2.618,58.017,86.19200000000001,66586.09442060086,b2,88.81,88.81,66113.34265490624
4.66,12.46,0.0776666666666666,2.6956666666666664,58.06360000000001,86.11433333333333,66526.09442060086,b2,88.81,88.81,66055.74265490624
4.66,12.46,0.0776666666666666,2.773333333333333,58.06360000000001,86.03666666666668,66466.09442060087,b2,88.81,88.81,66030.54265490624
4.66,12.46,0.0776666666666666,2.8509999999999995,58.06360000000001,85.959,66406.09442060086,b2,88.81,88.81,65992.14265490625
4.66,12.46,0.0776666666666666,2.928666666666666,58.06360000000001,85.88133333333333,66346.09442060086,b2,88.81,88.81,65893.02577271225
8.03,12.37,0.1338333333333333,3.0624999999999996,99.3311,85.7475,38442.21668742217,b2,88.81,88.81,38833.53211315469
8.03,12.37,0.1338333333333333,3.196333333333333,99.3311,85.61366666666667,38382.21668742217,b2,88.81,88.81,38273.45455849111
8.03,12.36,0.1338333333333333,3.3301666666666665,99.25079999999998,85.47983333333333,38322.21668742217,b2,88.81,88.81,38246.48581347943
8.03,12.36,0.1338333333333333,3.464,99.25079999999998,85.346,38262.21668742217,b2,88.81,88.81,38230.6088642982
8.02,12.36,0.1336666666666666,3.5976666666666666,99.1272,85.21233333333333,38249.92518703242,b2,88.81,88.81,38119.4619582241
8.02,12.36,0.1336666666666666,3.731333333333333,99.1272,85.07866666666666,38189.92518703242,b2,88.81,88.81,38102.68251196552
8.02,12.36,0.1336666666666666,3.865,99.1272,84.94500000000001,38129.92518703242,b2,88.81,88.81,38077.11862529365
8.02,12.36,0.1336666666666666,3.9986666666666664,99.1272,84.81133333333334,38069.92518703242,b2,88.81,88.81,37932.36523183976
10.31,12.31,0.1718333333333333,4.1705,126.9161,84.6395,29554.044616876818,b2,88.81,88.81,29503.171879363723
10.32,12.3,0.172,4.342499999999999,126.936,84.4675,29465.406976744187,b2,88.81,88.81,29308.72567677611
10.32,12.3,0.172,4.514499999999999,126.936,84.2955,29405.406976744183,b2,88.81,88.81,29282.847971304618
10.31,12.3,0.1718333333333333,4.686333333333333,126.81300000000002,84.12366666666667,29373.928225024247,b2,88.81,88.81,29279.686028921584
10.31,12.3,0.1718333333333333,4.8581666666666665,126.81300000000002,83.95183333333334,29313.92822502425,b2,88.81,88.81,29240.047182116752
10.32,12.3,0.172,5.030166666666666,126.936,83.77983333333333,29225.52325581395,b2,88.81,88.81,29120.539391552124
12.67,12.25,0.2111666666666666,5.2413333333333325,155.2075,83.56866666666667,23744.846093133387,b2,88.81,88.81,23804.881806355002
12.66,12.24,0.211,5.452333333333333,154.9584,83.35766666666667,23703.6018957346,b2,88.81,88.81,23736.55088927581
12.67,12.24,0.2111666666666666,5.663499999999999,155.0808,83.1465,23624.893449092346,b2,88.81,88.81,23566.61650915881
12.67,12.24,0.2111666666666666,5.874666666666665,155.0808,82.93533333333333,23564.893449092346,b2,88.81,88.81,23548.528889766312
12.99,12.23,0.2165,6.091166666666665,158.8677,82.71883333333334,22924.387990762123,b2,88.81,88.81,22813.523644970708
12.99,12.23,0.2165,6.307666666666665,158.8677,82.50233333333334,22864.387990762127,b2,88.81,88.81,22776.633360488064
23.39,12.03,0.3898333333333333,6.697499999999999,281.38169999999997,82.1125,12638.093202223172,b2,88.81,88.81,12612.14975347271
23.35,12.03,0.3891666666666667,7.086666666666666,280.9005,81.72333333333333,12599.743040685224,b2,88.81,88.81,12550.107279483364
23.34,12.02,0.389,7.475666666666666,280.54679999999996,81.33433333333333,12545.141388174809,b2,88.81,88.81,12522.696981283456
23.34,12.02,0.389,7.864666666666667,280.54679999999996,80.94533333333334,12485.141388174809,b2,88.81,88.81,12509.789318955643
23.32,12.01,0.3886666666666666,8.253333333333334,280.0732,80.55666666666667,12435.849056603773,b2,88.81,88.81,12415.130365540725
23.85,12.0,0.3975,8.650833333333335,286.20000000000005,80.15916666666666,12099.496855345911,b2,88.81,88.81,12057.829999201978
14.98,12.15,0.2496666666666666,8.900500000000001,182.007,79.90950000000001,19203.88518024032,b2,88.81,88.81,19158.966455023452
14.97,12.15,0.2495,9.15,181.8855,79.66,19156.71342685371,b2,88.81,88.81,19091.596489203894
14.97,12.15,0.2495,9.3995,181.8855,79.4105,19096.713426853705,b2,88.81,88.81,19035.18107395983
14.96,12.15,0.2493333333333333,9.648833333333332,181.764,79.16116666666667,19049.47860962567,b2,88.81,88.81,18950.298228105927
17.17,12.1,0.2861666666666667,9.935,207.757,78.875,16537.565521258006,b2,88.81,88.81,16517.253804310814
17.16,12.1,0.286,10.220999999999998,207.636,78.589,16487.202797202797,b2,88.81,88.81,16474.710690544507
17.16,12.09,0.286,10.506999999999998,207.4644,78.303,16427.202797202797,b2,88.81,88.81,16356.78607474257
17.15,12.09,0.2858333333333333,10.79283333333333,207.3435,78.01716666666667,16376.781341107871,b2,88.81,88.81,16319.37371031263
17.14,12.09,0.2856666666666667,11.078499999999996,207.2226,77.73150000000001,16326.336056009335,b2,88.81,88.81,16274.529487337442
10.77,12.21,0.1795,11.257999999999996,131.5017,77.552,25922.674094707523,b2,88.81,88.81,25838.882533955075
10.77,12.21,0.1795,11.437499999999996,131.5017,77.3725,25862.674094707523,b2,88.81,88.81,25786.457458300672
10.76,12.21,0.1793333333333333,11.61683333333333,131.3796,77.19316666666667,25826.71003717473,b2,88.81,88.81,25750.12208050203
10.76,12.21,0.1793333333333333,11.796166666666664,131.3796,77.01383333333334,25766.71003717472,b2,88.81,88.81,25732.044093588163
10.76,12.21,0.1793333333333333,11.975499999999998,131.3796,76.8345,25706.71003717472,b2,88.81,88.81,25714.924213396385
10.76,12.21,0.1793333333333333,12.154833333333332,131.3796,76.65516666666667,25646.71003717473,b2,88.81,88.81,25692.981027697322
14.24,12.13,0.2373333333333333,12.392166666666666,172.7312,76.41783333333333,19319.115168539327,b2,88.81,88.81,19206.700607943847
14.24,12.13,0.2373333333333333,12.6295,172.7312,76.1805,19259.115168539323,b2,88.81,88.81,19166.232665116826
14.23,12.13,0.2371666666666666,12.866666666666667,172.6099,75.94333333333333,19212.649332396344,b2,88.81,88.81,19157.24464761087
14.23,12.12,0.2371666666666666,13.103833333333334,172.4676,75.70616666666666,19152.64933239634,b2,88.81,88.81,18969.776072661127
16.73,12.07,0.2788333333333333,13.382666666666667,201.9311,75.42733333333334,16230.627615062762,b2,88.81,88.81,16131.875249141209
16.72,12.07,0.2786666666666667,13.661333333333332,201.8104,75.14866666666667,16180.334928229668,b2,88.81,88.81,16070.775277497492
16.72,12.06,0.2786666666666667,13.94,201.6432,74.87,16120.334928229666,b2,88.81,88.81,15981.21472323312
24.36,11.92,0.4059999999999999,14.346,290.3712,74.464,11004.532019704437,b2,88.81,88.81,10917.695262759204
24.33,11.91,0.4054999999999999,14.7515,289.77029999999996,74.05850000000001,10958.101109741065,b2,88.81,88.81,10900.221280474008
24.32,11.9,0.4053333333333333,15.156833333333331,289.408,73.65316666666666,10902.606907894737,b2,88.81,88.81,10840.664625857931
24.3,11.89,0.405,15.561833333333333,288.927,73.24816666666666,10851.580246913578,b2,88.81,88.81,10804.87369009566
24.28,11.88,0.4046666666666667,15.9665,288.44640000000004,72.8435,10800.518945634269,b2,88.81,88.81,10771.569930018839
24.26,11.87,0.4043333333333334,16.370833333333334,287.9662,72.43916666666667,10749.42291838417,b2,88.81,88.81,10722.987318735955
7.13,12.24,0.1188333333333333,16.48966666666667,87.2712,72.32033333333334,36515.17531556803,b2,88.81,88.81,36222.60785118166
7.13,12.24,0.1188333333333333,16.608500000000003,87.2712,72.2015,36455.17531556802,b2,88.81,88.81,36196.407851181655
7.13,12.24,0.1188333333333333,16.727333333333338,87.2712,72.08266666666667,36395.17531556803,b2,88.81,88.81,36162.20785118166
7.13,12.24,0.1188333333333333,16.846166666666672,87.2712,71.96383333333333,36335.17531556802,b2,88.81,88.81,35991.13650681168
12.94,12.1,0.2156666666666666,17.06183333333334,156.57399999999998,71.74816666666666,19960.850077279752,b2,88.81,88.81,19834.119444998552
12.94,12.1,0.2156666666666666,17.277500000000007,156.57399999999998,71.5325,19900.850077279752,b2,88.81,88.81,19819.91944499855
12.94,12.09,0.2156666666666666,17.493166666666674,156.44459999999998,71.31683333333334,19840.850077279752,b2,88.81,88.81,19750.69029442274
12.94,12.09,0.2156666666666666,17.70883333333334,156.44459999999998,71.10116666666666,19780.85007727975,b2,88.81,88.81,19724.765162306037
12.93,12.09,0.2155,17.92433333333334,156.3237,70.88566666666667,19736.14849187935,b2,88.81,88.81,19695.196223305622
12.93,12.08,0.2155,18.13983333333334,156.1944,70.67016666666666,19676.14849187935,b2,88.81,88.81,19519.78823198899
12.93,12.08,0.2155,18.355333333333338,156.1944,70.45466666666667,19616.14849187935,b2,88.81,88.81,19510.941216134986
4.59,12.3,0.0765,18.431833333333337,56.457,70.37816666666666,55198.56209150326,b2,88.81,88.81,54637.38759098869
4.59,12.3,0.0765,18.508333333333336,56.457,70.30166666666666,55138.56209150326,b2,88.81,88.81,54611.38759098869
4.59,12.31,0.0765,18.584833333333336,56.5029,70.22516666666667,55078.56209150327,b2,88.81,88.81,54480.65245535628
4.59,12.31,0.0765,18.661333333333335,56.5029,70.14866666666667,55018.56209150327,b2,88.81,88.81,54437.071669421675
21.06,11.92,0.351,19.012333333333338,251.03519999999995,69.79766666666667,11931.225071225072,b2,88.81,88.81,11932.899369465447
21.04,11.91,0.3506666666666666,19.363,250.5864,69.447,11882.566539923955,b2,88.81,88.81,11863.216638263746
21.02,11.91,0.3503333333333333,19.71333333333333,250.3482,69.09666666666666,11833.872502378686,b2,88.81,88.81,11837.99564697648
21.01,11.9,0.3501666666666667,20.0635,250.01900000000003,68.7465,11779.50499762018,b2,88.81,88.81,11752.880708837318
20.99,11.89,0.3498333333333333,20.41333333333333,249.5711,68.39666666666668,11730.728918532635,b2,88.81,88.81,11699.905600752854
20.98,11.88,0.3496666666666667,20.763,249.24240000000003,68.047,11676.32030505243,b2,88.81,88.81,11619.777433107829
20.97,11.87,0.3495,21.112499999999997,248.9139,67.6975,11621.88841201717,b2,88.81,88.81,11578.500787498595
20.95,11.86,0.3491666666666667,21.461666666666662,248.467,67.34833333333334,11572.983293556088,b2,88.81,88.81,11414.341059679786
9.19,12.12,0.1531666666666666,21.61483333333333,111.3828,67.19516666666667,26322.372143634388,b2,88.81,88.81,26190.863522764455
9.19,12.12,0.1531666666666666,21.767999999999997,111.3828,67.042,26262.372143634388,b2,88.81,88.81,26181.58855972202
9.19,12.12,0.1531666666666666,21.921166666666664,111.3828,66.88883333333334,26202.372143634388,b2,88.81,88.81,26158.618942936282
9.2,12.12,0.1533333333333333,22.074499999999997,111.504,66.7355,26113.89130434783,b2,88.81,88.81,26037.657259462365
9.2,12.12,0.1533333333333333,22.22783333333333,111.504,66.58216666666667,26053.891304347828,b2,88.81,88.81,26005.76866458134
9.2,12.12,0.1533333333333333,22.38116666666666,111.504,66.42883333333334,25993.89130434783,b2,88.81,88.81,25967.517991173183
9.2,12.12,0.1533333333333333,22.53449999999999,111.504,66.27550000000001,25933.89130434783,b2,88.81,88.81,25951.27051612942
9.19,12.12,0.1531666666666666,22.68766666666666,111.3828,66.12233333333334,25902.110990206755,b2,88.81,88.81,26010.290981365946
22.08,11.83,0.368,23.05566666666666,261.2064,65.75433333333334,10720.815217391306,b2,88.81,88.81,10642.244155600947
22.06,11.82,0.3676666666666666,23.42333333333333,260.7492,65.38666666666667,10670.534904805078,b2,88.81,88.81,10594.483138202202
22.04,11.81,0.3673333333333333,23.790666666666663,260.2924,65.01933333333334,10620.21778584392,b2,88.81,88.81,10562.584925150812
22.02,11.8,0.367,24.157666666666664,259.836,64.65233333333333,10569.863760217984,b2,88.81,88.81,10529.561210768585
10.15,12.05,0.1691666666666666,24.32683333333333,122.3075,64.48316666666668,22870.87684729064,b2,88.81,88.81,22515.34099745338
10.15,12.05,0.1691666666666666,24.495999999999995,122.3075,64.31400000000001,22810.87684729064,b2,88.81,88.81,22567.602078018128
10.15,12.05,0.1691666666666666,24.66516666666666,122.3075,64.14483333333334,22750.87684729064,b2,88.81,88.81,22570.70720359745
6.48,12.16,0.108,24.77316666666666,78.7968,64.03683333333333,35576.01851851852,b2,88.81,88.81,35612.28024426117
6.47,12.16,0.1078333333333333,24.880999999999993,78.6752,63.92900000000001,35571.00463678517,b2,88.81,88.81,35559.16644401058
6.47,12.16,0.1078333333333333,24.988833333333325,78.6752,63.82116666666668,35511.00463678517,b2,88.81,88.81,35554.99931461946
6.47,12.16,0.1078333333333333,25.096666666666657,78.6752,63.713333333333345,35451.00463678517,b2,88.81,88.81,35536.99931461946
15.15,11.94,0.2525,25.349166666666655,180.891,63.46083333333334,15079.80198019802,b2,88.81,88.81,15047.202665219242
15.15,11.94,0.2525,25.60166666666666,180.891,63.20833333333334,15019.80198019802,b2,88.81,88.81,15013.299131882874
15.14,11.93,0.2523333333333333,25.853999999999992,180.6202,62.95600000000001,14969.72258916777,b2,88.81,88.81,14995.013426321892
15.14,11.93,0.2523333333333333,26.106333333333325,180.6202,62.70366666666668,14909.72258916777,b2,88.81,88.81,14975.279563715023
15.14,11.92,0.2523333333333333,26.358666666666657,180.4688,62.451333333333345,14849.72258916777,b2,88.81,88.81,14934.595461742992
3.12,12.16,0.052,26.410666666666657,37.9392,62.399333333333345,71999.23076923078,b2,88.81,88.81,63458.71315041547
12.53,11.98,0.2088333333333333,26.61949999999999,150.1094,62.190500000000014,17867.980845969676,b2,88.81,88.81,17772.9645058294
12.53,11.97,0.2088333333333333,26.82833333333333,149.9841,61.98166666666667,17807.980845969676,b2,88.81,88.81,17742.728614308453
12.52,11.97,0.2086666666666666,27.036999999999992,149.8644,61.77300000000001,17762.204472843456,b2,88.81,88.81,17734.20989261562
4.57,12.19,0.0761666666666666,27.113166666666658,55.7083,61.696833333333345,48601.444201312916,b2,88.81,88.81,48464.008992303316
4.57,12.2,0.0761666666666666,27.189333333333323,55.754,61.62066666666668,48541.444201312916,b2,88.81,88.81,48457.93180783511
4.57,12.2,0.0761666666666666,27.26549999999999,55.754,61.54450000000001,48481.444201312916,b2,88.81,88.81,48432.49335914227
4.56,12.2,0.076,27.34149999999999,55.63199999999999,61.46850000000001,48527.76315789475,b2,88.81,88.81,48450.87370003829
14.09,11.95,0.2348333333333333,27.576333333333324,168.3755,61.23366666666668,15645.223562810506,b2,88.81,88.81,15538.2475127409
14.42,11.93,0.2403333333333333,27.816666666666656,172.0306,60.99333333333335,15227.184466019422,b2,88.81,88.81,15263.147787310609
14.42,11.92,0.2403333333333333,28.056999999999988,171.8864,60.753000000000014,15167.18446601942,b2,88.81,88.81,15139.790031147619
14.42,11.92,0.2403333333333333,28.29733333333332,171.8864,60.51266666666668,15107.184466019422,b2,88.81,88.81,15069.258305442963
16.93,11.85,0.2821666666666667,28.579499999999985,200.6205,60.23050000000002,12807.430596574131,b2,88.81,88.81,12732.728896866209
16.93,11.85,0.2821666666666667,28.86166666666665,200.6205,59.94833333333335,12747.430596574131,b2,88.81,88.81,12689.304380613878
16.92,11.84,0.282,29.14366666666665,200.3328,59.666333333333355,12694.964539007096,b2,88.81,88.81,12625.548183336612
16.92,11.84,0.282,29.42566666666665,200.3328,59.38433333333335,12634.964539007096,b2,88.81,88.81,12514.52269594536
24.01,11.67,0.4001666666666666,29.82583333333332,280.1967,58.98416666666668,8843.94002498959,b2,88.81,88.81,8628.298932044368
25.53,11.63,0.4255,30.251333333333317,296.9139,58.55866666666668,8257.391304347828,b2,88.81,88.81,8212.298197598608
25.5,11.61,0.425,30.67633333333332,296.055,58.13366666666669,8207.105882352944,b2,88.81,88.81,8098.473633918914
25.47,11.6,0.4245,31.100833333333316,295.452,57.70916666666669,8156.772673733808,b2,88.81,88.81,8081.3092827061455
4.68,12.11,0.078,31.178833333333316,56.67479999999999,57.63116666666669,44331.666666666686,b2,88.81,88.81,43949.924634402734
4.68,12.12,0.078,31.256833333333315,56.721599999999995,57.55316666666669,44271.66666666668,b2,88.81,88.81,44107.405961016135
4.68,12.13,0.078,31.33483333333331,56.7684,57.47516666666669,44211.666666666686,b2,88.81,88.81,44196.74788049292
4.68,12.13,0.078,31.41283333333331,56.7684,57.39716666666669,44151.66666666669,b2,88.81,88.81,44162.4967693818
19.88,11.72,0.3313333333333333,31.744166666666647,232.9936,57.06583333333336,10333.85311871228,b2,88.81,88.81,9929.620549078942
19.87,11.71,0.3311666666666666,32.07533333333331,232.6777,56.73466666666669,10279.053850025166,b2,88.81,88.81,9870.679534430225
19.85,11.7,0.3308333333333333,32.40616666666664,232.245,56.40383333333336,10229.410579345093,b2,88.81,88.81,9799.869233207228
19.84,11.7,0.3306666666666666,32.73683333333331,232.128,56.073166666666694,10174.56653225807,b2,88.81,88.81,9792.27870937146
20.71,11.67,0.3451666666666667,33.08199999999997,241.6857,55.72800000000003,9687.146306132308,b2,88.81,88.81,9460.862969255873
20.69,11.66,0.3448333333333334,33.426833333333306,241.2454,55.383166666666696,9636.51039149348,b2,88.81,88.81,9440.812091067259
20.68,11.65,0.3446666666666667,33.771499999999975,240.922,55.03850000000003,9581.170212765965,b2,88.81,88.81,9356.612726592459
20.66,11.64,0.3443333333333333,34.115833333333306,240.4824,54.694166666666696,9530.445304937082,b2,88.81,88.81,9267.69368535107
20.66,11.63,0.3443333333333333,34.46016666666664,240.2758,54.349833333333365,9470.445304937082,b2,88.81,88.81,9235.464058793816
7.66,11.97,0.1276666666666666,34.58783333333331,91.6902,54.222166666666695,25483.002610966072,b2,88.81,88.81,25163.67718576277
7.66,11.97,0.1276666666666666,34.71549999999998,91.6902,54.094500000000025,25423.00261096607,b2,88.81,88.81,25163.67718576277
7.66,11.97,0.1276666666666666,34.84316666666665,91.6902,53.966833333333355,25363.002610966065,b2,88.81,88.81,25145.277185762767
7.66,11.97,0.1276666666666666,34.97083333333332,91.6902,53.839166666666685,25303.002610966065,b2,88.81,88.81,25126.3547556332
14.7,11.77,0.245,35.215833333333315,173.01899999999998,53.59416666666669,13125.102040816331,b2,88.81,88.81,12977.508761598508
14.7,11.77,0.245,35.46083333333331,173.01899999999998,53.34916666666669,13065.102040816331,b2,88.81,88.81,12938.88541343355
14.7,11.76,0.245,35.70583333333331,172.872,53.10416666666669,13005.102040816331,b2,88.81,88.81,12776.966570543385
14.7,11.76,0.245,35.95083333333331,172.872,52.859166666666695,12945.102040816337,b2,88.81,88.81,12611.158262027293
24.73,11.52,0.4121666666666667,36.36299999999997,284.8896,52.44700000000003,7634.824100283061,b2,88.81,88.81,7570.515822042135
24.69,11.5,0.4115,36.77449999999997,283.935,52.035500000000035,7587.193195625764,b2,88.81,88.81,7539.99151220891
24.66,11.49,0.411,37.18549999999997,283.34340000000003,51.62450000000003,7536.423357664239,b2,88.81,88.81,7490.911937338074
24.64,11.47,0.4106666666666667,37.59616666666663,282.62080000000003,51.21383333333337,7482.540584415589,b2,88.81,88.81,7461.56234326844
4.76,11.98,0.0793333333333333,37.67549999999997,57.0248,51.13450000000004,38673.15126050423,b2,88.81,88.81,37983.22830796271
4.77,12.1,0.0794999999999999,37.75499999999997,57.71699999999999,51.055000000000035,38532.07547169814,b2,88.81,88.81,38574.51571087903
4.48,12.2,0.0746666666666666,37.82966666666663,54.656,50.98033333333337,40966.33928571431,b2,88.81,88.81,41926.7141274295
4.47,12.14,0.0745,37.90416666666663,54.2658,50.90583333333337,40997.98657718123,b2,88.81,88.81,40855.657260285676
4.47,12.14,0.0745,37.97866666666663,54.2658,50.83133333333337,40937.98657718124,b2,88.81,88.81,40833.257260285674
10.67,11.93,0.1778333333333333,38.156499999999966,127.2931,50.65350000000004,17090.21555763825,b2,88.81,88.81,16930.617826806883
10.67,11.92,0.1778333333333333,38.3343333333333,127.1864,50.475666666666704,17030.21555763825,b2,88.81,88.81,16885.05074928901
10.66,11.92,0.1776666666666666,38.511999999999965,127.0672,50.29800000000004,16986.191369606015,b2,88.81,88.81,16906.23971145108
10.66,11.91,0.1776666666666666,38.68966666666663,126.9606,50.12033333333337,16926.191369606015,b2,88.81,88.81,16734.55807592986
23.93,11.55,0.3988333333333333,39.08849999999997,276.3915,49.721500000000034,7480.041788549942,b2,88.81,88.81,7458.182719817851
23.89,11.53,0.3981666666666666,39.48666666666664,275.4517,49.323333333333366,7432.565927166183,b2,88.81,88.81,7427.569844680002
23.85,11.51,0.3975,39.88416666666664,274.5135,48.925833333333365,7385.031446540885,b2,88.81,88.81,7414.7751880698415
4.8,12.04,0.08,39.964166666666635,57.791999999999994,48.84583333333337,36634.37500000003,b2,88.81,88.81,36484.671277252346
4.8,12.05,0.08,40.044166666666634,57.84,48.76583333333337,36574.37500000003,b2,88.81,88.81,36451.1925226764
4.8,12.05,0.08,40.12416666666663,57.84,48.68583333333337,36514.37500000003,b2,88.81,88.81,36422.31224692831
4.79,12.05,0.0798333333333333,40.203999999999965,57.7195,48.60600000000004,36530.60542797497,b2,88.81,88.81,36478.80868321088
4.79,12.04,0.0798333333333333,40.2838333333333,57.6716,48.526166666666704,36470.60542797497,b2,88.81,88.81,36511.11169985014
9.34,11.89,0.1556666666666666,40.43949999999997,111.0526,48.370500000000035,18643.87580299787,b2,88.81,88.81,18568.25151840984
9.34,11.89,0.1556666666666666,40.59516666666664,111.0526,48.21483333333337,18583.87580299787,b2,88.81,88.81,18534.0918526217
9.33,11.88,0.1555,40.75066666666664,110.8404,48.05933333333336,18543.794212218658,b2,88.81,88.81,18522.587418814543
9.33,11.88,0.1555,40.90616666666664,110.8404,47.90383333333336,18483.79421221866,b2,88.81,88.81,18506.318576393765
9.33,11.87,0.1555,41.061666666666646,110.7471,47.74833333333336,18423.794212218658,b2,88.81,88.81,18492.78606050225
19.86,11.57,0.331,41.39266666666665,229.7802,47.41733333333335,8595.287009063448,b2,88.81,88.81,8396.5202236458
20.31,11.55,0.3384999999999999,41.73116666666665,234.5805,47.07883333333335,8344.844903988185,b2,88.81,88.81,8210.758073514999
20.29,11.54,0.3381666666666666,42.06933333333332,234.1466,46.74066666666669,8293.070478068017,b2,88.81,88.81,8190.383648637076
20.27,11.52,0.3378333333333333,42.407166666666654,233.5104,46.40283333333335,8241.253083374448,b2,88.81,88.81,8162.131662572483
20.25,11.51,0.3375,42.74466666666665,233.0775,46.06533333333335,8189.392592592596,b2,88.81,88.81,8141.616374026512
20.23,11.5,0.3371666666666666,43.08183333333332,232.645,45.72816666666668,8137.488877904105,b2,88.81,88.81,8102.728175148487
7.29,11.87,0.1215,43.20333333333332,86.53229999999999,45.60666666666668,22521.810699588485,b2,88.81,88.81,22573.570831881145
7.29,11.87,0.1215,43.32483333333331,86.53229999999999,45.485166666666686,22461.810699588485,b2,88.81,88.81,22593.77139060639
7.29,11.87,0.1215,43.446333333333314,86.53229999999999,45.36366666666669,22401.81069958849,b2,88.81,88.81,22532.50833332592
7.29,11.87,0.1215,43.56783333333331,86.53229999999999,45.24216666666669,22341.81069958849,b2,88.81,88.81,22490.30078843143
9.52,11.79,0.1586666666666666,43.72649999999998,112.2408,45.08350000000002,17048.382352941186,b2,88.81,88.81,16871.672938230116
9.51,11.79,0.1585,43.88499999999998,112.1229,44.925000000000026,17006.309148264994,b2,88.81,88.81,16874.175132615757
9.51,11.79,0.1585,44.04349999999997,112.1229,44.76650000000003,16946.309148264998,b2,88.81,88.81,16863.817505270996
24.01,11.38,0.4001666666666666,44.44366666666664,273.23380000000003,44.366333333333365,6652.178259058729,b2,88.81,88.81,6616.556504893543
23.97,11.36,0.3994999999999999,44.84316666666664,272.2992,43.96683333333336,6603.279098873596,b2,88.81,88.81,6535.276980139375
23.93,11.35,0.3988333333333333,45.241999999999976,271.6055,43.568000000000026,6554.316757208529,b2,88.81,88.81,6503.621221784673
23.9,11.33,0.3983333333333333,45.64033333333331,270.787,43.16966666666669,6502.543933054398,b2,88.81,88.81,6417.609791510216
11.95,11.65,0.1991666666666666,45.83949999999997,139.2175,42.97050000000003,12945.087866108795,b2,88.81,88.81,12556.11449505438
11.95,11.65,0.1991666666666666,46.03866666666664,139.2175,42.77133333333337,12885.0878661088,b2,88.81,88.81,12538.494353902317
11.94,11.65,0.1989999999999999,46.237666666666634,139.101,42.57233333333337,12835.879396984938,b2,88.81,88.81,12559.628014409305
11.94,11.64,0.1989999999999999,46.43666666666663,138.9816,42.37333333333337,12775.879396984938,b2,88.81,88.81,12318.902132313731
13.53,11.59,0.2254999999999999,46.66216666666663,156.81269999999998,42.147833333333374,11214.501108647462,b2,88.81,88.81,11017.330243923292
13.52,11.59,0.2253333333333333,46.88749999999996,156.6968,41.92250000000004,11162.795857988176,b2,88.81,88.81,10952.55727955292
13.52,11.59,0.2253333333333333,47.11283333333329,156.6968,41.69716666666671,11102.795857988178,b2,88.81,88.81,10899.483394869249
13.52,11.58,0.2253333333333333,47.33816666666662,156.5616,41.47183333333338,11042.795857988178,b2,88.81,88.81,10810.643799085372
13.51,11.58,0.2251666666666666,47.56333333333329,156.4458,41.24666666666671,10990.96965210956,b2,88.81,88.81,10733.94026237141
4.86,11.86,0.081,47.64433333333329,57.6396,41.16566666666671,30493.086419753112,b2,88.81,88.81,30057.470004937433
4.86,11.87,0.081,47.725333333333296,57.6882,41.084666666666706,30433.086419753112,b2,88.81,88.81,30306.963875896392
4.86,11.87,0.081,47.8063333333333,57.6882,41.0036666666667,30373.086419753112,b2,88.81,88.81,30277.363875896383
4.86,11.87,0.081,47.8873333333333,57.6882,40.9226666666667,30313.08641975311,b2,88.81,88.81,30144.367730406517
4.86,11.87,0.081,47.968333333333305,57.6882,40.8416666666667,30253.08641975311,b2,88.81,88.81,29972.032443041186
17.45,11.46,0.2908333333333333,48.25916666666664,199.977,40.550833333333365,8365.787965616053,b2,88.81,88.81,8179.241218239625
24.12,11.26,0.402,48.66116666666664,271.5912,40.14883333333336,5992.363184079606,b2,88.81,88.81,6074.862080037031
24.08,11.24,0.4013333333333333,49.06249999999997,270.6592,39.74750000000003,5942.317275747513,b2,88.81,88.81,6050.061922140048
24.04,11.22,0.4006666666666666,49.46316666666664,269.7288,39.346833333333365,5892.2046589018355,b2,88.81,88.81,5953.871015842946
24.01,11.21,0.4001666666666666,49.8633333333333,269.1521,38.9466666666667,5839.566847147026,b2,88.81,88.81,5901.949353299998
20.28,11.29,0.338,50.2013333333333,228.9612,38.6086666666667,6853.609467455627,b2,88.81,88.81,6577.283795515933
20.26,11.28,0.3376666666666666,50.538999999999966,228.5328,38.27100000000003,6800.375123395859,b2,88.81,88.81,6571.918506238762
20.25,11.27,0.3375,50.876499999999965,228.2175,37.93350000000004,6743.733333333339,b2,88.81,88.81,6573.598278369068
20.23,11.26,0.3371666666666666,51.21366666666663,227.7898,37.59633333333337,6690.400395452305,b2,88.81,88.81,6533.164525667986
20.21,11.25,0.3368333333333334,51.55049999999997,227.3625,37.25950000000004,6637.02127659575,b2,88.81,88.81,6510.546420603042
20.2,11.23,0.3366666666666666,51.88716666666663,226.846,36.92283333333337,6580.306930693076,b2,88.81,88.81,6454.700817264685
20.18,11.21,0.3363333333333333,52.223499999999966,226.2178,36.58650000000003,6526.828543111999,b2,88.81,88.81,6395.093961897874
25.27,11.05,0.4211666666666666,52.64466666666663,279.2335,36.16533333333337,5152.1646220815255,b2,88.81,88.81,5125.579688320085
25.23,11.03,0.4205,53.06516666666663,278.2869,35.744833333333375,5100.332936979792,b2,88.81,88.81,5081.155242864186
25.18,11.0,0.4196666666666667,53.48483333333329,276.98,35.32516666666671,5050.4606830818175,b2,88.81,88.81,5016.220603409713
25.13,10.98,0.4188333333333333,53.90366666666662,275.9274,34.90633333333338,5000.509351372868,b2,88.81,88.81,4905.271199539302
25.1,10.96,0.4183333333333333,54.32199999999996,275.09600000000006,34.48800000000004,4946.486055776898,b2,88.81,88.81,4883.6528933045465
9.45,11.48,0.1575,54.47949999999996,108.486,34.33050000000004,13078.285714285732,b2,88.81,88.81,12244.795164025309
9.45,11.48,0.1575,54.63699999999996,108.486,34.173000000000044,13018.285714285732,b2,88.81,88.81,12223.729702163228
13.38,11.34,0.223,54.85999999999996,151.72920000000002,33.950000000000045,9134.529147982072,b2,88.81,88.81,8645.556310948468
13.37,11.34,0.2228333333333333,55.08283333333329,151.61579999999998,33.72716666666671,9081.361256544516,b2,88.81,88.81,8576.367205512619
13.37,11.34,0.2228333333333333,55.305666666666625,151.61579999999998,33.50433333333338,9021.361256544516,b2,88.81,88.81,8444.629857982203
13.37,11.33,0.2228333333333333,55.52849999999996,151.4821,33.281500000000044,8961.361256544515,b2,88.81,88.81,8283.978937307598
18.15,11.16,0.3025,55.83099999999996,202.55399999999997,32.97900000000004,6541.289256198356,b2,88.81,88.81,6137.739422087357
18.14,11.15,0.3023333333333333,56.1333333333333,202.261,32.676666666666705,6484.895259095928,b2,88.81,88.81,6058.805976889532
18.13,11.14,0.3021666666666666,56.43549999999996,201.9682,32.37450000000004,6428.472145615011,b2,88.81,88.81,6002.030728855273
18.12,11.13,0.302,56.73749999999996,201.67560000000003,32.07250000000004,6372.019867549677,b2,88.81,88.81,5960.00639790949
25.31,10.88,0.4218333333333333,57.159333333333294,275.3728,31.65066666666671,4501.872777558284,b2,88.81,88.81,4528.062800694464
25.03,10.86,0.4171666666666667,57.57649999999996,271.8258,31.23350000000004,4492.2333200159865,b2,88.81,88.81,4473.424457429878
24.98,10.83,0.4163333333333333,57.992833333333294,270.53340000000003,30.817166666666708,4441.224979983993,b2,88.81,88.81,4454.449242265566
24.93,10.81,0.4155,58.408333333333296,269.49330000000003,30.401666666666703,4390.132370637792,b2,88.81,88.81,4436.145672150663
4.92,11.55,0.082,58.4903333333333,56.826,30.319666666666706,22185.12195121954,b2,88.81,88.81,21728.343149927103
4.92,11.56,0.082,58.5723333333333,56.8752,30.237666666666705,22125.121951219546,b2,88.81,88.81,21777.26259932757
4.92,11.56,0.082,58.6543333333333,56.8752,30.155666666666704,22065.121951219546,b2,88.81,88.81,21746.26259932757
4.92,11.57,0.082,58.7363333333333,56.9244,30.073666666666703,22005.12195121954,b2,88.81,88.81,21751.23121617365
4.92,11.58,0.082,58.8183333333333,56.9736,29.991666666666703,21945.12195121954,b2,88.81,88.81,21695.390840541266
9.54,11.39,0.1589999999999999,58.9773333333333,108.6606,29.832666666666704,11257.610062893096,b2,88.81,88.81,10243.956769384227
9.76,11.38,0.1626666666666666,59.139999999999965,111.0688,29.670000000000037,10943.852459016409,b2,88.81,88.81,10163.453775034133
9.76,11.38,0.1626666666666666,59.30266666666663,111.0688,29.50733333333337,10883.852459016409,b2,88.81,88.81,10128.897896603126
9.76,11.38,0.1626666666666666,59.4653333333333,111.0688,29.344666666666704,10823.852459016409,b2,88.81,88.81,10103.236730820543
19.67,11.01,0.3278333333333333,59.79316666666663,216.56670000000005,29.016833333333373,5310.655821047288,b2,88.81,88.81,5215.973606258649
19.64,10.99,0.3273333333333333,60.12049999999997,215.8436,28.68950000000004,5258.767820773938,b2,88.81,88.81,5062.413290108465
19.62,10.97,0.327,60.44749999999996,215.23140000000004,28.36250000000004,5204.12844036698,b2,88.81,88.81,5011.063031172929
19.6,10.95,0.3266666666666667,60.77416666666663,214.62,28.035833333333372,5149.438775510211,b2,88.81,88.81,4953.398068553517
24.54,10.75,0.409,61.18316666666663,263.805,27.626833333333373,4052.836185819077,b2,88.81,88.81,4154.865557233668
24.48,10.71,0.408,61.59116666666663,262.18080000000003,27.21883333333337,4002.7696078431422,b2,88.81,88.81,4095.5415261814446
24.43,10.68,0.4071666666666667,61.9983333333333,260.9124,26.811666666666703,3950.9619320507622,b2,88.81,88.81,4045.2751024412905
24.35,10.64,0.4058333333333334,62.40416666666663,259.084,26.40583333333337,3903.942505133475,b2,88.81,88.81,4013.890648033905
24.29,10.6,0.4048333333333333,62.80899999999997,257.474,26.001000000000033,3853.585837793336,b2,88.81,88.81,3997.2170764282764
5.03,11.41,0.0838333333333333,62.8928333333333,57.392300000000006,25.917166666666706,18549.065606361855,b2,88.81,88.81,18293.333569044647
5.03,11.42,0.0838333333333333,62.97666666666663,57.442600000000006,25.83333333333337,18489.065606361855,b2,88.81,88.81,18366.950108066943
5.03,11.43,0.0838333333333333,63.06049999999996,57.4929,25.74950000000004,18429.065606361855,b2,88.81,88.81,18305.150108066944
5.03,11.44,0.0838333333333333,63.14433333333329,57.5432,25.66566666666671,18369.06560636186,b2,88.81,88.81,18346.376913489552
5.03,11.45,0.0838333333333333,63.228166666666624,57.5935,25.58183333333338,18309.065606361863,b2,88.81,88.81,18395.60371891216
11.27,11.17,0.1878333333333333,63.415999999999954,125.8859,25.394000000000048,8111.659272404629,b2,88.81,88.81,7382.956394442983
11.55,11.15,0.1925,63.60849999999996,128.7825,25.20150000000005,7855.012987013001,b2,88.81,88.81,7130.474904275071
11.55,11.14,0.1925,63.80099999999996,128.667,25.009000000000043,7795.012987013,b2,88.81,88.81,7041.686561738442
14.11,11.03,0.2351666666666666,64.03616666666663,155.6333,24.77383333333337,6320.751240255148,b2,88.81,88.81,5953.760419660119
14.1,11.02,0.235,64.27116666666663,155.38199999999998,24.538833333333372,6265.234042553201,b2,88.81,88.81,5936.342869120432
14.09,11.01,0.2348333333333333,64.50599999999996,155.1309,24.304000000000045,6209.680624556434,b2,88.81,88.81,5866.3363753421445
14.08,11.0,0.2346666666666666,64.74066666666663,154.88,24.069333333333375,6154.09090909092,b2,88.81,88.81,5657.063794650827
22.62,10.62,0.377,65.11766666666662,240.2244,23.69233333333338,3770.6631299734822,b2,88.81,88.81,3879.654466140186
22.56,10.58,0.376,65.49366666666663,238.6848,23.316333333333375,3720.691489361709,b2,88.81,88.81,3846.8025416786977
22.5,10.54,0.375,65.86866666666663,237.15,22.941333333333375,3670.61333333334,b2,88.81,88.81,3754.324004225252
24.49,10.41,0.4081666666666666,66.2768333333333,254.9409,22.533166666666705,3312.3478971008626,b2,88.81,88.81,3558.0039886520167
24.0,10.37,0.4,66.6768333333333,248.88,22.133166666666696,3319.9750000000045,b2,88.81,88.81,3493.010853666605
23.9,10.31,0.3983333333333333,67.07516666666663,246.409,21.73483333333337,3273.866108786616,b2,88.81,88.81,3435.5013963050483
23.8,10.24,0.3966666666666666,67.4718333333333,243.712,21.33816666666671,3227.621848739502,b2,88.81,88.81,3429.716349493982
23.69,10.17,0.3948333333333333,67.86666666666663,240.9273,20.94333333333337,3182.608695652179,b2,88.81,88.81,3414.2918594566795
23.57,10.09,0.3928333333333333,68.25949999999996,237.8213,20.55050000000004,3138.81204921511,b2,88.81,88.81,3406.38021388445
11.32,10.77,0.1886666666666666,68.44816666666662,121.9164,20.36183333333338,6475.494699646658,b2,88.81,88.81,5754.515484181539
11.33,10.78,0.1888333333333333,68.63699999999996,122.1374,20.173000000000044,6409.77934686674,b2,88.81,88.81,5757.4240607110205
14.79,10.57,0.2465,68.88349999999996,156.3303,19.926500000000047,4850.263691683582,b2,88.81,88.81,4702.846641117639
14.79,10.57,0.2465,69.12999999999995,156.3303,19.68000000000005,4790.263691683582,b2,88.81,88.81,4679.987006970287
14.77,10.55,0.2461666666666666,69.37616666666662,155.8235,19.433833333333386,4736.75016926203,b2,88.81,88.81,4675.778361977238
14.76,10.53,0.246,69.62216666666662,155.4228,19.187833333333387,4679.959349593509,b2,88.81,88.81,4629.70799409823
14.74,10.51,0.2456666666666666,69.86783333333328,154.9174,18.94216666666672,4626.309362279526,b2,88.81,88.81,4599.507098439204
16.77,10.36,0.2794999999999999,70.14733333333328,173.73719999999997,18.662666666666723,4006.296958855111,b2,88.81,88.81,4027.059710147321
16.73,10.32,0.2788333333333333,70.42616666666662,172.6536,18.383833333333385,3955.8756724447217,b2,88.81,88.81,4009.0552691301236
16.69,10.28,0.2781666666666667,70.70433333333328,171.5732,18.10566666666672,3905.3565008987534,b2,88.81,88.81,4002.803513613993
5.61,10.88,0.0935,70.79783333333329,61.03680000000001,18.012166666666715,11558.60962566848,b2,88.81,88.81,10742.650868884248
5.43,11.0,0.0905,70.88833333333329,59.73,17.92166666666671,11881.767955801131,b2,88.81,88.81,11398.47517456224
5.44,11.02,0.0906666666666666,70.97899999999996,59.9488,17.831000000000046,11799.926470588263,b2,88.81,88.81,11334.35171416609
5.44,11.04,0.0906666666666666,71.06966666666662,60.0576,17.740333333333382,11739.926470588263,b2,88.81,88.81,11319.76850599139
16.88,10.39,0.2813333333333333,71.35099999999996,175.3832,17.459000000000046,3723.483412322285,b2,88.81,88.81,3886.5158502445524
16.79,10.31,0.2798333333333333,71.63083333333329,173.1049,17.179166666666717,3683.442525312697,b2,88.81,88.81,3839.1148514444662
19.86,10.06,0.331,71.96183333333329,199.7916,16.848166666666714,3054.0483383685887,b2,88.81,88.81,3398.337464425431
19.7,9.93,0.3283333333333333,72.29016666666662,195.621,16.51983333333338,3018.852791878181,b2,88.81,88.81,3399.066791530641
21.38,9.7,0.3563333333333333,72.64649999999996,207.38599999999997,16.16350000000004,2721.637043966331,b2,88.81,88.81,3158.2977784350455
9.18,10.47,0.153,72.79949999999997,96.1146,16.010500000000036,6278.627450980406,b2,88.81,88.81,5690.012519489588
9.22,10.57,0.1536666666666666,72.95316666666663,97.4554,15.85683333333337,6191.38828633407,b2,88.81,88.81,5736.135267536894
9.23,10.58,0.1538333333333333,73.10699999999997,97.6534,15.703000000000031,6124.680390032515,b2,88.81,88.81,5736.274576972631
9.23,10.59,0.1538333333333333,73.26083333333331,97.7457,15.549166666666691,6064.680390032513,b2,88.81,88.81,5732.148699692234
14.47,10.19,0.2411666666666666,73.50199999999998,147.4493,15.30800000000002,3808.4865238424377,b2,88.81,88.81,4017.6312532308884
14.41,10.12,0.2401666666666666,73.74216666666665,145.8292,15.067833333333354,3764.344205412913,b2,88.81,88.81,3974.37918630203
14.37,10.06,0.2395,73.98166666666665,144.5622,14.828333333333347,3714.822546972864,b2,88.81,88.81,3963.9191968547398
14.32,10.0,0.2386666666666666,74.22033333333331,143.2,14.589666666666687,3667.793296089391,b2,88.81,88.81,3948.3734714323477
5.59,10.78,0.0931666666666666,74.31349999999998,60.2602,14.496500000000026,9335.849731663702,b2,88.81,88.81,8804.76676595052
5.59,10.81,0.0931666666666666,74.40666666666664,60.4279,14.403333333333364,9275.849731663704,b2,88.81,88.81,8933.359398767114
5.6,10.83,0.0933333333333333,74.49999999999997,60.648,14.31000000000003,9199.285714285734,b2,88.81,88.81,9005.470029557913
5.6,10.85,0.0933333333333333,74.5933333333333,60.75999999999999,14.216666666666695,9139.285714285734,b2,88.81,88.81,9018.646991293454
5.61,10.86,0.0935,74.68683333333331,60.9246,14.123166666666693,9062.994652406433,b2,88.81,88.81,9080.709472225328
9.63,10.62,0.1605,74.84733333333331,102.2706,13.962666666666692,5219.688473520258,b2,88.81,88.81,5037.370755781989
9.6,10.56,0.16,75.0073333333333,101.376,13.802666666666696,5176.000000000011,b2,88.81,88.81,5030.860399941088
9.59,10.54,0.1598333333333333,75.16716666666665,101.0786,13.642833333333355,5121.397288842553,b2,88.81,88.81,4967.325632317047
9.58,10.53,0.1596666666666666,75.32683333333331,100.8774,13.48316666666669,5066.743215031324,b2,88.81,88.81,4959.909442566608
7.94,10.64,0.1323333333333333,75.45916666666665,84.48160000000001,13.350833333333355,6053.274559193965,b2,88.81,88.81,5751.269634413856
7.94,10.64,0.1323333333333333,75.59149999999998,84.48160000000001,13.21850000000002,5993.274559193964,b2,88.81,88.81,5739.577623835737
7.94,10.64,0.1323333333333333,75.72383333333332,84.48160000000001,13.086166666666683,5933.274559193962,b2,88.81,88.81,5736.777623835736
9.21,10.54,0.1535,75.87733333333331,97.0734,12.932666666666693,5055.1140065146665,b2,88.81,88.81,5170.860502759824
9.2,10.52,0.1533333333333333,76.03066666666665,96.784,12.779333333333357,5000.608695652183,b2,88.81,88.81,5120.705701015127
9.19,10.5,0.1531666666666666,76.18383333333331,96.495,12.626166666666691,4946.050054406975,b2,88.81,88.81,5068.850511560802
9.19,10.5,0.1531666666666666,76.33699999999997,96.495,12.473000000000027,4886.050054406975,b2,88.81,88.81,5064.766289257166
9.18,10.48,0.153,76.48999999999998,96.2064,12.320000000000022,4831.372549019617,b2,88.81,88.81,5076.17984584076
9.18,10.47,0.153,76.64299999999999,96.1146,12.167000000000016,4771.372549019614,b2,88.81,88.81,5082.68187034418
5.59,10.78,0.0931666666666666,76.73616666666665,60.2602,12.073833333333354,7775.63506261182,b2,88.81,88.81,8077.674146655286
5.59,10.79,0.0931666666666666,76.82933333333331,60.31609999999999,11.980666666666693,7715.635062611824,b2,88.81,88.81,8065.428537170392
5.59,10.8,0.0931666666666666,76.92249999999997,60.372,11.887500000000031,7655.635062611827,b2,88.81,88.81,8131.98129206189
3.65,10.99,0.0608333333333333,76.9833333333333,40.1135,11.826666666666696,11664.657534246606,b2,88.81,88.81,11561.563287524275
3.65,11.0,0.0608333333333333,77.04416666666664,40.15,11.765833333333362,11604.657534246604,b2,88.81,88.81,11563.267612508778
3.52,11.03,0.0586666666666666,77.10283333333331,38.8256,11.707166666666694,11973.238636363663,b2,88.81,88.81,11644.450503418258
9.63,10.61,0.1605,77.2633333333333,102.1743,11.546666666666695,4316.510903426802,b2,88.81,88.81,4549.684148552951
9.59,10.53,0.1598333333333333,77.42316666666665,100.9827,11.386833333333357,4274.515119916588,b2,88.81,88.81,4497.931076312851
9.57,10.5,0.1595,77.58266666666664,100.485,11.227333333333362,4223.44827586208,b2,88.81,88.81,4455.645799191006
9.55,10.47,0.1591666666666666,77.7418333333333,99.98850000000002,11.068166666666698,4172.29319371729,b2,88.81,88.81,4412.728807408171
9.54,10.43,0.1589999999999999,77.90083333333331,99.5022,10.909166666666692,4116.666666666677,b2,88.81,88.81,4309.062341878039
5.56,10.74,0.0926666666666666,77.99349999999998,59.7144,10.81650000000002,7003.4892086331065,b2,88.81,88.81,7443.798091050284
3.96,10.92,0.066,78.05949999999999,43.2432,10.750500000000017,9773.181818181834,b2,88.81,88.81,9523.131898292975
3.96,10.93,0.066,78.12549999999999,43.2828,10.684500000000014,9713.18181818183,b2,88.81,88.81,9531.505767401439
3.96,10.95,0.066,78.19149999999999,43.361999999999995,10.618500000000012,9653.181818181827,b2,88.81,88.81,9461.028477703043
5.2,10.92,0.0866666666666666,78.27816666666666,56.784,10.531833333333338,7291.269230769234,b2,88.81,88.81,7857.416931668481
5.88,10.79,0.098,78.37616666666666,63.44519999999999,10.43383333333334,6388.0612244898,b2,88.81,88.81,6351.532614041538
5.87,10.78,0.0978333333333333,78.47399999999999,63.2786,10.336000000000013,6338.943781942086,b2,88.81,88.81,6324.990969967073
5.87,10.78,0.0978333333333333,78.57183333333332,63.2786,10.238166666666686,6278.94378194209,b2,88.81,88.81,6251.333372345507
5.87,10.78,0.0978333333333333,78.66966666666664,63.2786,10.14033333333336,6218.943781942094,b2,88.81,88.81,6131.666922953674
11.68,10.24,0.1946666666666666,78.8643333333333,119.6032,9.945666666666696,3065.445205479461,b2,88.81,88.81,3287.9942589591024
11.63,10.16,0.1938333333333333,79.05816666666664,118.1608,9.751833333333366,3018.6242476354355,b2,88.81,88.81,3190.8514219094973
11.58,10.08,0.193,79.25116666666663,116.7264,9.558833333333368,2971.6580310880936,b2,88.81,88.81,3182.9150094984943
11.52,9.99,0.192,79.44316666666663,115.0848,9.366833333333377,2927.1354166666797,b2,88.81,88.81,3191.6371155169704
11.47,9.91,0.1911666666666666,79.63433333333329,113.6677,9.175666666666714,2879.8953792502325,b2,88.81,88.81,3030.550794682232
9.91,10.0,0.1651666666666666,79.79949999999995,99.1,9.01050000000005,3273.2391523713604,b2,88.81,88.81,3241.604880585672
9.89,9.95,0.1648333333333333,79.96433333333329,98.4055,8.845666666666716,3219.858442871605,b2,88.81,88.81,3230.656496223332
9.86,9.9,0.1643333333333333,80.12866666666662,97.614,8.681333333333384,3169.655172413812,b2,88.81,88.81,3189.13109733345
9.82,9.84,0.1636666666666666,80.29233333333329,96.6288,8.517666666666713,3122.566191446045,b2,88.81,88.81,3168.230228744458
7.72,10.08,0.1286666666666666,80.42099999999995,77.8176,8.389000000000053,3911.968911917123,b2,88.81,88.81,3752.9510109340413
7.72,10.08,0.1286666666666666,80.54966666666661,77.8176,8.260333333333392,3851.968911917126,b2,88.81,88.81,3743.067478083115
7.71,10.08,0.1285,80.67816666666661,77.7168,8.13183333333339,3796.9649805447734,b2,88.81,88.81,3715.987439382807
7.71,10.06,0.1285,80.80666666666662,77.5626,8.003333333333387,3736.964980544772,b2,88.81,88.81,3699.7603731582626
9.74,9.69,0.1623333333333333,80.96899999999995,94.3806,7.841000000000051,2898.1108829568975,b2,88.81,88.81,2962.3208841719274
9.7,9.62,0.1616666666666666,81.13066666666661,93.31399999999998,7.679333333333389,2850.0618556701243,b2,88.81,88.81,2897.075171459767
9.64,9.53,0.1606666666666666,81.29133333333328,91.8692,7.518666666666718,2807.8008298755376,b2,88.81,88.81,2898.5650506739826
6.07,10.09,0.1011666666666666,81.39249999999996,61.246300000000005,7.417500000000047,4399.1762767710325,b2,88.81,88.81,4201.6283515865425
9.14,9.67,0.1523333333333333,81.54483333333329,88.38380000000001,7.265166666666715,2861.5536105033016,b2,88.81,88.81,3002.0021710152237
9.06,9.53,0.151,81.69583333333328,86.34179999999999,7.114166666666719,2826.8211920530007,b2,88.81,88.81,2996.1951874666265
7.56,9.71,0.126,81.82183333333329,73.4076,6.988166666666714,3327.6984126984357,b2,88.81,88.81,3285.5647908240962
7.54,9.68,0.1256666666666666,81.94749999999995,72.9872,6.862500000000054,3276.5251989390176,b2,88.81,88.81,3286.9255228306315
7.53,9.64,0.1255,82.07299999999995,72.5892,6.737000000000052,3220.876494023929,b2,88.81,88.81,3272.3231949332203
7.5,9.59,0.125,82.19799999999995,71.925,6.612000000000052,3173.760000000025,b2,88.81,88.81,3242.2563383876036
7.48,9.54,0.1246666666666666,82.32266666666662,71.3592,6.487333333333382,3122.2459893048363,b2,88.81,88.81,3217.8023833850634
5.36,9.95,0.0893333333333333,82.41199999999995,53.332,6.398000000000053,4297.164179104513,b2,88.81,88.81,4168.710994062339
5.37,10.0,0.0895,82.50149999999995,53.7,6.308500000000052,4229.162011173219,b2,88.81,88.81,4156.012476000521
5.38,10.03,0.0896666666666666,82.59116666666662,53.9614,6.218833333333379,4161.301115241666,b2,88.81,88.81,4118.316936717419
5.39,10.05,0.0898333333333333,82.68099999999995,54.1695,6.1290000000000475,4093.580705009309,b2,88.81,88.81,4064.7058987132996
5.39,10.07,0.0898333333333333,82.77083333333329,54.2773,6.039166666666716,4033.58070500931,b2,88.81,88.81,4023.5710722599993
5.4,10.08,0.09,82.86083333333329,54.432,5.949166666666713,3966.111111111142,b2,88.81,88.81,3979.50563544898
3.87,10.31,0.0645,82.92533333333328,39.8997,5.884666666666718,5474.108527131831,b2,88.81,88.81,5246.4078612552485
3.89,10.43,0.0648333333333333,82.99016666666662,40.5727,5.819833333333378,5385.964010282818,b2,88.81,88.81,5264.985729455374
7.37,9.92,0.1228333333333333,83.11299999999996,73.1104,5.697000000000045,2782.795115332451,b2,88.81,88.81,2981.950232386788
7.28,9.69,0.1213333333333333,83.2343333333333,70.5432,5.575666666666706,2757.197802197821,b2,88.81,88.81,2912.5036201814783
7.21,9.53,0.1201666666666666,83.35449999999996,68.7113,5.455500000000043,2723.9667128987735,b2,88.81,88.81,2863.780470148027
5.33,9.85,0.0888333333333333,83.44333333333329,52.500499999999995,5.366666666666717,3624.765478424049,b2,88.81,88.81,3531.3608239273703
5.33,9.85,0.0888333333333333,83.53216666666661,52.500499999999995,5.27783333333339,3564.7654784240535,b2,88.81,88.81,3512.4202938025846
5.33,9.84,0.0888333333333333,83.62099999999994,52.4472,5.189000000000064,3504.765478424058,b2,88.81,88.81,3494.323130124021
5.32,9.82,0.0886666666666666,83.7096666666666,52.2424,5.100333333333396,3451.3533834586883,b2,88.81,88.81,3446.6985506424558
5.31,9.8,0.0885,83.7981666666666,52.038,5.011833333333399,3397.853107344678,b2,88.81,88.81,3424.7352536296835
5.3,9.77,0.0883333333333333,83.88649999999994,51.781,4.923500000000061,3344.264150943438,b2,88.81,88.81,3423.8816274255837
4.48,9.97,0.0746666666666666,83.96116666666661,44.665600000000005,4.848833333333388,3896.383928571473,b2,88.81,88.81,3772.7365724416327
4.48,9.98,0.0746666666666666,84.03583333333329,44.71040000000001,4.774166666666716,3836.383928571468,b2,88.81,88.81,3779.782975982953
4.48,9.98,0.0746666666666666,84.11049999999996,44.71040000000001,4.699500000000043,3776.3839285714625,b2,88.81,88.81,3674.3881455228734
4.48,9.99,0.0746666666666666,84.18516666666663,44.7552,4.62483333333337,3716.383928571458,b2,88.81,88.81,3624.852798807344
4.47,9.99,0.0745,84.25966666666663,44.6553,4.55033333333337,3664.697986577211,b2,88.81,88.81,3625.3510557372333
4.47,9.98,0.0745,84.33416666666663,44.6106,4.4758333333333695,3604.6979865772105,b2,88.81,88.81,3577.991572513045
5.96,9.63,0.0993333333333333,84.43349999999997,57.3948,4.376500000000036,2643.5234899329075,b2,88.81,88.81,2946.373959485702
4.86,9.84,0.081,84.51449999999997,47.8224,4.2955000000000325,3181.851851851876,b2,88.81,88.81,3212.509255945852
4.84,9.75,0.0806666666666666,84.59516666666664,47.19,4.21483333333336,3135.0000000000196,b2,88.81,88.81,3143.972166754439
4.84,9.72,0.0806666666666666,84.67583333333332,47.0448,4.134166666666687,3075.000000000015,b2,88.81,88.81,3087.421714496612
4.83,9.69,0.0805,84.75633333333332,46.8027,4.053666666666686,3021.366459627344,b2,88.81,88.81,3042.7001110452393
4.82,9.65,0.0803333333333333,84.83666666666664,46.513000000000005,3.9733333333333576,2967.634854771802,b2,88.81,88.81,2989.112764993724
4.82,9.62,0.0803333333333333,84.91699999999997,46.3684,3.893000000000029,2907.6348547718057,b2,88.81,88.81,2960.550670239494
5.66,9.41,0.0943333333333333,85.01133333333331,53.2606,3.7986666666666906,2416.1130742049622,b2,88.81,88.81,2481.2757426612357
5.61,9.28,0.0935,85.10483333333332,52.0608,3.7051666666666847,2377.6470588235406,b2,88.81,88.81,2441.053197359015
4.41,9.57,0.0735,85.17833333333331,42.203700000000005,3.631666666666689,2964.625850340154,b2,88.81,88.81,2909.219061177581
4.41,9.56,0.0735,85.25183333333331,42.159600000000005,3.5581666666666933,2904.6258503401577,b2,88.81,88.81,2911.1753535126963
4.41,9.54,0.0735,85.3253333333333,42.0714,3.4846666666666977,2844.6258503401614,b2,88.81,88.81,2862.2981835258897
4.4,9.51,0.0733333333333333,85.39866666666664,41.844,3.41133333333336,2791.090909090931,b2,88.81,88.81,2835.8060032594462
2.82,10.06,0.047,85.44566666666664,28.3692,3.364333333333363,4294.893617021315,b2,88.81,88.81,3669.519946339239
4.41,9.63,0.0735,85.51916666666664,42.468300000000006,3.2908333333333672,2686.394557823157,b2,88.81,88.81,2677.649089354232
4.39,9.49,0.0731666666666666,85.5923333333333,41.6611,3.2176666666667018,2638.633257403218,b2,88.81,88.81,2511.727744314052
9.15,12.23,0.1525,0.1525,111.9045,60.8475,23940.0,b3,88.35,61.0,24282.005516106507
9.14,12.22,0.1523333333333333,0.3048333333333333,111.6908,60.695166666666665,23906.192560175055,b3,88.35,61.0,24050.861954618744
9.15,12.21,0.1525,0.4573333333333333,111.7215,60.54266666666667,23820.06557377049,b3,88.35,61.0,23863.297090457425
9.14,12.21,0.1523333333333333,0.6096666666666667,111.59940000000002,60.39033333333333,23786.12691466083,b3,88.35,61.0,23857.880486956976
9.14,12.21,0.1523333333333333,0.762,111.59940000000002,60.238,23726.12691466083,b3,88.35,61.0,23710.995265637845
13.66,12.11,0.2276666666666666,0.9896666666666668,165.4226,60.010333333333335,15815.314787701318,b3,88.35,61.0,16327.64829228619
14.3,12.09,0.2383333333333333,1.228,172.887,59.772,15047.4965034965,b3,88.35,61.0,15028.254622379907
24.09,11.94,0.4015,1.6295,287.6346,59.3705,8872.303860523038,b3,88.35,61.0,9499.14121941905
25.13,11.89,0.4188333333333333,2.0483333333333333,298.7957,58.95166666666667,8445.125348189415,b3,88.35,61.0,8608.122211054952
25.1,11.88,0.4183333333333333,2.466666666666667,298.18800000000005,58.53333333333333,8395.219123505976,b3,88.35,61.0,8424.486412240727
25.07,11.86,0.4178333333333333,2.8845,297.3302,58.1155,8345.265257279616,b3,88.35,61.0,8369.98003846532
25.05,11.85,0.4175,3.302,296.8425,57.698,8291.928143712574,b3,88.35,61.0,8340.092553443877
25.02,11.84,0.417,3.719,296.2368,57.281,8241.870503597123,b3,88.35,61.0,8290.829899709643
25.0,11.83,0.4166666666666667,4.135666666666666,295.75,56.864333333333335,8188.464,b3,88.35,61.0,8269.779552848053
24.98,11.82,0.4163333333333333,4.552,295.2636,56.448,8135.02001601281,b3,88.35,61.0,8301.166867039643
22.7,11.84,0.3783333333333333,4.930333333333333,268.768,56.06966666666667,8892.105726872247,b3,88.35,61.0,8838.28704817566
22.69,11.83,0.3781666666666667,5.3085,268.4227,55.6915,8836.024680475979,b3,88.35,61.0,8778.16508462365
22.67,11.83,0.3778333333333333,5.686333333333333,268.1861,55.31366666666667,8783.820026466696,b3,88.35,61.0,8743.5938370984
22.66,11.82,0.3776666666666666,6.063999999999999,267.8412,54.936,8727.696381288615,b3,88.35,61.0,8702.180853862175
22.64,11.81,0.3773333333333333,6.441333333333333,267.3784,54.55866666666667,8675.40636042403,b3,88.35,61.0,8685.838809764991
22.63,11.8,0.3771666666666666,6.818499999999999,267.034,54.1815,8619.239946973044,b3,88.35,61.0,8651.912904439574
18.43,11.79,0.3071666666666666,7.125666666666666,217.2897,53.87433333333333,10523.472599023333,b3,88.35,61.0,10792.465738712352
14.16,11.95,0.236,7.3616666666666655,169.212,53.638333333333335,13636.86440677966,b3,88.35,61.0,13618.207305111655
14.16,11.94,0.236,7.597666666666665,169.0704,53.40233333333333,13576.86440677966,b3,88.35,61.0,13542.738430537687
14.16,11.94,0.236,7.833666666666665,169.0704,53.166333333333334,13516.86440677966,b3,88.35,61.0,13520.90802486152
14.15,11.94,0.2358333333333333,8.069499999999998,168.951,52.9305,13466.416961130742,b3,88.35,61.0,13482.938067116611
14.15,11.94,0.2358333333333333,8.305333333333332,168.951,52.69466666666667,13406.416961130742,b3,88.35,61.0,13476.456485594977
14.15,11.93,0.2358333333333333,8.541166666666665,168.8095,52.45883333333333,13346.41696113074,b3,88.35,61.0,13416.984296396704
14.15,11.93,0.2358333333333333,8.777,168.8095,52.223,13286.41696113074,b3,88.35,61.0,13377.159716547758
19.88,11.84,0.3313333333333333,9.108333333333333,235.3792,51.891666666666666,9396.88128772636,b3,88.35,61.0,9737.057243156924
20.3,11.8,0.3383333333333333,9.446666666666664,239.54,51.553333333333335,9142.463054187192,b3,88.35,61.0,9116.04227846233
20.3,11.8,0.3383333333333333,9.784999999999998,239.54,51.215,9082.463054187192,b3,88.35,61.0,9100.035683401748
20.29,11.79,0.3381666666666666,10.123166666666664,239.21909999999997,50.87683333333334,9026.939379004436,b3,88.35,61.0,9083.732154720588
20.25,11.78,0.3375,10.460666666666665,238.545,50.53933333333333,8984.77037037037,b3,88.35,61.0,9038.196250602641
20.25,11.78,0.3375,10.798166666666663,238.545,50.20183333333333,8924.77037037037,b3,88.35,61.0,9018.47127537933
14.82,11.87,0.247,11.045166666666663,175.9134,49.95483333333333,12134.777327935222,b3,88.35,61.0,12082.66479692377
14.82,11.87,0.247,11.292166666666663,175.9134,49.70783333333333,12074.777327935224,b3,88.35,61.0,12061.723521221875
14.82,11.87,0.247,11.539166666666665,175.9134,49.46083333333333,12014.777327935222,b3,88.35,61.0,12031.23525084547
14.81,11.87,0.2468333333333333,11.785999999999998,175.7947,49.214,11962.889939230248,b3,88.35,61.0,11996.748648355184
14.81,11.86,0.2468333333333333,12.03283333333333,175.6466,48.96716666666667,11902.88993923025,b3,88.35,61.0,11910.369391204556
14.81,11.86,0.2468333333333333,12.279666666666664,175.6466,48.720333333333336,11842.88993923025,b3,88.35,61.0,11897.50409739556
14.81,11.86,0.2468333333333333,12.526499999999997,175.6466,48.4735,11782.88993923025,b3,88.35,61.0,11883.489863678384
14.8,11.86,0.2466666666666666,12.773166666666665,175.528,48.22683333333334,11730.851351351352,b3,88.35,61.0,11843.370362913041
14.8,11.85,0.2466666666666666,13.01983333333333,175.38,47.98016666666667,11670.851351351352,b3,88.35,61.0,11822.056423322612
24.79,11.65,0.4131666666666666,13.432999999999996,288.8035,47.56700000000001,6907.6724485679715,b3,88.35,61.0,6959.221343891677
24.76,11.64,0.4126666666666667,13.845666666666665,288.20640000000003,47.15433333333334,6856.0420032310185,b3,88.35,61.0,6893.078527965909
24.74,11.63,0.4123333333333333,14.257999999999996,287.7262,46.742,6801.584478577204,b3,88.35,61.0,6874.743501025796
24.72,11.61,0.412,14.669999999999996,286.9992,46.330000000000005,6747.087378640778,b3,88.35,61.0,6797.228048129409
24.7,11.6,0.4116666666666667,15.081666666666663,286.52,45.91833333333334,6692.55060728745,b3,88.35,61.0,6775.779400584595
24.68,11.59,0.4113333333333333,15.492999999999997,286.0412,45.507000000000005,6637.974068071313,b3,88.35,61.0,6715.029195524129
24.66,11.58,0.411,15.903999999999996,285.5628,45.096,6583.3576642335765,b3,88.35,61.0,6705.581518029808
20.52,11.65,0.3419999999999999,16.245999999999995,239.058,44.754000000000005,7851.578947368423,b3,88.35,61.0,7828.05745430949
20.51,11.65,0.3418333333333334,16.58783333333333,238.9415,44.41216666666667,7795.407118478791,b3,88.35,61.0,7822.414644967012
20.51,11.64,0.3418333333333334,16.929666666666662,238.73640000000003,44.07033333333334,7735.407118478791,b3,88.35,61.0,7742.023591760251
20.5,11.64,0.3416666666666667,17.271333333333327,238.62,43.72866666666667,7679.180487804879,b3,88.35,61.0,7716.037965701592
20.49,11.63,0.3414999999999999,17.612833333333327,238.2987,43.38716666666667,7622.928257686678,b3,88.35,61.0,7666.264680379213
20.49,11.62,0.3414999999999999,17.954333333333327,238.09379999999996,43.04566666666667,7562.928257686678,b3,88.35,61.0,7640.813537197587
20.48,11.62,0.3413333333333333,18.295666666666666,237.9776,42.70433333333334,7506.62109375,b3,88.35,61.0,7632.178572329503
20.47,11.61,0.3411666666666667,18.63683333333333,237.65669999999997,42.36316666666667,7450.288226673182,b3,88.35,61.0,7598.9424990844245
20.46,11.6,0.341,18.97783333333333,237.336,42.02216666666667,7393.929618768329,b3,88.35,61.0,7609.388741992172
11.03,11.82,0.1838333333333333,19.16166666666666,130.3746,41.83833333333334,13655.30371713509,b3,88.35,61.0,13588.146712330446
11.03,11.82,0.1838333333333333,19.34549999999999,130.3746,41.654500000000006,13595.303717135088,b3,88.35,61.0,13487.947393938846
11.03,11.82,0.1838333333333333,19.529333333333327,130.3746,41.47066666666667,13535.30371713509,b3,88.35,61.0,13442.662879746615
11.03,11.82,0.1838333333333333,19.71316666666666,130.3746,41.28683333333334,13475.30371713509,b3,88.35,61.0,13416.580795498767
11.03,11.82,0.1838333333333333,19.89699999999999,130.3746,41.10300000000001,13415.303717135088,b3,88.35,61.0,13376.067036540093
11.03,11.82,0.1838333333333333,20.080833333333324,130.3746,40.91916666666667,13355.30371713509,b3,88.35,61.0,13352.06109934326
11.03,11.82,0.1838333333333333,20.264666666666656,130.3746,40.735333333333344,13295.30371713509,b3,88.35,61.0,13328.818621066726
11.02,11.82,0.1836666666666666,20.448333333333323,130.2564,40.55166666666668,13247.368421052635,b3,88.35,61.0,13299.30772681229
23.81,11.45,0.3968333333333333,20.845166666666657,272.62449999999995,40.15483333333334,6071.289374212517,b3,88.35,61.0,6268.318964467654
23.78,11.44,0.3963333333333333,21.24149999999999,272.0432,39.75850000000001,6018.948696383517,b3,88.35,61.0,6190.4050971107445
23.76,11.42,0.396,21.637499999999992,271.3392,39.36250000000001,5964.015151515152,b3,88.35,61.0,6135.354571980799
23.74,11.41,0.3956666666666666,22.03316666666666,270.8734,38.96683333333334,5909.03959561921,b3,88.35,61.0,6093.138365714089
21.55,11.45,0.3591666666666667,22.39233333333333,246.7475,38.607666666666674,6449.5406032482615,b3,88.35,61.0,6460.177037375365
21.54,11.44,0.359,22.751333333333328,246.4176,38.24866666666667,6392.534818941505,b3,88.35,61.0,6407.459153853782
21.52,11.43,0.3586666666666666,23.109999999999996,245.9736,37.89,6338.4758364312265,b3,88.35,61.0,6378.4346416066155
21.51,11.42,0.3585,23.468499999999995,245.6442,37.53150000000001,6281.42259414226,b3,88.35,61.0,6336.154892174501
23.66,11.36,0.3943333333333333,23.862833333333327,268.7776,37.13716666666667,5650.625528317837,b3,88.35,61.0,5986.56971918202
23.65,11.35,0.3941666666666666,24.25699999999999,268.42749999999995,36.74300000000001,5593.014799154336,b3,88.35,61.0,5947.959302972445
6.1,11.8,0.1016666666666666,24.35866666666666,71.98,36.641333333333336,21624.393442622953,b3,88.35,61.0,21381.388016014087
6.1,11.82,0.1016666666666666,24.460333333333327,72.102,36.53966666666667,21564.39344262296,b3,88.35,61.0,21467.980263472782
6.1,11.83,0.1016666666666666,24.56199999999999,72.163,36.438,21504.393442622953,b3,88.35,61.0,21455.721528938895
6.1,11.83,0.1016666666666666,24.66366666666666,72.163,36.33633333333334,21444.393442622957,b3,88.35,61.0,21427.321528938894
6.1,11.84,0.1016666666666666,24.765333333333327,72.22399999999999,36.23466666666667,21384.393442622953,b3,88.35,61.0,21360.368821422497
6.1,11.84,0.1016666666666666,24.866999999999994,72.22399999999999,36.13300000000001,21324.393442622957,b3,88.35,61.0,21336.768821422498
6.1,11.85,0.1016666666666666,24.96866666666666,72.285,36.031333333333336,21264.393442622953,b3,88.35,61.0,21216.573344469525
8.45,11.77,0.1408333333333333,25.109499999999993,99.4565,35.8905,15290.627218934917,b3,88.35,61.0,15489.057470491885
8.46,11.77,0.141,25.250499999999995,99.5742,35.749500000000005,15212.553191489362,b3,88.35,61.0,15171.205439283965
8.46,11.77,0.141,25.391499999999994,99.5742,35.60850000000001,15152.553191489362,b3,88.35,61.0,15056.021983282584
8.46,11.77,0.141,25.53249999999999,99.5742,35.46750000000001,15092.553191489364,b3,88.35,61.0,15008.899394474347
8.46,11.77,0.141,25.67349999999999,99.5742,35.32650000000001,15032.553191489364,b3,88.35,61.0,14944.88751911097
8.46,11.77,0.141,25.81449999999999,99.5742,35.18550000000001,14972.553191489364,b3,88.35,61.0,14837.262013606522
15.15,11.57,0.2525,26.06699999999999,175.2855,34.93300000000001,8300.91089108911,b3,88.35,61.0,8160.578451675084
15.14,11.57,0.2523333333333333,26.31933333333332,175.1698,34.68066666666668,8246.393659180982,b3,88.35,61.0,8134.463474084208
15.48,11.55,0.258,26.57733333333332,178.794,34.42266666666668,8005.271317829461,b3,88.35,61.0,8012.742587368287
15.47,11.54,0.2578333333333333,26.835166666666655,178.5238,34.16483333333335,7950.446024563675,b3,88.35,61.0,7968.908455616439
15.46,11.54,0.2576666666666666,27.09283333333332,178.4084,33.90716666666668,7895.588615782668,b3,88.35,61.0,7944.985322602174
15.46,11.53,0.2576666666666666,27.350499999999982,178.2538,33.64950000000002,7835.588615782669,b3,88.35,61.0,7849.553975829532
15.46,11.52,0.2576666666666666,27.60816666666665,178.0992,33.39183333333335,7775.588615782669,b3,88.35,61.0,7810.255419383197
15.45,11.52,0.2575,27.86566666666665,177.98399999999998,33.134333333333345,7720.621359223303,b3,88.35,61.0,7769.334782105181
15.44,11.51,0.2573333333333333,28.122999999999983,177.71439999999998,32.87700000000002,7665.621761658035,b3,88.35,61.0,7726.114220568769
15.44,11.5,0.2573333333333333,28.380333333333315,177.56,32.61966666666669,7605.621761658036,b3,88.35,61.0,7680.081441751345
15.44,11.49,0.2573333333333333,28.637666666666647,177.4056,32.36233333333335,7545.621761658036,b3,88.35,61.0,7639.843509240655
15.43,11.49,0.2571666666666666,28.894833333333313,177.2907,32.10516666666669,7490.511989630595,b3,88.35,61.0,7616.089911030267
15.42,11.48,0.257,29.151833333333315,177.0216,31.848166666666685,7435.369649805451,b3,88.35,61.0,7580.885659577578
15.42,11.48,0.257,29.408833333333316,177.0216,31.591166666666684,7375.369649805451,b3,88.35,61.0,7553.325709591295
22.94,11.27,0.3823333333333333,29.791166666666648,258.5338,31.208833333333352,4897.637314734091,b3,88.35,61.0,5037.757280538563
22.91,11.25,0.3818333333333333,30.17299999999998,257.7375,30.82700000000002,4844.050632911395,b3,88.35,61.0,4985.409495962548
22.89,11.23,0.3815,30.55449999999998,257.0547,30.44550000000002,4788.283093053738,b3,88.35,61.0,4930.2106403379
20.07,11.29,0.3345,30.888999999999974,226.5903,30.111000000000026,5401.0762331838605,b3,88.35,61.0,5356.572351666498
20.05,11.28,0.3341666666666666,31.223166666666646,226.164,29.776833333333354,5346.463840399007,b3,88.35,61.0,5317.6482600671425
20.04,11.27,0.3339999999999999,31.55716666666665,225.8508,29.44283333333335,5289.13173652695,b3,88.35,61.0,5288.767080262234
22.19,11.22,0.3698333333333333,31.92699999999998,248.97180000000003,29.07300000000002,4716.665164488511,b3,88.35,61.0,4876.975889810328
22.17,11.18,0.3695,32.29649999999998,247.8606,28.70350000000002,4660.920162381599,b3,88.35,61.0,4836.753533177521
14.59,11.39,0.2431666666666666,32.53966666666665,166.1801,28.460333333333352,7022.426319396852,b3,88.35,61.0,7071.202355902205
14.59,11.39,0.2431666666666666,32.782833333333315,166.1801,28.217166666666685,6962.426319396852,b3,88.35,61.0,7056.063939944906
16.88,11.31,0.2813333333333333,33.06416666666665,190.9128,27.93583333333335,5957.879146919435,b3,88.35,61.0,6208.528235490528
16.87,11.3,0.2811666666666667,33.345333333333315,190.63100000000003,27.654666666666685,5901.410788381746,b3,88.35,61.0,5886.386886799956
16.86,11.29,0.2809999999999999,33.626333333333314,190.34939999999995,27.373666666666686,5844.911032028474,b3,88.35,61.0,5780.520022964976
16.85,11.29,0.2808333333333334,33.90716666666665,190.2365,27.092833333333353,5788.3798219584605,b3,88.35,61.0,5761.866582065311
16.85,11.28,0.2808333333333334,34.18799999999998,190.068,26.81200000000002,5728.3798219584605,b3,88.35,61.0,5713.202455047473
16.84,11.27,0.2806666666666667,34.46866666666665,189.7868,26.53133333333335,5671.781472684089,b3,88.35,61.0,5705.963160771236
20.34,11.15,0.339,34.80766666666665,226.791,26.19233333333335,4635.811209439531,b3,88.35,61.0,4840.290236909041
20.32,11.14,0.3386666666666666,35.14633333333332,226.3648,25.853666666666683,4580.374015748034,b3,88.35,61.0,4783.60407105611
20.3,11.12,0.3383333333333333,35.48466666666665,225.736,25.515333333333352,4524.886699507392,b3,88.35,61.0,4735.931140633562
14.51,11.28,0.2418333333333333,35.72649999999998,163.6728,25.27350000000002,6270.475534114409,b3,88.35,61.0,6096.262896908882
12.18,11.36,0.2029999999999999,35.92949999999998,138.3648,25.070500000000017,7410.000000000005,b3,88.35,61.0,7181.635099360019
12.18,11.36,0.2029999999999999,36.132499999999986,138.3648,24.867500000000017,7350.000000000004,b3,88.35,61.0,7118.71293273484
12.18,11.36,0.2029999999999999,36.33549999999999,138.3648,24.66450000000001,7290.000000000004,b3,88.35,61.0,7093.665664242462
17.77,11.17,0.2961666666666666,36.63166666666665,198.4909,24.368333333333347,4936.747326955546,b3,88.35,61.0,5036.6294855367605
17.73,11.16,0.2955,36.92716666666665,197.8668,24.07283333333335,4887.884940778345,b3,88.35,61.0,5002.048581809597
17.71,11.15,0.2951666666666667,37.22233333333332,197.4665,23.777666666666683,4833.404856013555,b3,88.35,61.0,4949.2377475739895
17.7,11.14,0.295,37.51733333333332,197.178,23.48266666666668,4776.135593220342,b3,88.35,61.0,4929.781159410572
23.46,10.93,0.391,37.90833333333332,256.4178,23.091666666666683,3543.4782608695677,b3,88.35,61.0,3687.4176282265225
23.46,10.93,0.391,38.299333333333315,256.4178,22.700666666666685,3483.4782608695677,b3,88.35,61.0,3608.8153652164474
23.42,10.9,0.3903333333333333,38.689666666666646,255.278,22.31033333333335,3429.4278394534613,b3,88.35,61.0,3584.857442842583
23.38,10.87,0.3896666666666666,39.07933333333331,254.1406,21.92066666666669,3375.295124037643,b3,88.35,61.0,3582.415443685744
23.34,10.85,0.389,39.46833333333331,253.239,21.531666666666688,3321.0796915167125,b3,88.35,61.0,3514.8661688260045
23.3,10.82,0.3883333333333333,39.85666666666665,252.106,21.143333333333352,3266.7811158798313,b3,88.35,61.0,3518.187763901966
8.13,11.38,0.1355,39.99216666666665,92.51940000000002,21.007833333333352,9302.361623616243,b3,88.35,61.0,8627.357355949178
7.81,11.38,0.1301666666666666,40.12233333333331,88.87780000000001,20.877666666666684,9623.50832266326,b3,88.35,61.0,8924.308837829554
7.81,11.39,0.1301666666666666,40.25249999999998,88.9559,20.747500000000016,9563.50832266326,b3,88.35,61.0,8904.116598717128
7.81,11.4,0.1301666666666666,40.38266666666665,89.03399999999999,20.61733333333335,9503.50832266326,b3,88.35,61.0,8982.069884564895
9.9,11.31,0.165,40.54766666666665,111.969,20.45233333333335,7437.2121212121265,b3,88.35,61.0,7060.509563027512
9.89,11.31,0.1648333333333333,40.712499999999984,111.8559,20.287500000000016,7384.732052578367,b3,88.35,61.0,7027.689705239536
9.9,11.31,0.165,40.87749999999998,111.969,20.122500000000016,7317.2727272727325,b3,88.35,61.0,7015.766219012246
9.89,11.31,0.1648333333333333,41.04233333333332,111.8559,19.95766666666668,7264.67138523762,b3,88.35,61.0,6995.473770224911
12.4,11.21,0.2066666666666666,41.24899999999998,139.00400000000002,19.75100000000002,5734.161290322586,b3,88.35,61.0,5623.706299700538
12.4,11.2,0.2066666666666666,41.45566666666664,138.88,19.544333333333356,5674.161290322587,b3,88.35,61.0,5590.746672454125
12.39,11.2,0.2065,41.66216666666664,138.768,19.337833333333357,5618.740920096859,b3,88.35,61.0,5524.838037416597
12.39,11.19,0.2065,41.86866666666664,138.6441,19.13133333333336,5558.74092009686,b3,88.35,61.0,5431.61838812502
16.6,11.02,0.2766666666666666,42.145333333333305,182.932,18.854666666666695,4088.9638554216926,b3,88.35,61.0,4401.88601809253
16.58,11.0,0.2763333333333333,42.42166666666664,182.38,18.57833333333336,4033.896260554892,b3,88.35,61.0,4203.034319508253
16.55,10.99,0.2758333333333333,42.69749999999997,181.8845,18.30250000000003,3981.208459214509,b3,88.35,61.0,4145.277882579677
16.54,10.97,0.2756666666666666,42.97316666666664,181.4438,18.026833333333364,3923.615477629995,b3,88.35,61.0,4082.78624886429
16.53,10.95,0.2755,43.24866666666664,181.0035,17.751333333333363,3865.98911070781,b3,88.35,61.0,4005.4268028132324
21.63,10.73,0.3605,43.60916666666664,232.0899,17.39083333333336,2894.4521497919604,b3,88.35,61.0,3290.827082981043
21.57,10.69,0.3595,43.968666666666635,230.5833,17.031333333333365,2842.5034770514653,b3,88.35,61.0,3087.6977628213567
21.52,10.65,0.3586666666666666,44.3273333333333,229.188,16.6726666666667,2789.1078066914556,b3,88.35,61.0,3051.517103557709
21.47,10.61,0.3578333333333333,44.68516666666663,227.7967,16.314833333333368,2735.6031672100667,b3,88.35,61.0,3017.847282669493
21.42,10.57,0.357,45.04216666666663,226.40940000000003,15.957833333333369,2681.988795518213,b3,88.35,61.0,3029.3368310528554
22.03,10.5,0.3671666666666667,45.4093333333333,231.315,15.5906666666667,2547.725828415802,b3,88.35,61.0,2995.530843559348
21.96,10.44,0.366,45.7753333333333,229.2624,15.2246666666667,2495.8469945355246,b3,88.35,61.0,2923.0917172106024
21.89,10.38,0.3648333333333333,46.14016666666663,227.2182,14.85983333333337,2443.8282320694443,b3,88.35,61.0,2909.7808686108297
21.81,10.32,0.3635,46.50366666666663,225.0792,14.496333333333368,2392.7922971114226,b3,88.35,61.0,2890.972949409
21.73,10.25,0.3621666666666667,46.8658333333333,222.7325,14.1341666666667,2341.6014726185053,b3,88.35,61.0,2913.672055112319
16.74,10.42,0.2789999999999999,47.1448333333333,174.43079999999998,13.855166666666696,2979.6057347670317,b3,88.35,61.0,3299.3666577688005
16.72,10.39,0.2786666666666667,47.42349999999997,173.7208,13.576500000000031,2923.169856459337,b3,88.35,61.0,3249.4330658735676
16.68,10.36,0.2779999999999999,47.70149999999997,172.8048,13.298500000000033,2870.179856115115,b3,88.35,61.0,3226.4136014271658
16.64,10.31,0.2773333333333333,47.9788333333333,171.5584,13.0211666666667,2817.0793269230844,b3,88.35,61.0,3207.969776326075
18.59,10.07,0.3098333333333333,48.28866666666663,187.2013,12.711333333333371,2461.5814954276566,b3,88.35,61.0,2951.6724933217606
18.46,9.94,0.3076666666666667,48.5963333333333,183.4924,12.403666666666702,2418.916576381372,b3,88.35,61.0,2818.5499943684617
18.31,9.78,0.3051666666666666,48.90149999999996,179.07179999999997,12.098500000000035,2378.732932823601,b3,88.35,61.0,2794.219504180171
13.61,10.14,0.2268333333333333,49.128333333333295,138.0054,11.871666666666703,3140.191036002949,b3,88.35,61.0,3337.711705935933
13.6,10.13,0.2266666666666666,49.35499999999996,137.768,11.64500000000004,3082.5000000000105,b3,88.35,61.0,3295.4739201945217
13.57,10.09,0.2261666666666666,49.581166666666626,136.9213,11.418833333333374,3029.3146647015583,b3,88.35,61.0,3269.7166214308013
13.53,10.04,0.2254999999999999,49.80666666666662,135.8412,11.193333333333378,2978.270509977839,b3,88.35,61.0,3255.383494501852
16.09,9.63,0.2681666666666666,50.07483333333329,154.94670000000002,10.925166666666712,2444.4126786824218,b3,88.35,61.0,2815.9619373838314
15.95,9.48,0.2658333333333333,50.34066666666662,151.206,10.65933333333338,2405.8683385580043,b3,88.35,61.0,2783.3204915175056
12.13,9.88,0.2021666666666667,50.54283333333328,119.84440000000002,10.457166666666716,3103.528441879652,b3,88.35,61.0,3247.058587557746
12.12,9.87,0.2019999999999999,50.74483333333328,119.62439999999998,10.255166666666716,3046.0891089109064,b3,88.35,61.0,3243.9299551864833
6.96,10.59,0.116,50.86083333333328,73.7064,10.139166666666718,5244.396551724164,b3,88.35,61.0,5059.518487762753
7.0,10.7,0.1166666666666666,50.97749999999995,74.89999999999999,10.02250000000005,5154.428571428597,b3,88.35,61.0,5047.748332775354
7.01,10.74,0.1168333333333333,51.09433333333328,75.2874,9.905666666666718,5087.075606276774,b3,88.35,61.0,5002.243285301852
7.01,10.75,0.1168333333333333,51.211166666666614,75.3575,9.788833333333386,5027.075606276775,b3,88.35,61.0,4972.550064621151
7.02,10.77,0.1169999999999999,51.32816666666661,75.60539999999999,9.671833333333389,4959.914529914559,b3,88.35,61.0,4944.343123520771
7.77,10.7,0.1295,51.45766666666661,83.139,9.542333333333389,4421.158301158327,b3,88.35,61.0,4429.386248976858
7.77,10.7,0.1295,51.58716666666661,83.139,9.412833333333388,4361.158301158327,b3,88.35,61.0,4358.805200509799
7.77,10.71,0.1295,51.71666666666661,83.2167,9.283333333333388,4301.158301158327,b3,88.35,61.0,4266.604062026074
7.77,10.71,0.1295,51.84616666666661,83.2167,9.153833333333388,4241.158301158327,b3,88.35,61.0,4113.8674037998335
7.77,10.71,0.1295,51.97566666666661,83.2167,9.024333333333388,4181.158301158326,b3,88.35,61.0,4086.8964037408123
7.77,10.7,0.1295,52.10516666666661,83.139,8.894833333333388,4121.158301158326,b3,88.35,61.0,4025.588392084562
8.64,10.63,0.144,52.24916666666661,91.8432,8.75083333333339,3646.180555555579,b3,88.35,61.0,3640.744632396286
8.64,10.61,0.144,52.39316666666661,91.6704,8.606833333333391,3586.18055555558,b3,88.35,61.0,3549.173018721082
8.63,10.6,0.1438333333333333,52.53699999999994,91.478,8.463000000000058,3530.336037079978,b3,88.35,61.0,3503.0099050799126
8.63,10.59,0.1438333333333333,52.680833333333275,91.3917,8.319166666666725,3470.336037079978,b3,88.35,61.0,3475.0514281554742
8.62,10.57,0.1436666666666666,52.824499999999944,91.1134,8.175500000000056,3414.3619489559405,b3,88.35,61.0,3448.8184674571407
10.85,10.35,0.1808333333333333,53.00533333333328,112.2975,7.994666666666724,2652.6082949308948,b3,88.35,61.0,2876.3769722170564
10.78,10.2,0.1796666666666666,53.184999999999945,109.956,7.815000000000055,2609.833024118757,b3,88.35,61.0,2803.5500065740657
10.78,10.2,0.1796666666666666,53.364666666666615,109.956,7.635333333333385,2549.833024118756,b3,88.35,61.0,2791.5912812909864
5.29,10.75,0.0881666666666666,53.45283333333328,56.8675,7.547166666666719,5136.068052930093,b3,88.35,61.0,4953.229180989536
5.29,10.8,0.0881666666666666,53.54099999999995,57.132000000000005,7.459000000000053,5076.068052930093,b3,88.35,61.0,4918.630247110305
5.29,10.83,0.0881666666666666,53.62916666666661,57.2907,7.370833333333387,5016.0680529300935,b3,88.35,61.0,4901.126136117959
7.63,10.64,0.1271666666666666,53.75633333333328,81.1832,7.243666666666719,3417.719528178269,b3,88.35,61.0,3484.6986851836527
7.62,10.62,0.127,53.88333333333328,80.92439999999999,7.116666666666717,3362.2047244094724,b3,88.35,61.0,3452.652641665065
7.62,10.61,0.127,54.010333333333286,80.84819999999999,6.989666666666714,3302.204724409471,b3,88.35,61.0,3406.051713966391
7.62,10.6,0.127,54.13733333333329,80.77199999999999,6.862666666666712,3242.20472440947,b3,88.35,61.0,3379.805315297887
7.61,10.58,0.1268333333333333,54.26416666666662,80.5138,6.735833333333382,3186.465177398183,b3,88.35,61.0,3374.8597158592192
6.97,10.57,0.1161666666666666,54.38033333333328,73.6729,6.619666666666717,3419.05308464852,b3,88.35,61.0,3496.5946829173668
6.98,10.62,0.1163333333333333,54.49666666666661,74.1276,6.503333333333387,3354.154727793724,b3,88.35,61.0,3432.00920491455
6.97,10.62,0.1161666666666666,54.61283333333328,74.02139999999999,6.387166666666722,3298.967001434749,b3,88.35,61.0,3381.428882502714
6.97,10.61,0.1161666666666666,54.72899999999994,73.95169999999999,6.271000000000058,3238.96700143475,b3,88.35,61.0,3314.9431449072263
6.97,10.61,0.1161666666666666,54.84516666666661,73.95169999999999,6.154833333333393,3178.967001434751,b3,88.35,61.0,3312.7080936150396
9.22,10.41,0.1536666666666666,54.99883333333327,95.9802,6.001166666666727,2343.188720173559,b3,88.35,61.0,2498.7620097790223
9.18,10.32,0.153,55.15183333333327,94.7376,5.848166666666728,2293.3986928104814,b3,88.35,61.0,2399.808590759678
9.13,10.23,0.1521666666666666,55.30399999999994,93.39990000000002,5.696000000000062,2245.9583789704516,b3,88.35,61.0,2372.234421939855
9.07,10.1,0.1511666666666666,55.45516666666661,91.607,5.5448333333333935,2200.8158765160106,b3,88.35,61.0,2336.399244081206
9.0,9.96,0.15,55.605166666666605,89.64000000000001,5.394833333333395,2157.933333333358,b3,88.35,61.0,2287.853099207389
8.92,9.8,0.1486666666666666,55.75383333333327,87.41600000000001,5.246166666666731,2117.286995515721,b3,88.35,61.0,2260.224141680013
6.78,10.04,0.113,55.86683333333327,68.07119999999999,5.133166666666732,2725.5752212389725,b3,88.35,61.0,2693.081861690787
6.78,10.04,0.113,55.97983333333327,68.07119999999999,5.020166666666732,2665.5752212389725,b3,88.35,61.0,2677.8618532061623
6.77,10.0,0.1128333333333333,56.0926666666666,67.69999999999999,4.907333333333398,2609.5125553914672,b3,88.35,61.0,2653.3738796939556
6.75,9.96,0.1125,56.2051666666666,67.23,4.794833333333401,2557.2444444444805,b3,88.35,61.0,2644.8744228315654
9.99,9.4,0.1665,56.3716666666666,93.906,4.628333333333401,1667.8678678678923,b3,88.35,61.0,1881.7826921109088
9.85,9.17,0.1641666666666666,56.535833333333265,90.3245,4.464166666666735,1631.5736040609388,b3,88.35,61.0,1851.0981482965037
24.47,12.1,0.4078333333333333,0.4078333333333333,296.087,66.59216666666667,9796.967715570088,b5,85.0,67.0,9988.197462470242
24.47,12.1,0.4078333333333333,0.8156666666666667,296.087,66.18433333333333,9736.967715570085,b5,85.0,67.0,9902.282403083482
24.49,12.07,0.4081666666666666,1.223833333333333,295.5943,65.77616666666667,9669.015924867294,b5,85.0,67.0,9755.726759315407
24.51,12.06,0.4085,1.6323333333333334,295.59060000000005,65.36766666666666,9601.126070991431,b5,85.0,67.0,9724.841757271906
24.53,12.05,0.4088333333333333,2.041166666666667,295.58650000000006,64.95883333333333,9533.298002445985,b5,85.0,67.0,9617.810635188578
24.55,12.03,0.4091666666666667,2.4503333333333335,295.3365,64.54966666666667,9465.531568228103,b5,85.0,67.0,9672.208585305325
18.85,12.13,0.3141666666666667,2.7645,228.6505,64.2355,12267.787798408488,b5,85.0,67.0,12258.789121199605
18.88,12.12,0.3146666666666666,3.0791666666666666,228.8256,63.920833333333334,12188.294491525425,b5,85.0,67.0,12235.619255787966
18.87,12.11,0.3145,3.3936666666666664,228.5157,63.60633333333333,12134.753577106518,b5,85.0,67.0,12141.60729385417
18.89,12.1,0.3148333333333333,3.7085,228.569,63.2915,12061.905770248808,b5,85.0,67.0,12099.729915586244
18.89,12.09,0.3148333333333333,4.023333333333333,228.3801,62.97666666666667,12001.905770248808,b5,85.0,67.0,12102.6876529596
21.86,12.03,0.3643333333333333,4.387666666666667,262.9758,62.61233333333333,10311.271729185728,b5,85.0,67.0,10482.225972640133
21.89,12.02,0.3648333333333333,4.7525,263.1178,62.2475,10237.140246687984,b5,85.0,67.0,10375.949415662122
21.91,12.01,0.3651666666666667,5.1176666666666675,263.1391,61.882333333333335,10167.79552715655,b5,85.0,67.0,10243.795165153393
21.91,12.0,0.3651666666666667,5.482833333333335,262.92,61.51716666666667,10107.79552715655,b5,85.0,67.0,10211.330776059081
21.91,11.99,0.3651666666666667,5.848000000000002,262.7009,61.152,10047.79552715655,b5,85.0,67.0,10200.663465612868
21.96,11.98,0.366,6.214000000000001,263.0808,60.786,9964.918032786883,b5,85.0,67.0,10168.289478059793
17.29,12.07,0.2881666666666666,6.5021666666666675,208.6903,60.49783333333333,12596.425679583574,b5,85.0,67.0,12572.963180396322
17.32,12.06,0.2886666666666667,6.790833333333334,208.87920000000005,60.20916666666667,12514.60739030023,b5,85.0,67.0,12500.711681379298
17.32,12.06,0.2886666666666667,7.079500000000001,208.87920000000005,59.9205,12454.60739030023,b5,85.0,67.0,12467.378650717883
17.32,12.05,0.2886666666666667,7.368166666666668,208.706,59.63183333333333,12394.60739030023,b5,85.0,67.0,12427.733812124465
17.35,12.05,0.2891666666666667,7.657333333333335,209.0675,59.342666666666666,12313.175792507203,b5,85.0,67.0,12356.517855332855
25.06,11.89,0.4176666666666666,8.075000000000001,297.9634,58.925,8464.88427773344,b5,85.0,67.0,8835.20255769172
25.07,11.87,0.4178333333333333,8.492833333333335,297.5809,58.50716666666666,8401.507778220981,b5,85.0,67.0,8574.385185009316
25.11,11.86,0.4185,8.911333333333335,297.8046,58.08866666666667,8328.124253285545,b5,85.0,67.0,8497.094497024325
25.12,11.85,0.4186666666666667,9.330000000000002,297.672,57.67,8264.808917197452,b5,85.0,67.0,8379.482346381996
5.24,12.31,0.0873333333333333,9.417333333333335,64.5044,57.58266666666667,39560.6106870229,b5,85.0,67.0,39807.406236812254
5.22,12.33,0.087,9.504333333333337,64.3626,57.495666666666665,39652.183908045976,b5,85.0,67.0,39726.25275508373
5.21,12.33,0.0868333333333333,9.591166666666668,64.2393,57.408833333333334,39668.29174664107,b5,85.0,67.0,39775.91153564987
5.21,12.34,0.0868333333333333,9.678,64.2914,57.322,39608.29174664108,b5,85.0,67.0,39632.7733842405
19.4,11.97,0.3233333333333333,10.001333333333337,232.218,56.998666666666665,10577.072164948451,b5,85.0,67.0,10732.034449893812
19.42,11.96,0.3236666666666667,10.325,232.26320000000004,56.675,10506.179196704428,b5,85.0,67.0,10613.550012303689
19.43,11.95,0.3238333333333333,10.648833333333334,232.1885,56.351166666666664,10440.772002058671,b5,85.0,67.0,10557.21139985882
19.42,11.94,0.3236666666666667,10.9725,231.8748,56.0275,10386.148300720906,b5,85.0,67.0,10537.968401290653
19.46,11.94,0.3243333333333333,11.296833333333334,232.3524,55.70316666666667,10304.799588900309,b5,85.0,67.0,10505.454672144642
21.16,11.89,0.3526666666666667,11.6495,251.59240000000003,55.3505,9416.909262759924,b5,85.0,67.0,9561.355077603614
21.18,11.88,0.353,12.0025,251.6184,54.9975,9348.016997167138,b5,85.0,67.0,9363.721284190913
22.94,11.84,0.3823333333333333,12.384833333333331,271.6096,54.61516666666667,8570.819529206627,b5,85.0,67.0,8515.526315036359
22.95,11.83,0.3825,12.767333333333331,271.4985,54.23266666666667,8507.084967320261,b5,85.0,67.0,8444.718396914452
23.54,11.81,0.3923333333333333,13.159666666666666,278.0074,53.840333333333334,8233.865760407818,b5,85.0,67.0,8251.656699348157
23.54,11.8,0.3923333333333333,13.552,277.772,53.448,8173.865760407816,b5,85.0,67.0,8239.792669871971
23.02,11.8,0.3836666666666666,13.935666666666666,271.636,53.06433333333334,8298.50564726325,b5,85.0,67.0,8324.848272524156
23.05,11.79,0.3841666666666666,14.319833333333332,271.7595,52.680166666666665,8227.704989154014,b5,85.0,67.0,8284.619034851356
22.33,11.8,0.3721666666666666,14.692,263.49399999999997,52.308,8432.995969547694,b5,85.0,67.0,8469.442044025725
22.35,11.79,0.3725,15.0645,263.5065,51.9355,8365.449664429529,b5,85.0,67.0,8405.327873739101
22.37,11.78,0.3728333333333333,15.437333333333337,263.5186,51.562666666666665,8297.970496200269,b5,85.0,67.0,8396.107721655391
15.96,11.92,0.266,15.703333333333337,190.2432,51.29666666666667,11570.676691729324,b5,85.0,67.0,11597.240718022476
15.96,11.92,0.266,15.969333333333337,190.2432,51.03066666666666,11510.676691729324,b5,85.0,67.0,11534.24686891112
15.94,11.92,0.2656666666666666,16.235000000000003,190.0048,50.765,11465.119196988708,b5,85.0,67.0,11536.243376890297
15.96,11.91,0.266,16.501000000000005,190.0836,50.498999999999995,11390.751879699246,b5,85.0,67.0,11439.56857129713
17.62,11.87,0.2936666666666667,16.79466666666667,209.1494,50.20533333333333,10257.616345062428,b5,85.0,67.0,10523.510307155875
17.64,11.87,0.294,17.088666666666672,209.3868,49.91133333333333,10185.986394557822,b5,85.0,67.0,10442.205627307349
17.66,11.86,0.2943333333333333,17.383000000000006,209.4476,49.61699999999999,10114.450736126835,b5,85.0,67.0,10385.086848560188
17.64,11.86,0.294,17.677000000000007,209.2104,49.32299999999999,10065.918367346938,b5,85.0,67.0,10355.63209635546
23.48,11.72,0.3913333333333333,18.06833333333334,275.1856,48.93166666666666,7502.299829642248,b5,85.0,67.0,7706.890885634236
23.53,11.71,0.3921666666666666,18.460500000000007,275.53630000000004,48.53949999999999,7426.357841053971,b5,85.0,67.0,7570.509931675455
23.53,11.7,0.3921666666666666,18.852666666666675,275.301,48.14733333333332,7366.357841053972,b5,85.0,67.0,7503.393524302152
23.57,11.69,0.3928333333333333,19.245500000000007,275.5333,47.75449999999999,7293.856597369537,b5,85.0,67.0,7431.964160273603
16.04,11.85,0.2673333333333333,19.51283333333334,190.074,47.48716666666666,10657.967581047382,b5,85.0,67.0,10681.579523113793
16.05,11.85,0.2675,19.78033333333334,190.1925,47.21966666666666,10591.327102803738,b5,85.0,67.0,10651.631104125237
16.04,11.85,0.2673333333333333,20.04766666666667,190.074,46.95233333333333,10537.930174563591,b5,85.0,67.0,10634.575420652214
20.76,11.74,0.346,20.39366666666667,243.7224,46.606333333333325,8082.02312138728,b5,85.0,67.0,8205.5816064161
20.77,11.73,0.3461666666666667,20.739833333333337,243.6321,46.26016666666666,8018.131921039961,b5,85.0,67.0,8099.487984808081
21.29,11.71,0.3548333333333333,21.09466666666667,249.3059,45.90533333333333,7762.292155941756,b5,85.0,67.0,7846.840718385408
20.76,11.71,0.346,21.44066666666667,243.09960000000004,45.55933333333333,7900.462427745663,b5,85.0,67.0,7930.157707555356
20.8,11.7,0.3466666666666667,21.787333333333336,243.36,45.212666666666664,7825.26923076923,b5,85.0,67.0,7866.499030737096
24.78,11.6,0.413,22.200333333333337,287.448,44.79966666666667,6508.426150121065,b5,85.0,67.0,6607.093464008378
24.83,11.59,0.4138333333333333,22.61416666666667,287.7797,44.38583333333333,6435.320177204994,b5,85.0,67.0,6498.41852530392
24.82,11.57,0.4136666666666667,23.027833333333337,287.1674,43.972166666666666,6377.912973408541,b5,85.0,67.0,6430.811385531304
24.85,11.56,0.4141666666666667,23.442000000000004,287.266,43.55799999999999,6310.213279678068,b5,85.0,67.0,6422.000481623297
23.96,11.57,0.3993333333333334,23.84133333333334,277.2172,43.15866666666666,6484.607679465776,b5,85.0,67.0,6491.080756537691
23.97,11.56,0.3994999999999999,24.240833333333335,277.0932,42.75916666666666,6421.902377972465,b5,85.0,67.0,6476.126111348194
23.99,11.55,0.3998333333333333,24.64066666666667,277.0845,42.359333333333325,6356.548561900791,b5,85.0,67.0,6444.105169880361
23.98,11.54,0.3996666666666666,25.04033333333334,276.7292,41.959666666666664,6299.199332777313,b5,85.0,67.0,6408.603257258598
22.06,11.58,0.3676666666666666,25.40800000000001,255.4548,41.59199999999999,6787.452402538531,b5,85.0,67.0,6773.643048561474
21.52,11.59,0.3586666666666666,25.766666666666676,249.4168,41.23333333333332,6897.769516728622,b5,85.0,67.0,6877.600903558463
21.56,11.58,0.3593333333333333,26.12600000000001,249.6648,40.873999999999995,6824.972170686457,b5,85.0,67.0,6815.721518809418
17.71,11.67,0.2951666666666667,26.421166666666675,206.6757,40.57883333333332,8248.661773009597,b5,85.0,67.0,8178.5968843829505
17.72,11.67,0.2953333333333333,26.716500000000007,206.7924,40.28349999999999,8184.006772009027,b5,85.0,67.0,8157.523869543585
17.71,11.67,0.2951666666666667,27.01166666666667,206.6757,39.98833333333333,8128.627893845285,b5,85.0,67.0,8163.961553741728
12.15,11.79,0.2025,27.21416666666667,143.2485,39.78583333333333,11788.395061728392,b5,85.0,67.0,11958.268868258421
12.1,11.82,0.2016666666666666,27.415833333333342,143.022,39.58416666666666,11777.107438016526,b5,85.0,67.0,12191.826865619782
12.1,11.82,0.2016666666666666,27.61750000000001,143.022,39.38249999999999,11717.107438016526,b5,85.0,67.0,12092.305259179235
12.1,11.82,0.2016666666666666,27.81916666666668,143.022,39.180833333333325,11657.107438016526,b5,85.0,67.0,12092.136847013318
12.1,11.82,0.2016666666666666,28.020833333333343,143.022,38.97916666666666,11597.107438016526,b5,85.0,67.0,11983.283592559568
14.36,11.75,0.2393333333333333,28.26016666666668,168.73,38.73983333333332,9711.93593314763,b5,85.0,67.0,10029.978767272483
14.35,11.75,0.2391666666666666,28.499333333333347,168.61249999999998,38.50066666666665,9658.703832752612,b5,85.0,67.0,9929.154798902573
14.37,11.74,0.2395,28.738833333333343,168.7038,38.261166666666654,9585.260960334026,b5,85.0,67.0,9763.758767313717
14.37,11.74,0.2395,28.978333333333342,168.7038,38.021666666666654,9525.260960334026,b5,85.0,67.0,9731.38200275728
18.08,11.64,0.3013333333333333,29.27966666666668,210.4512,37.72033333333332,7510.685840707963,b5,85.0,67.0,7637.457364128268
18.11,11.63,0.3018333333333333,29.581500000000013,210.6193,37.41849999999999,7438.244064053007,b5,85.0,67.0,7562.316785494248
18.11,11.62,0.3018333333333333,29.883333333333347,210.43819999999997,37.11666666666665,7378.244064053007,b5,85.0,67.0,7524.499906089091
18.14,11.61,0.3023333333333333,30.18566666666668,210.6054,36.81433333333332,7306.04189636163,b5,85.0,67.0,7420.903662552451
24.2,11.44,0.4033333333333333,30.589000000000013,276.84799999999996,36.41099999999999,5416.512396694213,b5,85.0,67.0,5604.355085578044
24.2,11.43,0.4033333333333333,30.992333333333345,276.606,36.00766666666665,5356.512396694213,b5,85.0,67.0,5534.860927597721
24.25,11.42,0.4041666666666667,31.39650000000001,276.935,35.60349999999999,5285.468041237112,b5,85.0,67.0,5521.66851634944
24.25,11.4,0.4041666666666667,31.800666666666675,276.45,35.19933333333333,5225.468041237113,b5,85.0,67.0,5507.808256885624
15.85,11.62,0.2641666666666666,32.06483333333334,184.177,34.93516666666666,7934.801261829652,b5,85.0,67.0,7910.9758316016305
15.83,11.62,0.2638333333333333,32.32866666666667,183.9446,34.67133333333333,7884.826279216676,b5,85.0,67.0,7914.213589916493
15.83,11.62,0.2638333333333333,32.5925,183.9446,34.4075,7824.826279216677,b5,85.0,67.0,7875.299241705165
15.83,11.62,0.2638333333333333,32.85633333333333,183.9446,34.14366666666667,7764.826279216678,b5,85.0,67.0,7842.847691694363
15.85,11.61,0.2641666666666666,33.1205,184.0185,33.8795,7695.028391167192,b5,85.0,67.0,7741.474618509779
21.76,11.44,0.3626666666666667,33.48316666666667,248.9344,33.51683333333333,5545.064338235294,b5,85.0,67.0,5657.708372647488
21.83,11.43,0.3638333333333333,33.847,249.51689999999996,33.153,5467.283554741181,b5,85.0,67.0,5516.101723095262
21.85,11.42,0.3641666666666667,34.21116666666667,249.527,32.78883333333333,5402.279176201372,b5,85.0,67.0,5490.207531725712
22.33,11.39,0.3721666666666666,34.583333333333336,254.3387,32.416666666666664,5226.153157187639,b5,85.0,67.0,5352.319194119462
15.92,11.56,0.2653333333333333,34.84866666666667,184.0352,32.15133333333333,7270.402010050251,b5,85.0,67.0,7276.451241164195
17.66,11.5,0.2943333333333333,35.143,203.09,31.857,6494.0656851642125,b5,85.0,67.0,6600.305358056543
17.69,11.5,0.2948333333333333,35.43783333333334,203.435,31.562166666666663,6423.052572074617,b5,85.0,67.0,6564.413634545913
17.69,11.49,0.2948333333333333,35.732666666666674,203.2581,31.26733333333333,6363.052572074616,b5,85.0,67.0,6496.298071497874
17.69,11.48,0.2948333333333333,36.02750000000001,203.0812,30.97249999999999,6303.0525720746155,b5,85.0,67.0,6465.7948261091915
17.71,11.48,0.2951666666666667,36.32266666666668,203.31080000000003,30.677333333333323,6235.934500282324,b5,85.0,67.0,6395.657608534466
20.16,11.4,0.336,36.65866666666667,229.824,30.341333333333324,5418.095238095237,b5,85.0,67.0,5635.905753958214
20.21,11.39,0.3368333333333334,36.99550000000001,230.19190000000003,30.004499999999993,5344.690747154872,b5,85.0,67.0,5495.4180866627175
20.2,11.38,0.3366666666666666,37.33216666666667,229.876,29.667833333333327,5287.336633663365,b5,85.0,67.0,5435.4282522708345
20.22,11.37,0.3369999999999999,37.66916666666667,229.90139999999997,29.330833333333324,5222.106824925815,b5,85.0,67.0,5355.129126607343
20.24,11.36,0.3373333333333333,38.00650000000001,229.92639999999997,28.99349999999999,5156.946640316204,b5,85.0,67.0,5316.645613189232
22.58,11.28,0.3763333333333333,38.382833333333345,254.70239999999995,28.617166666666655,4562.524357838794,b5,85.0,67.0,4647.586713992366
22.58,11.26,0.3763333333333333,38.75916666666668,254.25079999999997,28.24083333333332,4502.524357838794,b5,85.0,67.0,4625.528509204975
22.57,11.25,0.3761666666666666,39.13533333333335,253.9125,27.86466666666665,4444.5192733717295,b5,85.0,67.0,4597.291483913017
22.56,11.24,0.376,39.51133333333335,253.5744,27.488666666666653,4386.489361702126,b5,85.0,67.0,4540.300795879531
22.53,11.22,0.3755,39.88683333333335,252.7866,27.11316666666665,4332.330226364844,b5,85.0,67.0,4534.064884035699
15.5,11.42,0.2583333333333333,40.14516666666668,177.01,26.85483333333332,6237.251612903222,b5,85.0,67.0,6595.939701840901
25.58,11.1,0.4263333333333333,40.571500000000015,283.938,26.428499999999985,3719.413604378419,b5,85.0,67.0,3827.376275330657
25.39,11.09,0.4231666666666667,40.99466666666668,281.5751,26.00533333333332,3687.24694761717,b5,85.0,67.0,3770.2085756498154
25.34,11.07,0.4223333333333333,41.417000000000016,280.5138,25.582999999999984,3634.522494080503,b5,85.0,67.0,3729.246133105526
25.35,11.05,0.4225,41.839500000000015,280.1175,25.160499999999985,3573.0887573964474,b5,85.0,67.0,3698.717411489263
25.31,11.03,0.4218333333333333,42.26133333333335,279.16929999999996,24.738666666666653,3518.735677597786,b5,85.0,67.0,3630.58797170776
25.28,11.01,0.4213333333333333,42.68266666666669,278.3328,24.317333333333316,3462.9113924050607,b5,85.0,67.0,3635.3426507250474
25.22,10.99,0.4203333333333333,43.103000000000016,277.1678,23.896999999999984,3411.149881046786,b5,85.0,67.0,3571.7244162164575
5.16,11.7,0.086,43.189000000000014,60.372,23.810999999999986,16612.325581395336,b5,85.0,67.0,16620.51563424127
5.15,11.72,0.0858333333333333,43.27483333333335,60.358,23.725166666666652,16584.582524271835,b5,85.0,67.0,16538.323086830525
5.14,11.73,0.0856666666666666,43.360500000000016,60.2922,23.639499999999984,16556.848249027225,b5,85.0,67.0,16732.326861463764
5.13,11.74,0.0854999999999999,43.44600000000002,60.2262,23.55399999999998,16529.12280701753,b5,85.0,67.0,16680.258850887643
5.13,11.75,0.0854999999999999,43.53150000000002,60.2775,23.468499999999977,16469.122807017528,b5,85.0,67.0,16798.81764406029
10.42,11.56,0.1736666666666666,43.70516666666669,120.4552,23.294833333333308,8048.119001919377,b5,85.0,67.0,7841.049447825829
10.43,11.54,0.1738333333333333,43.879000000000026,120.3622,23.120999999999977,7980.402684563749,b5,85.0,67.0,7811.649519342791
10.43,11.54,0.1738333333333333,44.05283333333336,120.3622,22.94716666666664,7920.402684563749,b5,85.0,67.0,7774.095397502178
10.45,11.53,0.1741666666666666,44.227000000000025,120.4885,22.772999999999975,7845.244019138749,b5,85.0,67.0,7719.012214180388
10.44,11.53,0.174,44.401000000000025,120.37319999999998,22.598999999999975,7792.758620689647,b5,85.0,67.0,7712.438878977674
15.11,11.36,0.2518333333333333,44.652833333333355,171.6496,22.347166666666645,5324.2753143613445,b5,85.0,67.0,5736.511393611684
15.11,11.35,0.2518333333333333,44.904666666666685,171.49849999999998,22.095333333333315,5264.275314361346,b5,85.0,67.0,5612.4462045326445
15.13,11.34,0.2521666666666667,45.15683333333335,171.57420000000002,21.843166666666647,5197.3165895571665,b5,85.0,67.0,5508.565179412425
15.13,11.33,0.2521666666666667,45.40900000000002,171.4229,21.59099999999998,5137.3165895571665,b5,85.0,67.0,5369.410597459952
15.17,11.32,0.2528333333333333,45.661833333333355,171.7244,21.338166666666645,5063.770599868156,b5,85.0,67.0,5271.088386014269
21.14,11.1,0.3523333333333333,46.01416666666669,234.654,20.98583333333331,3573.746452223269,b5,85.0,67.0,3728.133022952873
21.14,11.08,0.3523333333333333,46.36650000000002,234.2312,20.633499999999977,3513.7464522232694,b5,85.0,67.0,3616.334725271091
21.1,11.06,0.3516666666666667,46.71816666666669,233.366,20.28183333333331,3460.4075829383846,b5,85.0,67.0,3579.1363049965653
21.1,11.04,0.3516666666666667,47.06983333333336,232.944,19.930166666666643,3400.4075829383846,b5,85.0,67.0,3541.155437647362
24.89,10.89,0.4148333333333333,47.48466666666669,271.0521,19.51533333333331,2822.6275612695827,b5,85.0,67.0,3172.9375742727993
24.89,10.85,0.4148333333333333,47.899500000000025,270.05649999999997,19.100499999999975,2762.6275612695827,b5,85.0,67.0,3113.8407174666363
24.81,10.82,0.4135,48.313000000000024,268.44419999999997,18.686999999999976,2711.535671100359,b5,85.0,67.0,3054.6356669265588
20.02,10.96,0.3336666666666666,48.64666666666669,219.4192,18.35333333333331,3300.299700299696,b5,85.0,67.0,3337.2537348403043
20.18,10.94,0.3363333333333333,48.983000000000025,220.7692,18.016999999999975,3214.132804757181,b5,85.0,67.0,3297.826771701672
19.99,10.92,0.3331666666666666,49.31616666666669,218.2908,17.68383333333331,3184.682341170582,b5,85.0,67.0,3251.7687594599493
19.95,10.9,0.3324999999999999,49.64866666666669,217.455,17.351333333333308,3131.0676691729277,b5,85.0,67.0,3223.415713841138
19.93,10.88,0.3321666666666666,49.98083333333336,216.8384,17.019166666666642,3074.209734069238,b5,85.0,67.0,3193.780430350098
19.92,10.86,0.332,50.31283333333336,216.3312,16.68716666666664,3015.753012048188,b5,85.0,67.0,3207.6200863009826
16.98,10.96,0.283,50.59583333333336,186.1008,16.40416666666664,3477.915194346284,b5,85.0,67.0,3455.3162116980297
16.97,10.94,0.2828333333333333,50.878666666666696,185.6518,16.121333333333304,3419.964643488503,b5,85.0,67.0,3404.028954341236
21.58,10.74,0.3596666666666666,51.238333333333365,231.7692,15.761666666666637,2629.3790546802543,b5,85.0,67.0,2978.806568455832
21.54,10.71,0.359,51.59733333333337,230.6934,15.402666666666631,2574.261838440106,b5,85.0,67.0,2990.5007007615636
7.46,11.32,0.1243333333333333,51.7216666666667,84.4472,15.2783333333333,7372.922252010709,b5,85.0,67.0,6158.580453016393
9.43,11.24,0.1571666666666666,51.87883333333337,105.9932,15.121166666666632,5772.661717921514,b5,85.0,67.0,5446.625985880133
9.44,11.24,0.1573333333333333,52.0361666666667,106.1056,14.963833333333298,5706.546610169478,b5,85.0,67.0,5437.008718007051
9.42,11.24,0.157,52.1931666666667,105.8808,14.806833333333302,5658.662420382153,b5,85.0,67.0,5433.385767544257
7.16,11.35,0.1193333333333333,52.31250000000003,81.266,14.687499999999972,7384.776536312835,b5,85.0,67.0,6507.290769320235
7.16,11.36,0.1193333333333333,52.43183333333336,81.3376,14.568166666666642,7324.776536312836,b5,85.0,67.0,6591.575566336636
7.15,11.36,0.1191666666666666,52.55100000000002,81.224,14.448999999999977,7275.0209790209665,b5,85.0,67.0,6685.2497377910395
9.42,11.26,0.157,52.70800000000002,106.0692,14.29199999999998,5461.91082802547,b5,85.0,67.0,5376.224687758888
9.42,11.25,0.157,52.865000000000016,105.975,14.134999999999984,5401.910828025471,b5,85.0,67.0,5381.5472296300995
18.59,10.89,0.3098333333333333,53.174833333333346,202.4451,13.825166666666654,2677.2781065088734,b5,85.0,67.0,3198.294247703255
11.79,11.14,0.1964999999999999,53.37133333333335,131.3406,13.628666666666652,4161.424936386765,b5,85.0,67.0,4337.13230706408
11.8,11.13,0.1966666666666666,53.56800000000001,131.334,13.431999999999988,4097.898305084742,b5,85.0,67.0,4269.4418964027755
11.1,11.15,0.185,53.753000000000014,123.765,13.246999999999986,4296.32432432432,b5,85.0,67.0,4433.203618432789
11.1,11.14,0.185,53.93800000000002,123.654,13.061999999999983,4236.324324324319,b5,85.0,67.0,4315.678952403033
8.77,11.25,0.1461666666666666,54.08416666666668,98.6625,12.915833333333318,5301.824401368294,b5,85.0,67.0,5387.596299636193
9.46,11.22,0.1576666666666666,54.241833333333346,106.1412,12.758166666666654,4855.116279069762,b5,85.0,67.0,4936.7114239034645
9.46,11.21,0.1576666666666666,54.39950000000001,106.0466,12.60049999999999,4795.116279069763,b5,85.0,67.0,4995.791916868372
9.47,11.21,0.1578333333333333,54.55733333333335,106.1587,12.442666666666652,4730.052798310449,b5,85.0,67.0,4908.779873957434
15.24,10.94,0.254,54.811333333333344,166.7256,12.188666666666656,2879.2125984251943,b5,85.0,67.0,3195.9675990608334
15.22,10.91,0.2536666666666666,55.06500000000001,166.05020000000002,11.934999999999988,2822.9960578186565,b5,85.0,67.0,3142.1533410343436
15.19,10.89,0.2531666666666666,55.31816666666668,165.4191,11.681833333333325,2768.571428571426,b5,85.0,67.0,3099.5736364300087
7.22,11.26,0.1203333333333333,55.43850000000001,81.29719999999999,11.561499999999988,5764.736842105258,b5,85.0,67.0,5627.878527913113
7.2,11.27,0.12,55.55850000000001,81.144,11.44149999999999,5720.749999999995,b5,85.0,67.0,5640.8775659832445
7.44,11.39,0.124,55.68250000000001,84.7416,11.317499999999988,5476.209677419349,b5,85.0,67.0,5987.650879421812
13.05,11.07,0.2175,55.90000000000001,144.4635,11.099999999999987,3062.0689655172378,b5,85.0,67.0,3258.6403582150374
13.02,11.03,0.217,56.11700000000001,143.61059999999998,10.882999999999988,3009.1244239631305,b5,85.0,67.0,3168.428937760355
13.01,11.01,0.2168333333333333,56.333833333333345,143.24009999999998,10.666166666666657,2951.4373558800894,b5,85.0,67.0,3159.5893821067093
18.29,10.74,0.3048333333333333,56.63866666666668,196.4346,10.36133333333332,2039.409513395295,b5,85.0,67.0,2457.8075247445495
18.23,10.69,0.3038333333333333,56.94250000000001,194.8787,10.05749999999999,1986.121777290179,b5,85.0,67.0,2412.4273309793566
18.17,10.64,0.3028333333333333,57.24533333333334,193.32880000000003,9.754666666666658,1932.6802421574,b5,85.0,67.0,2406.6830841980386
18.12,10.59,0.302,57.54733333333334,191.8908,9.45266666666666,1878.0132450331107,b5,85.0,67.0,2316.7294588747664
15.97,10.62,0.2661666666666666,57.813500000000005,169.60139999999998,9.186499999999995,2070.8453350031295,b5,85.0,67.0,2208.4866304640004
15.97,10.62,0.2661666666666666,58.07966666666667,169.60139999999998,8.920333333333332,2010.8453350031305,b5,85.0,67.0,2138.0390710032675
15.93,10.58,0.2655,58.34516666666667,168.5394,8.654833333333329,1955.894538606402,b5,85.0,67.0,2112.7164244641726
14.36,10.61,0.2393333333333333,58.584500000000006,152.35959999999997,8.415499999999994,2109.735376044567,b5,85.0,67.0,2208.539141825048
19.69,10.28,0.3281666666666666,58.912666666666674,202.4132,8.087333333333326,1478.6389029964437,b5,85.0,67.0,1960.9694735515332
16.36,10.35,0.2726666666666666,59.18533333333334,169.326,7.81466666666666,1719.6088019559888,b5,85.0,67.0,1886.254048604622
16.3,10.27,0.2716666666666666,59.45700000000001,167.401,7.542999999999992,1665.9386503067465,b5,85.0,67.0,1843.217715095024
18.2,10.03,0.3033333333333333,59.76033333333334,182.546,7.239666666666658,1432.0219780219763,b5,85.0,67.0,1737.8946111447162
17.96,9.78,0.2993333333333333,60.05966666666668,175.6488,6.940333333333321,1391.158129175944,b5,85.0,67.0,1583.4078293509556
17.68,9.49,0.2946666666666667,60.354333333333344,167.7832,6.645666666666656,1353.190045248867,b5,85.0,67.0,1522.5589576406112
17.38,9.19,0.2896666666666666,60.64400000000001,159.7222,6.355999999999987,1316.5477560414245,b5,85.0,67.0,1496.086137980527
15.0,9.74,0.25,60.89400000000001,146.1,6.105999999999987,1465.439999999997,b5,85.0,67.0,1558.614156103724
14.68,9.35,0.2446666666666666,61.13866666666668,137.25799999999998,5.86133333333332,1437.384196185283,b5,85.0,67.0,1542.5794256780073
14.49,9.12,0.2415,61.38016666666668,132.1488,5.619833333333318,1396.2318840579674,b5,85.0,67.0,1535.1496505895368
6.42,10.35,0.107,61.48716666666668,66.447,5.512833333333319,3091.308411214945,b5,85.0,67.0,2649.5096486688985
6.46,10.49,0.1076666666666666,61.59483333333335,67.7654,5.405166666666652,3012.16718266253,b5,85.0,67.0,2678.048094237884
8.09,10.39,0.1348333333333333,61.72966666666668,84.05510000000001,5.270333333333319,2345.265760197769,b5,85.0,67.0,2233.8097110550366
8.09,10.37,0.1348333333333333,61.864500000000014,83.8933,5.135499999999986,2285.265760197769,b5,85.0,67.0,2213.3644364413685
8.08,10.35,0.1346666666666666,61.99916666666668,83.628,5.000833333333318,2228.094059405934,b5,85.0,67.0,2191.761266896433
8.08,10.33,0.1346666666666666,62.13383333333335,83.46640000000001,4.8661666666666505,2168.0940594059334,b5,85.0,67.0,2173.077988539668
4.8,10.41,0.08,62.21383333333335,49.968,4.786166666666652,3589.6249999999895,b5,85.0,67.0,3680.7853855703725
4.48,10.76,0.0746666666666666,62.28850000000001,48.204800000000006,4.711499999999987,3786.0267857142744,b5,85.0,67.0,3326.294739144924
12.98,9.49,0.2163333333333333,62.504833333333345,123.1802,4.495166666666655,1246.7334360554669,b5,85.0,67.0,1454.8206012200742
4.41,10.24,0.0735,62.57833333333335,45.1584,4.421666666666653,3609.523809523798,b5,85.0,67.0,3042.6326464338
4.46,10.57,0.0743333333333333,62.65266666666668,47.1422,4.347333333333317,3509.0582959641124,b5,85.0,67.0,3081.382532611815
6.7,10.29,0.1116666666666666,62.76433333333335,68.943,4.235666666666653,2275.880597014918,b5,85.0,67.0,2183.2728897771362
6.69,10.27,0.1115,62.87583333333335,68.7063,4.124166666666653,2219.282511210755,b5,85.0,67.0,2155.3742301154416
6.68,10.23,0.1113333333333333,62.98716666666668,68.3364,4.012833333333319,2162.604790419154,b5,85.0,67.0,2105.637980863796
6.67,10.19,0.1111666666666666,63.09833333333335,67.9673,3.9016666666666495,2105.84707646176,b5,85.0,67.0,2049.181570310605
6.66,10.15,0.111,63.20933333333335,67.599,3.790666666666653,2049.009009009001,b5,85.0,67.0,2016.368452493664
11.82,9.64,0.197,63.40633333333335,113.9448,3.5936666666666497,1094.5177664974567,b5,85.0,67.0,1361.5657322434254
8.73,9.64,0.1455,63.55183333333335,84.1572,3.4481666666666513,1421.9243986254232,b5,85.0,67.0,1565.7496250554457
8.02,9.63,0.1336666666666666,63.68550000000002,77.2326,3.314499999999981,1487.8054862842807,b5,85.0,67.0,1568.441399380581
5.93,9.84,0.0988333333333333,63.78433333333335,58.3512,3.2156666666666496,1952.1753794266335,b5,85.0,67.0,1913.7076279109708
5.91,9.84,0.0985,63.88283333333335,58.1544,3.117166666666648,1898.7817258883135,b5,85.0,67.0,1880.514877286969
7.94,9.47,0.1323333333333333,64.01516666666669,75.19180000000001,2.984833333333313,1353.3249370276983,b5,85.0,67.0,1511.883426923699
7.9,9.39,0.1316666666666666,64.14683333333335,74.18100000000001,2.8531666666666524,1300.177215189867,b5,85.0,67.0,1479.2738722778556
5.84,9.67,0.0973333333333333,64.24416666666669,56.4728,2.755833333333314,1698.8013698630016,b5,85.0,67.0,1699.6446363052764
5.84,9.67,0.0973333333333333,64.34150000000002,56.4728,2.658499999999975,1638.8013698629986,b5,85.0,67.0,1688.301447652007
5.84,9.66,0.0973333333333333,64.43883333333336,56.4144,2.5611666666666366,1578.8013698629952,b5,85.0,67.0,1640.1893485690416
5.84,9.65,0.0973333333333333,64.5361666666667,56.356,2.463833333333298,1518.8013698629918,b5,85.0,67.0,1612.169823861837
6.51,9.52,0.1085,64.64466666666671,61.975199999999994,2.3553333333332915,1302.4884792626497,b5,85.0,67.0,1399.2411294498493
6.4,9.51,0.1066666666666666,64.75133333333338,60.864,2.2486666666666224,1264.874999999975,b5,85.0,67.0,1409.1168988520947
8.8,12.47,0.1466666666666666,0.1466666666666666,109.73600000000002,84.85333333333334,34712.72727272727,b2,85.0,85.0,34589.70398590072
8.8,12.48,0.1466666666666666,0.2933333333333333,109.824,84.70666666666666,34652.72727272727,b2,85.0,85.0,34538.132649303465
8.8,12.38,0.1466666666666666,0.44,108.94400000000002,84.56,34592.72727272727,b2,85.0,85.0,34399.84356838733
8.8,12.4,0.1466666666666666,0.5866666666666667,109.12000000000002,84.41333333333333,34532.72727272727,b2,85.0,85.0,34345.61745011777
8.8,12.42,0.1466666666666666,0.7333333333333334,109.296,84.26666666666667,34472.72727272727,b2,85.0,85.0,34276.892716692404
16.7,12.24,0.2783333333333333,1.0116666666666667,204.408,83.98833333333333,18105.269461077845,b2,85.0,85.0,17967.4090208468
16.7,12.24,0.2783333333333333,1.29,204.408,83.71,18045.269461077845,b2,85.0,85.0,17921.171985961395
16.7,12.26,0.2783333333333333,1.5683333333333334,204.742,83.43166666666667,17985.269461077845,b2,85.0,85.0,17906.88712831668
16.7,12.27,0.2783333333333333,1.846666666666667,204.909,83.15333333333334,17925.269461077845,b2,85.0,85.0,18019.0292430583
16.7,12.28,0.2783333333333333,2.125,205.076,82.875,17865.269461077845,b2,85.0,85.0,17815.59478202347
16.7,12.29,0.2783333333333333,2.4033333333333333,205.24299999999997,82.59666666666666,17805.269461077845,b2,85.0,85.0,17812.971555715554
23.4,12.18,0.3899999999999999,2.7933333333333334,285.012,82.20666666666666,12647.179487179488,b2,85.0,85.0,12763.916237799667
23.4,12.2,0.3899999999999999,3.1833333333333336,285.47999999999996,81.81666666666666,12587.179487179488,b2,85.0,85.0,12626.685105134842
23.4,12.21,0.3899999999999999,3.5733333333333337,285.714,81.42666666666666,12527.179487179488,b2,85.0,85.0,12546.705548127882
23.4,12.21,0.3899999999999999,3.963333333333334,285.714,81.03666666666666,12467.179487179488,b2,85.0,85.0,12544.43641464963
18.1,12.3,0.3016666666666667,4.265000000000001,222.63,80.735,16057.790055248615,b2,85.0,85.0,16018.078692303076
18.1,12.28,0.3016666666666667,4.566666666666667,222.268,80.43333333333334,15997.790055248615,b2,85.0,85.0,15945.04421447572
18.1,12.29,0.3016666666666667,4.868333333333334,222.449,80.13166666666666,15937.790055248615,b2,85.0,85.0,15919.794638343581
18.1,12.29,0.3016666666666667,5.170000000000001,222.449,79.83,15877.790055248615,b2,85.0,85.0,15903.394638343581
18.1,12.3,0.3016666666666667,5.471666666666668,222.63,79.52833333333334,15817.790055248615,b2,85.0,85.0,15984.496402722318
15.9,12.31,0.265,5.736666666666667,195.729,79.26333333333334,17946.415094339623,b2,85.0,85.0,17643.966107043216
15.9,12.35,0.265,6.001666666666667,196.365,78.99833333333333,17886.415094339623,b2,85.0,85.0,17831.91894610801
15.9,12.5,0.265,6.266666666666667,198.75,78.73333333333333,17826.415094339623,b2,85.0,85.0,17865.35935069592
9.0,12.46,0.15,6.416666666666667,112.14,78.58333333333333,31433.333333333332,b2,85.0,85.0,31296.06562049117
9.0,12.48,0.15,6.566666666666667,112.32,78.43333333333334,31373.333333333332,b2,85.0,85.0,31263.492963823268
9.0,12.49,0.15,6.716666666666668,112.41,78.28333333333333,31313.333333333332,b2,85.0,85.0,31718.04228381583
9.0,12.48,0.15,6.866666666666668,112.32,78.13333333333333,31253.333333333332,b2,85.0,85.0,31291.286554746446
9.0,12.48,0.15,7.016666666666668,112.32,77.98333333333333,31193.333333333332,b2,85.0,85.0,31283.1101280409
9.0,12.48,0.15,7.166666666666669,112.32,77.83333333333333,31133.333333333332,b2,85.0,85.0,31285.12436176973
4.7,12.6,0.0783333333333333,7.245000000000002,59.22,77.755,59557.02127659574,b2,85.0,85.0,59381.49808434977
4.7,12.62,0.0783333333333333,7.323333333333335,59.314,77.67666666666666,59497.02127659574,b2,85.0,85.0,59343.89808434977
4.7,12.62,0.0783333333333333,7.401666666666668,59.314,77.59833333333333,59437.02127659574,b2,85.0,85.0,59268.83759672307
4.7,12.62,0.0783333333333333,7.480000000000001,59.314,77.52,59377.02127659574,b2,85.0,85.0,59209.23759672306
4.7,12.62,0.0783333333333333,7.5583333333333345,59.314,77.44166666666666,59317.02127659574,b2,85.0,85.0,59181.63759672306
24.5,12.17,0.4083333333333333,7.966666666666668,298.165,77.03333333333333,11319.183673469388,b2,85.0,85.0,11573.866777110332
24.5,12.15,0.4083333333333333,8.375000000000002,297.675,76.625,11259.183673469388,b2,85.0,85.0,11544.207503330972
24.5,12.16,0.4083333333333333,8.783333333333335,297.92,76.21666666666667,11199.183673469388,b2,85.0,85.0,11342.206578196732
24.5,12.15,0.4083333333333333,9.191666666666668,297.675,75.80833333333334,11139.183673469388,b2,85.0,85.0,11310.666012648999
24.5,12.14,0.4083333333333333,9.6,297.43,75.4,11079.183673469388,b2,85.0,85.0,11168.051509145158
24.5,12.14,0.4083333333333333,10.008333333333336,297.43,74.99166666666666,11019.183673469388,b2,85.0,85.0,11043.49549787625
11.1,12.4,0.185,10.193333333333335,137.64,74.80666666666667,24261.621621621623,b2,85.0,85.0,24386.006519953575
11.1,12.4,0.185,10.378333333333336,137.64,74.62166666666667,24201.621621621623,b2,85.0,85.0,24371.606519953577
11.1,12.4,0.185,10.563333333333336,137.64,74.43666666666667,24141.621621621623,b2,85.0,85.0,24319.334709657964
11.1,12.4,0.185,10.748333333333337,137.64,74.25166666666667,24081.621621621623,b2,85.0,85.0,24300.534709657964
7.9,12.47,0.1316666666666666,10.880000000000004,98.513,74.12,33776.20253164557,b2,85.0,85.0,34275.524267668945
7.9,12.48,0.1316666666666666,11.011666666666668,98.592,73.98833333333333,33716.20253164557,b2,85.0,85.0,33797.95724649609
7.9,12.48,0.1316666666666666,11.143333333333334,98.592,73.85666666666667,33656.20253164557,b2,85.0,85.0,33714.20554567557
7.9,12.48,0.1316666666666666,11.275,98.592,73.725,33596.20253164557,b2,85.0,85.0,33678.33384273063
7.9,12.49,0.1316666666666666,11.406666666666666,98.671,73.59333333333333,33536.20253164557,b2,85.0,85.0,34027.72696179302
15.4,12.32,0.2566666666666666,11.663333333333332,189.728,73.33666666666667,17143.636363636364,b2,85.0,85.0,17183.631359430776
15.4,12.32,0.2566666666666666,11.919999999999998,189.728,73.08,17083.636363636364,b2,85.0,85.0,17166.031359430774
15.4,12.3,0.2566666666666666,12.176666666666664,189.42,72.82333333333334,17023.636363636364,b2,85.0,85.0,17079.61873945556
10.3,12.42,0.1716666666666667,12.348333333333333,127.926,72.65166666666667,25392.815533980585,b2,85.0,85.0,25375.108198247966
10.3,12.42,0.1716666666666667,12.519999999999998,127.926,72.48,25332.81553398058,b2,85.0,85.0,25329.679308753788
10.3,12.42,0.1716666666666667,12.691666666666665,127.926,72.30833333333334,25272.81553398058,b2,85.0,85.0,25345.54872099368
10.3,12.42,0.1716666666666667,12.863333333333332,127.926,72.13666666666667,25212.81553398058,b2,85.0,85.0,25317.54872099368
10.3,12.41,0.1716666666666667,13.034999999999998,127.823,71.965,25152.81553398058,b2,85.0,85.0,25320.245711502343
20.1,12.21,0.335,13.37,245.421,71.63,12829.25373134328,b2,85.0,85.0,12761.240009988584
20.1,12.21,0.335,13.705,245.421,71.295,12769.253731343282,b2,85.0,85.0,12686.98435053202
20.1,12.19,0.335,14.04,245.019,70.96,12709.25373134328,b2,85.0,85.0,12678.008993561602
16.2,12.27,0.2699999999999999,14.31,198.77399999999997,70.69,15708.888888888889,b2,85.0,85.0,15848.300074064762
16.2,12.26,0.2699999999999999,14.58,198.612,70.42,15648.888888888889,b2,85.0,85.0,15779.83196221546
16.2,12.26,0.2699999999999999,14.85,198.612,70.15,15588.88888888889,b2,85.0,85.0,15728.781956142346
16.2,12.26,0.2699999999999999,15.12,198.612,69.88,15528.888888888889,b2,85.0,85.0,15662.80098970085
16.2,12.26,0.2699999999999999,15.39,198.612,69.61,15468.888888888889,b2,85.0,85.0,15672.096689051054
5.5,12.51,0.0916666666666666,15.481666666666666,68.80499999999999,69.51833333333333,45502.90909090909,b2,85.0,85.0,45573.40899821514
5.5,12.52,0.0916666666666666,15.573333333333332,68.86,69.42666666666666,45442.90909090909,b2,85.0,85.0,45477.76832431557
5.5,12.53,0.0916666666666666,15.665,68.91499999999999,69.33500000000001,45382.909090909096,b2,85.0,85.0,45421.56832431557
5.5,12.53,0.0916666666666666,15.756666666666666,68.91499999999999,69.24333333333334,45322.909090909096,b2,85.0,85.0,45377.368324315576
5.5,12.53,0.0916666666666666,15.848333333333333,68.91499999999999,69.15166666666667,45262.909090909096,b2,85.0,85.0,45351.56832431557
5.5,12.53,0.0916666666666666,15.94,68.91499999999999,69.06,45202.90909090909,b2,85.0,85.0,45323.168324315564
13.0,12.34,0.2166666666666666,16.156666666666666,160.42,68.84333333333333,19064.30769230769,b2,85.0,85.0,19236.924770056892
13.0,12.33,0.2166666666666666,16.37333333333333,160.29,68.62666666666667,19004.30769230769,b2,85.0,85.0,18952.51512609091
13.0,12.32,0.2166666666666666,16.589999999999996,160.16,68.41,18944.30769230769,b2,85.0,85.0,18820.04543732465
19.4,12.19,0.3233333333333333,16.91333333333333,236.48599999999996,68.08666666666667,12634.639175257736,b2,85.0,85.0,12658.318498050934
19.4,12.19,0.3233333333333333,17.236666666666665,236.48599999999996,67.76333333333334,12574.639175257733,b2,85.0,85.0,12590.319901374045
19.4,12.19,0.3233333333333333,17.56,236.48599999999996,67.44,12514.639175257733,b2,85.0,85.0,12568.149576011985
19.4,12.18,0.3233333333333333,17.883333333333333,236.29199999999997,67.11666666666667,12454.639175257736,b2,85.0,85.0,12548.292838610341
19.4,12.17,0.3233333333333333,18.206666666666667,236.098,66.79333333333334,12394.639175257733,b2,85.0,85.0,12521.623602861206
19.4,12.16,0.3233333333333333,18.53,235.904,66.47,12334.639175257733,b2,85.0,85.0,12503.331007421993
25.1,12.04,0.4183333333333333,18.948333333333338,302.204,66.05166666666666,9473.545816733063,b2,85.0,85.0,9682.511729719175
25.1,12.03,0.4183333333333333,19.366666666666667,301.953,65.63333333333333,9413.545816733063,b2,85.0,85.0,9509.618291461302
25.1,12.02,0.4183333333333333,19.785,301.702,65.215,9353.545816733067,b2,85.0,85.0,9409.851826941987
25.1,12.01,0.4183333333333333,20.203333333333333,301.451,64.79666666666667,9293.545816733067,b2,85.0,85.0,9341.968671828577
25.1,12.01,0.4183333333333333,20.621666666666663,301.451,64.37833333333333,9233.545816733067,b2,85.0,85.0,9300.225422669091
25.1,12.01,0.4183333333333333,21.04,301.451,63.96,9173.545816733067,b2,85.0,85.0,9286.297270977568
4.9,12.45,0.0816666666666666,21.121666666666663,61.005,63.87833333333333,46931.02040816326,b2,85.0,85.0,46888.01321859867
4.9,12.47,0.0816666666666666,21.203333333333333,61.10300000000001,63.79666666666667,46871.02040816326,b2,85.0,85.0,47068.81871657625
4.9,12.48,0.0816666666666666,21.285,61.15200000000001,63.715,46811.02040816326,b2,85.0,85.0,46820.15880798133
4.9,12.48,0.0816666666666666,21.366666666666667,61.15200000000001,63.63333333333333,46751.02040816326,b2,85.0,85.0,46808.55880798133
4.9,12.49,0.0816666666666666,21.448333333333338,61.20100000000001,63.55166666666666,46691.020408163255,b2,85.0,85.0,46872.24591178494
4.9,12.49,0.0816666666666666,21.53,61.20100000000001,63.47,46631.02040816326,b2,85.0,85.0,46854.96533228993
7.1,12.43,0.1183333333333333,21.648333333333333,88.253,63.35166666666667,32121.971830985916,b2,85.0,85.0,32507.38757357914
7.1,12.41,0.1183333333333333,21.766666666666666,88.11099999999999,63.233333333333334,32061.971830985916,b2,85.0,85.0,32416.906267938124
7.1,12.41,0.1183333333333333,21.885,88.11099999999999,63.115,32001.971830985916,b2,85.0,85.0,32466.660589968986
7.1,12.42,0.1183333333333333,22.00333333333333,88.182,62.99666666666667,31941.971830985916,b2,85.0,85.0,32244.81199587669
10.7,12.32,0.1783333333333333,22.181666666666665,131.82399999999998,62.818333333333335,21135.14018691589,b2,85.0,85.0,21196.722363249657
10.7,12.32,0.1783333333333333,22.36,131.82399999999998,62.64,21075.14018691589,b2,85.0,85.0,21089.490426798286
10.7,12.32,0.1783333333333333,22.538333333333338,131.82399999999998,62.461666666666666,21015.14018691589,b2,85.0,85.0,21063.890426798287
10.7,12.32,0.1783333333333333,22.71666666666667,131.82399999999998,62.28333333333333,20955.14018691589,b2,85.0,85.0,21016.490426798286
10.7,12.32,0.1783333333333333,22.895000000000003,131.82399999999998,62.105,20895.14018691589,b2,85.0,85.0,20960.804553229133
16.9,12.17,0.2816666666666666,23.17666666666667,205.67299999999997,61.82333333333333,13169.467455621305,b2,85.0,85.0,13150.293219007179
16.9,12.16,0.2816666666666666,23.458333333333336,205.504,61.541666666666664,13109.467455621305,b2,85.0,85.0,13117.744120777857
16.9,12.15,0.2816666666666666,23.74,205.335,61.26,13049.467455621305,b2,85.0,85.0,13051.814699290273
16.9,12.14,0.2816666666666666,24.02166666666667,205.166,60.97833333333333,12989.467455621305,b2,85.0,85.0,12999.06457065236
16.9,12.14,0.2816666666666666,24.303333333333335,205.166,60.696666666666665,12929.467455621305,b2,85.0,85.0,12986.502513132622
16.9,12.13,0.2816666666666666,24.585,204.997,60.415,12869.467455621305,b2,85.0,85.0,12969.368906582336
23.7,12.01,0.3949999999999999,24.98,284.637,60.02,9116.962025316456,b2,85.0,85.0,9308.409617188147
23.7,11.98,0.3949999999999999,25.375,283.926,59.625,9056.962025316456,b2,85.0,85.0,9157.695341376213
23.7,11.9,0.3949999999999999,25.77,282.03,59.23,8996.962025316456,b2,85.0,85.0,9079.6790498827
12.4,12.22,0.2066666666666666,25.976666666666667,151.52800000000002,59.02333333333333,17135.8064516129,b2,85.0,85.0,17114.536184249668
12.4,12.22,0.2066666666666666,26.183333333333337,151.52800000000002,58.81666666666666,17075.8064516129,b2,85.0,85.0,17104.767981122684
12.4,12.21,0.2066666666666666,26.39,151.40400000000002,58.61,17015.8064516129,b2,85.0,85.0,16993.825279397835
12.4,12.21,0.2066666666666666,26.596666666666668,151.40400000000002,58.403333333333336,16955.8064516129,b2,85.0,85.0,16972.59917969109
12.4,12.21,0.2066666666666666,26.803333333333335,151.40400000000002,58.196666666666665,16895.8064516129,b2,85.0,85.0,16925.397050692307
12.4,12.21,0.2066666666666666,27.01,151.40400000000002,57.989999999999995,16835.8064516129,b2,85.0,85.0,16872.172334731633
14.3,12.16,0.2383333333333333,27.248333333333335,173.888,57.751666666666665,14538.881118881118,b2,85.0,85.0,14712.623100912115
14.3,12.15,0.2383333333333333,27.486666666666668,173.745,57.513333333333335,14478.881118881118,b2,85.0,85.0,14544.243191819854
14.3,12.15,0.2383333333333333,27.725,173.745,57.275,14418.881118881118,b2,85.0,85.0,14473.90468516522
14.3,12.15,0.2383333333333333,27.963333333333335,173.745,57.03666666666666,14358.881118881116,b2,85.0,85.0,14456.414958602116
14.3,12.14,0.2383333333333333,28.201666666666668,173.602,56.79833333333333,14298.881118881118,b2,85.0,85.0,14420.538227649511
17.6,12.07,0.2933333333333333,28.495,212.432,56.504999999999995,11557.840909090906,b2,85.0,85.0,11556.288390042226
17.6,12.06,0.2933333333333333,28.788333333333338,212.25600000000003,56.211666666666666,11497.840909090908,b2,85.0,85.0,11543.114669008655
17.6,12.06,0.2933333333333333,29.081666666666667,212.25600000000003,55.91833333333334,11437.840909090908,b2,85.0,85.0,11547.392270652792
17.6,12.07,0.2933333333333333,29.375,212.432,55.625,11377.840909090908,b2,85.0,85.0,11439.532408377336
21.2,12.01,0.3533333333333333,29.72833333333333,254.612,55.27166666666667,9385.754716981131,b2,85.0,85.0,9407.22850218455
21.2,11.99,0.3533333333333333,30.081666666666663,254.188,54.91833333333334,9325.754716981131,b2,85.0,85.0,9346.006024576405
21.2,12.01,0.3533333333333333,30.434999999999995,254.612,54.565000000000005,9265.754716981131,b2,85.0,85.0,9305.585145231922
21.2,11.92,0.3533333333333333,30.788333333333327,252.704,54.21166666666667,9205.754716981131,b2,85.0,85.0,9222.583727884778
21.2,12.92,0.3533333333333333,31.14166666666666,273.904,53.85833333333334,9145.754716981131,b2,85.0,85.0,9811.451988233168
21.2,11.91,0.3533333333333333,31.49499999999999,252.492,53.50500000000001,9085.754716981131,b2,85.0,85.0,9111.24677084524
10.0,12.19,0.1666666666666666,31.661666666666655,121.9,53.33833333333334,19201.800000000003,b2,85.0,85.0,19435.670288853675
10.0,12.21,0.1666666666666666,31.82833333333333,122.1,53.171666666666674,19141.800000000003,b2,85.0,85.0,19413.003280857432
10.0,12.21,0.1666666666666666,31.99499999999999,122.1,53.00500000000001,19081.800000000003,b2,85.0,85.0,19409.80328085743
4.5,12.36,0.075,32.06999999999999,55.62,52.93000000000001,42344.00000000001,b2,85.0,85.0,42476.95337192912
4.5,12.38,0.075,32.144999999999996,55.71,52.855,42284.0,b2,85.0,85.0,42340.87743149664
4.5,12.38,0.075,32.22,55.71,52.78,42224.0,b2,85.0,85.0,42303.07743149664
4.5,12.38,0.075,32.295,55.71,52.705,42164.0,b2,85.0,85.0,42277.87743149664
4.5,12.39,0.075,32.370000000000005,55.755,52.629999999999995,42103.99999999999,b2,85.0,85.0,42170.2097794743
24.0,11.89,0.4,32.77,285.36,52.23,7834.5,b2,85.0,85.0,8013.03377735668
24.0,11.84,0.4,33.17,284.15999999999997,51.83,7774.5,b2,85.0,85.0,7833.214805605017
24.0,11.83,0.4,33.57,283.92,51.43,7714.5,b2,85.0,85.0,7767.327052012303
24.0,11.83,0.4,33.97,283.92,51.03,7654.5,b2,85.0,85.0,7720.845029321648
24.0,11.82,0.4,34.37,283.68,50.63,7594.5,b2,85.0,85.0,7659.495650235779
24.0,11.81,0.4,34.769999999999996,283.44,50.23,7534.5,b2,85.0,85.0,7654.428346208183
11.6,12.12,0.1933333333333333,34.96333333333333,140.59199999999998,50.03666666666667,15528.620689655172,b2,85.0,85.0,15650.095988232564
11.6,12.12,0.1933333333333333,35.156666666666666,140.59199999999998,49.843333333333334,15468.620689655172,b2,85.0,85.0,15619.123652027374
11.6,12.13,0.1933333333333333,35.35,140.708,49.65,15408.620689655172,b2,85.0,85.0,15574.449247448287
11.6,12.13,0.1933333333333333,35.54333333333334,140.708,49.45666666666666,15348.620689655172,b2,85.0,85.0,15540.712045158742
11.6,12.13,0.1933333333333333,35.73666666666667,140.708,49.26333333333333,15288.62068965517,b2,85.0,85.0,15513.278628164939
21.5,11.79,0.3583333333333333,36.095000000000006,253.485,48.904999999999994,8188.744186046511,b2,85.0,85.0,8283.262902496377
21.5,11.79,0.3583333333333333,36.45333333333334,253.485,48.54666666666666,8128.744186046511,b2,85.0,85.0,8230.055750009213
21.5,11.79,0.3583333333333333,36.811666666666675,253.485,48.188333333333325,8068.744186046511,b2,85.0,85.0,8198.29060994031
21.5,11.78,0.3583333333333333,37.17000000000001,253.27,47.82999999999999,8008.744186046511,b2,85.0,85.0,8148.007240741298
12.3,12.03,0.205,37.37500000000001,147.969,47.62499999999999,13939.0243902439,b2,85.0,85.0,14016.859129944496
12.3,12.04,0.205,37.580000000000005,148.09199999999998,47.419999999999995,13879.0243902439,b2,85.0,85.0,13914.416246311628
12.3,12.04,0.205,37.785,148.09199999999998,47.215,13819.024390243902,b2,85.0,85.0,13902.016246311627
12.3,12.04,0.205,37.99,148.09199999999998,47.01,13759.024390243902,b2,85.0,85.0,13814.332518367642
12.3,12.04,0.205,38.195,148.09199999999998,46.805,13699.024390243902,b2,85.0,85.0,13802.132518367644
12.3,12.04,0.205,38.4,148.09199999999998,46.6,13639.024390243902,b2,85.0,85.0,13764.132518367644
15.6,11.96,0.26,38.66,186.576,46.34,10693.846153846154,b2,85.0,85.0,10711.143096301648
15.6,11.95,0.26,38.919999999999995,186.42,46.080000000000005,10633.846153846156,b2,85.0,85.0,10671.816399579144
15.6,11.95,0.26,39.17999999999999,186.42,45.82000000000001,10573.846153846156,b2,85.0,85.0,10596.3865469125
15.6,11.95,0.26,39.43999999999999,186.42,45.56000000000001,10513.846153846156,b2,85.0,85.0,10580.586546912498
15.6,11.95,0.26,39.69999999999999,186.42,45.30000000000001,10453.846153846156,b2,85.0,85.0,10550.28900231246
15.6,11.95,0.26,39.95999999999999,186.42,45.04000000000001,10393.846153846158,b2,85.0,85.0,10568.029839167912
6.0,12.22,0.1,40.05999999999999,73.32000000000001,44.94000000000001,26964.000000000004,b2,85.0,85.0,27129.420538175647
6.0,12.24,0.1,40.15999999999999,73.44,44.84000000000001,26904.000000000004,b2,85.0,85.0,27221.616671097752
6.0,12.24,0.1,40.25999999999999,73.44,44.74000000000001,26844.000000000004,b2,85.0,85.0,27204.816671097753
14.0,11.99,0.2333333333333333,40.493333333333325,167.86,44.506666666666675,11444.571428571431,b2,85.0,85.0,11396.928520541132
14.0,11.99,0.2333333333333333,40.72666666666666,167.86,44.27333333333334,11384.571428571431,b2,85.0,85.0,11375.905575551164
14.0,11.99,0.2333333333333333,40.959999999999994,167.86,44.040000000000006,11324.571428571431,b2,85.0,85.0,11336.493025042588
14.0,11.99,0.2333333333333333,41.19333333333333,167.86,43.80666666666667,11264.571428571431,b2,85.0,85.0,11284.13409356756
24.6,11.69,0.41,41.603333333333325,287.574,43.396666666666675,6350.731707317074,b2,85.0,85.0,6499.55122520488
24.6,11.7,0.41,42.01333333333332,287.82,42.98666666666668,6290.731707317075,b2,85.0,85.0,6553.287840771219
24.6,11.68,0.41,42.42333333333332,287.32800000000003,42.57666666666668,6230.731707317075,b2,85.0,85.0,6426.864618417061
24.6,11.67,0.41,42.833333333333314,287.082,42.166666666666686,6170.731707317075,b2,85.0,85.0,6414.140356005152
16.9,11.86,0.2816666666666666,43.11499999999998,200.43399999999997,41.88500000000002,8922.248520710064,b2,85.0,85.0,8948.5177686865
16.9,11.84,0.2816666666666666,43.39666666666665,200.096,41.60333333333335,8862.248520710064,b2,85.0,85.0,8827.978142925942
16.9,11.83,0.2816666666666666,43.67833333333331,199.927,41.32166666666669,8802.248520710064,b2,85.0,85.0,8812.188315514099
16.9,11.84,0.2816666666666666,43.95999999999998,200.096,41.04000000000002,8742.248520710065,b2,85.0,85.0,8748.901945791804
16.9,11.83,0.2816666666666666,44.241666666666646,199.927,40.758333333333354,8682.248520710065,b2,85.0,85.0,8734.677754189861
5.4,12.17,0.09,44.33166666666665,65.718,40.66833333333335,27112.22222222223,b2,85.0,85.0,27264.319569759635
5.4,12.19,0.09,44.42166666666665,65.82600000000001,40.57833333333335,27052.22222222223,b2,85.0,85.0,26958.26137878695
5.4,12.19,0.09,44.511666666666656,65.82600000000001,40.488333333333344,26992.222222222223,b2,85.0,85.0,26885.837496176053
5.4,12.19,0.09,44.60166666666666,65.82600000000001,40.39833333333334,26932.222222222223,b2,85.0,85.0,26865.131570250127
7.7,12.12,0.1283333333333333,44.72999999999999,93.324,40.27000000000001,18827.53246753247,b2,85.0,85.0,19223.85522826202
7.7,12.11,0.1283333333333333,44.85833333333332,93.247,40.14166666666668,18767.532467532474,b2,85.0,85.0,18979.586895704437
7.7,12.11,0.1283333333333333,44.98666666666665,93.247,40.01333333333335,18707.532467532474,b2,85.0,85.0,18955.186895704435
7.7,12.11,0.1283333333333333,45.11499999999998,93.247,39.88500000000002,18647.532467532474,b2,85.0,85.0,18938.786895704437
7.7,12.11,0.1283333333333333,45.24333333333331,93.247,39.75666666666669,18587.532467532477,b2,85.0,85.0,18906.141299716266
10.1,12.04,0.1683333333333333,45.41166666666665,121.60399999999998,39.58833333333335,14110.693069306935,b2,85.0,85.0,14116.973453628492
10.1,12.04,0.1683333333333333,45.579999999999984,121.60399999999998,39.420000000000016,14050.693069306935,b2,85.0,85.0,14035.398804103235
10.1,12.03,0.1683333333333333,45.74833333333332,121.503,39.25166666666668,13990.693069306935,b2,85.0,85.0,13984.274976669414
10.1,12.03,0.1683333333333333,45.91666666666666,121.503,39.08333333333334,13930.693069306932,b2,85.0,85.0,13947.822841278674
10.1,12.03,0.1683333333333333,46.084999999999994,121.503,38.915000000000006,13870.693069306932,b2,85.0,85.0,13920.502609002282
20.7,11.74,0.345,46.42999999999999,243.018,38.57000000000001,6707.826086956524,b2,85.0,85.0,6916.151932852303
20.7,11.73,0.345,46.77499999999999,242.811,38.22500000000001,6647.826086956524,b2,85.0,85.0,6808.565481574237
20.7,11.72,0.345,47.11999999999999,242.604,37.88000000000001,6587.826086956524,b2,85.0,85.0,6710.803848747726
20.7,11.71,0.345,47.46499999999999,242.397,37.53500000000001,6527.826086956524,b2,85.0,85.0,6670.558677107638
6.4,12.12,0.1066666666666666,47.57166666666666,77.568,37.42833333333334,21053.437500000004,b2,85.0,85.0,21036.2705867876
6.4,12.13,0.1066666666666666,47.67833333333333,77.632,37.32166666666667,20993.437500000004,b2,85.0,85.0,21015.699225281427
6.4,12.13,0.1066666666666666,47.785,77.632,37.215,20933.4375,b2,85.0,85.0,20993.499225281426
6.4,12.13,0.1066666666666666,47.891666666666666,77.632,37.108333333333334,20873.4375,b2,85.0,85.0,20958.499225281423
6.4,12.13,0.1066666666666666,47.998333333333335,77.632,37.001666666666665,20813.4375,b2,85.0,85.0,20872.196696124945
6.4,12.14,0.1066666666666666,48.105,77.69600000000001,36.895,20753.4375,b2,85.0,85.0,21168.497448887807
15.9,11.86,0.265,48.370000000000005,188.574,36.629999999999995,8293.584905660375,b2,85.0,85.0,8462.75367485032
15.9,11.84,0.265,48.635000000000005,188.256,36.364999999999995,8233.584905660377,b2,85.0,85.0,8258.221086605847
15.9,11.84,0.265,48.900000000000006,188.256,36.099999999999994,8173.584905660376,b2,85.0,85.0,8238.569220721052
15.9,11.83,0.265,49.165000000000006,188.097,35.834999999999994,8113.584905660376,b2,85.0,85.0,8194.874952140352
15.9,11.82,0.265,49.43000000000001,187.938,35.56999999999999,8053.584905660376,b2,85.0,85.0,8158.9339649201
15.9,11.82,0.265,49.69500000000001,187.938,35.30499999999999,7993.584905660376,b2,85.0,85.0,8282.75060779966
12.7,11.91,0.2116666666666666,49.90666666666667,151.257,35.09333333333333,9947.71653543307,b2,85.0,85.0,10063.54948131857
12.7,11.91,0.2116666666666666,50.11833333333334,151.257,34.88166666666666,9887.71653543307,b2,85.0,85.0,9885.388252300658
12.7,11.91,0.2116666666666666,50.330000000000005,151.257,34.669999999999995,9827.71653543307,b2,85.0,85.0,9832.830187058811
12.7,11.9,0.2116666666666666,50.54166666666667,151.13,34.45833333333333,9767.71653543307,b2,85.0,85.0,9731.564565119015
12.7,11.9,0.2116666666666666,50.75333333333334,151.13,34.24666666666666,9707.71653543307,b2,85.0,85.0,9699.855339720469
14.5,11.85,0.2416666666666666,50.995000000000005,171.825,34.004999999999995,8442.620689655172,b2,85.0,85.0,8549.401140751894
14.5,11.85,0.2416666666666666,51.23666666666667,171.825,33.76333333333333,8382.620689655172,b2,85.0,85.0,8456.857428898138
14.5,11.84,0.2416666666666666,51.47833333333334,171.68,33.52166666666666,8322.620689655172,b2,85.0,85.0,8362.004850345891
14.5,11.83,0.2416666666666666,51.720000000000006,171.535,33.279999999999994,8262.620689655172,b2,85.0,85.0,8301.102448735106
14.5,11.83,0.2416666666666666,51.96166666666667,171.535,33.03833333333333,8202.62068965517,b2,85.0,85.0,8288.702448735105
14.5,11.82,0.2416666666666666,52.20333333333334,171.39,32.79666666666666,8142.62068965517,b2,85.0,85.0,8275.683677800818
10.0,11.95,0.1666666666666666,52.370000000000005,119.5,32.629999999999995,11746.8,b2,85.0,85.0,11546.064897547682
10.0,11.95,0.1666666666666666,52.53666666666667,119.5,32.46333333333333,11686.8,b2,85.0,85.0,11536.858787311461
10.0,11.95,0.1666666666666666,52.70333333333333,119.5,32.29666666666667,11626.8,b2,85.0,85.0,11471.485816681065
10.0,11.95,0.1666666666666666,52.87,119.5,32.13,11566.8,b2,85.0,85.0,11453.085816681063
25.0,11.55,0.4166666666666667,53.28666666666666,288.75,31.71333333333334,4566.72,b2,85.0,85.0,4681.189193703993
25.0,11.53,0.4166666666666667,53.703333333333326,288.25,31.29666666666667,4506.720000000001,b2,85.0,85.0,4639.445036953126
25.0,11.51,0.4166666666666667,54.11999999999999,287.75,30.88000000000001,4446.720000000001,b2,85.0,85.0,4582.41821320221
25.0,11.5,0.4166666666666667,54.536666666666655,287.5,30.463333333333345,4386.720000000002,b2,85.0,85.0,4540.332860908253
25.0,11.48,0.4166666666666667,54.95333333333332,287.0,30.04666666666668,4326.720000000002,b2,85.0,85.0,4473.120473047864
25.0,11.47,0.4166666666666667,55.36999999999998,286.75,29.630000000000017,4266.720000000002,b2,85.0,85.0,4519.294704070678
4.9,12.02,0.0816666666666666,55.45166666666665,58.898,29.548333333333353,21708.97959183675,b2,85.0,85.0,21419.64714289794
4.9,12.06,0.0816666666666666,55.53333333333331,59.09400000000001,29.46666666666669,21648.979591836753,b2,85.0,85.0,21589.597842617877
4.9,12.06,0.0816666666666666,55.614999999999974,59.09400000000001,29.385000000000023,21588.979591836753,b2,85.0,85.0,21553.410701419936
4.9,12.07,0.0816666666666666,55.69666666666664,59.14300000000001,29.303333333333363,21528.979591836753,b2,85.0,85.0,21519.406329920854
4.9,12.07,0.0816666666666666,55.7783333333333,59.14300000000001,29.2216666666667,21468.979591836756,b2,85.0,85.0,21492.006329920852
4.9,12.07,0.0816666666666666,55.85999999999997,59.14300000000001,29.140000000000036,21408.97959183676,b2,85.0,85.0,21473.606329920854
11.2,11.87,0.1866666666666666,56.04666666666663,132.944,28.95333333333337,9306.428571428583,b2,85.0,85.0,9391.747126596814
11.2,11.85,0.1866666666666666,56.2333333333333,132.72,28.7666666666667,9246.428571428583,b2,85.0,85.0,9184.664157319385
11.2,11.85,0.1866666666666666,56.419999999999966,132.72,28.58000000000003,9186.428571428582,b2,85.0,85.0,9003.626988840693
11.2,11.85,0.1866666666666666,56.606666666666634,132.72,28.393333333333366,9126.428571428582,b2,85.0,85.0,8979.393317678845
11.2,11.85,0.1866666666666666,56.7933333333333,132.72,28.2066666666667,9066.428571428582,b2,85.0,85.0,8939.630273610856
11.2,11.84,0.1866666666666666,56.97999999999997,132.608,28.02000000000003,9006.428571428582,b2,85.0,85.0,8900.38244934062
7.9,11.95,0.1316666666666666,57.11166666666664,94.405,27.888333333333364,12708.607594936722,b2,85.0,85.0,12751.096450414432
7.9,11.95,0.1316666666666666,57.243333333333304,94.405,27.756666666666696,12648.60759493672,b2,85.0,85.0,12729.496450414432
7.9,11.95,0.1316666666666666,57.37499999999997,94.405,27.62500000000003,12588.60759493672,b2,85.0,85.0,12679.143335702098
7.9,11.95,0.1316666666666666,57.50666666666664,94.405,27.49333333333336,12528.60759493672,b2,85.0,85.0,12679.143335702098
18.2,11.65,0.3033333333333333,57.809999999999974,212.03,27.190000000000023,5378.241758241763,b2,85.0,85.0,5437.582797907466
18.2,11.64,0.3033333333333333,58.11333333333331,211.848,26.88666666666669,5318.241758241763,b2,85.0,85.0,5393.057907420141
18.2,11.63,0.3033333333333333,58.41666666666664,211.666,26.583333333333357,5258.241758241763,b2,85.0,85.0,5362.087755635706
18.2,11.61,0.3033333333333333,58.71999999999998,211.302,26.280000000000022,5198.241758241763,b2,85.0,85.0,5270.283704646835
18.2,11.6,0.3033333333333333,59.02333333333331,211.12,25.976666666666688,5138.241758241762,b2,85.0,85.0,5230.811783679933
18.2,11.6,0.3033333333333333,59.32666666666665,211.12,25.673333333333353,5078.241758241762,b2,85.0,85.0,5216.520160603652
18.2,11.59,0.3033333333333333,59.62999999999998,210.938,25.37000000000002,5018.241758241762,b2,85.0,85.0,5226.605516422101
5.8,11.97,0.0966666666666666,59.726666666666645,69.426,25.273333333333355,15686.89655172415,b2,85.0,85.0,15641.266018389158
5.8,11.98,0.0966666666666666,59.82333333333331,69.484,25.17666666666669,15626.896551724154,b2,85.0,85.0,15621.266018389158
5.8,11.99,0.0966666666666666,59.91999999999997,69.542,25.080000000000027,15566.896551724156,b2,85.0,85.0,15600.807782730115
5.22,12.08,0.087,60.00699999999998,63.0576,24.993000000000023,17236.55172413795,b2,85.0,85.0,17493.758385545018
5.21,12.06,0.0868333333333333,60.09383333333331,62.8326,24.906166666666692,17209.635316698677,b2,85.0,85.0,17204.17665373406
5.21,12.06,0.0868333333333333,60.18066666666664,62.8326,24.81933333333336,17149.635316698674,b2,85.0,85.0,17196.442716651225
5.2,12.05,0.0866666666666666,60.267333333333305,62.66,24.732666666666695,17122.615384615405,b2,85.0,85.0,17034.849234496203
5.2,12.05,0.0866666666666666,60.35399999999997,62.66,24.64600000000003,17062.615384615405,b2,85.0,85.0,17025.307507048998
5.2,12.05,0.0866666666666666,60.44066666666664,62.66,24.559333333333363,17002.615384615405,b2,85.0,85.0,17014.92223968595
5.2,12.05,0.0866666666666666,60.5273333333333,62.66,24.472666666666697,16942.615384615405,b2,85.0,85.0,17017.925439070772
10.02,11.87,0.1669999999999999,60.694333333333304,118.93739999999998,24.305666666666696,8732.574850299412,b2,85.0,85.0,8785.536179153816
10.01,11.86,0.1668333333333333,60.86116666666664,118.7186,24.13883333333336,8681.29870129871,b2,85.0,85.0,8611.017507003657
10.01,11.86,0.1668333333333333,61.02799999999998,118.7186,23.972000000000023,8621.29870129871,b2,85.0,85.0,8600.198366055069
10.01,11.85,0.1668333333333333,61.194833333333314,118.6185,23.80516666666669,8561.298701298709,b2,85.0,85.0,8551.209335526628
10.0,11.85,0.1666666666666666,61.36149999999998,118.5,23.638500000000025,8509.860000000008,b2,85.0,85.0,8616.074257654955
11.13,11.81,0.1855,61.546999999999976,131.4453,23.453000000000024,7585.876010781679,b2,85.0,85.0,7969.189114545261
11.13,11.8,0.1855,61.73249999999997,131.334,23.267500000000027,7525.87601078168,b2,85.0,85.0,7768.698754086511
11.13,11.79,0.1855,61.91799999999997,131.2227,23.08200000000003,7465.87601078168,b2,85.0,85.0,7735.94320108973
11.12,11.79,0.1853333333333333,62.1033333333333,131.10479999999998,22.896666666666697,7412.589928057564,b2,85.0,85.0,7724.003462072915
5.43,11.99,0.0905,62.1938333333333,65.1057,22.806166666666694,15120.11049723759,b2,85.0,85.0,15228.26048652418
5.43,11.99,0.0905,62.2843333333333,65.1057,22.7156666666667,15060.11049723759,b2,85.0,85.0,15203.975976291023
5.43,11.99,0.0905,62.3748333333333,65.1057,22.6251666666667,15000.110497237592,b2,85.0,85.0,15206.635677018516
13.58,11.71,0.2263333333333333,62.60116666666664,159.0218,22.398833333333364,5937.8350515464,b2,85.0,85.0,6302.296301410828
13.87,11.69,0.2311666666666666,62.8323333333333,162.1403,22.167666666666697,5753.684210526324,b2,85.0,85.0,6003.5139153043965
13.86,11.68,0.2309999999999999,63.063333333333304,161.88479999999998,21.936666666666696,5697.8354978355055,b2,85.0,85.0,5973.404522919078
25.84,11.33,0.4306666666666666,63.49399999999997,292.7672,21.50600000000003,2996.1919504644006,b2,85.0,85.0,3633.5044130535725
24.11,11.3,0.4018333333333333,63.89583333333331,272.443,21.104166666666693,3151.182082123604,b2,85.0,85.0,3650.2032508386205
24.08,11.28,0.4013333333333333,64.29716666666664,271.62239999999997,20.70283333333336,3095.107973421931,b2,85.0,85.0,3571.1499966928122
24.05,11.27,0.4008333333333333,64.69799999999998,271.0435,20.30200000000002,3038.9688149688177,b2,85.0,85.0,3541.7540967090777
24.01,11.25,0.4001666666666666,65.09816666666664,270.1125,19.901833333333357,2984.031653477721,b2,85.0,85.0,3436.4713453531335
4.83,11.92,0.0805,65.17866666666664,57.5736,19.821333333333357,14773.664596273313,b2,85.0,85.0,14965.748076130325
4.83,11.93,0.0805,65.25916666666664,57.6219,19.740833333333356,14713.66459627331,b2,85.0,85.0,15101.385064437774
4.82,11.93,0.0803333333333333,65.33949999999997,57.5026,19.660500000000027,14684.190871369316,b2,85.0,85.0,14932.019744022415
4.82,11.93,0.0803333333333333,65.4198333333333,57.5026,19.5801666666667,14624.19087136932,b2,85.0,85.0,14862.165621157845
7.0,11.84,0.1166666666666666,65.53649999999996,82.88,19.46350000000004,10009.80000000002,b2,85.0,85.0,10596.270932663318
7.0,11.84,0.1166666666666666,65.65316666666662,82.88,19.34683333333338,9949.800000000025,b2,85.0,85.0,10584.132466933777
7.0,11.84,0.1166666666666666,65.76983333333328,82.88,19.23016666666672,9889.800000000028,b2,85.0,85.0,10534.284872766631
5.32,11.9,0.0886666666666666,65.85849999999995,63.30800000000001,19.14150000000005,12952.89473684214,b2,85.0,85.0,13374.421722351733
5.32,11.91,0.0886666666666666,65.94716666666662,63.3612,19.052833333333385,12892.894736842138,b2,85.0,85.0,13358.185829211476
17.89,11.49,0.2981666666666667,66.24533333333328,205.5561,18.75466666666672,3773.996646171057,b2,85.0,85.0,4000.6246424498945
17.85,11.47,0.2975,66.54283333333328,204.7395,18.457166666666723,3722.453781512616,b2,85.0,85.0,3927.1140095296155
17.84,11.45,0.2973333333333333,66.8401666666666,204.26799999999997,18.159833333333395,3664.540358744407,b2,85.0,85.0,3899.6462631466347
17.82,11.44,0.297,67.1371666666666,203.8608,17.8628333333334,3608.653198653212,b2,85.0,85.0,3879.4768688299973
18.23,11.41,0.3038333333333333,67.44099999999993,208.0043,17.55900000000007,3467.4931431706113,b2,85.0,85.0,3756.6540110755036
18.21,11.4,0.3035,67.74449999999993,207.594,17.25550000000007,3411.301482701826,b2,85.0,85.0,3828.012886174768
15.96,11.46,0.266,68.01049999999994,182.90160000000003,16.989500000000064,3832.218045112796,b2,85.0,85.0,3995.5407055860096
15.95,11.45,0.2658333333333333,68.27633333333327,182.62749999999997,16.72366666666673,3774.620689655187,b2,85.0,85.0,3992.4306622403114
15.94,11.44,0.2656666666666666,68.54199999999993,182.3536,16.45800000000007,3716.988707653717,b2,85.0,85.0,3978.0730001345805
11.4,11.59,0.19,68.73199999999993,132.126,16.26800000000007,5137.263157894759,b2,85.0,85.0,5164.268821122652
11.4,11.58,0.19,68.92199999999993,132.012,16.078000000000074,5077.26315789476,b2,85.0,85.0,5109.078053191737
11.39,11.58,0.1898333333333333,69.11183333333327,131.8962,15.888166666666734,5021.720807726097,b2,85.0,85.0,5081.376820776695
11.39,11.58,0.1898333333333333,69.3016666666666,131.8962,15.698333333333396,4961.720807726095,b2,85.0,85.0,5055.279666371721
14.39,11.46,0.2398333333333333,69.54149999999994,164.9094,15.458500000000058,3867.310632383614,b2,85.0,85.0,4108.798730578319
14.38,11.45,0.2396666666666666,69.7811666666666,164.651,15.218833333333391,3810.0000000000146,b2,85.0,85.0,4033.6202564022674
14.38,11.45,0.2396666666666666,70.02083333333327,164.651,14.979166666666728,3750.000000000015,b2,85.0,85.0,4027.167829045007
17.48,11.33,0.2913333333333333,70.3121666666666,198.0484,14.6878333333334,3024.954233409625,b2,85.0,85.0,3271.9199085210644
17.47,11.31,0.2911666666666666,70.60333333333327,197.5857,14.396666666666732,2966.685746994862,b2,85.0,85.0,3233.0736496649815
17.45,11.3,0.2908333333333333,70.8941666666666,197.185,14.105833333333392,2910.0859598853995,b2,85.0,85.0,3194.4322809319838
17.43,11.29,0.2905,71.1846666666666,196.7847,13.8153333333334,2853.4251290877933,b2,85.0,85.0,3142.8744434395244
17.42,11.27,0.2903333333333334,71.47499999999994,196.3234,13.525000000000064,2795.063145809427,b2,85.0,85.0,3117.732107874351
17.42,11.26,0.2903333333333334,71.76533333333327,196.1492,13.234666666666726,2735.0631458094263,b2,85.0,85.0,3081.9788011441283
15.21,11.33,0.2535,72.01883333333328,172.32930000000002,12.981166666666724,3072.4654832347273,b2,85.0,85.0,3180.866637810148
15.2,11.32,0.2533333333333333,72.2721666666666,172.064,12.727833333333392,3014.4868421052774,b2,85.0,85.0,3140.8618866087163
15.19,11.31,0.2531666666666666,72.52533333333328,171.7989,12.47466666666672,2956.471362738657,b2,85.0,85.0,3100.984603210254
15.18,11.3,0.253,72.77833333333328,171.53400000000002,12.22166666666672,2898.4189723320287,b2,85.0,85.0,3077.473867750634
3.66,11.77,0.061,72.83933333333329,43.0782,12.160666666666714,11961.311475409882,b2,85.0,85.0,12128.525616289842
3.66,11.78,0.061,72.9003333333333,43.1148,12.099666666666709,11901.311475409871,b2,85.0,85.0,12094.097589932886
3.66,11.79,0.061,72.9613333333333,43.151399999999995,12.0386666666667,11841.311475409868,b2,85.0,85.0,12060.309225534347
3.65,11.79,0.0608333333333333,73.02216666666664,43.0335,11.977833333333365,11813.753424657563,b2,85.0,85.0,12046.043193645708
11.07,11.48,0.1845,73.20666666666664,127.0836,11.793333333333363,3835.2303523035334,b2,85.0,85.0,4182.816459494826
11.05,11.47,0.1841666666666666,73.3908333333333,126.7435,11.609166666666695,3782.1719457013664,b2,85.0,85.0,4099.0236032101
11.05,11.46,0.1841666666666666,73.57499999999997,126.63300000000002,11.425000000000026,3722.171945701366,b2,85.0,85.0,4044.388348838437
19.13,11.17,0.3188333333333333,73.8938333333333,213.6821,11.106166666666695,2090.0261369576633,b2,85.0,85.0,2590.009491634639
19.09,11.14,0.3181666666666666,74.21199999999997,212.6626,10.788000000000023,2034.4054478784751,b2,85.0,85.0,2514.9543367807746
19.06,11.12,0.3176666666666666,74.52966666666664,211.9472,10.470333333333356,1977.6075550891967,b2,85.0,85.0,2476.193648585343
19.04,11.1,0.3173333333333333,74.84699999999998,211.344,10.15300000000002,1919.684873949584,b2,85.0,85.0,2383.462700441583
19.02,11.08,0.317,75.16399999999997,210.7416,9.836000000000029,1861.703470031551,b2,85.0,85.0,2334.7028711434923
13.47,11.28,0.2245,75.38849999999998,151.9416,9.61150000000002,2568.775055679293,b2,85.0,85.0,2850.454632841384
13.46,11.27,0.2243333333333333,75.61283333333331,151.6942,9.387166666666689,2510.6835066864837,b2,85.0,85.0,2855.018278380549
13.46,11.26,0.2243333333333333,75.83716666666665,151.55960000000002,9.162833333333351,2450.6835066864833,b2,85.0,85.0,2757.8638713176524
9.54,11.39,0.1589999999999999,75.99616666666665,108.6606,9.003833333333347,3397.6729559748483,b2,85.0,85.0,3416.20543708973
9.54,11.4,0.1589999999999999,76.15516666666666,108.756,8.84483333333334,3337.672955974846,b2,85.0,85.0,3410.006992594641
9.54,11.4,0.1589999999999999,76.31416666666667,108.756,8.685833333333335,3277.6729559748437,b2,85.0,85.0,3346.6857231572103
9.54,11.4,0.1589999999999999,76.47316666666667,108.756,8.526833333333329,3217.6729559748414,b2,85.0,85.0,3337.437691275821
18.88,11.01,0.3146666666666666,76.78783333333334,207.8688,8.212166666666661,1565.8792372881346,b2,85.0,85.0,1913.8977111900376
18.85,10.98,0.3141666666666667,77.102,206.973,7.897999999999996,1508.371352785145,b2,85.0,85.0,1778.8629336692095
18.82,10.95,0.3136666666666666,77.41566666666667,206.079,7.584333333333333,1450.7757704569606,b2,85.0,85.0,1670.441116917936
18.79,10.93,0.3131666666666666,77.72883333333333,205.3747,7.271166666666673,1393.0920702501344,b2,85.0,85.0,1606.9978450661483
18.77,10.9,0.3128333333333333,78.04166666666666,204.593,6.958333333333343,1334.576451784765,b2,85.0,85.0,1514.8426419486184
13.78,11.09,0.2296666666666666,78.27133333333332,152.8202,6.728666666666683,1757.8519593613976,b2,85.0,85.0,1917.6267681060099
13.77,11.08,0.2294999999999999,78.50083333333332,152.5716,6.499166666666682,1699.128540305015,b2,85.0,85.0,1803.425390244043
13.77,11.06,0.2294999999999999,78.73033333333332,152.2962,6.26966666666668,1639.1285403050142,b2,85.0,85.0,1729.3683112135868
13.76,11.05,0.2293333333333333,78.95966666666665,152.048,6.040333333333351,1580.319767441865,b2,85.0,85.0,1652.8512556586745
17.19,10.87,0.2865,79.24616666666665,186.8553,5.753833333333347,1204.9912739965123,b2,85.0,85.0,1255.3455811190224
17.16,10.84,0.286,79.53216666666665,186.0144,5.4678333333333455,1147.0979020979046,b2,85.0,85.0,1193.4286368985208
17.13,10.82,0.2855,79.81766666666665,185.3466,5.182333333333347,1089.1068301225948,b2,85.0,85.0,1159.7237998856233
17.1,10.79,0.285,80.10266666666665,184.509,4.89733333333335,1031.0175438596525,b2,85.0,85.0,1097.0839178837534
17.07,10.75,0.2845,80.38716666666664,183.5025,4.612833333333356,972.8295254833088,b2,85.0,85.0,1056.6918122506368
5.22,11.27,0.087,80.47416666666665,58.82939999999999,4.5258333333333525,3121.2643678161053,b2,85.0,85.0,3155.959488470508
5.23,11.34,0.0871666666666666,80.56133333333331,59.30820000000001,4.438666666666691,3055.2963671128273,b2,85.0,85.0,3083.5008472527425
5.23,11.35,0.0871666666666666,80.64849999999997,59.3605,4.35150000000003,2995.296367112831,b2,85.0,85.0,3066.0810593546394
5.08,11.37,0.0846666666666666,80.73316666666663,57.7596,4.266833333333366,3023.7401574803384,b2,85.0,85.0,3050.1873135148276
5.08,11.38,0.0846666666666666,80.8178333333333,57.8104,4.182166666666703,2963.7401574803407,b2,85.0,85.0,3162.656265145422
15.08,10.85,0.2513333333333333,81.06916666666663,163.618,3.930833333333368,938.3952254641993,b2,85.0,85.0,1022.6942409524995
15.05,10.82,0.2508333333333333,81.31999999999996,162.841,3.6800000000000352,880.2657807309055,b2,85.0,85.0,965.2841645630498
15.02,10.79,0.2503333333333333,81.5703333333333,162.0658,3.429666666666705,822.023968042619,b2,85.0,85.0,924.9118148876317
15.0,10.75,0.25,81.8203333333333,161.25,3.179666666666705,763.1200000000092,b2,85.0,85.0,884.0935581339573
14.97,10.72,0.2495,82.06983333333329,160.47840000000002,2.930166666666707,704.6492985972043,b2,85.0,85.0,805.149971769457
19.02,10.45,0.317,82.38683333333329,198.759,2.6131666666667144,494.6056782334476,b2,85.0,85.0,542.3609151385198
18.93,10.37,0.3155,82.70233333333329,196.3041,2.2976666666667143,436.95721077655423,b2,85.0,85.0,471.1947049126492
18.84,10.27,0.314,83.01633333333328,193.4868,1.983666666666721,379.0445859872716,b2,85.0,85.0,439.4385702352154
8.0,10.86,0.1333333333333333,83.14966666666662,86.88,1.8503333333333811,832.6500000000216,b2,85.0,85.0,765.0273201730919
8.01,10.9,0.1335,83.28316666666662,87.309,1.7168333333333834,771.6104868914083,b2,85.0,85.0,756.0762640249349
8.02,10.91,0.1336666666666666,83.41683333333329,87.4982,1.5831666666667132,710.64837905239,b2,85.0,85.0,729.5610555120152
8.02,10.91,0.1336666666666666,83.55049999999996,87.4982,1.449500000000043,650.6483790523885,b2,85.0,85.0,713.0691198034972
8.02,10.91,0.1336666666666666,83.68416666666663,87.4982,1.315833333333373,590.6483790523869,b2,85.0,85.0,689.1352827737428
15.53,10.43,0.2588333333333333,83.94299999999996,161.97789999999998,1.0570000000000448,245.02253702512309,b2,85.0,85.0,320.3660187161025
15.43,10.32,0.2571666666666666,84.20016666666662,159.2376,0.7998333333333818,186.6104990278791,b2,85.0,85.0,228.25969750933064
15.34,10.21,0.2556666666666666,84.45583333333329,156.62140000000002,0.5441666666667118,127.70534550196624,b2,85.0,85.0,190.35365367253755
15.23,10.09,0.2538333333333333,84.70966666666662,153.6707,0.2903333333333791,68.62770847013556,b2,85.0,85.0,160.6164838734444
7.83,10.65,0.1305,84.84016666666662,83.3895,0.1598333333333812,73.4865900383362,b2,85.0,85.0,93.0228238275034
7.84,10.68,0.1306666666666666,84.97083333333329,83.7312,0.0291666666667111,13.39285714287759,b2,85.0,85.0,52.27877878832108
7.85,10.69,0.1308333333333333,85.10166666666662,83.9165,-0.1016666666666168,-46.6242038216332,b2,85.0,85.0,-15.149252893891525
7.85,10.69,0.1308333333333333,85.23249999999994,83.9165,-0.2324999999999448,-106.62420382163076,b2,85.0,85.0,-51.59870574692818
8.48,10.64,0.1413333333333333,85.37383333333328,90.2272,-0.3738333333332804,-158.70283018865678,b2,85.0,85.0,-151.78452825354057
8.47,10.62,0.1411666666666667,85.51499999999994,89.9514,-0.5149999999999437,-218.8902007083586,b2,85.0,85.0,-256.4437777551123
4.22,10.91,0.0703333333333333,85.58533333333328,46.0402,-0.5853333333332813,-499.33649289095086,b2,85.0,85.0,-497.63576457681495
4.2,11.01,0.07,85.65533333333327,46.242,-0.6553333333332745,-561.7142857142352,b2,85.0,85.0,-580.6956150473297
4.2,11.04,0.07,85.72533333333327,46.367999999999995,-0.7253333333332677,-621.7142857142294,b2,85.0,85.0,-602.2442611041987
4.21,11.06,0.0701666666666666,85.79549999999993,46.5626,-0.795499999999933,-680.2375296911542,b2,85.0,85.0,-632.949234428722
3.6,11.12,0.06,85.85549999999994,40.032,-0.8554999999999353,-855.4999999999353,b2,85.0,85.0,-656.2451028235242
5.16,11.0,0.086,85.94149999999993,56.760000000000005,-0.9414999999999338,-656.860465116233,b2,85.0,85.0,-596.6062209596623
5.15,11.01,0.0858333333333333,86.02733333333326,56.7015,-1.0273333333332602,-718.1359223300459,b2,85.0,85.0,-617.4255147040221
5.16,11.01,0.086,86.11333333333326,56.8116,-1.113333333333259,-776.7441860464595,b2,85.0,85.0,-640.3103786954945
8.65,10.72,0.1441666666666666,86.25749999999992,92.728,-1.257499999999922,-523.3526011560369,b2,85.0,85.0,-618.3075641968297
8.63,10.69,0.1438333333333333,86.40133333333326,92.2547,-1.4013333333332554,-584.5654692931308,b2,85.0,85.0,-636.3159748920531
8.62,10.65,0.1436666666666666,86.54499999999992,91.803,-1.5449999999999164,-645.2436194895243,b2,85.0,85.0,-677.7014470379472
8.61,10.62,0.1435,86.68849999999992,91.43819999999998,-1.6884999999999195,-705.9930313588515,b2,85.0,85.0,-767.2519508008371
5.69,10.86,0.0948333333333333,86.78333333333325,61.7934,-1.7833333333332462,-1128.2952548329852,b2,85.0,85.0,-1074.1582750531916
5.69,10.87,0.0948333333333333,86.87816666666657,61.8503,-1.8781666666665728,-1188.295254832981,b2,85.0,85.0,-1201.163180590792
5.69,10.88,0.0948333333333333,86.9729999999999,61.90720000000001,-1.9729999999998995,-1248.2952548329768,b2,85.0,85.0,-1240.6782640155545
5.69,10.88,0.0948333333333333,87.06783333333323,61.90720000000001,-2.067833333333226,-1308.2952548329724,b2,85.0,85.0,-1268.7032232263293
5.69,10.88,0.0948333333333333,87.16266666666655,61.90720000000001,-2.162666666666553,-1368.2952548329683,b2,85.0,85.0,-1290.2375319170508
10.04,10.48,0.1673333333333333,87.32999999999988,105.2192,-2.3299999999998846,-835.458167330636,b2,85.0,85.0,-848.2899652467405
9.99,10.39,0.1665,87.49649999999988,103.7961,-2.496499999999884,-899.6396396395977,b2,85.0,85.0,-886.0518417019065
9.95,10.3,0.1658333333333333,87.66233333333322,102.485,-2.662333333333222,-963.2562814069952,b2,85.0,85.0,-953.6441739633899
9.9,10.19,0.165,87.82733333333323,100.881,-2.827333333333229,-1028.121212121174,b2,85.0,85.0,-1003.4893397099653
9.84,10.06,0.164,87.99133333333323,98.9904,-2.9913333333332304,-1094.3902439024014,b2,85.0,85.0,-1129.5477678696377
5.61,10.62,0.0935,88.08483333333324,59.5782,-3.0848333333332363,-1979.5721925133064,b2,85.0,85.0,-1946.5992973958732
5.63,10.65,0.0938333333333333,88.17866666666657,59.9595,-3.1786666666665724,-2032.5399644759611,b2,85.0,85.0,-2036.3037238774957
9.24,10.34,0.154,88.33266666666657,95.5416,-3.3326666666665687,-1298.4415584415203,b2,85.0,85.0,-1306.679131198089
9.11,10.09,0.1518333333333333,88.4844999999999,91.9199,-3.4844999999998976,-1376.9703622392572,b2,85.0,85.0,-1381.234125275723
9.0,9.89,0.15,88.6344999999999,89.01,-3.6344999999999033,-1453.7999999999613,b2,85.0,85.0,-1489.730874739118
5.55,10.37,0.0925,88.7269999999999,57.55349999999999,-3.726999999999904,-2417.5135135134515,b2,85.0,85.0,-2367.5748318507985
5.57,10.44,0.0928333333333333,88.81983333333324,58.1508,-3.819833333333236,-2468.8330341112473,b2,85.0,85.0,-2430.4282788111836
5.57,10.46,0.0928333333333333,88.91266666666657,58.26220000000001,-3.912666666666567,-2528.833034111246,b2,85.0,85.0,-2445.4302918864905
5.58,10.47,0.093,89.00566666666657,58.4226,-4.005666666666571,-2584.301075268755,b2,85.0,85.0,-2436.3673454698305
6.19,10.28,0.1031666666666666,89.10883333333324,63.6332,-4.108833333333237,-2389.628432956325,b2,85.0,85.0,-2436.488316725536
6.19,10.29,0.1031666666666666,89.2119999999999,63.6951,-4.211999999999904,-2449.628432956325,b2,85.0,85.0,-2443.724056555115
6.18,10.25,0.103,89.3149999999999,63.345,-4.314999999999898,-2513.5922330096496,b2,85.0,85.0,-2465.4648418913275
8.12,9.62,0.1353333333333333,89.45033333333323,78.11439999999999,-4.4503333333332336,-1973.054187192074,b2,85.0,85.0,-1976.4275430923153
4.15,10.6,0.0691666666666666,89.5194999999999,43.99,-4.519499999999894,-3920.530120481835,b2,85.0,85.0,-3905.758669092199
4.15,10.64,0.0691666666666666,89.58866666666655,44.156000000000006,-4.588666666666555,-3980.53012048183,b2,85.0,85.0,-3953.486275657351
4.15,10.66,0.0691666666666666,89.65783333333322,44.239,-4.657833333333215,-4040.530120481825,b2,85.0,85.0,-3983.08627565735
6.65,10.07,0.1108333333333333,89.76866666666655,66.9655,-4.768666666666547,-2581.5338345864016,b2,85.0,85.0,-2591.2919783900593
6.6,9.84,0.11,89.87866666666655,64.944,-4.878666666666547,-2661.0909090908435,b2,85.0,85.0,-2610.3095582473875
4.36,9.9,0.0726666666666666,89.95133333333321,43.164,-4.95133333333321,-4088.2568807338425,b2,85.0,85.0,-3886.646287714265
4.39,10.14,0.0731666666666666,90.02449999999988,44.5146,-5.024499999999875,-4120.318906605821,b2,85.0,85.0,-4007.793224053074
4.39,10.16,0.0731666666666666,90.09766666666654,44.6024,-5.097666666666541,-4180.318906605819,b2,85.0,85.0,-4050.2313254143746
5.98,9.43,0.0996666666666666,90.1973333333332,56.3914,-5.197333333333205,-3128.82943143805,b2,85.0,85.0,-2880.768502589238
7.43,12.58,0.1238333333333333,0.1238333333333333,93.4694,88.22616666666666,42747.53701211305,b3,88.35,88.35,42157.41378581428
7.38,12.45,0.123,0.2468333333333333,91.881,88.10316666666667,42977.15447154472,b3,88.35,88.35,42414.39826649161
7.36,12.35,0.1226666666666666,0.3695,90.896,87.98049999999999,43033.940217391304,b3,88.35,88.35,42304.57264506194
7.54,12.24,0.1256666666666666,0.4951666666666666,92.2896,87.85483333333333,41946.604774535816,b3,88.35,88.35,41209.49906982765
16.9,12.28,0.2816666666666666,0.7768333333333333,207.532,87.57316666666667,18654.63905325444,b3,88.35,88.35,18448.07691931018
17.36,12.28,0.2893333333333333,1.0661666666666667,213.1808,87.28383333333333,18100.33410138249,b3,88.35,88.35,17915.990044195416
17.37,12.3,0.2895,1.3556666666666668,213.651,86.99433333333333,18029.91364421416,b3,88.35,88.35,17878.967007799867
17.37,12.31,0.2895,1.6451666666666669,213.8247,86.70483333333333,17969.91364421416,b3,88.35,88.35,17872.408312750315
18.23,12.26,0.3038333333333333,1.9490000000000005,223.4998,86.401,17062.18321448162,b3,88.35,88.35,16926.42904583794
22.75,12.24,0.3791666666666666,2.328166666666667,278.46,86.02183333333333,13612.246153846152,b3,88.35,88.35,13581.051369806226
22.75,12.24,0.3791666666666666,2.7073333333333336,278.46,85.64266666666666,13552.246153846152,b3,88.35,88.35,13509.713840972257
22.73,12.23,0.3788333333333333,3.086166666666667,277.9879,85.26383333333332,13504.170699516057,b3,88.35,88.35,13518.61236814137
22.72,12.23,0.3786666666666666,3.464833333333334,277.8656,84.88516666666666,13450.11443661972,b3,88.35,88.35,13531.139414841991
12.38,12.39,0.2063333333333333,3.671166666666667,153.3882,84.67883333333333,24623.89337641357,b3,88.35,88.35,24637.785971711062
12.37,12.4,0.2061666666666666,3.877333333333334,153.388,84.47266666666665,24583.79951495554,b3,88.35,88.35,24540.53924059574
12.37,12.39,0.2061666666666666,4.083500000000001,153.2643,84.2665,24523.799514955535,b3,88.35,88.35,24498.99945555689
12.37,12.39,0.2061666666666666,4.289666666666667,153.2643,84.06033333333333,24463.79951495554,b3,88.35,88.35,24422.69735649013
14.44,12.35,0.2406666666666666,4.530333333333334,178.33399999999995,83.81966666666666,20896.869806094182,b3,88.35,88.35,20836.825124034145
14.44,12.35,0.2406666666666666,4.771000000000001,178.33399999999995,83.579,20836.869806094182,b3,88.35,88.35,20818.840787490593
14.43,12.35,0.2405,5.011500000000001,178.2105,83.3385,20791.30977130977,b3,88.35,88.35,20752.04659896339
14.43,12.35,0.2405,5.252000000000001,178.2105,83.098,20731.30977130977,b3,88.35,88.35,20744.482349468115
14.42,12.34,0.2403333333333333,5.492333333333334,177.9428,82.85766666666666,20685.686546463243,b3,88.35,88.35,20687.303071705555
14.42,12.34,0.2403333333333333,5.732666666666667,177.9428,82.61733333333333,20625.686546463246,b3,88.35,88.35,20669.42025669717
9.32,12.43,0.1553333333333333,5.888,115.8476,82.46199999999999,31852.274678111586,b3,88.35,88.35,31757.206018403438
9.32,12.43,0.1553333333333333,6.043333333333333,115.8476,82.30666666666666,31792.274678111586,b3,88.35,88.35,31724.090577127405
9.32,12.43,0.1553333333333333,6.198666666666666,115.8476,82.15133333333333,31732.274678111586,b3,88.35,88.35,31697.890577127404
9.32,12.43,0.1553333333333333,6.353999999999999,115.8476,81.996,31672.274678111586,b3,88.35,88.35,31642.41800986174
11.48,12.39,0.1913333333333333,6.545333333333333,142.2372,81.80466666666666,25653.031358885015,b3,88.35,88.35,25360.903685356847
11.48,12.39,0.1913333333333333,6.736666666666666,142.2372,81.61333333333333,25593.031358885015,b3,88.35,88.35,25348.50368535685
11.48,12.38,0.1913333333333333,6.928,142.12240000000003,81.422,25533.03135888502,b3,88.35,88.35,25305.564880305363
15.36,12.32,0.256,7.184,189.2352,81.166,19023.28125,b3,88.35,88.35,18918.540429423712
15.35,12.31,0.2558333333333333,7.439833333333333,188.9585,80.91016666666665,18975.674267100974,b3,88.35,88.35,18909.316309193673
13.22,12.34,0.2203333333333333,7.660166666666667,163.1348,80.68983333333333,21973.025718608165,b3,88.35,88.35,21819.226512171703
13.22,12.34,0.2203333333333333,7.8805,163.1348,80.4695,21913.02571860817,b3,88.35,88.35,21791.599973095068
13.21,12.34,0.2201666666666666,8.100666666666667,163.0114,80.24933333333333,21869.613928841783,b3,88.35,88.35,21738.97994944572
13.21,12.34,0.2201666666666666,8.320833333333335,163.0114,80.02916666666665,21809.61392884178,b3,88.35,88.35,21652.211171859286
13.21,12.33,0.2201666666666666,8.541000000000002,162.8793,79.809,21749.613928841783,b3,88.35,88.35,21449.4238484181
7.5,12.43,0.125,8.666000000000002,93.225,79.684,38248.31999999999,b3,88.35,88.35,37949.058092740685
7.5,12.45,0.125,8.791000000000002,93.375,79.559,38188.31999999999,b3,88.35,88.35,37989.07792385858
7.5,12.45,0.125,8.916000000000002,93.375,79.434,38128.31999999999,b3,88.35,88.35,37963.152697524376
7.5,12.45,0.125,9.041000000000002,93.375,79.309,38068.31999999999,b3,88.35,88.35,37950.841989823675
7.49,12.45,0.1248333333333333,9.165833333333335,93.2505,79.18416666666666,38059.145527369816,b3,88.35,88.35,37925.513790697216
7.49,12.45,0.1248333333333333,9.290666666666668,93.2505,79.05933333333333,37999.14552736982,b3,88.35,88.35,37915.60681112716
9.07,12.41,0.1511666666666666,9.441833333333337,112.5587,78.90816666666666,31319.66923925027,b3,88.35,88.35,31304.38782636997
9.07,12.41,0.1511666666666666,9.593000000000002,112.5587,78.75699999999999,31259.66923925027,b3,88.35,88.35,31294.966706683586
7.49,12.43,0.1248333333333333,9.717833333333337,93.1007,78.63216666666666,37793.831775700935,b3,88.35,88.35,37721.93931637438
5.28,12.5,0.088,9.805833333333334,66.0,78.54416666666665,53552.8409090909,b3,88.35,88.35,53408.535628592996
5.28,12.5,0.088,9.893833333333331,66.0,78.45616666666666,53492.8409090909,b3,88.35,88.35,53390.335628593
5.28,12.5,0.088,9.981833333333332,66.0,78.36816666666667,53432.84090909091,b3,88.35,88.35,53342.13562859301
5.28,12.5,0.088,10.069833333333332,66.0,78.28016666666666,53372.840909090904,b3,88.35,88.35,53285.735628593
5.28,12.5,0.088,10.15783333333333,66.0,78.19216666666667,53312.840909090904,b3,88.35,88.35,53269.335628593
8.85,12.44,0.1475,10.305333333333332,110.094,78.04466666666666,31746.98305084746,b3,88.35,88.35,31725.956784264323
8.84,12.41,0.1473333333333333,10.452666666666666,109.7044,77.89733333333334,31722.895927601818,b3,88.35,88.35,31671.07922930347
8.84,12.41,0.1473333333333333,10.6,109.7044,77.75,31662.89592760181,b3,88.35,88.35,31647.52349897995
8.84,12.41,0.1473333333333333,10.747333333333334,109.7044,77.60266666666666,31602.895927601807,b3,88.35,88.35,31574.580978883863
8.83,12.41,0.1471666666666666,10.8945,109.5803,77.4555,31578.68629671574,b3,88.35,88.35,31564.574200287134
8.84,12.41,0.1473333333333333,11.041833333333336,109.7044,77.30816666666666,31482.963800904978,b3,88.35,88.35,31524.50504911495
8.84,12.41,0.1473333333333333,11.189166666666669,109.7044,77.16083333333333,31422.963800904978,b3,88.35,88.35,31589.53851746142
5.4,12.41,0.09,11.279166666666669,67.01400000000001,77.07083333333333,51380.555555555555,b3,88.35,88.35,50895.72728346995
10.72,12.36,0.1786666666666666,11.457833333333337,132.4992,76.89216666666665,25821.99626865671,b3,88.35,88.35,25635.424101012784
10.71,12.36,0.1785,11.636333333333337,132.3756,76.71366666666665,25786.106442577024,b3,88.35,88.35,25526.41340829539
10.71,12.36,0.1785,11.814833333333334,132.3756,76.53516666666665,25726.106442577027,b3,88.35,88.35,25514.179697383544
14.37,12.29,0.2395,12.054333333333334,176.60729999999998,76.29566666666666,19113.736951983297,b3,88.35,88.35,19076.522454258968
14.73,12.28,0.2455,12.299833333333334,180.8844,76.05016666666666,18586.59877800407,b3,88.35,88.35,18666.432068189533
14.74,12.28,0.2456666666666666,12.5455,181.0072,75.80449999999999,18513.98914518317,b3,88.35,88.35,18625.43382846583
14.74,12.27,0.2456666666666666,12.791166666666667,180.8598,75.55883333333333,18453.989145183175,b3,88.35,88.35,18529.770284267168
14.73,12.27,0.2455,13.036666666666669,180.7371,75.31333333333333,18406.51731160896,b3,88.35,88.35,18475.093491779986
14.73,12.27,0.2455,13.282166666666669,180.7371,75.06783333333333,18346.517311608957,b3,88.35,88.35,18375.93456935639
25.23,12.1,0.4205,13.702666666666667,305.283,74.64733333333332,10651.224732461356,b3,88.35,88.35,10673.405543635537
25.2,12.09,0.42,14.122666666666667,304.668,74.22733333333332,10603.90476190476,b3,88.35,88.35,10583.516429313459
25.17,12.08,0.4195,14.542166666666668,304.0536,73.80783333333332,10556.54350417163,b3,88.35,88.35,10533.08808500081
25.14,12.07,0.419,14.961166666666667,303.4398,73.38883333333332,10509.140811455847,b3,88.35,88.35,10518.45850868545
9.49,12.32,0.1581666666666666,15.119333333333334,116.9168,73.23066666666666,27779.810326659637,b3,88.35,88.35,27345.33120543496
9.26,12.33,0.1543333333333333,15.273666666666667,114.1758,73.07633333333332,28409.805615550755,b3,88.35,88.35,28353.02674783854
9.26,12.33,0.1543333333333333,15.428,114.1758,72.922,28349.80561555076,b3,88.35,88.35,28437.369008496054
6.66,12.39,0.111,15.539,82.51740000000001,72.81099999999999,39357.29729729729,b3,88.35,88.35,38712.71045526735
6.66,12.39,0.111,15.650000000000002,82.51740000000001,72.69999999999999,39297.29729729729,b3,88.35,88.35,38695.910455267345
16.14,12.21,0.269,15.919000000000002,197.06940000000003,72.431,16155.613382899626,b3,88.35,88.35,15936.172776174502
16.55,12.19,0.2758333333333333,16.194833333333335,201.7445,72.15516666666666,15695.383685800602,b3,88.35,88.35,15734.65585158417
16.55,12.19,0.2758333333333333,16.47066666666667,201.7445,71.87933333333332,15635.3836858006,b3,88.35,88.35,15696.500454926025
16.54,12.18,0.2756666666666666,16.746333333333336,201.45719999999997,71.60366666666665,15584.83675937122,b3,88.35,88.35,15626.128591664426
24.14,12.06,0.4023333333333333,17.14866666666667,291.1284,71.20133333333332,10618.260149130072,b3,88.35,88.35,10599.831414102327
24.12,12.05,0.402,17.55066666666667,290.646,70.79933333333332,10567.064676616912,b3,88.35,88.35,10561.523168144735
24.1,12.04,0.4016666666666666,17.95233333333334,290.164,70.39766666666665,10515.834024896263,b3,88.35,88.35,10534.422869829572
24.07,12.03,0.4011666666666666,18.353500000000004,289.5621,69.9965,10468.94058994599,b3,88.35,88.35,10496.877828918317
24.05,12.02,0.4008333333333333,18.75433333333334,289.081,69.59566666666666,10417.646569646568,b3,88.35,88.35,10449.355803102933
10.68,12.25,0.178,18.93233333333334,130.82999999999998,69.41766666666666,23399.213483146064,b3,88.35,88.35,23529.78613253181
10.68,12.26,0.178,19.11033333333334,130.9368,69.23966666666665,23339.21348314606,b3,88.35,88.35,23518.665149271666
10.67,12.25,0.1778333333333333,19.288166666666672,130.7075,69.06183333333333,23301.087160262417,b3,88.35,88.35,23483.489555543667
14.83,12.17,0.2471666666666666,19.535333333333337,180.4811,68.81466666666665,16704.841537424138,b3,88.35,88.35,16660.78228619091
14.83,12.17,0.2471666666666666,19.7825,180.4811,68.5675,16644.841537424138,b3,88.35,88.35,16609.920716380304
14.82,12.17,0.247,20.0295,180.3594,68.3205,16596.072874493926,b3,88.35,88.35,16550.604123480178
14.82,12.16,0.247,20.2765,180.2112,68.0735,16536.072874493926,b3,88.35,88.35,16484.336834391997
18.9,12.09,0.315,20.591500000000003,228.501,67.7585,12906.380952380954,b3,88.35,88.35,12819.778474449131
18.9,12.09,0.315,20.906500000000005,228.501,67.44349999999999,12846.38095238095,b3,88.35,88.35,12805.77251602887
18.89,12.08,0.3148333333333333,21.221333333333337,228.1912,67.12866666666666,12793.18157755426,b3,88.35,88.35,12784.36565724743
18.88,12.08,0.3146666666666666,21.536000000000005,228.0704,66.814,12739.957627118643,b3,88.35,88.35,12764.45206833332
18.87,12.07,0.3145,21.850500000000004,227.7609,66.49949999999998,12686.709062003176,b3,88.35,88.35,12737.80839613031
18.86,12.07,0.3143333333333333,22.164833333333338,227.6402,66.18516666666666,12633.43584305408,b3,88.35,88.35,12727.700245648073
18.86,12.06,0.3143333333333333,22.47916666666667,227.4516,65.87083333333332,12573.43584305408,b3,88.35,88.35,12665.036599054916
17.49,12.08,0.2915,22.77066666666667,211.27919999999995,65.57933333333332,13498.319039451117,b3,88.35,88.35,13367.949592372071
17.48,12.07,0.2913333333333333,23.062000000000005,210.9836,65.28799999999998,13446.041189931346,b3,88.35,88.35,13383.683311814173
17.47,12.07,0.2911666666666666,23.35316666666667,210.8629,64.99683333333333,13393.737836290784,b3,88.35,88.35,13355.350120997546
17.47,12.07,0.2911666666666666,23.644333333333336,210.8629,64.70566666666666,13333.737836290784,b3,88.35,88.35,13310.609479613086
22.53,11.99,0.3755,24.019833333333334,270.1347,64.33016666666666,10279.12117177097,b3,88.35,88.35,10229.31426192
22.5,11.97,0.375,24.394833333333334,269.325,63.955166666666656,10232.826666666666,b3,88.35,88.35,10233.510554345976
20.3,11.97,0.3383333333333333,24.73316666666667,242.991,63.616833333333325,11281.802955665024,b3,88.35,88.35,11153.080369662428
22.47,11.95,0.3745,25.10766666666667,268.51649999999995,63.24233333333332,10132.283044058744,b3,88.35,88.35,10175.969506827088
22.46,11.95,0.3743333333333333,25.482000000000003,268.397,62.867999999999995,10076.794300979518,b3,88.35,88.35,10152.892723369832
20.28,11.96,0.338,25.820000000000004,242.54880000000003,62.52999999999999,11099.999999999996,b3,88.35,88.35,10963.174627432174
20.28,11.96,0.338,26.158000000000005,242.54880000000003,62.19199999999999,11039.999999999998,b3,88.35,88.35,10958.471810993447
5.21,12.24,0.0868333333333333,26.24483333333334,63.7704,62.105166666666655,42913.35892514394,b3,88.35,88.35,42706.84059263875
5.22,12.28,0.087,26.33183333333334,64.10159999999999,62.01816666666666,42771.14942528735,b3,88.35,88.35,42962.64525953088
5.21,12.28,0.0868333333333333,26.41866666666667,63.9788,61.93133333333332,42793.24376199616,b3,88.35,88.35,42898.67939078647
5.21,12.29,0.0868333333333333,26.50550000000001,64.03089999999999,61.84449999999998,42733.24376199615,b3,88.35,88.35,42834.760283970354
10.84,12.16,0.1806666666666666,26.686166666666676,131.8144,61.663833333333315,20478.76383763837,b3,88.35,88.35,20512.83400250858
10.84,12.15,0.1806666666666666,26.866833333333343,131.706,61.48316666666665,20418.76383763837,b3,88.35,88.35,20388.27327757731
10.83,12.15,0.1805,27.04733333333334,131.5845,61.30266666666665,20377.61772853185,b3,88.35,88.35,20369.16304564291
10.84,12.14,0.1806666666666666,27.22800000000001,131.5976,61.121999999999986,20298.81918819188,b3,88.35,88.35,20284.574020021944
10.84,12.14,0.1806666666666666,27.408666666666676,131.5976,60.94133333333332,20238.81918819188,b3,88.35,88.35,20248.25837455301
23.51,11.9,0.3918333333333333,27.80050000000001,279.769,60.54949999999998,9271.72267120374,b3,88.35,88.35,9275.671617150225
23.49,11.89,0.3914999999999999,28.19200000000001,279.29609999999997,60.15799999999999,9219.616858237549,b3,88.35,88.35,9219.96641699702
23.47,11.88,0.3911666666666666,28.58316666666668,278.8236,59.76683333333332,9167.473370259904,b3,88.35,88.35,9141.238381910343
23.45,11.87,0.3908333333333333,28.97400000000001,278.3515,59.37599999999998,9115.2921108742,b3,88.35,88.35,9089.661485201928
23.44,11.86,0.3906666666666666,29.36466666666668,277.9984,58.985333333333315,9059.18088737201,b3,88.35,88.35,9035.183857010588
23.42,11.85,0.3903333333333333,29.755000000000013,277.527,58.594999999999985,9006.917164816394,b3,88.35,88.35,8940.16558802017
20.21,11.9,0.3368333333333334,30.091833333333348,240.499,58.25816666666665,10377.506185056898,b3,88.35,88.35,10247.989217975477
20.2,11.9,0.3366666666666666,30.428500000000017,240.38,57.92149999999998,10322.643564356433,b3,88.35,88.35,10219.334093042882
20.19,11.89,0.3365,30.765000000000015,240.05910000000003,57.58499999999998,10267.756315007424,b3,88.35,88.35,10202.026559174119
20.19,11.88,0.3365,31.101500000000016,239.85720000000003,57.24849999999998,10207.756315007424,b3,88.35,88.35,10143.883212413446
20.18,11.88,0.3363333333333333,31.437833333333348,239.7384,56.91216666666665,10152.814667988105,b3,88.35,88.35,10090.273634344974
20.17,11.87,0.3361666666666666,31.774000000000015,239.4179,56.57599999999998,10097.848289538915,b3,88.35,88.35,10147.042474147313
8.46,12.12,0.141,31.915000000000013,102.5352,56.43499999999998,24014.893617021266,b3,88.35,88.35,23860.73331789478
8.46,12.12,0.141,32.05600000000001,102.5352,56.29399999999998,23954.893617021266,b3,88.35,88.35,23856.466900474246
8.45,12.12,0.1408333333333333,32.196833333333345,102.414,56.15316666666665,23923.24260355029,b3,88.35,88.35,23917.58466662089
8.46,12.13,0.141,32.33783333333334,102.6198,56.01216666666665,23834.964539007084,b3,88.35,88.35,23815.87372882513
8.45,12.13,0.1408333333333333,32.478666666666676,102.4985,55.87133333333332,23803.171597633132,b3,88.35,88.35,23886.184827277175
8.45,12.13,0.1408333333333333,32.61950000000001,102.4985,55.730499999999985,23743.171597633132,b3,88.35,88.35,23860.610433450507
12.38,12.03,0.2063333333333333,32.82583333333334,148.9314,55.52416666666665,16145.961227786747,b3,88.35,88.35,16187.676990966582
12.38,12.03,0.2063333333333333,33.032166666666676,148.9314,55.31783333333332,16085.961227786747,b3,88.35,88.35,16163.078830310193
12.37,12.03,0.2061666666666666,33.238333333333344,148.81109999999998,55.11166666666665,16038.96523848019,b3,88.35,88.35,16124.732122055118
23.16,11.8,0.386,33.62433333333335,273.288,54.72566666666665,8506.580310880827,b3,88.35,88.35,8547.18671068502
23.12,11.8,0.3853333333333333,34.00966666666668,272.81600000000003,54.34033333333331,8461.297577854668,b3,88.35,88.35,8543.78522105396
23.59,11.76,0.3931666666666666,34.40283333333335,277.4184,53.94716666666665,8232.717253073333,b3,88.35,88.35,8322.124483215479
23.57,11.75,0.3928333333333333,34.79566666666668,276.9475,53.55433333333331,8179.703012303772,b3,88.35,88.35,8281.00566728677
6.94,12.11,0.1156666666666666,34.91133333333335,84.0434,53.43866666666664,27720.34582132563,b3,88.35,88.35,27309.63696485658
6.95,12.12,0.1158333333333333,35.02716666666669,84.234,53.32283333333331,27620.46043165466,b3,88.35,88.35,27299.724984719956
6.94,12.12,0.1156666666666666,35.14283333333336,84.1128,53.20716666666664,27600.25936599422,b3,88.35,88.35,27306.356318631915
12.35,11.99,0.2058333333333333,35.34866666666669,148.0765,53.00133333333331,15449.78137651821,b3,88.35,88.35,15507.427189631884
12.65,11.98,0.2108333333333333,35.55950000000002,151.547,52.79049999999997,15023.38339920948,b3,88.35,88.35,15137.649597269627
12.65,11.98,0.2108333333333333,35.770333333333355,151.547,52.57966666666664,14963.38339920948,b3,88.35,88.35,15102.732169617218
23.07,11.76,0.3845,36.15483333333336,271.3032,52.19516666666664,8144.889466840047,b3,88.35,88.35,8157.517074178716
23.04,11.75,0.384,36.53883333333336,270.71999999999997,51.81116666666664,8095.494791666662,b3,88.35,88.35,8117.043406698848
23.02,11.74,0.3836666666666666,36.92250000000003,270.2548,51.42749999999997,8042.528236316241,b3,88.35,88.35,8044.4325622763345
23.0,11.73,0.3833333333333333,37.30583333333336,269.79,51.044166666666634,7989.521739130429,b3,88.35,88.35,8015.755060273682
23.51,11.71,0.3918333333333333,37.69766666666669,275.30210000000005,50.6523333333333,7756.205869842614,b3,88.35,88.35,7831.87616344921
24.07,11.68,0.4011666666666666,38.09883333333336,281.1376,50.251166666666634,7515.754050685497,b3,88.35,88.35,7571.134419675903
24.06,11.67,0.4009999999999999,38.49983333333336,280.7802,49.85016666666663,7458.877805486279,b3,88.35,88.35,7522.920341369569
24.04,11.66,0.4006666666666666,38.90050000000003,280.3064,49.449499999999965,7405.083194675535,b3,88.35,88.35,7460.550906930253
24.02,11.65,0.4003333333333333,39.300833333333365,279.833,49.04916666666663,7351.2489592006605,b3,88.35,88.35,7430.329671387844
24.0,11.64,0.4,39.70083333333336,279.36,48.64916666666663,7297.374999999995,b3,88.35,88.35,7400.5066234941505
20.91,11.69,0.3485,40.049333333333365,244.4379,48.30066666666663,8315.753228120511,b3,88.35,88.35,8177.210120989959
20.9,11.69,0.3483333333333333,40.3976666666667,244.32099999999997,47.95233333333329,8259.73205741626,b3,88.35,88.35,8159.505319260456
20.88,11.68,0.348,40.7456666666667,243.87839999999997,47.604333333333294,8207.643678160914,b3,88.35,88.35,8118.145951676387
20.87,11.67,0.3478333333333333,41.093500000000034,243.5529,47.25649999999996,8151.576425491128,b3,88.35,88.35,8069.40083793732
20.86,11.67,0.3476666666666667,41.4411666666667,243.4362,46.90883333333329,8095.484180249274,b3,88.35,88.35,7996.627969332219
22.59,11.62,0.3765,41.8176666666667,262.4958,46.53233333333329,7415.511288180604,b3,88.35,88.35,7475.118164265605
22.57,11.61,0.3761666666666666,42.19383333333337,262.0377,46.15616666666662,7362.082410279124,b3,88.35,88.35,7390.074258198753
22.56,11.6,0.376,42.56983333333337,261.69599999999997,45.780166666666624,7305.345744680844,b3,88.35,88.35,7311.847645865147
22.54,11.59,0.3756666666666666,42.94550000000004,261.23859999999996,45.40449999999995,7251.827861579407,b3,88.35,88.35,7238.09874042699
22.53,11.59,0.3755,43.32100000000004,261.1227,45.028999999999954,7195.046604527289,b3,88.35,88.35,7187.344474652205
22.52,11.58,0.3753333333333333,43.69633333333337,260.78159999999997,44.65366666666662,7138.241563055055,b3,88.35,88.35,7127.8842209053955
16.29,11.71,0.2714999999999999,43.967833333333374,190.7559,44.38216666666662,9808.213627992624,b3,88.35,88.35,9682.3652375279
16.29,11.71,0.2714999999999999,44.23933333333338,190.7559,44.11066666666662,9748.213627992624,b3,88.35,88.35,9665.554146629516
16.28,11.71,0.2713333333333333,44.51066666666671,190.63880000000003,43.839333333333286,9694.201474201463,b3,88.35,88.35,9613.727727325013
16.28,11.7,0.2713333333333333,44.78200000000004,190.476,43.567999999999955,9634.201474201463,b3,88.35,88.35,9589.151993317493
24.04,11.52,0.4006666666666666,45.182666666666705,276.94079999999997,43.16733333333329,6464.326123128114,b3,88.35,88.35,6577.704124524742
24.01,11.51,0.4001666666666666,45.58283333333337,276.3551,42.767166666666625,6412.403165347765,b3,88.35,88.35,6539.0798731909335
24.01,11.49,0.4001666666666666,45.98300000000003,275.8749,42.36699999999996,6352.403165347766,b3,88.35,88.35,6506.064797229845
9.2,11.84,0.1533333333333333,46.13633333333337,108.928,42.213666666666626,16518.391304347813,b3,88.35,88.35,16416.88927418429
9.2,11.85,0.1533333333333333,46.289666666666704,109.01999999999998,42.06033333333329,16458.39130434781,b3,88.35,88.35,16466.727778314453
8.99,11.86,0.1498333333333333,46.43950000000004,106.6214,41.91049999999995,16782.84760845382,b3,88.35,88.35,16962.617333717102
19.25,11.6,0.3208333333333333,46.76033333333337,223.3,41.58966666666662,7777.807792207784,b3,88.35,88.35,7816.890104221657
19.25,11.59,0.3208333333333333,47.081166666666704,223.1075,41.26883333333329,7717.807792207784,b3,88.35,88.35,7731.376048714228
9.2,11.82,0.1533333333333333,47.23450000000004,108.744,41.115499999999955,16088.673913043462,b3,88.35,88.35,16091.094515806828
9.21,11.82,0.1535,47.38800000000004,108.86220000000002,40.961999999999954,16011.205211726365,b3,88.35,88.35,16011.653023203524
15.26,11.64,0.2543333333333333,47.642333333333376,177.62640000000002,40.70766666666662,9603.381389252938,b3,88.35,88.35,9482.182863821596
15.26,11.64,0.2543333333333333,47.89666666666671,177.62640000000002,40.45333333333328,9543.381389252938,b3,88.35,88.35,9509.385373052315
15.25,11.63,0.2541666666666666,48.15083333333338,177.35750000000002,40.19916666666661,9489.63934426228,b3,88.35,88.35,9467.11782373246
15.25,11.63,0.2541666666666666,48.40500000000005,177.35750000000002,39.94499999999994,9429.63934426228,b3,88.35,88.35,9422.556341293252
25.25,11.37,0.4208333333333333,48.825833333333385,287.0925,39.52416666666661,5635.128712871279,b3,88.35,88.35,5702.503573070224
25.22,11.35,0.4203333333333333,49.24616666666672,286.24699999999996,39.10383333333328,5581.831879460738,b3,88.35,88.35,5574.389219507906
25.18,11.34,0.4196666666666667,49.66583333333338,285.5412,38.68416666666661,5530.698967434464,b3,88.35,88.35,5545.6269915594185
25.15,11.32,0.4191666666666666,50.08500000000005,284.698,38.264999999999944,5477.296222664008,b3,88.35,88.35,5500.513984787215
25.12,11.3,0.4186666666666667,50.50366666666672,283.85600000000005,37.84633333333328,5423.837579617825,b3,88.35,88.35,5530.07570688157
16.25,11.29,0.2708333333333333,50.77450000000005,183.4625,37.57549999999994,8324.418461538447,b3,88.35,88.35,7583.705496337807
22.78,11.33,0.3796666666666667,51.15416666666672,258.0974,37.19583333333328,5878.182616330105,b3,88.35,88.35,5734.141303672964
22.76,11.32,0.3793333333333333,51.53350000000005,257.64320000000004,36.81649999999994,5823.347978910359,b3,88.35,88.35,5701.073976020241
22.73,11.3,0.3788333333333333,51.912333333333386,256.84900000000005,36.43766666666661,5771.033875934879,b3,88.35,88.35,5664.803481657918
22.71,11.29,0.3785,52.29083333333339,256.3959,36.059166666666606,5716.116248348735,b3,88.35,88.35,5633.91084019285
22.69,11.28,0.3781666666666667,52.669000000000054,255.9432,35.68099999999994,5661.154693697655,b3,88.35,88.35,5579.174943357333
24.75,11.21,0.4125,53.081500000000055,277.44750000000005,35.26849999999994,5129.963636363628,b3,88.35,88.35,5208.131784592295
24.66,11.19,0.411,53.49250000000006,275.9454,34.85749999999994,5088.686131386852,b3,88.35,88.35,5100.466461532908
24.64,11.18,0.4106666666666667,53.90316666666672,275.4752,34.446833333333274,5032.81655844155,b3,88.35,88.35,5088.233260061708
5.45,11.74,0.0908333333333333,53.99400000000006,63.983,34.35599999999994,22693.871559632986,b3,88.35,88.35,21869.317614858854
5.45,11.76,0.0908333333333333,54.08483333333339,64.092,34.2651666666666,22633.871559632986,b3,88.35,88.35,22103.90227002969
5.44,11.77,0.0906666666666666,54.175500000000056,64.0288,34.17449999999994,22615.47794117643,b3,88.35,88.35,22225.001873987494
5.44,11.77,0.0906666666666666,54.26616666666672,64.0288,34.083833333333274,22555.47794117643,b3,88.35,88.35,22180.946131858007
5.44,11.77,0.0906666666666666,54.356833333333384,64.0288,33.99316666666661,22495.477941176432,b3,88.35,88.35,22151.30088361192
5.44,11.77,0.0906666666666666,54.44750000000005,64.0288,33.90249999999995,22435.477941176436,b3,88.35,88.35,22097.395718254997
21.56,11.27,0.3593333333333333,54.80683333333338,242.98119999999997,33.543166666666615,5600.899814471235,b3,88.35,88.35,5435.156518826718
21.55,11.25,0.3591666666666667,55.16600000000005,242.4375,33.18399999999995,5543.4988399071835,b3,88.35,88.35,5393.570115620627
24.89,11.14,0.4148333333333333,55.58083333333338,277.2746,32.769166666666614,4739.614302932897,b3,88.35,88.35,4805.931970229076
24.85,11.14,0.4141666666666667,55.99500000000005,276.829,32.35499999999995,4687.24346076458,b3,88.35,88.35,4811.111184062671
24.78,11.08,0.413,56.40800000000005,274.5624,31.94199999999995,4640.484261501203,b3,88.35,88.35,4698.442635057417
14.17,11.77,0.2361666666666666,56.64416666666671,166.7809,31.70583333333328,8055.116443189824,b3,88.35,88.35,8615.21033619974
14.11,11.68,0.2351666666666666,56.87933333333338,164.8048,31.470666666666617,8029.36924167256,b3,88.35,88.35,7904.094284570899
14.42,11.65,0.2403333333333333,57.11966666666671,167.993,31.230333333333284,7796.754507628281,b3,88.35,88.35,7823.371622277966
14.39,11.62,0.2398333333333333,57.35950000000004,167.21179999999998,30.990499999999955,7753.009034051413,b3,88.35,88.35,7837.783108249235
24.57,11.3,0.4095,57.76900000000004,277.641,30.580999999999953,4480.732600732594,b3,88.35,88.35,4846.699143105901
24.45,11.2,0.4075,58.17650000000004,273.84,30.17349999999995,4442.723926380361,b3,88.35,88.35,4759.6560104844475
20.84,11.24,0.3473333333333333,58.52383333333337,234.2416,29.826166666666623,5152.312859884829,b3,88.35,88.35,5238.58400523012
20.79,11.2,0.3465,58.87033333333337,232.848,29.479666666666624,5104.704184704177,b3,88.35,88.35,5223.768908522777
20.75,11.17,0.3458333333333333,59.2161666666667,231.7775,29.133833333333293,5054.544578313246,b3,88.35,88.35,5207.054803703949
15.29,11.33,0.2548333333333333,59.47100000000003,173.23569999999998,28.87899999999996,6799.502943100057,b3,88.35,88.35,6406.142134113069
15.28,11.32,0.2546666666666666,59.7256666666667,172.9696,28.624333333333297,6743.952879581144,b3,88.35,88.35,6358.719150973736
15.27,11.3,0.2545,59.9801666666667,172.55100000000002,28.369833333333297,6688.369351669932,b3,88.35,88.35,6258.7961152688795
17.53,11.2,0.2921666666666667,60.27233333333336,196.336,28.07766666666663,5766.092413006268,b3,88.35,88.35,5515.526268872843
17.51,11.18,0.2918333333333333,60.5641666666667,195.7618,27.785833333333297,5712.678469446022,b3,88.35,88.35,5504.681207296607
17.49,11.16,0.2915,60.8556666666667,195.18839999999997,27.494333333333294,5659.210977701537,b3,88.35,88.35,5484.638620854352
17.46,11.14,0.291,61.1466666666667,194.50440000000003,27.203333333333298,5608.9347079037725,b3,88.35,88.35,5402.017908643707
17.45,11.12,0.2908333333333333,61.43750000000003,194.044,26.91249999999997,5552.148997134664,b3,88.35,88.35,5354.498359984925
22.67,10.92,0.3778333333333333,61.81533333333336,247.5564,26.53466666666663,4213.709748566382,b3,88.35,88.35,4245.069282510919
22.63,10.88,0.3771666666666666,62.19250000000003,246.2144,26.157499999999963,4161.157755192217,b3,88.35,88.35,4233.685944874798
22.58,10.85,0.3763333333333333,62.568833333333366,244.99299999999997,25.78116666666663,4110.372010628869,b3,88.35,88.35,4157.393807442948
22.52,10.81,0.3753333333333333,62.944166666666696,243.4412,25.405833333333295,4061.3232682060334,b3,88.35,88.35,4142.179221553446
22.48,10.78,0.3746666666666666,63.318833333333366,242.3344,25.03116666666663,4008.549822064051,b3,88.35,88.35,4122.799064780318
22.43,10.74,0.3738333333333333,63.692666666666696,240.8982,24.6573333333333,3957.4855104770345,b3,88.35,88.35,4101.451110850895
22.38,10.7,0.373,64.0656666666667,239.466,24.284333333333297,3906.3270777479834,b3,88.35,88.35,4084.3120829421587
13.51,11.03,0.2251666666666666,64.29083333333337,149.0153,24.059166666666627,6411.028867505541,b3,88.35,88.35,5920.117098293801
13.51,11.02,0.2251666666666666,64.51600000000003,148.8802,23.83399999999996,6351.028867505542,b3,88.35,88.35,5876.859359484961
13.5,11.01,0.225,64.74100000000003,148.635,23.608999999999966,6295.7333333333245,b3,88.35,88.35,5804.892362689533
17.13,10.85,0.2855,65.02650000000003,185.86049999999997,23.323499999999967,4901.611208406299,b3,88.35,88.35,4762.567741406726
17.1,10.82,0.285,65.31150000000002,185.022,23.03849999999997,4850.210526315783,b3,88.35,88.35,4733.004468407877
17.08,10.79,0.2846666666666666,65.59616666666669,184.29319999999996,22.753833333333304,4795.889929742383,b3,88.35,88.35,4679.493167002908
24.74,10.43,0.4123333333333333,66.00850000000003,258.03819999999996,22.341499999999968,3250.9862570735604,b3,88.35,88.35,3556.335187425823
24.61,10.35,0.4101666666666667,66.4186666666667,254.7135,21.9313333333333,3208.1592848435544,b3,88.35,88.35,3534.222440188334
24.49,10.27,0.4081666666666666,66.82683333333337,251.5123,21.523166666666626,3163.879134340541,b3,88.35,88.35,3537.1323140235586
16.24,10.6,0.2706666666666666,67.09750000000004,172.14399999999998,21.252499999999955,4711.145320197035,b3,88.35,88.35,4693.512277537451
16.22,10.58,0.2703333333333333,67.36783333333338,171.6076,20.982166666666615,4656.954377311949,b3,88.35,88.35,4666.291990708383
16.19,10.55,0.2698333333333333,67.63766666666672,170.80450000000002,20.712333333333277,4605.583693638035,b3,88.35,88.35,4654.199356061166
14.01,10.63,0.2334999999999999,67.87116666666672,148.9263,20.47883333333327,5262.226980728035,b3,88.35,88.35,5068.572882064558
13.99,10.61,0.2331666666666666,68.10433333333339,148.4339,20.245666666666608,5209.749821300914,b3,88.35,88.35,5029.468588970707
13.97,10.59,0.2328333333333333,68.33716666666672,147.94230000000002,20.012833333333276,5157.208303507501,b3,88.35,88.35,5016.549967635877
8.54,10.81,0.1423333333333333,68.47950000000006,92.3174,19.870499999999936,8376.323185011683,b3,88.35,88.35,7446.7777716507035
8.55,10.88,0.1425,68.62200000000006,93.02400000000002,19.727999999999938,8306.526315789446,b3,88.35,88.35,7435.5209352904885
13.95,10.55,0.2324999999999999,68.85450000000006,147.1725,19.495499999999936,5031.096774193532,b3,88.35,88.35,4992.1087276884045
13.92,10.51,0.232,69.08650000000006,146.29919999999998,19.263499999999937,4981.939655172398,b3,88.35,88.35,4984.8068457111285
16.09,10.33,0.2681666666666666,69.35466666666673,166.2097,18.995333333333264,4250.043505282769,b3,88.35,88.35,4501.015336138277
16.03,10.25,0.2671666666666666,69.6218333333334,164.3075,18.728166666666596,4205.951341235168,b3,88.35,88.35,4439.082870913797
15.95,10.16,0.2658333333333333,69.88766666666673,162.052,18.462333333333262,4167.047021943558,b3,88.35,88.35,4392.081160554954
12.43,10.29,0.2071666666666666,70.0948333333334,127.9047,18.255166666666597,5287.0957361222645,b3,88.35,88.35,5020.516760140453
12.43,10.29,0.2071666666666666,70.30200000000006,127.9047,18.04799999999993,5227.0957361222645,b3,88.35,88.35,5025.324716227006
12.41,10.26,0.2068333333333333,70.5088333333334,127.3266,17.841166666666595,5175.519742143412,b3,88.35,88.35,5006.10933045559
12.38,10.21,0.2063333333333333,70.71516666666673,126.3998,17.634833333333262,5128.06138933762,b3,88.35,88.35,4998.747032140355
12.34,10.15,0.2056666666666666,70.9208333333334,125.251,17.42916666666659,5084.683954619102,b3,88.35,88.35,5001.70908213532
12.72,9.99,0.212,71.13283333333341,127.07280000000002,17.217166666666586,4872.783018867902,b3,88.35,88.35,4971.288687495236
9.23,10.31,0.1538333333333333,71.28666666666675,95.1613,17.063333333333247,6655.254604550345,b3,88.35,88.35,6332.988738920732
9.24,10.35,0.154,71.44066666666674,95.634,16.90933333333325,6588.051948051915,b3,88.35,88.35,6196.274253774341
9.24,10.35,0.154,71.59466666666674,95.634,16.755333333333255,6528.051948051917,b3,88.35,88.35,6223.698032753609
9.24,10.35,0.154,71.74866666666674,95.634,16.60133333333326,6468.051948051918,b3,88.35,88.35,6227.006252373132
9.23,10.34,0.1538333333333333,71.90250000000007,95.4382,16.44749999999992,6415.059588298993,b3,88.35,88.35,6215.346066073109
9.22,10.32,0.1536666666666666,72.05616666666674,95.1504,16.293833333333254,6362.017353579144,b3,88.35,88.35,6223.179881158155
6.99,10.56,0.1165,72.17266666666674,73.8144,16.17733333333325,8331.673819742447,b3,88.35,88.35,7639.253680153919
6.99,10.59,0.1165,72.28916666666674,74.0241,16.06083333333325,8271.673819742446,b3,88.35,88.35,7649.095188855266
9.97,10.31,0.1661666666666666,72.45533333333341,102.79070000000002,15.89466666666658,5739.297893681011,b3,88.35,88.35,5499.650883553415
9.92,10.23,0.1653333333333333,72.62066666666675,101.4816,15.729333333333244,5708.225806451581,b3,88.35,88.35,5486.411990393359
4.68,10.66,0.078,72.69866666666675,49.8888,15.65133333333324,12039.487179487109,b3,88.35,88.35,11469.779086695517
4.69,10.78,0.0781666666666666,72.77683333333341,50.5582,15.57316666666658,11953.816631129996,b3,88.35,88.35,11584.656188927194
4.52,10.84,0.0753333333333333,72.85216666666675,48.99679999999999,15.497833333333247,12343.407079645953,b3,88.35,88.35,12107.19946453217
4.52,10.87,0.0753333333333333,72.92750000000008,49.13239999999999,15.422499999999914,12283.407079645953,b3,88.35,88.35,12092.907384792674
4.53,10.9,0.0755,73.00300000000009,49.377,15.346999999999907,12196.291390728404,b3,88.35,88.35,11874.421857616535
6.81,10.72,0.1134999999999999,73.11650000000009,73.0032,15.233499999999909,8052.951541850171,b3,88.35,88.35,7626.788223856403
6.82,10.71,0.1136666666666666,73.23016666666675,73.04220000000001,15.119833333333249,7981.143695014617,b3,88.35,88.35,7548.983778048237
6.81,10.7,0.1134999999999999,73.34366666666675,72.86699999999999,15.006333333333243,7932.863436123302,b3,88.35,88.35,7561.91654514781
6.81,10.7,0.1134999999999999,73.45716666666675,72.86699999999999,14.892833333333243,7872.863436123301,b3,88.35,88.35,7539.471008110212
6.81,10.7,0.1134999999999999,73.57066666666675,72.86699999999999,14.77933333333324,7812.8634361233,b3,88.35,88.35,7533.240626214428
5.41,10.68,0.0901666666666666,73.66083333333341,57.7788,14.68916666666658,9774.676524953731,b3,88.35,88.35,9346.38093497753
8.4,10.54,0.14,73.80083333333341,88.536,14.54916666666658,6235.357142857105,b3,88.35,88.35,6163.132937867024
8.38,10.51,0.1396666666666667,73.94050000000009,88.0738,14.409499999999907,6190.238663484447,b3,88.35,88.35,6085.261500720702
8.37,10.48,0.1394999999999999,74.08000000000008,87.71759999999999,14.26999999999991,6137.634408602113,b3,88.35,88.35,6064.346155105649
8.35,10.44,0.1391666666666666,74.21916666666675,87.17399999999999,14.130833333333245,6092.335329341278,b3,88.35,88.35,6030.996317887544
8.34,10.41,0.1389999999999999,74.35816666666675,86.8194,13.991833333333249,6039.6402877697465,b3,88.35,88.35,6005.158766649744
8.32,10.37,0.1386666666666666,74.49683333333341,86.27839999999999,13.85316666666658,5994.158653846117,b3,88.35,88.35,5985.778041579599
8.3,10.33,0.1383333333333333,74.63516666666675,85.739,13.714833333333246,5948.602409638516,b3,88.35,88.35,5980.0211990903035
8.28,10.28,0.1379999999999999,74.77316666666675,85.1184,13.57683333333324,5902.971014492713,b3,88.35,88.35,5963.550920682911
6.91,10.43,0.1151666666666666,74.88833333333342,72.0713,13.461666666666574,7013.314037626579,b3,88.35,88.35,6716.106062713173
6.91,10.42,0.1151666666666666,75.00350000000009,72.0022,13.346499999999908,6953.31403762658,b3,88.35,88.35,6699.981212783582
6.9,10.41,0.115,75.11850000000008,71.82900000000001,13.231499999999912,6903.39130434778,b3,88.35,88.35,6664.987295642433
6.9,10.4,0.115,75.23350000000008,71.76,13.116499999999917,6843.391304347782,b3,88.35,88.35,6665.854425174488
6.89,10.38,0.1148333333333333,75.34833333333341,71.51820000000001,13.00166666666658,6793.323657474556,b3,88.35,88.35,6634.169163215812
5.27,10.58,0.0878333333333333,75.43616666666675,55.7566,12.913833333333244,8821.593927893677,b3,88.35,88.35,8739.006209353465
5.27,10.61,0.0878333333333333,75.52400000000009,55.91469999999999,12.825999999999908,8761.593927893677,b3,88.35,88.35,8733.728534510961
5.27,10.63,0.0878333333333333,75.61183333333342,56.0201,12.738166666666572,8701.593927893675,b3,88.35,88.35,8779.394311658465
7.57,10.42,0.1261666666666666,75.73800000000008,78.8794,12.61199999999991,5997.780713342097,b3,88.35,88.35,5914.25751169615
7.54,10.32,0.1256666666666666,75.86366666666675,77.8128,12.48633333333325,5961.644562334177,b3,88.35,88.35,5894.799078060035
7.51,10.22,0.1251666666666666,75.98883333333342,76.7522,12.361166666666575,5925.459387483313,b3,88.35,88.35,5885.265544655387
6.85,10.07,0.1141666666666666,76.10300000000008,68.9795,12.246999999999916,6436.379562043751,b3,88.35,88.35,6453.542588882616
6.8,9.91,0.1133333333333333,76.21633333333341,67.388,12.133666666666585,6423.705882352898,b3,88.35,88.35,6470.027299787666
6.76,9.74,0.1126666666666666,76.32900000000008,65.8424,12.020999999999916,6401.715976331316,b3,88.35,88.35,6527.215969108135
6.73,9.64,0.1121666666666666,76.44116666666675,64.8772,11.908833333333249,6370.252600297132,b3,88.35,88.35,6489.493308857396
6.71,9.56,0.1118333333333333,76.55300000000008,64.1476,11.796999999999912,6329.239940387434,b3,88.35,88.35,6478.154004893782
4.54,9.79,0.0756666666666666,76.62866666666675,44.4466,11.721333333333249,9294.449339206982,b3,88.35,88.35,9253.683902730932
4.54,9.85,0.0756666666666666,76.70433333333341,44.719,11.645666666666584,9234.449339206983,b3,88.35,88.35,9222.252305976464
4.55,9.86,0.0758333333333333,76.78016666666674,44.86299999999999,11.56983333333325,9154.153846153782,b3,88.35,88.35,9092.22093131782
4.55,9.87,0.0758333333333333,76.85600000000008,44.9085,11.493999999999916,9094.153846153778,b3,88.35,88.35,9057.6537872564
4.55,9.88,0.0758333333333333,76.93183333333342,44.954,11.41816666666658,9034.153846153777,b3,88.35,88.35,9002.56467674239
4.55,9.88,0.0758333333333333,77.00766666666675,44.954,11.342333333333244,8974.153846153775,b3,88.35,88.35,8979.361721811856
4.55,9.88,0.0758333333333333,77.08350000000009,44.954,11.266499999999908,8914.153846153773,b3,88.35,88.35,8939.961721811855
4.55,9.88,0.0758333333333333,77.15933333333342,44.954,11.190666666666573,8854.153846153771,b3,88.35,88.35,8912.561721811855
4.55,9.88,0.0758333333333333,77.23516666666676,44.954,11.114833333333236,8794.15384615377,b3,88.35,88.35,8880.74457431963
7.96,9.4,0.1326666666666666,77.36783333333342,74.824,10.982166666666572,4966.8090452260885,b3,88.35,88.35,5191.449631266579
7.92,9.31,0.132,77.49983333333343,73.7352,10.850166666666569,4931.8939393938945,b3,88.35,88.35,5214.670461056163
7.89,9.23,0.1315,77.63133333333343,72.8247,10.718666666666564,4890.646387832653,b3,88.35,88.35,5282.765109206894
5.69,9.51,0.0948333333333333,77.72616666666676,54.111900000000006,10.623833333333238,6721.581722319798,b3,88.35,88.35,6646.206478004728
5.69,9.52,0.0948333333333333,77.82100000000008,54.168800000000005,10.528999999999913,6661.581722319803,b3,88.35,88.35,6630.341186735466
5.69,9.51,0.0948333333333333,77.91583333333341,54.111900000000006,10.434166666666584,6601.581722319806,b3,88.35,88.35,6598.720657276622
5.69,9.5,0.0948333333333333,78.01066666666674,54.05500000000001,10.339333333333258,6541.581722319811,b3,88.35,88.35,6563.794538551471
3.44,12.35,0.0573333333333333,0.0573333333333333,42.483999999999995,53.94266666666667,56451.62790697675,tn1,85.0,54.0,52239.86025269434
6.88,12.22,0.1146666666666666,0.172,84.0736,53.828,28165.813953488378,tn1,85.0,54.0,29230.893867633218
6.88,12.16,0.1146666666666666,0.2866666666666666,83.6608,53.71333333333333,28105.813953488378,tn1,85.0,54.0,27723.964092991202
6.88,12.17,0.1146666666666666,0.4013333333333333,83.7296,53.59866666666667,28045.813953488378,tn1,85.0,54.0,27641.8322165295
6.87,12.18,0.1145,0.5158333333333334,83.6766,53.48416666666667,28026.63755458515,tn1,85.0,54.0,28177.547923505175
7.65,12.16,0.1275,0.6433333333333333,93.024,53.35666666666667,25109.019607843136,tn1,85.0,54.0,25095.80290390234
7.64,12.16,0.1273333333333333,0.7706666666666666,92.9024,53.22933333333334,25081.88481675393,tn1,85.0,54.0,25043.999096737825
7.64,12.16,0.1273333333333333,0.8979999999999999,92.9024,53.102,25021.884816753925,tn1,85.0,54.0,25030.38505300515
9.42,12.11,0.157,1.055,114.0762,52.945,20233.75796178344,tn1,85.0,54.0,20443.260216284427
9.42,12.11,0.157,1.212,114.0762,52.788,20173.75796178344,tn1,85.0,54.0,20405.69278042682
9.42,12.11,0.157,1.369,114.0762,52.631,20113.75796178344,tn1,85.0,54.0,20405.69278042682
7.76,12.15,0.1293333333333333,1.4983333333333333,94.284,52.501666666666665,24356.443298969072,tn1,85.0,54.0,24344.65469669485
7.76,12.15,0.1293333333333333,1.6276666666666666,94.284,52.37233333333333,24296.443298969072,tn1,85.0,54.0,24361.078084542172
6.1,12.19,0.1016666666666666,1.7293333333333332,74.359,52.27066666666666,30848.262295081968,tn1,85.0,54.0,30639.41040002582
6.1,12.19,0.1016666666666666,1.8309999999999995,74.359,52.169,30788.262295081968,tn1,85.0,54.0,30637.230425229165
6.09,12.19,0.1014999999999999,1.9324999999999997,74.2371,52.0675,30778.81773399015,tn1,85.0,54.0,30740.874795541346
6.09,12.18,0.1014999999999999,2.034,74.1762,51.966,30718.81773399015,tn1,85.0,54.0,30779.72061263812
5.16,12.21,0.086,2.1199999999999997,63.003600000000006,51.88,36195.3488372093,tn1,85.0,54.0,35910.56137277544
5.16,12.21,0.086,2.2059999999999995,63.003600000000006,51.794,36135.3488372093,tn1,85.0,54.0,35985.6290310992
5.16,12.21,0.086,2.2919999999999994,63.003600000000006,51.708,36075.3488372093,tn1,85.0,54.0,35956.6290310992
5.16,12.2,0.086,2.3779999999999992,62.952,51.622,36015.348837209305,tn1,85.0,54.0,35826.14188893579
6.89,12.16,0.1148333333333333,2.492833333333333,83.7824,51.50716666666667,26912.307692307695,tn1,85.0,54.0,27038.457022845752
6.88,12.15,0.1146666666666666,2.607499999999999,83.592,51.3925,26891.424418604653,tn1,85.0,54.0,27103.17489902791
6.89,12.15,0.1148333333333333,2.7223333333333324,83.7135,51.27766666666667,26792.39477503629,tn1,85.0,54.0,26862.04040144821
6.89,12.15,0.1148333333333333,2.8371666666666657,83.7135,51.16283333333333,26732.39477503628,tn1,85.0,54.0,26829.304398385164
6.89,12.15,0.1148333333333333,2.951999999999999,83.7135,51.048,26672.39477503629,tn1,85.0,54.0,26864.956175179803
8.54,12.11,0.1423333333333333,3.0943333333333323,103.41939999999998,50.90566666666667,21459.06323185012,tn1,85.0,54.0,22372.70481353973
5.39,12.18,0.0898333333333333,3.1841666666666657,65.6502,50.81583333333334,33940.07421150279,tn1,85.0,54.0,33480.47810364368
5.38,12.18,0.0896666666666666,3.2738333333333323,65.52839999999999,50.72616666666667,33943.15985130112,tn1,85.0,54.0,33462.551235079445
5.38,12.18,0.0896666666666666,3.363499999999999,65.52839999999999,50.6365,33883.15985130111,tn1,85.0,54.0,33427.26941908963
5.38,12.18,0.0896666666666666,3.4531666666666654,65.52839999999999,50.54683333333333,33823.15985130112,tn1,85.0,54.0,33322.404978827195
7.05,12.14,0.1175,3.5706666666666655,85.587,50.42933333333333,25751.148936170215,tn1,85.0,54.0,25704.964406079904
7.05,12.13,0.1175,3.6881666666666657,85.51650000000001,50.31183333333333,25691.148936170215,tn1,85.0,54.0,25629.086357511045
7.04,12.13,0.1173333333333333,3.805499999999999,85.3952,50.1945,25667.642045454544,tn1,85.0,54.0,25619.8051377335
7.05,12.13,0.1175,3.922999999999999,85.51650000000001,50.077,25571.23404255319,tn1,85.0,54.0,25577.26265183731
7.05,12.13,0.1175,4.040499999999999,85.51650000000001,49.9595,25511.23404255319,tn1,85.0,54.0,25530.525167650994
7.05,12.13,0.1175,4.157999999999999,85.51650000000001,49.842,25451.23404255319,tn1,85.0,54.0,25507.590194717617
7.04,12.12,0.1173333333333333,4.275333333333332,85.3248,49.724666666666664,25427.38636363636,tn1,85.0,54.0,25418.300857843387
9.38,12.07,0.1563333333333333,4.431666666666666,113.2166,49.568333333333335,19024.093816631128,tn1,85.0,54.0,19070.54622628471
9.38,12.07,0.1563333333333333,4.587999999999999,113.2166,49.412,18964.093816631128,tn1,85.0,54.0,19038.511331310987
9.39,12.06,0.1565,4.7444999999999995,113.2434,49.2555,18883.897763578272,tn1,85.0,54.0,18966.12565293601
9.38,12.06,0.1563333333333333,4.900833333333333,113.1228,49.09916666666667,18844.02985074627,tn1,85.0,54.0,18920.12764911598
7.77,12.09,0.1295,5.030333333333333,93.9393,48.96966666666667,22688.648648648657,tn1,85.0,54.0,22648.97059725862
7.77,12.09,0.1295,5.159833333333333,93.9393,48.84016666666667,22628.64864864865,tn1,85.0,54.0,22648.97059725862
7.77,12.09,0.1295,5.289333333333333,93.9393,48.71066666666667,22568.64864864865,tn1,85.0,54.0,22629.57059725862
7.77,12.09,0.1295,5.418833333333334,93.9393,48.58116666666667,22508.64864864865,tn1,85.0,54.0,22596.658344264884
7.77,12.08,0.1295,5.548333333333334,93.8616,48.45166666666667,22448.64864864865,tn1,85.0,54.0,22573.63392957358
7.77,12.08,0.1295,5.677833333333334,93.8616,48.32216666666667,22388.648648648657,tn1,85.0,54.0,22565.666159556375
6.07,12.12,0.1011666666666666,5.779000000000001,73.5684,48.221,28598.94563426688,tn1,85.0,54.0,28358.379652885393
6.07,12.12,0.1011666666666666,5.880166666666668,73.5684,48.11983333333333,28538.945634266885,tn1,85.0,54.0,28378.164396830147
6.07,12.12,0.1011666666666666,5.9813333333333345,73.5684,48.01866666666667,28478.945634266885,tn1,85.0,54.0,28334.72469976025
6.06,12.12,0.1009999999999999,6.0823333333333345,73.4472,47.91766666666666,28465.940594059404,tn1,85.0,54.0,28330.679970652007
9.36,12.04,0.156,6.238333333333334,112.6944,47.76166666666666,18369.871794871797,tn1,85.0,54.0,18323.800189619018
9.37,12.04,0.1561666666666666,6.394500000000001,112.81479999999998,47.6055,18290.26680896478,tn1,85.0,54.0,18351.865927246035
9.36,12.03,0.156,6.5505,112.6008,47.4495,18249.807692307695,tn1,85.0,54.0,18235.125068012996
9.37,12.03,0.1561666666666666,6.706666666666667,112.72109999999998,47.29333333333334,18170.33084311633,tn1,85.0,54.0,18251.95167757572
9.36,12.03,0.156,6.862666666666667,112.6008,47.13733333333333,18129.74358974359,tn1,85.0,54.0,18189.07583763838
7.12,12.07,0.1186666666666666,6.981333333333334,85.9384,47.01866666666667,23773.483146067418,tn1,85.0,54.0,23656.689288262703
7.12,12.07,0.1186666666666666,7.1000000000000005,85.9384,46.9,23713.483146067418,tn1,85.0,54.0,23656.689288262703
7.12,12.07,0.1186666666666666,7.2186666666666675,85.9384,46.781333333333336,23653.483146067418,tn1,85.0,54.0,23605.089288262705
7.12,12.07,0.1186666666666666,7.337333333333334,85.9384,46.66266666666667,23593.483146067418,tn1,85.0,54.0,23609.91931085126
6.05,12.09,0.1008333333333333,7.4381666666666675,73.1445,46.56183333333333,27706.21487603306,tn1,85.0,54.0,27669.95157638922
6.06,12.09,0.1009999999999999,7.5391666666666675,73.2654,46.46083333333333,27600.495049504952,tn1,85.0,54.0,27750.33297854804
6.05,12.09,0.1008333333333333,7.640000000000001,73.1445,46.36,27586.11570247934,tn1,85.0,54.0,27639.172733414012
6.05,12.09,0.1008333333333333,7.740833333333334,73.1445,46.259166666666665,27526.11570247934,tn1,85.0,54.0,27623.235893002693
6.05,12.09,0.1008333333333333,7.841666666666667,73.1445,46.15833333333333,27466.11570247934,tn1,85.0,54.0,27574.39338485195
7.7,12.05,0.1283333333333333,7.97,92.785,46.03,21520.51948051948,tn1,85.0,54.0,21630.026986828885
7.7,12.04,0.1283333333333333,8.098333333333333,92.708,45.90166666666667,21460.519480519484,tn1,85.0,54.0,21499.337440984844
7.7,12.04,0.1283333333333333,8.226666666666667,92.708,45.77333333333333,21400.51948051948,tn1,85.0,54.0,21538.34069043405
9.35,12.0,0.1558333333333333,8.3825,112.2,45.6175,17563.957219251337,tn1,85.0,54.0,17719.320460781582
9.35,12.0,0.1558333333333333,8.538333333333334,112.2,45.461666666666666,17503.957219251337,tn1,85.0,54.0,17684.779304732103
9.35,12.0,0.1558333333333333,8.694166666666668,112.2,45.30583333333333,17443.957219251337,tn1,85.0,54.0,17585.54838889648
9.35,11.99,0.1558333333333333,8.850000000000001,112.1065,45.15,17383.957219251337,tn1,85.0,54.0,17561.888330341513
9.34,11.99,0.1556666666666666,9.005666666666668,111.9866,44.99433333333333,17342.56959314775,tn1,85.0,54.0,17541.97307056264
7.74,12.02,0.129,9.134666666666668,93.0348,44.86533333333333,20867.5968992248,tn1,85.0,54.0,20975.26150670759
7.74,12.02,0.129,9.263666666666667,93.0348,44.736333333333334,20807.59689922481,tn1,85.0,54.0,20958.908689498956
7.74,12.02,0.129,9.392666666666669,93.0348,44.60733333333333,20747.596899224805,tn1,85.0,54.0,21004.904819811414
7.15,12.03,0.1191666666666666,9.511833333333334,86.0145,44.488166666666665,22399.63636363636,tn1,85.0,54.0,22090.033356934462
7.15,12.03,0.1191666666666666,9.631,86.0145,44.369,22339.63636363636,tn1,85.0,54.0,22090.033356934462
5.33,12.07,0.0888333333333333,9.719833333333334,64.3331,44.280166666666666,29907.80487804878,tn1,85.0,54.0,29884.115761017918
5.32,12.07,0.0886666666666666,9.8085,64.2124,44.1915,29904.022556390973,tn1,85.0,54.0,29968.527760423473
6.92,12.03,0.1153333333333333,9.923833333333334,83.24759999999999,44.076166666666666,22929.797687861268,tn1,85.0,54.0,22979.84083114924
6.92,12.03,0.1153333333333333,10.039166666666668,83.24759999999999,43.96083333333333,22869.79768786127,tn1,85.0,54.0,22920.344321406938
8.74,11.99,0.1456666666666666,10.184833333333335,104.7926,43.81516666666666,18047.437070938213,tn1,85.0,54.0,18059.051473992782
8.74,11.98,0.1456666666666666,10.330500000000002,104.7052,43.6695,17987.437070938216,tn1,85.0,54.0,17996.534391688358
8.74,11.98,0.1456666666666666,10.47616666666667,104.7052,43.52383333333333,17927.437070938213,tn1,85.0,54.0,17981.534391688358
8.74,11.98,0.1456666666666666,10.621833333333337,104.7052,43.378166666666665,17867.437070938213,tn1,85.0,54.0,17981.724087701223
7.74,12.0,0.129,10.750833333333336,92.88,43.24916666666667,20115.891472868218,tn1,85.0,54.0,20406.27594606609
7.74,11.99,0.129,10.879833333333336,92.8026,43.12016666666666,20055.891472868218,tn1,85.0,54.0,20277.639086683717
7.73,11.99,0.1288333333333333,11.008666666666668,92.6827,42.99133333333333,20021.836998706334,tn1,85.0,54.0,20252.83496508884
7.73,11.99,0.1288333333333333,11.1375,92.6827,42.8625,19961.836998706334,tn1,85.0,54.0,20304.373624643587
7.13,12.0,0.1188333333333333,11.256333333333334,85.56,42.74366666666667,21581.654978962135,tn1,85.0,54.0,21584.403246671864
7.13,12.0,0.1188333333333333,11.375166666666669,85.56,42.624833333333335,21521.65497896213,tn1,85.0,54.0,21590.800819741944
7.13,12.0,0.1188333333333333,11.494,85.56,42.506,21461.65497896213,tn1,85.0,54.0,21570.800819741944
7.13,12.0,0.1188333333333333,11.612833333333333,85.56,42.387166666666666,21401.65497896213,tn1,85.0,54.0,21579.828260844053
6.03,12.02,0.1005,11.713333333333331,72.4806,42.28666666666667,25245.77114427861,tn1,85.0,54.0,25050.56189709215
6.03,12.02,0.1005,11.813833333333331,72.4806,42.186166666666665,25185.7711442786,tn1,85.0,54.0,25107.567470858718
6.03,12.02,0.1005,11.914333333333332,72.4806,42.08566666666667,25125.77114427861,tn1,85.0,54.0,25079.149639699546
6.03,12.02,0.1005,12.014833333333334,72.4806,41.985166666666665,25065.77114427861,tn1,85.0,54.0,25046.949639699546
6.03,12.02,0.1005,12.115333333333334,72.4806,41.88466666666667,25005.77114427861,tn1,85.0,54.0,25090.15375704386
5.22,12.03,0.087,12.202333333333334,62.79659999999999,41.797666666666665,28825.977011494255,tn1,85.0,54.0,28691.93533912452
5.22,12.03,0.087,12.289333333333332,62.79659999999999,41.71066666666667,28765.977011494255,tn1,85.0,54.0,28686.403378239287
5.22,12.03,0.087,12.376333333333331,62.79659999999999,41.623666666666665,28705.97701149425,tn1,85.0,54.0,28604.003209193244
9.32,11.95,0.1553333333333333,12.531666666666666,111.374,41.468333333333334,16017.811158798282,tn1,85.0,54.0,16549.001981076148
9.53,11.93,0.1588333333333333,12.6905,113.6929,41.3095,15604.847848898218,tn1,85.0,54.0,15618.274204594185
9.53,11.93,0.1588333333333333,12.849333333333334,113.6929,41.150666666666666,15544.847848898216,tn1,85.0,54.0,15601.441670467351
9.53,11.93,0.1588333333333333,13.008166666666668,113.6929,40.99183333333333,15484.847848898218,tn1,85.0,54.0,15588.335493002018
9.53,11.92,0.1588333333333333,13.167000000000002,113.5976,40.833,15424.847848898216,tn1,85.0,54.0,15431.601857342075
9.53,11.92,0.1588333333333333,13.325833333333335,113.5976,40.674166666666665,15364.847848898216,tn1,85.0,54.0,15424.001857342075
9.53,11.92,0.1588333333333333,13.48466666666667,113.5976,40.51533333333333,15304.847848898216,tn1,85.0,54.0,15411.201857342074
6.21,11.99,0.1035,13.58816666666667,74.4579,40.411833333333334,23427.149758454107,tn1,85.0,54.0,23095.867420496703
6.21,11.99,0.1035,13.69166666666667,74.4579,40.30833333333333,23367.149758454107,tn1,85.0,54.0,23071.543277924535
6.21,11.99,0.1035,13.79516666666667,74.4579,40.204833333333326,23307.1497584541,tn1,85.0,54.0,23051.930385847132
6.21,11.98,0.1035,13.89866666666667,74.39580000000001,40.10133333333333,23247.149758454103,tn1,85.0,54.0,23008.671614874198
7.88,11.94,0.1313333333333333,14.030000000000005,94.0872,39.97,18260.40609137056,tn1,85.0,54.0,18259.988941266052
7.88,11.94,0.1313333333333333,14.16133333333334,94.0872,39.83866666666666,18200.40609137056,tn1,85.0,54.0,18209.897676142806
7.88,11.94,0.1313333333333333,14.292666666666673,94.0872,39.70733333333333,18140.40609137055,tn1,85.0,54.0,18150.452718362245
7.88,11.94,0.1313333333333333,14.424000000000008,94.0872,39.57599999999999,18080.40609137055,tn1,85.0,54.0,18113.452718362245
7.88,11.94,0.1313333333333333,14.55533333333334,94.0872,39.44466666666666,18020.40609137056,tn1,85.0,54.0,18065.860256700475
7.88,11.93,0.1313333333333333,14.686666666666676,94.0084,39.313333333333325,17960.406091370554,tn1,85.0,54.0,17960.662028911196
9.52,11.9,0.1586666666666666,14.84533333333334,113.288,39.15466666666666,14806.386554621846,tn1,85.0,54.0,14869.436387542652
9.52,11.89,0.1586666666666666,15.004000000000008,113.1928,38.995999999999995,14746.386554621848,tn1,85.0,54.0,14682.870703507668
9.52,11.89,0.1586666666666666,15.162666666666675,113.1928,38.837333333333326,14686.386554621846,tn1,85.0,54.0,14648.931551278032
9.51,11.89,0.1585,15.321166666666675,113.0739,38.67883333333332,14641.82965299684,tn1,85.0,54.0,14588.817801480665
9.51,11.88,0.1585,15.479666666666676,112.9788,38.520333333333326,14581.829652996845,tn1,85.0,54.0,14467.370056244352
9.51,11.88,0.1585,15.638166666666676,112.9788,38.36183333333332,14521.82965299684,tn1,85.0,54.0,14449.901437505074
7.87,11.91,0.1311666666666666,15.769333333333345,93.7317,38.23066666666666,17487.979669631506,tn1,85.0,54.0,17341.403824651836
7.87,11.91,0.1311666666666666,15.90050000000001,93.7317,38.09949999999999,17427.97966963151,tn1,85.0,54.0,17332.75803679006
7.87,11.91,0.1311666666666666,16.031666666666677,93.7317,37.96833333333332,17367.979669631506,tn1,85.0,54.0,17313.31916280204
7.87,11.91,0.1311666666666666,16.162833333333342,93.7317,37.83716666666666,17307.97966963151,tn1,85.0,54.0,17249.224645268725
7.87,11.91,0.1311666666666666,16.294000000000008,93.7317,37.70599999999999,17247.979669631506,tn1,85.0,54.0,17243.55611175175
7.86,11.9,0.131,16.425000000000008,93.534,37.57499999999999,17209.923664122132,tn1,85.0,54.0,17062.73813666751
6.2,11.94,0.1033333333333333,16.52833333333334,74.028,37.471666666666664,21757.74193548387,tn1,85.0,54.0,21684.708842927565
6.2,11.94,0.1033333333333333,16.63166666666667,74.028,37.368333333333325,21697.741935483864,tn1,85.0,54.0,21696.02974719882
6.19,11.94,0.1031666666666666,16.734833333333338,73.9086,37.26516666666666,21672.79483037156,tn1,85.0,54.0,21674.688661414082
9.5,11.87,0.1583333333333333,16.893166666666673,112.765,37.10683333333333,14061.53684210526,tn1,85.0,54.0,14040.107292848024
9.5,11.86,0.1583333333333333,17.051500000000008,112.67,36.9485,14001.53684210526,tn1,85.0,54.0,13979.494743924288
9.5,11.86,0.1583333333333333,17.209833333333343,112.67,36.79016666666666,13941.53684210526,tn1,85.0,54.0,13953.74350239581
9.5,11.86,0.1583333333333333,17.368166666666678,112.67,36.63183333333332,13881.536842105255,tn1,85.0,54.0,13932.257033567474
9.49,11.85,0.1581666666666666,17.526333333333344,112.4565,36.47366666666666,13836.16438356164,tn1,85.0,54.0,13771.50206729056
9.49,11.85,0.1581666666666666,17.68450000000001,112.4565,36.315499999999986,13776.164383561638,tn1,85.0,54.0,13750.038410477293
9.49,11.85,0.1581666666666666,17.842666666666677,112.4565,36.15733333333333,13716.16438356164,tn1,85.0,54.0,13745.96061127804
6.14,11.92,0.1023333333333333,17.94500000000001,73.1888,36.05499999999999,21139.739413680774,tn1,85.0,54.0,21125.202704002688
6.14,11.92,0.1023333333333333,18.047333333333345,73.1888,35.95266666666666,21079.739413680774,tn1,85.0,54.0,21114.80270400269
6.14,11.92,0.1023333333333333,18.14966666666668,73.1888,35.850333333333325,21019.739413680774,tn1,85.0,54.0,21102.91749801514
6.13,11.92,0.1021666666666666,18.251833333333344,73.0696,35.748166666666656,20994.02936378466,tn1,85.0,54.0,21067.388873130625
7.81,11.89,0.1301666666666666,18.382000000000012,92.8609,35.61799999999999,16418.02816901408,tn1,85.0,54.0,16427.304831435536
7.81,11.88,0.1301666666666666,18.51216666666668,92.7828,35.48783333333332,16358.02816901408,tn1,85.0,54.0,16296.533058197023
7.8,11.88,0.13,18.64216666666668,92.664,35.35783333333332,16318.999999999993,tn1,85.0,54.0,16289.578736978398
7.81,11.87,0.1301666666666666,18.772333333333343,92.7047,35.22766666666665,16238.104993597944,tn1,85.0,54.0,16169.429504492087
7.81,11.87,0.1301666666666666,18.902500000000018,92.7047,35.09749999999998,16178.104993597944,tn1,85.0,54.0,16145.31238052455
9.49,11.84,0.1581666666666666,19.06066666666668,112.3616,34.93933333333332,13254.12012644889,tn1,85.0,54.0,13373.726218341662
9.48,11.83,0.158,19.21866666666668,112.1484,34.78133333333332,13208.10126582278,tn1,85.0,54.0,13207.654330773732
9.47,11.83,0.1578333333333333,19.376500000000014,112.0301,34.623499999999986,13162.048574445613,tn1,85.0,54.0,13181.182681381391
9.48,11.83,0.158,19.534500000000016,112.1484,34.465499999999984,13088.16455696202,tn1,85.0,54.0,13167.916524326536
9.48,11.82,0.158,19.692500000000017,112.0536,34.30749999999998,13028.164556962018,tn1,85.0,54.0,13090.42653550286
6.18,11.89,0.103,19.79550000000002,73.4802,34.20449999999998,19924.95145631067,tn1,85.0,54.0,20034.172590212467
6.18,11.89,0.103,19.89850000000002,73.4802,34.10149999999998,19864.951456310668,tn1,85.0,54.0,20002.23140935364
7.85,11.85,0.1308333333333333,20.02933333333335,93.0225,33.970666666666645,15578.904458598718,tn1,85.0,54.0,15539.81076208213
7.85,11.85,0.1308333333333333,20.160166666666683,93.0225,33.83983333333332,15518.90445859872,tn1,85.0,54.0,15511.885495124368
7.85,11.85,0.1308333333333333,20.291000000000015,93.0225,33.70899999999999,15458.904458598725,tn1,85.0,54.0,15466.983597908344
7.85,11.85,0.1308333333333333,20.421833333333343,93.0225,33.578166666666654,15398.90445859872,tn1,85.0,54.0,15445.08756990429
6.18,11.88,0.103,20.524833333333348,73.4184,33.47516666666665,19500.097087378632,tn1,85.0,54.0,19672.69604748333
6.04,11.89,0.1006666666666666,20.625500000000013,71.8156,33.37449999999998,19892.08609271522,tn1,85.0,54.0,19878.484521760303
6.04,11.89,0.1006666666666666,20.72616666666668,71.8156,33.27383333333332,19832.086092715224,tn1,85.0,54.0,19896.833790639383
6.05,11.89,0.1008333333333333,20.827000000000012,71.9345,33.17299999999999,19739.30578512396,tn1,85.0,54.0,19811.012391112254
6.04,11.88,0.1006666666666666,20.92766666666668,71.7552,33.07233333333332,19711.98675496688,tn1,85.0,54.0,19772.63207394731
7.67,11.85,0.1278333333333333,21.055500000000013,90.8895,32.94449999999999,15462.868318122551,tn1,85.0,54.0,15457.4601565769
7.66,11.84,0.1276666666666666,21.18316666666668,90.6944,32.81683333333332,15423.0548302872,tn1,85.0,54.0,15335.598938640247
7.66,11.84,0.1276666666666666,21.310833333333346,90.6944,32.68916666666665,15363.054830287198,tn1,85.0,54.0,15317.069119193578
7.66,11.84,0.1276666666666666,21.438500000000012,90.6944,32.56149999999999,15303.0548302872,tn1,85.0,54.0,15278.486522367
9.47,11.8,0.1578333333333333,21.596333333333344,111.746,32.40366666666665,12318.183738120377,tn1,85.0,54.0,12379.757076323183
9.47,11.79,0.1578333333333333,21.754166666666677,111.6513,32.24583333333332,12258.183738120377,tn1,85.0,54.0,12235.592200301371
9.47,11.79,0.1578333333333333,21.91200000000001,111.6513,32.087999999999994,12198.183738120377,tn1,85.0,54.0,12210.579768040541
9.46,11.79,0.1576666666666666,22.069666666666677,111.5334,31.930333333333323,12151.078224101477,tn1,85.0,54.0,12185.735819753878
9.46,11.79,0.1576666666666666,22.227333333333345,111.5334,31.772666666666655,12091.078224101477,tn1,85.0,54.0,12168.1937094735
7.83,11.82,0.1305,22.357833333333343,92.5506,31.642166666666657,14548.122605363978,tn1,85.0,54.0,14629.27110535561
6.12,11.85,0.102,22.459833333333343,72.522,31.540166666666657,18553.039215686265,tn1,85.0,54.0,18612.86922630264
6.12,11.85,0.102,22.561833333333347,72.522,31.438166666666653,18493.039215686265,tn1,85.0,54.0,18595.669226302638
6.12,11.85,0.102,22.663833333333347,72.522,31.336166666666653,18433.039215686265,tn1,85.0,54.0,18547.269226302637
6.12,11.85,0.102,22.765833333333347,72.522,31.234166666666653,18373.039215686265,tn1,85.0,54.0,18530.4734349599
7.83,11.81,0.1305,22.89633333333335,92.4723,31.10366666666665,14300.536398467426,tn1,85.0,54.0,14464.446329197175
7.83,11.81,0.1305,23.02683333333335,92.4723,30.97316666666665,14240.536398467424,tn1,85.0,54.0,14439.004381884582
7.18,11.82,0.1196666666666666,23.146500000000017,84.8676,30.853499999999983,15469.721448467955,tn1,85.0,54.0,15286.454793350815
7.18,11.82,0.1196666666666666,23.266166666666685,84.8676,30.733833333333315,15409.721448467955,tn1,85.0,54.0,15279.861632505163
8.86,11.79,0.1476666666666666,23.41383333333335,104.4594,30.58616666666665,12427.78781038374,tn1,85.0,54.0,12326.275646017499
8.85,11.78,0.1475,23.56133333333335,104.253,30.43866666666665,12381.83050847457,tn1,85.0,54.0,12302.355065325206
8.85,11.78,0.1475,23.708833333333352,104.253,30.291166666666648,12321.83050847457,tn1,85.0,54.0,12282.576346267932
8.85,11.77,0.1475,23.856333333333353,104.1645,30.143666666666647,12261.830508474568,tn1,85.0,54.0,12245.375738143659
8.85,11.77,0.1475,24.00383333333335,104.1645,29.99616666666665,12201.830508474568,tn1,85.0,54.0,12231.88151203211
5.52,11.85,0.092,24.095833333333353,65.41199999999999,29.904166666666647,19502.717391304337,tn1,85.0,54.0,19213.45147364583
5.52,11.85,0.092,24.18783333333335,65.41199999999999,29.81216666666665,19442.717391304337,tn1,85.0,54.0,19118.82742892787
7.23,11.81,0.1205,24.30833333333335,85.3863,29.69166666666665,14784.23236514522,tn1,85.0,54.0,14740.400819973893
7.22,11.8,0.1203333333333333,24.42866666666669,85.196,29.57133333333331,14744.709141274228,tn1,85.0,54.0,14639.25322622787
7.22,11.8,0.1203333333333333,24.54900000000002,85.196,29.45099999999998,14684.709141274228,tn1,85.0,54.0,14618.88031325654
7.22,11.8,0.1203333333333333,24.669333333333356,85.196,29.330666666666644,14624.709141274228,tn1,85.0,54.0,14596.28031325654
7.22,11.8,0.1203333333333333,24.78966666666669,85.196,29.21033333333331,14564.709141274228,tn1,85.0,54.0,14572.080313256542
9.67,11.74,0.1611666666666666,24.950833333333357,113.5258,29.049166666666643,10814.581178903818,tn1,85.0,54.0,10964.584326552198
9.67,11.74,0.1611666666666666,25.112000000000023,113.5258,28.887999999999977,10754.581178903818,tn1,85.0,54.0,10926.669336724912
9.06,11.75,0.151,25.263000000000023,106.455,28.736999999999977,11418.675496688733,tn1,85.0,54.0,11419.30133065875
9.06,11.75,0.151,25.414000000000023,106.455,28.585999999999977,11358.675496688733,tn1,85.0,54.0,11396.378521044902
9.06,11.74,0.151,25.565000000000023,106.3644,28.434999999999977,11298.675496688733,tn1,85.0,54.0,11179.986559829791
9.06,11.74,0.151,25.716000000000022,106.3644,28.283999999999978,11238.675496688733,tn1,85.0,54.0,11165.05584964721
9.05,11.74,0.1508333333333333,25.866833333333357,106.247,28.133166666666643,11191.093922651924,tn1,85.0,54.0,11116.394315899483
9.05,11.74,0.1508333333333333,26.017666666666692,106.247,27.982333333333308,11131.093922651922,tn1,85.0,54.0,11129.055246761893
9.05,11.73,0.1508333333333333,26.168500000000027,106.1565,27.831499999999973,11071.093922651922,tn1,85.0,54.0,10982.863816442772
9.05,11.73,0.1508333333333333,26.31933333333336,106.1565,27.68066666666664,11011.093922651922,tn1,85.0,54.0,10984.040895523423
9.05,11.73,0.1508333333333333,26.470166666666696,106.1565,27.529833333333304,10951.09392265192,tn1,85.0,54.0,10971.440895523423
9.05,11.72,0.1508333333333333,26.62100000000003,106.06600000000002,27.37899999999997,10891.09392265192,tn1,85.0,54.0,10914.829148906212
7.34,11.76,0.1223333333333333,26.743333333333364,86.3184,27.256666666666636,13368.392370572192,tn1,85.0,54.0,13274.363443623593
7.34,11.76,0.1223333333333333,26.865666666666694,86.3184,27.134333333333306,13308.392370572192,tn1,85.0,54.0,13288.415997262888
7.34,11.76,0.1223333333333333,26.98800000000003,86.3184,27.01199999999997,13248.392370572192,tn1,85.0,54.0,13255.77773375502
7.34,11.75,0.1223333333333333,27.110333333333365,86.245,26.889666666666635,13188.392370572192,tn1,85.0,54.0,13133.923583149077
7.34,11.75,0.1223333333333333,27.2326666666667,86.245,26.7673333333333,13128.39237057219,tn1,85.0,54.0,13105.322958651988
7.34,11.75,0.1223333333333333,27.355000000000032,86.245,26.644999999999968,13068.392370572192,tn1,85.0,54.0,13075.966588472731
7.34,11.75,0.1223333333333333,27.47733333333337,86.245,26.52266666666663,13008.392370572192,tn1,85.0,54.0,13045.81395346941
7.33,11.75,0.1221666666666666,27.59950000000003,86.1275,26.40049999999997,12966.139154160966,tn1,85.0,54.0,13016.806421486168
7.34,11.75,0.1223333333333333,27.721833333333365,86.245,26.278166666666635,12888.474114441402,tn1,85.0,54.0,12998.035922954747
9.04,11.71,0.1506666666666666,27.87250000000003,105.8584,26.12749999999997,10404.75663716813,tn1,85.0,54.0,10327.953554268497
9.04,11.7,0.1506666666666666,28.023166666666697,105.768,25.976833333333303,10344.75663716813,tn1,85.0,54.0,10287.598848944026
9.04,11.7,0.1506666666666666,28.173833333333363,105.768,25.826166666666637,10284.756637168131,tn1,85.0,54.0,10257.362969114361
5.38,11.79,0.0896666666666666,28.26350000000003,63.43019999999999,25.73649999999997,17221.449814126376,tn1,85.0,54.0,17108.749184539345
5.38,11.78,0.0896666666666666,28.353166666666695,63.3764,25.646833333333305,17161.449814126376,tn1,85.0,54.0,16973.564091883254
5.38,11.78,0.0896666666666666,28.44283333333336,63.3764,25.55716666666664,17101.449814126376,tn1,85.0,54.0,16948.364091883253
5.38,11.78,0.0896666666666666,28.532500000000027,63.3764,25.467499999999973,17041.449814126376,tn1,85.0,54.0,16948.364091883253
7.03,11.74,0.1171666666666666,28.649666666666693,82.5322,25.350333333333307,12981.678520625876,tn1,85.0,54.0,12924.88930465779
7.03,11.74,0.1171666666666666,28.76683333333336,82.5322,25.23316666666664,12921.678520625876,tn1,85.0,54.0,12857.980319510358
7.03,11.74,0.1171666666666666,28.884000000000025,82.5322,25.115999999999975,12861.678520625876,tn1,85.0,54.0,12839.393396768271
7.03,11.74,0.1171666666666666,29.00116666666669,82.5322,24.99883333333331,12801.678520625876,tn1,85.0,54.0,12816.158199900905
7.03,11.73,0.1171666666666666,29.118333333333357,82.4619,24.881666666666643,12741.678520625876,tn1,85.0,54.0,12742.635483996064
5.42,11.77,0.0903333333333333,29.20866666666669,63.7934,24.79133333333331,16466.568265682643,tn1,85.0,54.0,16425.062038804925
5.42,11.77,0.0903333333333333,29.299000000000024,63.7934,24.700999999999976,16406.568265682643,tn1,85.0,54.0,16410.764407836046
5.42,11.77,0.0903333333333333,29.38933333333336,63.7934,24.61066666666664,16346.56826568264,tn1,85.0,54.0,16347.469275122372
8.72,11.69,0.1453333333333333,29.53466666666669,101.9368,24.46533333333331,10100.366972477052,tn1,85.0,54.0,10145.867690220957
8.71,11.69,0.1451666666666667,29.67983333333336,101.8199,24.32016666666664,10051.963260619965,tn1,85.0,54.0,10120.024043887692
8.71,11.68,0.1451666666666667,29.825000000000028,101.7328,24.174999999999972,9991.963260619965,tn1,85.0,54.0,10090.426444171257
8.71,11.68,0.1451666666666667,29.970166666666696,101.7328,24.029833333333304,9931.963260619965,tn1,85.0,54.0,10085.99904424301
7.0,11.72,0.1166666666666666,30.086833333333363,82.04,23.913166666666637,12298.199999999984,tn1,85.0,54.0,12314.592697137105
7.0,11.72,0.1166666666666666,30.20350000000003,82.04,23.79649999999997,12238.199999999984,tn1,85.0,54.0,12268.174141921401
9.23,11.67,0.1538333333333333,30.357333333333365,107.7141,23.642666666666635,9221.408450704212,tn1,85.0,54.0,9294.869072394002
9.23,11.66,0.1538333333333333,30.5111666666667,107.6218,23.4888333333333,9161.408450704212,tn1,85.0,54.0,9256.66377178214
9.23,11.65,0.1538333333333333,30.665000000000035,107.5295,23.334999999999965,9101.408450704212,tn1,85.0,54.0,9137.069561324282
9.44,11.65,0.1573333333333333,30.82233333333337,109.976,23.17766666666663,8838.94067796609,tn1,85.0,54.0,9001.906205241128
9.44,11.64,0.1573333333333333,30.979666666666706,109.8816,23.020333333333294,8778.940677966088,tn1,85.0,54.0,8874.912274185863
9.44,11.64,0.1573333333333333,31.137000000000036,109.8816,22.862999999999964,8718.94067796609,tn1,85.0,54.0,8846.631374886623
9.44,11.63,0.1573333333333333,31.29433333333337,109.7872,22.70566666666663,8658.940677966088,tn1,85.0,54.0,8817.29104216825
7.16,11.69,0.1193333333333333,31.413666666666703,83.7004,22.586333333333297,11356.256983240206,tn1,85.0,54.0,11258.032477542056
7.16,11.68,0.1193333333333333,31.533000000000037,83.6288,22.466999999999963,11296.256983240204,tn1,85.0,54.0,11233.244387461147
7.16,11.68,0.1193333333333333,31.65233333333337,83.6288,22.34766666666663,11236.256983240204,tn1,85.0,54.0,11214.648489963934
7.16,11.68,0.1193333333333333,31.771666666666704,83.6288,22.228333333333296,11176.256983240204,tn1,85.0,54.0,11182.51924040555
7.16,11.68,0.1193333333333333,31.891000000000037,83.6288,22.108999999999963,11116.256983240204,tn1,85.0,54.0,11167.581842025105
5.3,11.72,0.0883333333333333,31.979333333333372,62.116,22.020666666666628,14957.433962264126,tn1,85.0,54.0,14808.332144370414
5.3,11.73,0.0883333333333333,32.0676666666667,62.169,21.932333333333297,14897.433962264126,tn1,85.0,54.0,14871.748132111214
5.3,11.73,0.0883333333333333,32.156000000000034,62.169,21.84399999999997,14837.43396226413,tn1,85.0,54.0,14848.548132111213
5.3,11.73,0.0883333333333333,32.244333333333365,62.169,21.755666666666635,14777.43396226413,tn1,85.0,54.0,14821.53556755791
5.3,11.72,0.0883333333333333,32.3326666666667,62.116,21.667333333333303,14717.433962264133,tn1,85.0,54.0,14729.63506958396
7.03,11.68,0.1171666666666666,32.449833333333366,82.1104,21.55016666666663,11035.647226173523,tn1,85.0,54.0,11111.666122166003
7.03,11.68,0.1171666666666666,32.567000000000036,82.1104,21.432999999999964,10975.647226173523,tn1,85.0,54.0,11026.000196672443
8.68,11.63,0.1446666666666666,32.7116666666667,100.9484,21.2883333333333,8829.262672811044,tn1,85.0,54.0,9012.89998927727
8.67,11.63,0.1445,32.8561666666667,100.8321,21.143833333333298,8779.446366781993,tn1,85.0,54.0,8971.014283861023
8.67,11.63,0.1445,33.0006666666667,100.8321,20.999333333333297,8719.446366781993,tn1,85.0,54.0,8943.314459349363
8.67,11.62,0.1445,33.145166666666704,100.7454,20.854833333333296,8659.446366781991,tn1,85.0,54.0,8782.421042743474
8.67,11.62,0.1445,33.289666666666704,100.7454,20.710333333333296,8599.446366781991,tn1,85.0,54.0,8815.933410585589
7.59,11.64,0.1265,33.416166666666705,88.3476,20.583833333333295,9763.08300395255,tn1,85.0,54.0,9597.531813129926
7.58,11.64,0.1263333333333333,33.54250000000004,88.2312,20.45749999999996,9715.963060685996,tn1,85.0,54.0,9565.367111064228
7.58,11.64,0.1263333333333333,33.668833333333374,88.2312,20.331166666666626,9655.963060685996,tn1,85.0,54.0,9550.283060553638
7.58,11.63,0.1263333333333333,33.79516666666671,88.1554,20.20483333333329,9595.963060685996,tn1,85.0,54.0,9507.614304454984
7.57,11.63,0.1261666666666666,33.92133333333338,88.0391,20.07866666666662,9548.639365918076,tn1,85.0,54.0,9477.909161885973
7.57,11.63,0.1261666666666666,34.04750000000005,88.0391,19.95249999999995,9488.639365918074,tn1,85.0,54.0,9461.57083429282
7.53,11.62,0.1255,34.17300000000005,87.4986,19.82699999999995,9479.04382470117,tn1,85.0,54.0,9321.242076097344
9.81,11.57,0.1635,34.33650000000005,113.5017,19.66349999999995,7215.963302752274,tn1,85.0,54.0,7438.809183779893
9.81,11.56,0.1635,34.50000000000005,113.4036,19.49999999999995,7155.963302752275,tn1,85.0,54.0,7376.910648465802
9.19,11.57,0.1531666666666666,34.65316666666671,106.3283,19.346833333333286,7578.737758433062,tn1,85.0,54.0,7490.795652917532
9.19,11.57,0.1531666666666666,34.80633333333338,106.3283,19.193666666666623,7518.7377584330625,tn1,85.0,54.0,7483.142621205439
9.19,11.56,0.1531666666666666,34.95950000000004,106.2364,19.04049999999996,7458.737758433064,tn1,85.0,54.0,7465.941268408553
7.52,11.6,0.1253333333333333,35.08483333333337,87.232,18.91516666666663,9055.132978723386,tn1,85.0,54.0,8886.376650118651
7.51,11.6,0.1251666666666666,35.210000000000036,87.116,18.789999999999964,9007.190412782938,tn1,85.0,54.0,8896.185854329657
7.52,11.6,0.1253333333333333,35.33533333333337,87.232,18.664666666666633,8935.212765957433,tn1,85.0,54.0,8867.36926443531
5.52,11.65,0.092,35.427333333333365,64.30799999999999,18.572666666666635,12112.608695652154,tn1,85.0,54.0,12261.905985990114
8.96,11.56,0.1493333333333333,35.576666666666696,103.57760000000002,18.423333333333304,7402.23214285713,tn1,85.0,54.0,7368.228608500553
8.96,11.55,0.1493333333333333,35.72600000000003,103.488,18.273999999999972,7342.232142857132,tn1,85.0,54.0,7330.547403630915
8.96,11.55,0.1493333333333333,35.87533333333336,103.488,18.12466666666664,7282.232142857132,tn1,85.0,54.0,7298.759838100116
8.96,11.55,0.1493333333333333,36.02466666666669,103.488,17.97533333333331,7222.232142857133,tn1,85.0,54.0,7285.868767478123
8.96,11.54,0.1493333333333333,36.17400000000002,103.3984,17.82599999999998,7162.232142857134,tn1,85.0,54.0,7239.167616834176
5.66,11.63,0.0943333333333333,36.26833333333335,65.8258,17.731666666666648,11278.091872791509,tn1,85.0,54.0,11297.189888877661
5.66,11.63,0.0943333333333333,36.36266666666669,65.8258,17.637333333333316,11218.091872791509,tn1,85.0,54.0,11280.38988887766
5.66,11.63,0.0943333333333333,36.457000000000015,65.8258,17.542999999999985,11158.091872791509,tn1,85.0,54.0,11231.482992990288
7.32,11.58,0.122,36.579000000000015,84.7656,17.420999999999985,8567.70491803278,tn1,85.0,54.0,8505.447930040116
7.32,11.58,0.122,36.701000000000015,84.7656,17.298999999999985,8507.70491803278,tn1,85.0,54.0,8473.118771425416
7.32,11.58,0.122,36.823000000000015,84.7656,17.176999999999985,8447.70491803278,tn1,85.0,54.0,8436.36888661014
7.94,11.56,0.1323333333333333,36.95533333333335,91.7864,17.04466666666665,7728.060453400495,tn1,85.0,54.0,7559.237476600114
7.94,11.55,0.1323333333333333,37.087666666666685,91.707,16.912333333333315,7668.060453400495,tn1,85.0,54.0,7396.683843611331
7.93,11.55,0.1321666666666666,37.219833333333355,91.5915,16.780166666666645,7617.730138713735,tn1,85.0,54.0,7472.110286839182
7.93,11.55,0.1321666666666666,37.352000000000025,91.5915,16.647999999999975,7557.730138713734,tn1,85.0,54.0,7439.928435380531
4.89,11.63,0.0814999999999999,37.43350000000002,56.8707,16.566499999999976,12196.196319018389,tn1,85.0,54.0,12133.541030422959
4.89,11.63,0.0814999999999999,37.51500000000002,56.8707,16.484999999999978,12136.196319018389,tn1,85.0,54.0,12133.541030422959
4.89,11.64,0.0814999999999999,37.59650000000002,56.9196,16.40349999999998,12076.19631901839,tn1,85.0,54.0,12086.318623771673
4.89,11.64,0.0814999999999999,37.67800000000002,56.9196,16.32199999999998,12016.196319018392,tn1,85.0,54.0,12066.197249182893
8.94,11.52,0.149,37.82700000000002,102.98879999999998,16.17299999999998,6512.617449664422,tn1,85.0,54.0,6729.148272136995
9.17,11.51,0.1528333333333333,37.97983333333335,105.5467,16.020166666666647,6289.269356597592,tn1,85.0,54.0,6556.374785029406
9.16,11.5,0.1526666666666666,38.13250000000002,105.34,15.867499999999978,6236.135371179031,tn1,85.0,54.0,6536.818517833844
9.16,11.5,0.1526666666666666,38.28516666666669,105.34,15.71483333333331,6176.13537117903,tn1,85.0,54.0,6493.107698047547
9.16,11.49,0.1526666666666666,38.43783333333336,105.2484,15.56216666666664,6116.135371179029,tn1,85.0,54.0,6486.237968230668
9.16,11.49,0.1526666666666666,38.59050000000003,105.2484,15.409499999999973,6056.135371179029,tn1,85.0,54.0,6479.926217926422
9.15,11.48,0.1525,38.74300000000003,105.042,15.25699999999997,6002.754098360643,tn1,85.0,54.0,6472.842873934335
7.43,11.52,0.1238333333333333,38.86683333333336,85.5936,15.13316666666664,7332.355316285317,tn1,85.0,54.0,7289.221955481187
8.05,11.51,0.1341666666666666,39.001000000000026,92.6555,14.998999999999974,6707.6273291925345,tn1,85.0,54.0,6754.956180645209
8.05,11.5,0.1341666666666666,39.13516666666669,92.575,14.864833333333308,6647.6273291925345,tn1,85.0,54.0,6743.924331785036
8.05,11.5,0.1341666666666666,39.26933333333336,92.575,14.730666666666645,6587.627329192535,tn1,85.0,54.0,6739.615441594013
5.74,11.56,0.0956666666666666,39.36500000000002,66.3544,14.634999999999977,9178.745644599288,tn1,85.0,54.0,9439.325090195438
5.74,11.56,0.0956666666666666,39.46066666666669,66.3544,14.53933333333331,9118.745644599288,tn1,85.0,54.0,9434.991809436548
5.74,11.56,0.0956666666666666,39.55633333333336,66.3544,14.443666666666644,9058.745644599288,tn1,85.0,54.0,9417.482919245524
5.74,11.56,0.0956666666666666,39.65200000000002,66.3544,14.347999999999978,8998.74564459929,tn1,85.0,54.0,9403.026620790968
7.42,11.51,0.1236666666666666,39.77566666666669,85.4042,14.224333333333313,6901.293800539073,tn1,85.0,54.0,7072.173859200487
7.42,11.51,0.1236666666666666,39.89933333333335,85.4042,14.100666666666648,6841.293800539074,tn1,85.0,54.0,7024.790447632501
19.81,11.2,0.3301666666666666,40.229500000000016,221.872,13.770499999999984,2502.463402322057,tn1,85.0,54.0,3379.598298494963
19.77,11.17,0.3295,40.55900000000002,220.8309,13.44099999999998,2447.5265553869467,tn1,85.0,54.0,3046.2000898699157
19.74,11.15,0.3289999999999999,40.88800000000002,220.101,13.11199999999998,2391.2462006078995,tn1,85.0,54.0,2897.8161406801833
19.7,11.12,0.3283333333333333,41.21633333333335,219.06399999999996,12.783666666666647,2336.1015228426363,tn1,85.0,54.0,2873.4376169849315
21.24,11.06,0.354,41.57033333333335,234.9144,12.429666666666648,2106.7231638418048,tn1,85.0,54.0,2541.6705513352917
21.2,11.03,0.3533333333333333,41.92366666666668,233.836,12.076333333333316,2050.6981132075443,tn1,85.0,54.0,2383.015059057054
18.01,11.08,0.3001666666666667,42.22383333333335,199.5508,11.776166666666647,2353.9255968906123,tn1,85.0,54.0,2951.6965741031363
10.11,11.28,0.1684999999999999,42.392333333333355,114.0408,11.607666666666644,4133.293768545987,tn1,85.0,54.0,4389.418345079017
10.1,11.28,0.1683333333333333,42.56066666666669,113.92799999999998,11.439333333333307,4077.386138613853,tn1,85.0,54.0,4345.803383572308
7.83,11.35,0.1305,42.69116666666669,88.87049999999999,11.308833333333313,5199.463601532557,tn1,85.0,54.0,5420.149007701646
7.83,11.35,0.1305,42.82166666666669,88.87049999999999,11.178333333333311,5139.463601532558,tn1,85.0,54.0,5401.981632885785
13.43,11.19,0.2238333333333333,43.04550000000002,150.2817,10.954499999999982,2936.425912137002,tn1,85.0,54.0,3388.1959013266546
13.42,11.18,0.2236666666666666,43.269166666666685,150.0356,10.730833333333315,2878.6140089418727,tn1,85.0,54.0,3312.130081714447
20.11,10.97,0.3351666666666666,43.60433333333335,220.6067,10.39566666666665,1860.9845847836864,tn1,85.0,54.0,2275.9086750461597
20.04,10.92,0.3339999999999999,43.938333333333354,218.8368,10.061666666666646,1807.485029940116,tn1,85.0,54.0,2279.7736656718002
8.41,11.22,0.1401666666666666,44.07850000000002,94.3602,9.92149999999998,4247.015457788339,tn1,85.0,54.0,4609.666101927373
15.92,10.99,0.2653333333333333,44.34383333333335,174.9608,9.65616666666665,2183.5552763819055,tn1,85.0,54.0,2437.543420433741
15.9,10.96,0.265,44.60883333333335,174.264,9.39116666666665,2126.301886792449,tn1,85.0,54.0,2374.082325352835
15.87,10.94,0.2645,44.87333333333335,173.6178,9.126666666666653,2070.3213610585976,tn1,85.0,54.0,2187.9802122207902
14.23,10.97,0.2371666666666666,45.110500000000016,156.1031,8.889499999999984,2248.9248067463063,tn1,85.0,54.0,2367.4269373247703
12.54,11.01,0.209,45.31950000000002,138.06539999999998,8.68049999999998,2492.009569377985,tn1,85.0,54.0,2597.558584895093
12.54,11.0,0.209,45.52850000000002,137.94,8.471499999999978,2432.009569377984,tn1,85.0,54.0,2557.749597353257
12.53,10.99,0.2088333333333333,45.73733333333335,137.7047,8.262666666666647,2373.9505187549826,tn1,85.0,54.0,2496.3143904678454
17.71,10.78,0.2951666666666667,46.03250000000002,190.9138,7.96749999999998,1619.5934500282283,tn1,85.0,54.0,1766.989213043168
19.18,10.67,0.3196666666666666,46.35216666666669,204.6506,7.64783333333331,1435.4640250260643,tn1,85.0,54.0,1640.4750538059097
19.07,10.57,0.3178333333333333,46.67000000000002,201.5699,7.329999999999977,1383.7441006816946,tn1,85.0,54.0,1603.2372719040977
10.1,10.9,0.1683333333333333,46.83833333333336,110.09,7.16166666666664,2552.6732673267234,tn1,85.0,54.0,2511.346102150659
10.1,10.92,0.1683333333333333,47.006666666666696,110.292,6.993333333333304,2492.6732673267225,tn1,85.0,54.0,2478.377492163897
10.1,10.92,0.1683333333333333,47.17500000000003,110.292,6.824999999999967,2432.673267326721,tn1,85.0,54.0,2434.9792509126128
10.1,10.92,0.1683333333333333,47.34333333333337,110.292,6.656666666666631,2372.6732673267197,tn1,85.0,54.0,2416.1096711626615
15.62,10.65,0.2603333333333333,47.603666666666705,166.353,6.3963333333332955,1474.186939820734,tn1,85.0,54.0,1598.0537707008182
15.5,10.51,0.2583333333333333,47.86200000000004,162.905,6.137999999999963,1425.5999999999913,tn1,85.0,54.0,1551.179150950999
15.11,10.08,0.2518333333333333,48.11383333333337,152.3088,5.886166666666632,1402.3957643944327,tn1,85.0,54.0,1533.4019453243902
14.8,9.74,0.2466666666666666,48.36050000000004,144.15200000000002,5.639499999999963,1371.770270270261,tn1,85.0,54.0,1456.2062198624108
9.64,10.07,0.1606666666666666,48.5211666666667,97.0748,5.478833333333299,2046.0373443983271,tn1,85.0,54.0,1999.128861168277
9.63,10.04,0.1605,48.6816666666667,96.6852,5.3183333333333,1988.1619937694577,tn1,85.0,54.0,1953.9206910877765
9.61,10.0,0.1601666666666666,48.84183333333337,96.1,5.158166666666631,1932.2996878251688,tn1,85.0,54.0,1925.0815147697253
9.59,9.96,0.1598333333333333,49.0016666666667,95.5164,4.998333333333299,1876.3295099061393,tn1,85.0,54.0,1886.8733732950773
16.57,9.45,0.2761666666666666,49.27783333333337,156.5865,4.722166666666631,1025.9384429692138,tn1,85.0,54.0,1207.4309613533728
16.4,9.29,0.2733333333333333,49.5511666666667,152.35599999999997,4.4488333333332974,976.5731707316996,tn1,85.0,54.0,1175.8305398741659
7.92,9.88,0.132,49.6831666666667,78.2496,4.3168333333332995,1962.1969696969545,tn1,85.0,54.0,1847.0713280300815
7.94,9.94,0.1323333333333333,49.81550000000003,78.9236,4.184499999999964,1897.254408060437,tn1,85.0,54.0,1874.3989109347929
7.94,9.96,0.1323333333333333,49.94783333333337,79.0824,4.052166666666629,1837.254408060436,tn1,85.0,54.0,1871.1845409381265
9.52,9.84,0.1586666666666666,50.10650000000004,93.6768,3.89349999999996,1472.3319327730942,tn1,85.0,54.0,1588.3330822310877
9.5,9.8,0.1583333333333333,50.26483333333337,93.1,3.735166666666629,1415.4315789473542,tn1,85.0,54.0,1509.3219090820696
9.48,9.77,0.158,50.42283333333337,92.6196,3.5771666666666277,1358.4177215189725,tn1,85.0,54.0,1484.9602886928913
6.05,10.04,0.1008333333333333,50.523666666666706,60.74199999999999,3.4763333333332938,2068.561983471051,tn1,85.0,54.0,1888.8478961326489
6.07,10.11,0.1011666666666666,50.62483333333337,61.3677,3.3751666666666296,2001.7462932454473,tn1,85.0,54.0,1889.276631845372
6.07,10.11,0.1011666666666666,50.726000000000035,61.3677,3.2739999999999654,1941.746293245449,tn1,85.0,54.0,1872.6571421479798
7.74,10.01,0.129,50.85500000000003,77.4774,3.1449999999999676,1462.7906976744034,tn1,85.0,54.0,1582.6205517737253
7.71,9.95,0.1285,50.983500000000035,76.7145,3.016499999999965,1408.4824902723572,tn1,85.0,54.0,1518.4645151365476
7.7,9.93,0.1283333333333333,51.111833333333365,76.461,2.888166666666635,1350.3116883116734,tn1,85.0,54.0,1471.2233707212717
6.05,10.04,0.1008333333333333,51.2126666666667,60.74199999999999,2.787333333333301,1658.578512396675,tn1,85.0,54.0,1708.0939524741634
6.06,10.06,0.1009999999999999,51.3136666666667,60.9636,2.6863333333333017,1595.8415841583972,tn1,85.0,54.0,1662.1647091352452
6.06,10.07,0.1009999999999999,51.4146666666667,61.0242,2.5853333333333026,1535.8415841583978,tn1,85.0,54.0,1608.3137986809577
9.26,9.79,0.1543333333333333,51.56900000000003,90.6554,2.430999999999969,945.09719222461,tn1,85.0,54.0,1123.5419030109879
9.22,9.75,0.1536666666666666,51.7226666666667,89.89500000000001,2.277333333333303,889.1973969631117,tn1,85.0,54.0,1102.1921193875335
9.19,9.71,0.1531666666666666,51.87583333333336,89.2349,2.124166666666639,832.1001088139174,tn1,85.0,54.0,1033.4505831103043
9.17,9.67,0.1528333333333333,52.028666666666695,88.6739,1.9713333333333056,773.9149400217992,tn1,85.0,54.0,983.1231517564216
9.15,9.64,0.1525,52.1811666666667,88.206,1.818833333333302,715.6065573770369,tn1,85.0,54.0,876.3749885861312
9.14,9.61,0.1523333333333333,52.33350000000003,87.8354,1.6664999999999708,656.3894967177127,tn1,85.0,54.0,854.7682156897589
7.55,9.73,0.1258333333333333,52.45933333333336,73.4615,1.5406666666666382,734.6225165562779,tn1,85.0,54.0,712.4068292752132
7.54,9.72,0.1256666666666666,52.58500000000003,73.28880000000001,1.4149999999999707,675.5968169761134,tn1,85.0,54.0,678.7754750291978
7.54,9.71,0.1256666666666666,52.7106666666667,73.21340000000001,1.2893333333333032,615.5968169761129,tn1,85.0,54.0,621.9985996798518
7.53,9.7,0.1255,52.8361666666667,73.041,1.1638333333333009,556.4143426294665,tn1,85.0,54.0,592.504396937505
7.53,9.68,0.1255,52.9616666666667,72.8904,1.0383333333332985,496.4143426294654,tn1,85.0,54.0,556.8046978111772
5.96,9.83,0.0993333333333333,53.061000000000035,58.5868,0.9389999999999644,567.1812080536698,tn1,85.0,54.0,614.3589758105876
5.96,9.84,0.0993333333333333,53.16033333333337,58.6464,0.8396666666666306,507.1812080536695,tn1,85.0,54.0,626.9625210371771
5.97,9.84,0.0994999999999999,53.25983333333337,58.7448,0.7401666666666316,446.3316582914361,tn1,85.0,54.0,589.3208605442312
7.54,9.7,0.1256666666666666,53.38550000000003,73.13799999999999,0.6144999999999641,293.39522546417385,tn1,85.0,54.0,407.1170307717384
7.52,9.66,0.1253333333333333,53.510833333333366,72.6432,0.4891666666666339,234.17553191487795,tn1,85.0,54.0,316.8540968819485
7.51,9.64,0.1251666666666666,53.63600000000003,72.3964,0.3639999999999688,174.48735019971875,tn1,85.0,54.0,286.7590037684569
7.5,9.62,0.125,53.76100000000003,72.14999999999999,0.2389999999999688,114.71999999998502,tn1,85.0,54.0,245.04125516456406
9.04,9.44,0.1506666666666666,53.9116666666667,85.33759999999998,0.0883333333333027,35.1769911504303,tn1,85.0,54.0,527.9366928370697
5.34,9.69,0.089,54.000666666666696,51.7446,-0.0006666666666959,-0.449438202266901,tn1,85.0,54.0,191.38355267725564
5.36,9.76,0.0893333333333333,54.09000000000003,52.3136,-0.0900000000000318,-60.447761194051225,tn1,85.0,54.0,272.2054941257052
5.37,9.78,0.0895,54.17950000000003,52.5186,-0.1795000000000328,-120.33519553074828,tn1,85.0,54.0,244.81096949616287
6.96,9.61,0.116,54.29550000000003,66.8856,-0.2955000000000325,-152.84482758622372,tn1,85.0,54.0,103.69008503197375
6.95,9.59,0.1158333333333333,54.41133333333337,66.6505,-0.4113333333333671,-213.06474820145635,tn1,85.0,54.0,49.17539120426073
6.94,9.57,0.1156666666666666,54.52700000000004,66.4158,-0.5270000000000366,-273.371757925091,tn1,85.0,54.0,13.256160606573731
6.94,9.55,0.1156666666666666,54.642666666666706,66.27700000000002,-0.642666666666706,-333.3717579250925,tn1,85.0,54.0,9.377425435340546
9.32,12.02,0.1553333333333333,0.1553333333333333,112.0264,51.84466666666667,20025.836909871246,b3,88.83,52.0,20082.000558456206
9.32,12.02,0.1553333333333333,0.3106666666666667,112.0264,51.68933333333333,19965.836909871243,b3,88.83,52.0,19985.670970639647
9.32,12.02,0.1553333333333333,0.4660000000000001,112.0264,51.534,19905.836909871243,b3,88.83,52.0,19912.615504118527
10.38,11.99,0.173,0.6390000000000001,124.4562,51.361,17813.063583815027,b3,88.83,52.0,17847.110676752527
10.38,11.98,0.173,0.8120000000000002,124.35240000000002,51.188,17753.06358381503,b3,88.83,52.0,17715.97378027903
10.37,11.98,0.1728333333333333,0.9848333333333334,124.2326,51.015166666666666,17710.183220829316,b3,88.83,52.0,17593.802646160475
10.37,11.97,0.1728333333333333,1.1576666666666668,124.1289,50.842333333333336,17650.18322082932,b3,88.83,52.0,17524.995781383135
16.0,11.85,0.2666666666666666,1.4243333333333337,189.6,50.57566666666666,11379.525,b3,88.83,52.0,11357.207644753416
15.99,11.84,0.2665,1.6908333333333334,189.3216,50.30916666666667,11326.641651031894,b3,88.83,52.0,11192.408968935488
15.98,11.83,0.2663333333333333,1.9571666666666667,189.0434,50.042833333333334,11273.729662077598,b3,88.83,52.0,11162.553604192766
16.34,11.81,0.2723333333333333,2.2295,192.9754,49.7705,10965.348837209302,b3,88.83,52.0,10995.442274756237
21.19,11.71,0.3531666666666667,2.5826666666666664,248.13490000000004,49.41733333333333,8395.58282208589,b3,88.83,52.0,8465.847031625848
21.18,11.7,0.353,2.935666666666666,247.806,49.06433333333334,8339.546742209632,b3,88.83,52.0,8338.83227058905
21.17,11.68,0.3528333333333334,3.2884999999999995,247.2656,48.7115,8283.486065186584,b3,88.83,52.0,8238.302170700495
21.16,11.67,0.3526666666666667,3.641166666666666,246.9372,48.35883333333334,8227.400756143668,b3,88.83,52.0,8174.509620221255
23.25,11.62,0.3875,4.028666666666666,270.16499999999996,47.971333333333334,7427.819354838709,b3,88.83,52.0,7377.387055911712
23.28,11.6,0.388,4.416666666666666,270.048,47.583333333333336,7358.2474226804125,b3,88.83,52.0,7255.438874039267
25.14,11.55,0.419,4.835666666666666,290.367,47.16433333333333,6753.842482100239,b3,88.83,52.0,6775.366148526936
25.11,11.53,0.4185,5.2541666666666655,289.51829999999995,46.74583333333334,6701.911589008363,b3,88.83,52.0,6747.797905985092
25.11,11.53,0.4185,5.672666666666665,289.51829999999995,46.327333333333335,6641.911589008363,b3,88.83,52.0,6711.439550775571
25.09,11.51,0.4181666666666667,6.090833333333332,288.78589999999997,45.909166666666664,6587.206058190514,b3,88.83,52.0,6696.252126258396
5.56,11.96,0.0926666666666666,6.183499999999999,66.4976,45.816500000000005,29665.359712230224,b3,88.83,52.0,29387.23049688916
5.56,11.97,0.0926666666666666,6.276166666666665,66.5532,45.72383333333333,29605.359712230216,b3,88.83,52.0,29344.512318839003
5.56,11.97,0.0926666666666666,6.368833333333331,66.5532,45.63116666666667,29545.35971223022,b3,88.83,52.0,29319.909365309937
5.55,11.98,0.0925,6.461333333333331,66.489,45.53866666666667,29538.594594594597,b3,88.83,52.0,29314.152310413345
15.66,11.72,0.261,6.7223333333333315,183.5352,45.27766666666667,10408.659003831415,b3,88.83,52.0,10301.337691406557
15.64,11.71,0.2606666666666666,6.982999999999998,183.1444,45.017,10361.969309462916,b3,88.83,52.0,10285.336568639437
15.63,11.7,0.2605,7.243499999999998,182.871,44.7565,10308.598848368523,b3,88.83,52.0,10186.200904943904
15.64,11.69,0.2606666666666666,7.504166666666665,182.8316,44.49583333333334,10242.00767263427,b3,88.83,52.0,10044.283259425078
15.63,11.68,0.2605,7.764666666666665,182.5584,44.23533333333334,10188.560460652592,b3,88.83,52.0,9962.592378114625
15.62,11.68,0.2603333333333333,8.024999999999999,182.4416,43.975,10135.083226632523,b3,88.83,52.0,9918.92053079893
22.19,11.53,0.3698333333333333,8.394833333333333,255.8507,43.60516666666667,7074.294727354664,b3,88.83,52.0,6943.370898667593
22.17,11.51,0.3695,8.764333333333333,255.1767,43.23566666666667,7020.676589986468,b3,88.83,52.0,6930.328857286839
22.16,11.5,0.3693333333333333,9.133666666666668,254.84,42.86633333333333,6963.844765342959,b3,88.83,52.0,6907.369909273923
22.14,11.48,0.369,9.502666666666666,254.1672,42.49733333333333,6910.135501355013,b3,88.83,52.0,6872.307633099347
22.12,11.47,0.3686666666666667,9.871333333333332,253.7164,42.12866666666667,6856.383363471971,b3,88.83,52.0,6867.392463398376
24.27,11.41,0.4044999999999999,10.275833333333331,276.9207,41.72416666666667,6188.998763906057,b3,88.83,52.0,6301.043979144662
24.24,11.39,0.4039999999999999,10.679833333333333,276.0936,41.320166666666665,6136.658415841584,b3,88.83,52.0,6247.2269072727695
24.22,11.37,0.4036666666666667,11.0835,275.3814,40.9165,6081.725846407928,b3,88.83,52.0,6227.135957799336
18.89,11.48,0.3148333333333333,11.398333333333332,216.8572,40.60166666666667,7737.744838538909,b3,88.83,52.0,7555.7419707600275
18.88,11.47,0.3146666666666666,11.712999999999996,216.5536,40.287000000000006,7681.843220338984,b3,88.83,52.0,7514.631358553027
18.87,11.46,0.3145,12.027499999999998,216.25020000000004,39.9725,7625.914149443561,b3,88.83,52.0,7487.0531162601255
18.86,11.46,0.3143333333333333,12.341833333333332,216.1356,39.658166666666666,7569.957582184517,b3,88.83,52.0,7459.204656305729
21.09,11.39,0.3515,12.693333333333332,240.2151,39.30666666666667,6709.530583214795,b3,88.83,52.0,6835.733927151716
21.07,11.38,0.3511666666666667,13.044499999999998,239.77660000000003,38.9555,6655.899383009017,b3,88.83,52.0,6792.792335933318
24.55,11.29,0.4091666666666667,13.453666666666663,277.16949999999997,38.54633333333334,5652.415478615072,b3,88.83,52.0,5824.213217029133
24.51,11.27,0.4085,13.862166666666663,276.2277,38.13783333333333,5601.640146878825,b3,88.83,52.0,5792.098511707299
24.49,11.25,0.4081666666666666,14.27033333333333,275.5125,37.729666666666674,5546.214781543488,b3,88.83,52.0,5746.126566768435
13.89,11.51,0.2315,14.50183333333333,159.8739,37.49816666666667,9718.747300215984,b3,88.83,52.0,9234.206767337273
13.89,11.51,0.2315,14.73333333333333,159.8739,37.266666666666666,9658.747300215982,b3,88.83,52.0,9219.469760476331
13.89,11.51,0.2315,14.964833333333331,159.8739,37.03516666666667,9598.747300215982,b3,88.83,52.0,9212.269760476333
13.88,11.51,0.2313333333333333,15.196166666666665,159.7588,36.80383333333334,9545.662824207491,b3,88.83,52.0,9254.371015374774
15.6,11.45,0.26,15.456166666666665,178.61999999999998,36.54383333333334,8433.192307692309,b3,88.83,52.0,8337.358185586312
15.6,11.45,0.26,15.716166666666664,178.61999999999998,36.283833333333334,8373.192307692309,b3,88.83,52.0,8257.512764607172
15.59,11.44,0.2598333333333333,15.975999999999996,178.34959999999998,36.024,8318.56318152662,b3,88.83,52.0,8202.03415900371
15.59,11.44,0.2598333333333333,16.235833333333332,178.34959999999998,35.76416666666667,8258.56318152662,b3,88.83,52.0,8191.045483832693
18.87,11.34,0.3145,16.55033333333333,213.9858,35.44966666666667,6763.052464228936,b3,88.83,52.0,6869.2579935836775
18.85,11.33,0.3141666666666667,16.864499999999996,213.5705,35.13550000000001,6710.228116710877,b3,88.83,52.0,6769.664032470273
18.85,11.32,0.3141666666666667,17.17866666666666,213.38200000000003,34.82133333333334,6650.228116710877,b3,88.83,52.0,6695.636874377122
18.84,11.31,0.314,17.49266666666666,213.0804,34.507333333333335,6593.75796178344,b3,88.83,52.0,6625.061306045736
18.83,11.3,0.3138333333333333,17.806499999999996,212.779,34.1935,6537.259691980882,b3,88.83,52.0,6471.376452224765
18.82,11.29,0.3136666666666666,18.120166666666663,212.47779999999997,33.87983333333334,6480.733262486717,b3,88.83,52.0,6434.807629721654
24.01,11.13,0.4001666666666666,18.52033333333333,267.23130000000003,33.479666666666674,5019.858392336528,b3,88.83,52.0,5270.000448773181
23.97,11.11,0.3994999999999999,18.91983333333333,266.3067,33.08016666666667,4968.235294117648,b3,88.83,52.0,5195.2371841115455
15.11,11.35,0.2518333333333333,19.171666666666663,171.49849999999998,32.82833333333333,7821.442753143614,b3,88.83,52.0,7610.673459677476
15.11,11.35,0.2518333333333333,19.423499999999997,171.49849999999998,32.5765,7761.442753143614,b3,88.83,52.0,7624.629664248618
15.11,11.34,0.2518333333333333,19.67533333333333,171.3474,32.32466666666667,7701.442753143615,b3,88.83,52.0,7560.27097861201
15.1,11.34,0.2516666666666666,19.926999999999996,171.23399999999998,32.07300000000001,7646.543046357619,b3,88.83,52.0,7543.2530235714885
15.1,11.33,0.2516666666666666,20.17866666666666,171.083,31.82133333333334,7586.543046357618,b3,88.83,52.0,7509.5457101417205
17.38,11.26,0.2896666666666666,20.468333333333327,195.6988,31.531666666666673,6531.3003452243975,b3,88.83,52.0,6420.7238920800555
17.38,11.25,0.2896666666666666,20.757999999999992,195.525,31.242000000000008,6471.3003452243975,b3,88.83,52.0,6371.545528070163
17.36,11.24,0.2893333333333333,21.047333333333324,195.1264,30.952666666666676,6418.7557603686655,b3,88.83,52.0,6342.049120064597
17.36,11.23,0.2893333333333333,21.336666666666655,194.9528,30.663333333333345,6358.755760368666,b3,88.83,52.0,6292.746889947863
13.11,11.35,0.2185,21.555166666666658,148.7985,30.444833333333342,8360.13729977117,b3,88.83,52.0,8030.80981218528
13.11,11.35,0.2185,21.773666666666653,148.7985,30.226333333333347,8300.137299771171,b3,88.83,52.0,8020.40981218528
13.11,11.35,0.2185,21.99216666666665,148.7985,30.00783333333335,8240.137299771171,b3,88.83,52.0,7992.809960078352
12.23,11.38,0.2038333333333333,22.195999999999984,139.1774,29.804000000000016,8773.04987735078,b3,88.83,52.0,8117.232130068489
12.23,11.37,0.2038333333333333,22.399833333333316,139.05509999999998,29.600166666666684,8713.049877350782,b3,88.83,52.0,8138.407324271531
12.23,11.37,0.2038333333333333,22.603666666666648,139.05509999999998,29.396333333333352,8653.04987735078,b3,88.83,52.0,8194.12979001374
10.57,11.42,0.1761666666666666,22.779833333333315,120.7094,29.220166666666685,9951.99621570483,b3,88.83,52.0,9598.131832924484
10.57,11.42,0.1761666666666666,22.95599999999998,120.7094,29.04400000000002,9891.99621570483,b3,88.83,52.0,9587.395833749266
10.57,11.42,0.1761666666666666,23.13216666666665,120.7094,28.86783333333335,9831.996215704832,b3,88.83,52.0,9562.112228472077
10.57,11.42,0.1761666666666666,23.308333333333316,120.7094,28.691666666666684,9771.99621570483,b3,88.83,52.0,9519.38176249669
10.57,11.42,0.1761666666666666,23.484499999999983,120.7094,28.515500000000017,9711.99621570483,b3,88.83,52.0,9485.717168423058
13.09,11.33,0.2181666666666666,23.702666666666648,148.3097,28.297333333333352,7782.307104660051,b3,88.83,52.0,7637.14130455324
13.09,11.33,0.2181666666666666,23.920833333333313,148.3097,28.079166666666687,7722.307104660052,b3,88.83,52.0,7627.54130455324
13.09,11.32,0.2181666666666666,24.138999999999974,148.1788,27.861000000000026,7662.307104660052,b3,88.83,52.0,7438.198727091324
19.19,11.12,0.3198333333333333,24.45883333333331,213.3928,27.54116666666669,5166.659718603443,b3,88.83,52.0,5235.527856857221
19.17,11.1,0.3195,24.77833333333331,212.787,27.22166666666669,5112.0500782472645,b3,88.83,52.0,5192.00667488203
19.16,11.09,0.3193333333333333,25.097666666666644,212.4844,26.902333333333356,5054.718162839253,b3,88.83,52.0,5162.090927430325
19.14,11.07,0.319,25.416666666666643,211.8798,26.583333333333357,5000.000000000005,b3,88.83,52.0,5100.262052006776
16.9,11.12,0.2816666666666666,25.69833333333331,187.92799999999997,26.30166666666669,5602.72189349113,b3,88.83,52.0,5521.264458052951
16.9,11.12,0.2816666666666666,25.979999999999976,187.92799999999997,26.020000000000024,5542.72189349113,b3,88.83,52.0,5497.617664999739
16.89,11.1,0.2815,26.261499999999977,187.479,25.738500000000023,5486.003552397873,b3,88.83,52.0,5460.655926022694
16.88,11.09,0.2813333333333333,26.54283333333331,187.1992,25.45716666666669,5429.253554502376,b3,88.83,52.0,5455.5229466770725
13.66,11.2,0.2276666666666666,26.770499999999977,152.992,25.229500000000023,6649.06295754027,b3,88.83,52.0,6423.502173918427
13.65,11.19,0.2275,26.997999999999976,152.74349999999998,25.002000000000024,6593.934065934072,b3,88.83,52.0,6416.663241522018
13.65,11.19,0.2275,27.225499999999975,152.74349999999998,24.774500000000025,6533.934065934072,b3,88.83,52.0,6397.195734486455
13.64,11.18,0.2273333333333333,27.45283333333331,152.4952,24.54716666666669,6478.72434017596,b3,88.83,52.0,6361.09100950016
13.64,11.17,0.2273333333333333,27.680166666666643,152.3588,24.319833333333357,6418.724340175959,b3,88.83,52.0,6295.745566692308
13.63,11.17,0.2271666666666666,27.90733333333331,152.24710000000002,24.09266666666669,6363.433602347769,b3,88.83,52.0,6226.712579025591
19.05,10.97,0.3175,28.224833333333308,208.97850000000005,23.775166666666692,4492.944881889768,b3,88.83,52.0,4521.587769074548
19.03,10.95,0.3171666666666667,28.541999999999973,208.3785,23.458000000000027,4437.666841828696,b3,88.83,52.0,4530.638383232233
19.01,10.93,0.3168333333333333,28.85883333333331,207.7793,23.14116666666669,4382.3356128353535,b3,88.83,52.0,4475.252868014344
15.0,11.05,0.25,29.10883333333331,165.75,22.89116666666669,5493.880000000006,b3,88.83,52.0,5275.789928283016
14.99,11.05,0.2498333333333333,29.358666666666643,165.63950000000003,22.641333333333357,5437.545030020019,b3,88.83,52.0,5257.453609078792
14.99,11.04,0.2498333333333333,29.608499999999975,165.4896,22.391500000000025,5377.545030020019,b3,88.83,52.0,5224.374486409366
14.98,11.03,0.2496666666666666,29.858166666666644,165.2294,22.141833333333356,5321.134846461954,b3,88.83,52.0,5202.0395411368745
14.97,11.02,0.2495,30.107666666666645,164.9694,21.892333333333355,5264.68937875752,b3,88.83,52.0,5175.998864215639
15.97,10.97,0.2661666666666666,30.373833333333312,175.19090000000003,21.626166666666688,4875.028177833442,b3,88.83,52.0,4819.37205019484
15.96,10.95,0.266,30.63983333333331,174.762,21.36016666666669,4818.082706766921,b3,88.83,52.0,4763.4711751366385
21.28,10.74,0.3546666666666667,30.99449999999998,228.5472,21.00550000000002,3553.562030075191,b3,88.83,52.0,3733.7676307083657
21.24,10.7,0.354,31.34849999999998,227.26799999999997,20.65150000000002,3500.254237288139,b3,88.83,52.0,3673.6276070192307
17.83,10.8,0.2971666666666666,31.64566666666665,192.564,20.35433333333335,4109.680314077403,b3,88.83,52.0,4234.3425806827945
17.81,10.78,0.2968333333333333,31.942499999999978,191.9918,20.057500000000022,4054.2953396968046,b3,88.83,52.0,4219.033341724212
17.79,10.76,0.2965,32.238999999999976,191.4204,19.761000000000024,3998.853288364255,b3,88.83,52.0,4209.910018598221
17.78,10.74,0.2963333333333333,32.53533333333331,190.95720000000003,19.464666666666687,3941.102362204728,b3,88.83,52.0,4151.948552311685
14.1,10.87,0.235,32.77033333333331,153.267,19.229666666666688,4909.70212765958,b3,88.83,52.0,4782.721788599927
14.1,10.87,0.235,33.00533333333331,153.267,18.99466666666669,4849.70212765958,b3,88.83,52.0,4771.561864439245
14.09,10.86,0.2348333333333333,33.240166666666646,153.01739999999998,18.75983333333335,4793.14407381122,b3,88.83,52.0,4750.586525964082
14.08,10.85,0.2346666666666666,33.474833333333315,152.768,18.525166666666685,4736.54829545455,b3,88.83,52.0,4738.185653715604
14.08,10.84,0.2346666666666666,33.709499999999984,152.6272,18.290500000000016,4676.54829545455,b3,88.83,52.0,4721.069048480496
14.07,10.83,0.2345,33.94399999999998,152.37810000000002,18.05600000000002,4619.872068230282,b3,88.83,52.0,4692.630887179494
19.2,10.57,0.32,34.26399999999998,202.944,17.73600000000002,3325.5000000000036,b3,88.83,52.0,3529.4969817249475
19.15,10.53,0.3191666666666666,34.58316666666665,201.64949999999996,17.41683333333335,3274.182767624025,b3,88.83,52.0,3518.508307332496
19.1,10.49,0.3183333333333333,34.901499999999984,200.359,17.098500000000016,3222.7539267015736,b3,88.83,52.0,3484.1477722754366
19.05,10.44,0.3175,35.21899999999999,198.882,16.781000000000013,3171.2125984251993,b3,88.83,52.0,3424.8776332674065
12.33,10.76,0.2055,35.42449999999999,132.6708,16.575500000000012,4839.562043795624,b3,88.83,52.0,4699.985356666791
12.33,10.76,0.2055,35.62999999999999,132.6708,16.37000000000001,4779.562043795624,b3,88.83,52.0,4695.228124185888
12.32,10.75,0.2053333333333333,35.835333333333324,132.44,16.164666666666676,4723.441558441561,b3,88.83,52.0,4668.602198831907
12.32,10.75,0.2053333333333333,36.04066666666666,132.44,15.95933333333334,4663.441558441561,b3,88.83,52.0,4657.596295820131
12.32,10.75,0.2053333333333333,36.245999999999995,132.44,15.754000000000003,4603.441558441559,b3,88.83,52.0,4644.667761179974
12.32,10.74,0.2053333333333333,36.45133333333333,132.3168,15.54866666666667,4543.441558441559,b3,88.83,52.0,4617.020057340117
12.31,10.73,0.2051666666666666,36.656499999999994,132.08630000000002,15.343500000000006,4487.132412672625,b3,88.83,52.0,4581.556119789121
12.3,10.72,0.205,36.86149999999999,131.85600000000002,15.138500000000008,4430.78048780488,b3,88.83,52.0,4537.078055416236
12.29,10.71,0.2048333333333333,37.066333333333326,131.6259,14.933666666666674,4374.38567941416,b3,88.83,52.0,4451.882606221533
12.29,10.7,0.2048333333333333,37.27116666666666,131.503,14.72883333333334,4314.385679414161,b3,88.83,52.0,4416.548016426548
14.47,10.55,0.2411666666666666,37.51233333333332,152.6585,14.487666666666676,3604.3953006219785,b3,88.83,52.0,3977.4858614280324
14.45,10.52,0.2408333333333333,37.75316666666666,152.01399999999998,14.246833333333342,3549.384083044985,b3,88.83,52.0,3952.4208918539744
10.39,10.74,0.1731666666666666,37.926333333333325,111.5886,14.073666666666677,4876.34263715111,b3,88.83,52.0,4684.741323583939
10.39,10.75,0.1731666666666666,38.09949999999999,111.6925,13.900500000000008,4816.34263715111,b3,88.83,52.0,4684.371946047128
10.39,10.75,0.1731666666666666,38.27266666666666,111.6925,13.72733333333334,4756.34263715111,b3,88.83,52.0,4670.638960638318
10.39,10.74,0.1731666666666666,38.445833333333326,111.5886,13.554166666666674,4696.34263715111,b3,88.83,52.0,4646.884062209272
10.38,10.74,0.173,38.61883333333333,111.48120000000002,13.381166666666672,4640.867052023123,b3,88.83,52.0,4631.013669789037
10.38,10.73,0.173,38.79183333333333,111.3774,13.20816666666667,4580.867052023123,b3,88.83,52.0,4550.569705110966
10.38,10.73,0.173,38.96483333333333,111.3774,13.035166666666669,4520.867052023122,b3,88.83,52.0,4536.062434158277
12.61,10.59,0.2101666666666666,39.175,133.5399,12.825000000000005,3661.379857256147,b3,88.83,52.0,3833.5454549859796
12.59,10.55,0.2098333333333333,39.38483333333333,132.8245,12.615166666666669,3607.196187450357,b3,88.83,52.0,3740.8439234579023
12.57,10.52,0.2095,39.59433333333333,132.2364,12.405666666666669,3552.935560859189,b3,88.83,52.0,3687.3074102130736
12.54,10.47,0.209,39.803333333333335,131.2938,12.196666666666664,3501.4354066985643,b3,88.83,52.0,3641.184909599075
12.52,10.44,0.2086666666666666,40.012,130.7088,11.988,3447.02875399361,b3,88.83,52.0,3617.851068638785
12.52,10.44,0.2086666666666666,40.220666666666666,130.7088,11.779333333333334,3387.0287539936103,b3,88.83,52.0,3578.3500684415108
12.49,10.4,0.2081666666666666,40.42883333333333,129.89600000000002,11.57116666666667,3335.164131305045,b3,88.83,52.0,3534.461146767025
8.04,10.74,0.1339999999999999,40.56283333333333,86.3496,11.43716666666667,5121.119402985077,b3,88.83,52.0,4867.623304122777
8.05,10.76,0.1341666666666666,40.697,86.61800000000001,11.303000000000004,5054.757763975157,b3,88.83,52.0,4866.8822259195895
8.06,10.77,0.1343333333333333,40.831333333333326,86.8062,11.168666666666674,4988.486352357323,b3,88.83,52.0,4805.840126468989
8.06,10.77,0.1343333333333333,40.96566666666666,86.8062,11.034333333333343,4928.486352357324,b3,88.83,52.0,4777.472253230697
10.33,10.61,0.1721666666666666,41.137833333333326,109.6013,10.862166666666674,3785.459825750245,b3,88.83,52.0,3717.615690352951
10.32,10.59,0.172,41.30983333333332,109.2888,10.690166666666675,3729.127906976747,b3,88.83,52.0,3698.833714387979
10.31,10.57,0.1718333333333333,41.481666666666655,108.9767,10.518333333333343,3672.744907856454,b3,88.83,52.0,3664.007122929342
10.3,10.55,0.1716666666666667,41.65333333333332,108.66500000000002,10.346666666666678,3616.3106796116545,b3,88.83,52.0,3629.529336786497
10.29,10.53,0.1714999999999999,41.82483333333332,108.3537,10.175166666666676,3559.825072886301,b3,88.83,52.0,3594.58504194666
10.27,10.51,0.1711666666666666,41.99599999999999,107.9377,10.004000000000012,3506.757546251222,b3,88.83,52.0,3592.748368092281
10.26,10.49,0.1709999999999999,42.16699999999999,107.6274,9.833000000000013,3450.175438596496,b3,88.83,52.0,3569.737980767889
6.0,10.82,0.1,42.26699999999999,64.92,9.733000000000011,5839.800000000007,b3,88.83,52.0,5694.483645387498
6.01,10.85,0.1001666666666666,42.367166666666655,65.2085,9.632833333333345,5770.083194675548,b3,88.83,52.0,5579.1523905354525
6.02,10.87,0.1003333333333333,42.46749999999999,65.4374,9.532500000000011,5700.4983388704395,b3,88.83,52.0,5522.895180607536
8.33,10.72,0.1388333333333333,42.60633333333332,89.2976,9.393666666666682,4059.6878751500662,b3,88.83,52.0,4201.390004727326
8.33,10.71,0.1388333333333333,42.74516666666665,89.21430000000001,9.254833333333352,3999.687875150068,b3,88.83,52.0,4068.228838043525
8.32,10.7,0.1386666666666666,42.883833333333314,89.024,9.116166666666686,3944.495192307701,b3,88.83,52.0,3871.513087453548
8.32,10.69,0.1386666666666666,43.02249999999998,88.9408,8.97750000000002,3884.495192307701,b3,88.83,52.0,3772.8939261499636
8.32,10.68,0.1386666666666666,43.161166666666645,88.8576,8.838833333333355,3824.4951923077015,b3,88.83,52.0,3728.8656481696007
8.31,10.67,0.1385,43.299666666666646,88.66770000000001,8.700333333333354,3769.0974729241966,b3,88.83,52.0,3686.5891254067933
9.93,10.9,0.1655,43.46516666666665,108.237,8.534833333333353,3094.1993957704,b3,88.83,52.0,3340.813590611248
9.88,10.52,0.1646666666666666,43.62983333333331,103.9376,8.370166666666684,3049.8582995951474,b3,88.83,52.0,3127.3264777451773
9.85,10.49,0.1641666666666666,43.79399999999998,103.3265,8.206000000000017,2999.147208121834,b3,88.83,52.0,3030.3404608820633
9.84,10.45,0.164,43.957999999999984,102.828,8.042000000000016,2942.1951219512252,b3,88.83,52.0,2977.6151240426266
9.82,10.41,0.1636666666666666,44.12166666666665,102.2262,7.878333333333352,2888.187372708764,b3,88.83,52.0,2909.9675647810786
9.79,10.36,0.1631666666666666,44.28483333333332,101.4244,7.715166666666683,2837.0377936670134,b3,88.83,52.0,2861.578748148093
10.15,10.29,0.1691666666666666,44.453999999999986,104.4435,7.546000000000014,2676.413793103453,b3,88.83,52.0,2728.2366266473196
7.95,10.51,0.1325,44.58649999999999,83.5545,7.413500000000013,3357.056603773591,b3,88.83,52.0,3303.6603662409625
7.95,10.51,0.1325,44.71899999999999,83.5545,7.281000000000013,3297.0566037735907,b3,88.83,52.0,3294.4109781342645
7.95,10.51,0.1325,44.85149999999999,83.5545,7.148500000000013,3237.0566037735907,b3,88.83,52.0,3269.6284923368157
10.13,10.26,0.1688333333333333,45.02033333333332,103.9338,6.979666666666681,2480.4343534057302,b3,88.83,52.0,2601.2148872046996
10.05,10.11,0.1675,45.18783333333331,101.6055,6.812166666666684,2440.179104477618,b3,88.83,52.0,2543.8545041263255
9.98,9.99,0.1663333333333333,45.35416666666665,99.7002,6.64583333333335,2397.2945891783625,b3,88.83,52.0,2523.8804893484767
9.91,9.86,0.1651666666666666,45.519333333333314,97.7126,6.480666666666686,2354.228052472257,b3,88.83,52.0,2502.675646060175
6.46,10.35,0.1076666666666666,45.62699999999998,66.861,6.373000000000019,3551.517027863788,b3,88.83,52.0,3433.8718868118613
6.49,10.43,0.1081666666666666,45.73516666666665,67.6907,6.26483333333335,3475.100154083214,b3,88.83,52.0,3443.402772626191
6.51,10.49,0.1085,45.84366666666665,68.2899,6.15633333333335,3404.42396313365,b3,88.83,52.0,3408.0565557615564
6.52,10.53,0.1086666666666666,45.952333333333314,68.65559999999999,6.047666666666686,3339.2024539877407,b3,88.83,52.0,3382.5964929257893
7.93,10.45,0.1321666666666666,46.084499999999984,82.8685,5.915500000000016,2685.472887767977,b3,88.83,52.0,2830.667579326252
7.89,10.35,0.1315,46.21599999999999,81.66149999999999,5.784000000000013,2639.087452471489,b3,88.83,52.0,2714.8427149628287
7.86,10.28,0.131,46.34699999999999,80.8008,5.653000000000013,2589.1603053435174,b3,88.83,52.0,2643.1681193348604
7.82,10.34,0.1303333333333333,46.47733333333332,80.8588,5.52266666666668,2542.4040920716175,b3,88.83,52.0,2569.830567793482
9.25,9.77,0.1541666666666666,46.63149999999999,90.3725,5.368500000000012,2089.362162162167,b3,88.83,52.0,2186.0053715555186
9.18,9.63,0.153,46.78449999999999,88.4034,5.215500000000013,2045.294117647064,b3,88.83,52.0,2152.6080181860307
7.64,9.76,0.1273333333333333,46.91183333333332,74.5664,5.08816666666668,2397.5654450261845,b3,88.83,52.0,2379.7213234958535
7.61,9.71,0.1268333333333333,47.03866666666665,73.8931,4.96133333333335,2347.017082785816,b3,88.83,52.0,2372.877585985756
7.58,9.64,0.1263333333333333,47.164999999999985,73.0712,4.835000000000015,2296.30606860159,b3,88.83,52.0,2340.5066791455433
9.05,9.4,0.1508333333333333,47.31583333333331,85.07000000000001,4.684166666666684,1863.3149171270784,b3,88.83,52.0,2055.5062190738877
8.99,9.3,0.1498333333333333,47.46566666666665,83.60700000000001,4.53433333333335,1815.750834260296,b3,88.83,52.0,2020.3432806975945
7.49,9.42,0.1248333333333333,47.590499999999984,70.5558,4.4095000000000155,2119.3858477970703,b3,88.83,52.0,2254.2230479701843
5.18,12.02,0.0863333333333333,0.0863333333333333,62.2636,35.913666666666664,24959.30501930502,b1,81.84,36.0,24766.736814893866
5.17,12.01,0.0861666666666666,0.1725,62.0917,35.8275,24947.582205029015,b1,81.84,36.0,24778.696099418346
5.17,12.01,0.0861666666666666,0.2586666666666666,62.0917,35.74133333333333,24887.58220502901,b1,81.84,36.0,24750.149034752136
5.17,12.01,0.0861666666666666,0.3448333333333333,62.0917,35.655166666666666,24827.58220502901,b1,81.84,36.0,24707.969466123253
5.3,12.0,0.0883333333333333,0.4331666666666666,63.599999999999994,35.566833333333335,24158.603773584902,b1,81.84,36.0,24317.69046611337
19.66,11.67,0.3276666666666666,0.7608333333333333,229.4322,35.23916666666667,6452.746693794507,b1,81.84,36.0,7060.029974103686
11.72,11.79,0.1953333333333333,0.9561666666666666,138.1788,35.04383333333333,10764.317406143344,b1,81.84,36.0,10609.689364050164
11.71,11.79,0.1951666666666666,1.151333333333333,138.0609,34.84866666666667,10713.509820666097,b1,81.84,36.0,10625.189008181498
11.7,11.78,0.1949999999999999,1.3463333333333334,137.826,34.653666666666666,10662.666666666668,b1,81.84,36.0,10587.10794332425
11.47,11.84,0.1911666666666666,1.5375,135.8048,34.4625,10816.47776809067,b1,81.84,36.0,10749.903759197276
11.47,11.84,0.1911666666666666,1.7286666666666668,135.8048,34.27133333333333,10756.47776809067,b1,81.84,36.0,10711.63169621074
11.44,11.8,0.1906666666666666,1.9193333333333331,134.992,34.080666666666666,10724.685314685315,b1,81.84,36.0,10629.625499968994
17.76,11.67,0.296,2.2153333333333336,207.2592,33.784666666666666,6848.243243243242,b1,81.84,36.0,7182.582968584651
17.74,11.66,0.2956666666666666,2.511,206.8484,33.489,6795.963923337092,b1,81.84,36.0,7006.5011407788115
17.74,11.66,0.2956666666666666,2.806666666666666,206.8484,33.193333333333335,6735.963923337092,b1,81.84,36.0,6909.89381655671
18.14,11.64,0.3023333333333333,3.109,211.1496,32.891,6527.431091510473,b1,81.84,36.0,6619.993347358182
18.12,11.63,0.302,3.411,210.73560000000003,32.589,6474.635761589403,b1,81.84,36.0,6603.935467094025
13.92,11.7,0.232,3.643,162.86399999999998,32.357,8368.189655172413,b1,81.84,36.0,8458.501030749969
13.91,11.69,0.2318333333333333,3.8748333333333336,162.6079,32.125166666666665,8314.205607476635,b1,81.84,36.0,8302.30618653845
13.91,11.69,0.2318333333333333,4.106666666666667,162.6079,31.89333333333333,8254.205607476635,b1,81.84,36.0,8285.76953473432
15.55,11.65,0.2591666666666666,4.365833333333334,181.15750000000003,31.634166666666665,7323.665594855305,b1,81.84,36.0,7315.7360749189975
15.54,11.64,0.259,4.624833333333334,180.8856,31.375166666666665,7268.378378378378,b1,81.84,36.0,7243.904844928005
15.53,11.64,0.2588333333333333,4.8836666666666675,180.7692,31.116333333333333,7213.058596265293,b1,81.84,36.0,7218.274224205321
15.53,11.63,0.2588333333333333,5.142500000000001,180.6139,30.8575,7153.058596265293,b1,81.84,36.0,7227.467145806056
11.91,11.69,0.1985,5.341000000000001,139.2279,30.659,9267.2040302267,b1,81.84,36.0,9190.822878203902
11.9,11.69,0.1983333333333333,5.539333333333334,139.111,30.460666666666665,9214.991596638654,b1,81.84,36.0,9210.726930932422
11.9,11.68,0.1983333333333333,5.737666666666668,138.992,30.26233333333333,9154.991596638654,b1,81.84,36.0,9202.840934483329
11.9,11.68,0.1983333333333333,5.936000000000001,138.992,30.064,9094.991596638654,b1,81.84,36.0,9218.916291410918
11.25,11.69,0.1875,6.123500000000001,131.5125,29.8765,9560.48,b1,81.84,36.0,9418.509440455073
11.25,11.68,0.1875,6.311000000000001,131.4,29.689,9500.48,b1,81.84,36.0,9422.512526556162
11.24,11.68,0.1873333333333333,6.498333333333334,131.2832,29.501666666666665,9448.932384341637,b1,81.84,36.0,9411.367049063185
11.24,11.68,0.1873333333333333,6.685666666666667,131.2832,29.314333333333337,9388.932384341637,b1,81.84,36.0,9403.536096750016
11.24,11.67,0.1873333333333333,6.873,131.1708,29.127,9328.932384341637,b1,81.84,36.0,9370.087291907012
15.79,11.58,0.2631666666666666,7.136166666666667,182.8482,28.863833333333332,6580.734642178593,b1,81.84,36.0,6619.258983778109
15.79,11.57,0.2631666666666666,7.399333333333334,182.6903,28.600666666666665,6520.734642178594,b1,81.84,36.0,6578.821479796717
15.78,11.56,0.263,7.662333333333334,182.4168,28.337666666666667,6464.866920152092,b1,81.84,36.0,6550.141043309701
15.77,11.55,0.2628333333333333,7.925166666666667,182.1435,28.074833333333338,6408.966391883324,b1,81.84,36.0,6494.991450485044
15.76,11.54,0.2626666666666666,8.187833333333334,181.8704,27.812166666666663,6353.0329949238585,b1,81.84,36.0,6483.734337412199
10.24,11.65,0.1706666666666666,8.358500000000001,119.296,27.6415,9717.71484375,b1,81.84,36.0,9497.598635621322
9.99,11.65,0.1665,8.525,116.3835,27.475,9900.9009009009,b1,81.84,36.0,9604.41043906622
9.99,11.65,0.1665,8.6915,116.3835,27.3085,9840.9009009009,b1,81.84,36.0,9588.843967498688
9.99,11.65,0.1665,8.857999999999999,116.3835,27.142000000000003,9780.900900900902,b1,81.84,36.0,9577.635987574875
9.98,11.64,0.1663333333333333,9.024333333333333,116.1672,26.97566666666667,9730.701402805613,b1,81.84,36.0,9415.46639860768
13.57,11.57,0.2261666666666666,9.2505,157.00490000000002,26.7495,7096.403831982314,b1,81.84,36.0,7095.281203411274
13.56,11.56,0.226,9.4765,156.7536,26.5235,7041.637168141592,b1,81.84,36.0,7083.231075127859
13.55,11.55,0.2258333333333333,9.702333333333334,156.50250000000003,26.297666666666665,6986.833948339482,b1,81.84,36.0,7021.979280797356
16.09,11.5,0.2681666666666666,9.9705,185.035,26.0295,5823.878185208204,b1,81.84,36.0,5986.537023928962
16.08,11.49,0.2679999999999999,10.238500000000002,184.7592,25.7615,5767.5,b1,81.84,36.0,5920.011629653285
16.07,11.48,0.2678333333333333,10.506333333333336,184.4836,25.493666666666662,5711.088985687616,b1,81.84,36.0,5870.042798393048
16.07,11.47,0.2678333333333333,10.77416666666667,184.3229,25.22583333333333,5651.088985687616,b1,81.84,36.0,5847.032666941898
10.2,11.58,0.1699999999999999,10.94416666666667,118.116,25.055833333333332,8843.235294117647,b1,81.84,36.0,8584.613513633138
10.2,11.58,0.1699999999999999,11.11416666666667,118.116,24.88583333333333,8783.235294117647,b1,81.84,36.0,8588.21366180428
10.2,11.58,0.1699999999999999,11.28416666666667,118.116,24.71583333333333,8723.235294117647,b1,81.84,36.0,8602.827075146422
6.75,11.66,0.1125,11.39666666666667,78.705,24.60333333333333,13121.777777777776,b1,81.84,36.0,12976.45111531131
6.75,11.66,0.1125,11.50916666666667,78.705,24.490833333333327,13061.777777777776,b1,81.84,36.0,12986.975324461637
6.75,11.66,0.1125,11.621666666666671,78.705,24.37833333333333,13001.777777777776,b1,81.84,36.0,12953.223080918395
6.74,11.66,0.1123333333333333,11.734000000000004,78.58840000000001,24.265999999999995,12961.068249258156,b1,81.84,36.0,12894.199763174756
6.75,11.66,0.1125,11.846500000000006,78.705,24.15349999999999,12881.866666666663,b1,81.84,36.0,12879.741869356701
6.75,11.66,0.1125,11.959000000000009,78.705,24.040999999999993,12821.866666666663,b1,81.84,36.0,12855.599266182098
6.75,11.66,0.1125,12.071500000000007,78.705,23.928499999999993,12761.866666666663,b1,81.84,36.0,12817.840705791403
8.8,11.6,0.1466666666666666,12.218166666666674,102.08,23.781833333333324,9728.931818181813,b1,81.84,36.0,9318.420083755633
8.8,11.6,0.1466666666666666,12.36483333333334,102.08,23.63516666666666,9668.931818181814,b1,81.84,36.0,9294.926046996996
8.8,11.6,0.1466666666666666,12.511500000000009,102.08,23.488499999999995,9608.931818181814,b1,81.84,36.0,9294.352392179977
8.8,11.59,0.1466666666666666,12.658166666666672,101.992,23.341833333333327,9548.931818181814,b1,81.84,36.0,8933.705888351378
1.49,11.8,0.0248333333333333,12.683000000000009,17.582,23.316999999999993,56336.37583892616,b1,81.84,36.0,71891.13713052664
20.52,11.37,0.3419999999999999,13.025000000000007,233.31239999999997,22.97499999999999,4030.701754385964,b1,81.84,36.0,4658.158460165009
7.56,11.66,0.126,13.151000000000009,88.14959999999999,22.848999999999993,10880.476190476187,b1,81.84,36.0,10626.734625688097
7.56,11.66,0.126,13.277000000000006,88.14959999999999,22.722999999999992,10820.476190476187,b1,81.84,36.0,10598.338854834337
7.55,11.66,0.1258333333333333,13.40283333333334,88.033,22.59716666666666,10774.807947019865,b1,81.84,36.0,10564.376012408162
7.55,11.66,0.1258333333333333,13.528666666666672,88.033,22.471333333333327,10714.807947019865,b1,81.84,36.0,10548.971194013944
9.85,11.6,0.1641666666666666,13.692833333333338,114.26,22.30716666666666,8152.873096446699,b1,81.84,36.0,8436.127914550676
9.85,11.59,0.1641666666666666,13.857000000000005,114.1615,22.142999999999994,8092.873096446699,b1,81.84,36.0,8130.616497655142
9.84,11.58,0.164,14.021000000000004,113.9472,21.978999999999996,8041.097560975608,b1,81.84,36.0,8027.01943778357
14.02,11.48,0.2336666666666666,14.25466666666667,160.9496,21.745333333333328,5583.680456490726,b1,81.84,36.0,5879.82790065636
14.02,11.48,0.2336666666666666,14.488333333333337,160.9496,21.511666666666663,5523.680456490727,b1,81.84,36.0,5876.405726816429
14.01,11.46,0.2334999999999999,14.721833333333336,160.55460000000002,21.278166666666664,5467.62312633833,b1,81.84,36.0,5824.582947679769
14.0,11.45,0.2333333333333333,14.955166666666669,160.29999999999998,21.04483333333333,5411.52857142857,b1,81.84,36.0,5815.4666874451705
13.99,11.44,0.2331666666666666,15.188333333333336,160.0456,20.811666666666664,5355.396711937096,b1,81.84,36.0,5814.0368185304615
10.31,11.51,0.1718333333333333,15.36016666666667,118.6681,20.63983333333333,7206.925315227932,b1,81.84,36.0,7391.343258412089
10.3,11.51,0.1716666666666667,15.531833333333337,118.553,20.46816666666666,7153.922330097085,b1,81.84,36.0,7392.480272429961
10.29,11.5,0.1714999999999999,15.703333333333337,118.335,20.296666666666663,7100.8746355685125,b1,81.84,36.0,7407.012123542495
9.34,11.52,0.1556666666666666,15.859000000000004,107.5968,20.141,7763.126338329764,b1,81.84,36.0,7615.23138955764
9.34,11.52,0.1556666666666666,16.01466666666667,107.5968,19.98533333333333,7703.126338329763,b1,81.84,36.0,7621.632985879909
9.33,11.51,0.1555,16.17016666666667,107.3883,19.82983333333333,7651.382636655946,b1,81.84,36.0,7552.017772128623
9.33,11.51,0.1555,16.32566666666667,107.3883,19.67433333333333,7591.382636655948,b1,81.84,36.0,7541.14802406167
5.06,11.62,0.0843333333333333,16.410000000000004,58.79719999999999,19.589999999999996,13937.549407114622,b1,81.84,36.0,13713.925486667866
5.05,11.62,0.0841666666666666,16.494166666666672,58.681,19.505833333333328,13905.148514851482,b1,81.84,36.0,13655.150803102782
5.05,11.62,0.0841666666666666,16.57833333333334,58.681,19.42166666666666,13845.14851485148,b1,81.84,36.0,13581.329648639512
7.08,11.56,0.118,16.69633333333334,81.8448,19.30366666666666,9815.423728813555,b1,81.84,36.0,9629.13123696966
7.08,11.55,0.118,16.814333333333337,81.774,19.185666666666663,9755.423728813555,b1,81.84,36.0,9579.239625665705
7.25,11.55,0.1208333333333333,16.93516666666667,83.73750000000001,19.06483333333333,9466.675862068963,b1,81.84,36.0,8969.121557965183
7.25,11.54,0.1208333333333333,17.056000000000004,83.66499999999999,18.943999999999996,9406.675862068963,b1,81.84,36.0,8964.111077331983
17.97,11.28,0.2995,17.355500000000003,202.7016,18.644499999999997,3735.125208681135,b1,81.84,36.0,4249.662756133006
17.94,11.27,0.299,17.654500000000002,202.1838,18.3455,3681.3712374581937,b1,81.84,36.0,4240.857227093393
9.06,11.46,0.151,17.805500000000002,103.82760000000002,18.1945,7229.602649006621,b1,81.84,36.0,7174.387420851032
9.06,11.46,0.151,17.956500000000002,103.82760000000002,18.0435,7169.6026490066215,b1,81.84,36.0,7166.324616478299
9.06,11.45,0.151,18.1075,103.737,17.8925,7109.6026490066215,b1,81.84,36.0,7170.84022958497
9.19,11.45,0.1531666666666666,18.26066666666667,105.22549999999998,17.73933333333333,6949.031556039173,b1,81.84,36.0,7055.258319177632
13.38,11.34,0.223,18.483666666666668,151.72920000000002,17.516333333333332,4712.914798206278,b1,81.84,36.0,5479.995646462472
13.69,11.32,0.2281666666666666,18.711833333333335,154.9708,17.288166666666665,4546.1943024105185,b1,81.84,36.0,4842.012351475088
13.68,11.31,0.228,18.939833333333336,154.7208,17.060166666666664,4489.517543859649,b1,81.84,36.0,4746.675763801554
13.67,11.3,0.2278333333333333,19.16766666666667,154.471,16.83233333333333,4432.8017556693485,b1,81.84,36.0,4668.6379034466045
12.28,11.32,0.2046666666666666,19.372333333333337,139.0096,16.627666666666663,4874.560260586318,b1,81.84,36.0,5009.027085042716
12.27,11.31,0.2045,19.576833333333337,138.7737,16.423166666666663,4818.533007334962,b1,81.84,36.0,4895.062680511529
12.26,11.3,0.2043333333333333,19.78116666666667,138.538,16.21883333333333,4762.463295269166,b1,81.84,36.0,4807.81706250291
12.25,11.29,0.2041666666666666,19.985333333333337,138.30249999999998,16.014666666666663,4706.351020408162,b1,81.84,36.0,4751.847968157131
12.24,11.29,0.204,20.189333333333337,138.18959999999998,15.810666666666664,4650.1960784313715,b1,81.84,36.0,4745.226036964426
12.23,11.27,0.2038333333333333,20.39316666666667,137.8321,15.60683333333333,4593.998364677022,b1,81.84,36.0,4726.950230905355
7.23,11.4,0.1205,20.51366666666667,82.42200000000001,15.48633333333333,7711.037344398338,b1,81.84,36.0,7561.192496242908
7.23,11.4,0.1205,20.63416666666667,82.42200000000001,15.365833333333333,7651.037344398339,b1,81.84,36.0,7542.592496242906
7.23,11.4,0.1205,20.75466666666667,82.42200000000001,15.245333333333331,7591.037344398338,b1,81.84,36.0,7509.572951277241
7.23,11.4,0.1205,20.87516666666667,82.42200000000001,15.124833333333331,7531.037344398339,b1,81.84,36.0,7495.172951277242
7.66,11.39,0.1276666666666666,21.002833333333335,87.2474,14.997166666666663,7048.276762402088,b1,81.84,36.0,6930.40388306928
7.65,11.39,0.1275,21.130333333333336,87.13350000000001,14.869666666666664,6997.490196078429,b1,81.84,36.0,6914.926616614958
7.65,11.38,0.1275,21.257833333333338,87.05700000000002,14.742166666666662,6937.490196078429,b1,81.84,36.0,6890.859391368824
7.65,11.38,0.1275,21.38533333333334,87.05700000000002,14.61466666666666,6877.490196078428,b1,81.84,36.0,6879.659391368824
6.01,11.43,0.1001666666666666,21.485500000000005,68.6943,14.514499999999996,8694.20965058236,b1,81.84,36.0,8665.937772710651
6.0,11.43,0.1,21.585500000000007,68.58,14.414499999999991,8648.699999999995,b1,81.84,36.0,8658.465554288212
6.0,11.43,0.1,21.685500000000008,68.58,14.314499999999992,8588.699999999995,b1,81.84,36.0,8638.546093957188
6.0,11.43,0.1,21.78550000000001,68.58,14.21449999999999,8528.699999999995,b1,81.84,36.0,8645.40914782003
9.97,11.31,0.1661666666666666,21.951666666666675,112.7607,14.048333333333323,5072.617853560679,b1,81.84,36.0,5090.612889192454
9.96,11.3,0.166,22.117666666666675,112.54800000000002,13.882333333333325,5017.71084337349,b1,81.84,36.0,4951.074764289396
9.96,11.29,0.166,22.283666666666676,112.4484,13.716333333333324,4957.71084337349,b1,81.84,36.0,4910.682595714386
9.95,11.28,0.1658333333333333,22.449500000000008,112.236,13.550499999999992,4902.693467336681,b1,81.84,36.0,4919.753350881172
5.05,11.44,0.0841666666666666,22.533666666666676,57.772,13.466333333333324,9599.762376237615,b1,81.84,36.0,9374.721473603042
5.05,11.44,0.0841666666666666,22.617833333333344,57.772,13.382166666666656,9539.762376237615,b1,81.84,36.0,9335.144833954088
5.05,11.44,0.0841666666666666,22.702000000000012,57.772,13.297999999999988,9479.762376237615,b1,81.84,36.0,9265.697424517086
7.69,11.35,0.1281666666666666,22.83016666666668,87.28150000000001,13.169833333333322,6165.331599479839,b1,81.84,36.0,6255.5414157839305
7.68,11.34,0.128,22.95816666666668,87.0912,13.041833333333322,6113.359374999995,b1,81.84,36.0,6187.226218864075
7.68,11.34,0.128,23.08616666666668,87.0912,12.913833333333322,6053.3593749999945,b1,81.84,36.0,6114.136006296342
10.25,11.26,0.1708333333333333,23.257000000000012,115.415,12.742999999999988,4475.590243902435,b1,81.84,36.0,4597.692232801833
10.24,11.25,0.1706666666666666,23.42766666666668,115.2,12.572333333333322,4419.960937499995,b1,81.84,36.0,4553.442708316235
10.24,11.24,0.1706666666666666,23.598333333333343,115.0976,12.401666666666657,4359.960937499996,b1,81.84,36.0,4537.611362571783
9.52,11.25,0.1586666666666666,23.75700000000001,107.1,12.242999999999991,4629.705882352938,b1,81.84,36.0,4645.0310965485505
9.52,11.24,0.1586666666666666,23.915666666666674,107.0048,12.084333333333326,4569.705882352939,b1,81.84,36.0,4634.503738402283
9.51,11.24,0.1585,24.07416666666667,106.8924,11.925833333333326,4514.51104100946,b1,81.84,36.0,4692.691488911226
7.17,11.31,0.1195,24.193666666666672,81.09270000000001,11.806333333333328,5927.8661087866085,b1,81.84,36.0,5849.889441877087
7.17,11.3,0.1195,24.31316666666667,81.021,11.686833333333327,5867.8661087866085,b1,81.84,36.0,5773.262893214915
7.17,11.3,0.1195,24.43266666666667,81.021,11.56733333333333,5807.866108786609,b1,81.84,36.0,5767.889445721192
7.17,11.3,0.1195,24.55216666666667,81.021,11.447833333333332,5747.86610878661,b1,81.84,36.0,5732.601059709798
7.16,11.3,0.1193333333333333,24.6715,80.908,11.328499999999998,5695.893854748602,b1,81.84,36.0,5674.823889519976
7.16,11.29,0.1193333333333333,24.790833333333335,80.8364,11.209166666666665,5635.893854748602,b1,81.84,36.0,5623.715982951239
7.16,11.29,0.1193333333333333,24.91016666666667,80.8364,11.089833333333331,5575.893854748602,b1,81.84,36.0,5605.118873750314
7.16,11.28,0.1193333333333333,25.0295,80.7648,10.970499999999998,5515.893854748601,b1,81.84,36.0,5609.512644899544
5.33,11.35,0.0888333333333333,25.118333333333336,60.4955,10.881666666666664,7349.718574108817,b1,81.84,36.0,7186.441205916091
5.33,11.35,0.0888333333333333,25.20716666666667,60.4955,10.79283333333333,7289.718574108816,b1,81.84,36.0,7181.87704175623
5.33,11.35,0.0888333333333333,25.296000000000003,60.4955,10.703999999999995,7229.718574108815,b1,81.84,36.0,7164.687379467298
5.33,11.35,0.0888333333333333,25.384833333333336,60.4955,10.615166666666664,7169.718574108816,b1,81.84,36.0,7069.238185912524
11.86,11.13,0.1976666666666666,25.582500000000003,132.0018,10.417499999999997,3162.141652613827,b1,81.84,36.0,3515.7669134905173
11.85,11.11,0.1974999999999999,25.780000000000005,131.65349999999998,10.219999999999995,3104.8101265822775,b1,81.84,36.0,3448.7677845242733
11.84,11.09,0.1973333333333333,25.977333333333338,131.3056,10.022666666666662,3047.432432432431,b1,81.84,36.0,3446.4284473368366
17.7,10.9,0.295,26.27233333333334,192.93,9.72766666666666,1978.50847457627,b1,81.84,36.0,2407.3442988881757
17.7,10.9,0.295,26.56733333333334,192.93,9.43266666666666,1918.5084745762697,b1,81.84,36.0,2338.951114121088
17.65,10.86,0.2941666666666666,26.861500000000007,191.67899999999997,9.138499999999992,1863.9433427762028,b1,81.84,36.0,2019.2989863243704
17.61,10.83,0.2935,27.15500000000001,190.7163,8.844999999999992,1808.1771720613272,b1,81.84,36.0,1982.9010088859297
17.57,10.79,0.2928333333333333,27.447833333333342,189.5803,8.552166666666658,1752.2936824132023,b1,81.84,36.0,1963.3494797677877
8.32,11.08,0.1386666666666666,27.586500000000008,92.1856,8.413499999999992,3640.456730769227,b1,81.84,36.0,3692.072886021061
8.32,11.09,0.1386666666666666,27.725166666666674,92.2688,8.274833333333326,3580.456730769228,b1,81.84,36.0,3765.5716627736606
8.32,11.08,0.1386666666666666,27.86383333333334,92.1856,8.13616666666666,3520.456730769228,b1,81.84,36.0,3706.0995799333805
5.49,11.2,0.0915,27.95533333333334,61.488,8.04466666666666,5275.191256830597,b1,81.84,36.0,5196.240606984901
5.48,11.2,0.0913333333333333,28.04666666666667,61.376,7.953333333333326,5224.81751824817,b1,81.84,36.0,5148.223079856898
5.48,11.21,0.0913333333333333,28.13800000000001,61.43080000000001,7.861999999999991,5164.817518248169,b1,81.84,36.0,5121.965324394632
5.48,11.21,0.0913333333333333,28.229333333333344,61.43080000000001,7.770666666666656,5104.817518248168,b1,81.84,36.0,5093.426809068834
5.48,11.21,0.0913333333333333,28.32066666666668,61.43080000000001,7.679333333333322,5044.817518248167,b1,81.84,36.0,5071.343740983593
5.47,11.21,0.0911666666666666,28.411833333333345,61.3187,7.588166666666655,4994.04021937842,b1,81.84,36.0,5031.735731766934
5.94,11.19,0.099,28.510833333333345,66.4686,7.489166666666655,4538.888888888881,b1,81.84,36.0,4622.388597186405
10.31,11.01,0.1718333333333333,28.682666666666677,113.5131,7.317333333333323,2555.0339476236627,b1,81.84,36.0,2663.0683540710293
10.3,10.99,0.1716666666666667,28.854333333333344,113.19700000000002,7.145666666666656,2497.514563106792,b1,81.84,36.0,2567.7047347414973
10.29,10.98,0.1714999999999999,29.025833333333345,112.9842,6.974166666666655,2439.941690962095,b1,81.84,36.0,2523.9729503723474
10.28,10.97,0.1713333333333333,29.19716666666668,112.7716,6.8028333333333215,2382.3151750972725,b1,81.84,36.0,2513.9454075736694
10.28,10.95,0.1713333333333333,29.36850000000001,112.566,6.631499999999988,2322.3151750972725,b1,81.84,36.0,2457.3377543337247
7.93,11.03,0.1321666666666666,29.50066666666668,87.46789999999999,6.499333333333322,2950.517023959642,b1,81.84,36.0,2931.797329067531
7.93,11.03,0.1321666666666666,29.632833333333345,87.46789999999999,6.367166666666655,2890.517023959642,b1,81.84,36.0,2903.854325817109
7.93,11.02,0.1321666666666666,29.76500000000001,87.3886,6.234999999999989,2830.517023959642,b1,81.84,36.0,2887.697665972997
5.38,11.12,0.0896666666666666,29.854666666666677,59.825599999999994,6.145333333333323,4112.118959107799,b1,81.84,36.0,4212.766386969751
5.38,11.13,0.0896666666666666,29.944333333333343,59.8794,6.0556666666666565,4052.118959107801,b1,81.84,36.0,4181.721633294208
5.38,11.13,0.0896666666666666,30.03400000000001,59.8794,5.96599999999999,3992.118959107801,b1,81.84,36.0,4119.782572419945
11.91,10.85,0.1985,30.23250000000001,129.2235,5.767499999999991,1743.3249370277051,b1,81.84,36.0,1958.438033644022
11.89,10.83,0.1981666666666666,30.43066666666667,128.7687,5.569333333333326,1686.257359125313,b1,81.84,36.0,1884.2371488130373
11.87,10.8,0.1978333333333333,30.62850000000001,128.196,5.371499999999994,1629.098567818027,b1,81.84,36.0,1857.3501244731697
6.14,11.01,0.1023333333333333,30.73083333333334,67.6014,5.26916666666666,3089.413680781755,b1,81.84,36.0,2963.789665019314
5.93,11.03,0.0988333333333333,30.829666666666675,65.4079,5.170333333333325,3138.8195615514283,b1,81.84,36.0,3053.389921859115
8.28,10.93,0.1379999999999999,30.967666666666677,90.50039999999998,5.032333333333323,2187.971014492749,b1,81.84,36.0,2175.8208177754127
8.27,10.92,0.1378333333333333,31.10550000000001,90.3084,4.89449999999999,2130.6166868198266,b1,81.84,36.0,2131.909907804313
8.27,10.91,0.1378333333333333,31.243333333333343,90.2257,4.756666666666657,2070.6166868198266,b1,81.84,36.0,2115.610413888654
7.62,10.93,0.127,31.370333333333345,83.28659999999999,4.629666666666658,2187.244094488185,b1,81.84,36.0,2135.9792391713686
7.62,10.92,0.127,31.49733333333334,83.2104,4.502666666666659,2127.2440944881855,b1,81.84,36.0,2122.226987614071
7.62,10.91,0.127,31.62433333333334,83.1342,4.37566666666666,2067.244094488186,b1,81.84,36.0,2096.602421162003
7.62,10.91,0.127,31.75133333333334,83.1342,4.2486666666666615,2007.2440944881864,b1,81.84,36.0,2059.5402308058933
7.62,10.9,0.127,31.878333333333337,83.058,4.121666666666663,1947.244094488187,b1,81.84,36.0,2017.1965914020213
7.61,10.9,0.1268333333333333,32.00516666666667,82.94900000000001,3.994833333333332,1889.8028909329823,b1,81.84,36.0,1960.1104057412033
7.61,10.89,0.1268333333333333,32.132,82.8729,3.868000000000002,1829.802890932984,b1,81.84,36.0,1788.5017189323064
10.21,10.76,0.1701666666666667,32.302166666666665,109.8596,3.6978333333333353,1303.8393731635658,b1,81.84,36.0,1357.2508068184748
10.19,10.73,0.1698333333333333,32.472,109.3387,3.5279999999999987,1246.3984298331693,b1,81.84,36.0,1333.4320884492395
10.17,10.71,0.1695,32.6415,108.9207,3.3584999999999994,1188.849557522124,b1,81.84,36.0,1304.7689832181065
8.79,10.75,0.1465,32.788000000000004,94.4925,3.211999999999996,1315.4948805460735,b1,81.84,36.0,1419.9924840732622
8.79,10.73,0.1465,32.93450000000001,94.3167,3.065499999999993,1255.4948805460724,b1,81.84,36.0,1358.4437164906155
8.78,10.72,0.1463333333333333,33.08083333333334,94.1216,2.919166666666662,1196.9248291571737,b1,81.84,36.0,1317.0590115949617
8.77,10.7,0.1461666666666666,33.227000000000004,93.83899999999998,2.772999999999996,1138.2896237172165,b1,81.84,36.0,1263.4925524488312
8.77,10.68,0.1461666666666666,33.37316666666667,93.6636,2.6268333333333302,1078.2896237172167,b1,81.84,36.0,1163.7374178083905
8.76,10.66,0.146,33.51916666666667,93.3816,2.4808333333333294,1019.5205479452038,b1,81.84,36.0,1132.0803392703765
8.74,10.64,0.1456666666666666,33.664833333333334,92.9936,2.335166666666666,961.8535469107547,b1,81.84,36.0,1103.0792328681032
8.02,10.66,0.1336666666666666,33.798500000000004,85.4932,2.201499999999996,988.204488778053,b1,81.84,36.0,1127.3370690196891
5.07,10.96,0.0845,33.883,55.56720000000001,2.1169999999999973,1503.1952662721874,b1,81.84,36.0,1691.461138338761
5.21,10.9,0.0868333333333333,33.969833333333334,56.789,2.0301666666666662,1402.8023032629555,b1,81.84,36.0,1479.0599287545485
5.21,10.89,0.0868333333333333,34.056666666666665,56.736900000000006,1.9433333333333351,1342.8023032629571,b1,81.84,36.0,1450.2395051317344
7.17,10.75,0.1195,34.17616666666667,77.0775,1.823833333333333,915.7322175732216,b1,81.84,36.0,983.824812099817
7.17,10.75,0.1195,34.29566666666667,77.0775,1.7043333333333308,855.7322175732205,b1,81.84,36.0,940.3049691309091
7.16,10.73,0.1193333333333333,34.415,76.8268,1.5850000000000009,796.9273743016763,b1,81.84,36.0,887.3848578032616
7.15,10.71,0.1191666666666666,34.534166666666664,76.57650000000001,1.465833333333336,738.0419580419593,b1,81.84,36.0,868.6897560726218
7.14,10.68,0.119,34.653166666666664,76.25519999999999,1.3468333333333362,679.0756302521023,b1,81.84,36.0,865.8158776145134
9.66,10.51,0.161,34.814166666666665,101.5266,1.1858333333333348,441.92546583850987,b1,81.84,36.0,678.5776206130848
9.61,10.43,0.1601666666666666,34.974333333333334,100.2323,1.025666666666666,384.2247658688864,b1,81.84,36.0,609.8140000928155
9.55,10.32,0.1591666666666666,35.1335,98.556,0.866500000000002,326.6387434554981,b1,81.84,36.0,551.0851205449494
9.4,10.04,0.1566666666666666,35.290166666666664,94.376,0.7098333333333358,271.85106382978813,b1,81.84,36.0,501.29056935343215
7.7,9.87,0.1283333333333333,35.418499999999995,75.999,0.5815000000000055,271.8701298701324,b1,81.84,36.0,422.7315890860802
7.66,9.78,0.1276666666666666,35.546166666666664,74.9148,0.4538333333333355,213.289817232377,b1,81.84,36.0,369.8172103201927
5.45,9.96,0.0908333333333333,35.637,54.282,0.3629999999999995,239.77981651376115,b1,81.84,36.0,271.567429646024
5.44,9.96,0.0906666666666666,35.727666666666664,54.18240000000001,0.2723333333333357,180.2205882352957,b1,81.84,36.0,246.40552186614897
5.44,9.94,0.0906666666666666,35.81833333333333,54.0736,0.1816666666666719,120.22058823529764,b1,81.84,36.0,209.09352639635046
5.43,9.91,0.0905,35.90883333333333,53.8113,0.0911666666666732,60.44198895028063,b1,81.84,36.0,122.13560644048287
5.42,9.89,0.0903333333333333,35.99916666666666,53.6038,0.0008333333333396,0.5535055350595667,b1,81.84,36.0,86.92299093882298
5.42,9.87,0.0903333333333333,36.089499999999994,53.4954,-0.0894999999999939,-59.44649446494061,b1,81.84,36.0,66.73593156013293
6.07,9.78,0.1011666666666666,36.19066666666666,59.3646,-0.1906666666666581,-113.08072487643643,b1,81.84,36.0,74.83918467547798
6.07,9.78,0.1011666666666666,36.29183333333332,59.3646,-0.2918333333333223,-173.08072487643497,b1,81.84,36.0,38.47994712748408
6.04,9.71,0.1006666666666666,36.39249999999999,58.6484,-0.3924999999999912,-233.9403973509881,b1,81.84,36.0,-109.47996684557765
6.03,9.68,0.1005,36.49299999999999,58.3704,-0.4929999999999879,-294.328358208948,b1,81.84,36.0,-149.48633682854415
6.02,9.66,0.1003333333333333,36.59333333333332,58.1532,-0.5933333333333195,-354.81727574750005,b1,81.84,36.0,-182.10688997714004
4.45,9.81,0.0741666666666666,36.66749999999998,43.654500000000006,-0.6674999999999827,-539.999999999986,b1,81.84,36.0,-594.0333021080747
4.45,9.83,0.0741666666666666,36.741666666666646,43.7435,-0.7416666666666458,-599.9999999999831,b1,81.84,36.0,-613.3650646823124
4.45,9.83,0.0741666666666666,36.81583333333331,43.7435,-0.815833333333309,-659.9999999999802,b1,81.84,36.0,-650.9650646823098
4.45,9.83,0.0741666666666666,36.88999999999997,43.7435,-0.8899999999999721,-719.9999999999775,b1,81.84,36.0,-682.9795695790115
4.45,9.82,0.0741666666666666,36.964166666666635,43.699000000000005,-0.9641666666666352,-779.9999999999746,b1,81.84,36.0,-729.1046619493039
4.45,9.82,0.0741666666666666,37.0383333333333,43.699000000000005,-1.0383333333332985,-839.9999999999718,b1,81.84,36.0,-818.5380499440372
4.44,9.81,0.074,37.1123333333333,43.5564,-1.1123333333332963,-901.891891891862,b1,81.84,36.0,-923.4823942241092
4.45,9.81,0.0741666666666666,37.18649999999996,43.654500000000006,-1.1864999999999597,-959.8651685392932,b1,81.84,36.0,-890.2819281919434
4.44,9.8,0.074,37.26049999999996,43.51200000000001,-1.2604999999999578,-1022.0270270269928,b1,81.84,36.0,-1059.7841279840356
4.44,9.79,0.074,37.33449999999995,43.4676,-1.3344999999999558,-1082.027027026991,b1,81.84,36.0,-1100.844480246409
4.44,9.79,0.074,37.408499999999954,43.4676,-1.408499999999954,-1142.0270270269896,b1,81.84,36.0,-1140.4742059271425
4.44,9.78,0.074,37.48249999999995,43.4232,-1.482499999999952,-1202.027027026988,b1,81.84,36.0,-1198.4931980569681
4.44,9.77,0.074,37.55649999999995,43.378800000000005,-1.55649999999995,-1262.0270270269864,b1,81.84,36.0,-1233.4071508359318
4.43,9.76,0.0738333333333333,37.63033333333328,43.236799999999995,-1.630333333333283,-1324.8758465010878,b1,81.84,36.0,-1371.6881566138163
4.43,9.76,0.0738333333333333,37.704166666666616,43.236799999999995,-1.704166666666616,-1384.8758465010874,b1,81.84,36.0,-1402.524975599846
4.43,9.75,0.0738333333333333,37.77799999999995,43.192499999999995,-1.777999999999949,-1444.8758465010874,b1,81.84,36.0,-1442.6978067887972
4.43,9.74,0.0738333333333333,37.85183333333328,43.1482,-1.851833333333282,-1504.875846501087,b1,81.84,36.0,-1534.981558255246
4.43,9.73,0.0738333333333333,37.925666666666615,43.1039,-1.925666666666615,-1564.8758465010867,b1,81.84,36.0,-1600.220007995351
4.42,9.72,0.0736666666666666,37.99933333333328,42.9624,-1.9993333333332828,-1628.416289592719,b1,81.84,36.0,-1651.1771817947883
4.43,9.72,0.0738333333333333,38.073166666666616,43.0596,-2.073166666666616,-1684.7404063205006,b1,81.84,36.0,-1665.310744744988
4.42,9.71,0.0736666666666666,38.14683333333328,42.918200000000006,-2.1468333333332836,-1748.5520361990546,b1,81.84,36.0,-1738.3590492422354
4.42,9.7,0.0736666666666666,38.22049999999995,42.873999999999995,-2.2204999999999515,-1808.5520361990557,b1,81.84,36.0,-1794.5397577888957
4.41,9.69,0.0735,38.293999999999954,42.7329,-2.2939999999999543,-1872.6530612244528,b1,81.84,36.0,-1884.9273675579784
4.41,9.68,0.0735,38.36749999999996,42.6888,-2.367499999999957,-1932.6530612244544,b1,81.84,36.0,-1922.113563434936
4.41,9.67,0.0735,38.44099999999996,42.6447,-2.44099999999996,-1992.653061224457,b1,81.84,36.0,-1995.7329203706752
4.41,9.67,0.0735,38.51449999999996,42.6447,-2.5144999999999627,-2052.653061224459,b1,81.84,36.0,-2018.1329203706755
4.41,9.66,0.0735,38.587999999999965,42.6006,-2.5879999999999654,-2112.6530612244615,b1,81.84,36.0,-2072.385671403369
4.41,9.65,0.0735,38.66149999999997,42.5565,-2.661499999999968,-2172.6530612244637,b1,81.84,36.0,-2058.100875440925
5.3,9.55,0.0883333333333333,38.7498333333333,50.615,-2.7498333333332994,-1867.811320754694,b1,81.84,36.0,-1782.8562559160605
5.3,9.55,0.0883333333333333,38.83816666666663,50.615,-2.8381666666666305,-1927.8113207546928,b1,81.84,36.0,-1806.929141032157
5.29,9.5,0.0881666666666666,38.9263333333333,50.255,-2.9263333333332966,-1991.4555765595217,b1,81.84,36.0,-1843.650097164227
18.18,12.17,0.303,0.0614585,221.2506,84.9385415,16819.51316831683,b5,85.0,85.0,16857.373215730044
18.18,12.14,0.303,0.3644585,220.7052,84.6355415,16759.51316831683,b5,85.0,85.0,16690.191940480167
18.18,12.17,0.303,0.6674585,221.2506,84.3325415,16699.513168316833,b5,85.0,85.0,16709.942910349204
18.18,12.19,0.303,0.9704585,221.6142,84.0295415,16639.51316831683,b5,85.0,85.0,16632.879114470426
18.18,12.2,0.303,1.2734584999999998,221.796,83.7265415,16579.51316831683,b5,85.0,85.0,16454.1489570182
7.88,12.47,0.1313333333333333,1.4047918333333331,98.2636,83.59520816666667,38190.70423857868,b5,85.0,85.0,37922.467423327005
7.88,12.43,0.1313333333333333,1.5361251666666664,97.9484,83.46387483333334,38130.70423857868,b5,85.0,85.0,37915.79853834214
7.88,12.43,0.1313333333333333,1.6674584999999995,97.9484,83.3325415,38070.70423857868,b5,85.0,85.0,37875.08105186169
7.88,12.43,0.1313333333333333,1.798791833333333,97.9484,83.20120816666666,38010.70423857868,b5,85.0,85.0,37869.19617853885
7.88,12.43,0.1313333333333333,1.9301251666666663,97.9484,83.06987483333333,37950.70423857868,b5,85.0,85.0,37887.16021214969
7.88,12.43,0.1313333333333333,2.0614584999999996,97.9484,82.9385415,37890.70423857868,b5,85.0,85.0,37887.16021214969
5.44,12.49,0.0906666666666666,2.152125166666666,67.94560000000001,82.84787483333334,54825.79952205882,b5,85.0,85.0,54220.544751989684
5.44,12.5,0.0906666666666666,2.2427918333333325,68.0,82.75720816666667,54765.79952205883,b5,85.0,85.0,54456.913017083105
5.44,12.5,0.0906666666666666,2.333458499999999,68.0,82.6665415,54705.79952205881,b5,85.0,85.0,54435.1130170831
5.44,12.5,0.0906666666666666,2.4241251666666654,68.0,82.57587483333333,54645.79952205882,b5,85.0,85.0,54416.58818406797
6.88,12.48,0.1146666666666666,2.538791833333332,85.86240000000001,82.46120816666667,43148.30659883721,b5,85.0,85.0,41930.086844389756
6.89,12.46,0.1148333333333333,2.6536251666666653,85.8494,82.34637483333333,43025.68206095791,b5,85.0,85.0,41717.949977269105
7.87,12.47,0.1311666666666666,2.784791833333332,98.1389,82.21520816666667,37607.97324015248,b5,85.0,85.0,37712.290299869426
7.87,12.47,0.1311666666666666,2.9159584999999986,98.1389,82.0840415,37547.97324015248,b5,85.0,85.0,37707.49029986943
5.44,12.51,0.0906666666666666,3.006625166666665,68.0544,81.99337483333333,54260.32158088235,b5,85.0,85.0,54089.32516111854
5.44,12.51,0.0906666666666666,3.0972918333333315,68.0544,81.90270816666667,54200.32158088235,b5,85.0,85.0,54071.46186436379
5.44,12.51,0.0906666666666666,3.187958499999998,68.0544,81.8120415,54140.32158088235,b5,85.0,85.0,54063.661864363785
7.87,12.46,0.1311666666666666,3.319125166666665,98.0602,81.68087483333333,37363.55138500635,b5,85.0,85.0,37399.88449905558
8.95,12.41,0.1491666666666666,3.468291833333331,111.0695,81.53170816666668,32794.87702793297,b5,85.0,85.0,32747.990766631072
8.95,12.4,0.1491666666666666,3.6174584999999975,110.98,81.3825415,32734.87702793296,b5,85.0,85.0,32739.553763934586
8.95,12.4,0.1491666666666666,3.766625166666664,110.98,81.23337483333333,32674.87702793296,b5,85.0,85.0,32693.23627745414
8.95,12.4,0.1491666666666666,3.9157918333333304,110.98,81.08420816666667,32614.87702793296,b5,85.0,85.0,32627.573651191517
8.95,12.4,0.1491666666666666,4.064958499999997,110.98,80.9350415,32554.87702793296,b5,85.0,85.0,32529.779424025695
8.95,12.4,0.1491666666666666,4.214125166666664,110.98,80.78587483333334,32494.87702793296,b5,85.0,85.0,32536.5327440869
25.87,12.12,0.4311666666666667,4.645291833333331,313.5444,80.35470816666667,11181.946246617705,b5,85.0,85.0,11533.7972031882
24.24,12.11,0.4039999999999999,5.0492918333333305,293.54639999999995,79.95070816666667,11873.867549504952,b5,85.0,85.0,11815.238621258031
11.65,12.35,0.1941666666666666,5.243458499999997,143.8775,79.7565415,24645.798231759654,b5,85.0,85.0,24514.743294263986
11.65,12.33,0.1941666666666666,5.437625166666664,143.6445,79.56237483333334,24585.798231759654,b5,85.0,85.0,24553.24581571594
11.65,12.33,0.1941666666666666,5.631791833333331,143.6445,79.36820816666668,24525.798231759654,b5,85.0,85.0,24529.445815715942
11.65,12.33,0.1941666666666666,5.825958499999998,143.6445,79.1740415,24465.798231759654,b5,85.0,85.0,24516.538819068468
11.65,12.32,0.1941666666666666,6.020125166666665,143.52800000000002,78.97987483333334,24405.798231759654,b5,85.0,85.0,24477.456403204313
19.63,12.17,0.3271666666666666,6.3472918333333315,238.8971,78.65270816666667,14424.337717778912,b5,85.0,85.0,14190.26890533827
19.63,12.17,0.3271666666666666,6.674458499999998,238.8971,78.3255415,14364.33771777891,b5,85.0,85.0,14118.3272628647
19.63,12.16,0.3271666666666666,7.001625166666665,238.7008,77.99837483333333,14304.33771777891,b5,85.0,85.0,14046.40423478839
19.63,12.16,0.3271666666666666,7.328791833333332,238.7008,77.67120816666667,14244.337717778912,b5,85.0,85.0,13960.133784918988
21.35,12.12,0.3558333333333333,7.684625166666665,258.762,77.31537483333334,13036.784515222482,b5,85.0,85.0,13136.861774471887
21.35,12.11,0.3558333333333333,8.040458499999998,258.5485,76.9595415,12976.784515222482,b5,85.0,85.0,13066.115143694866
5.46,12.4,0.091,8.131458499999997,67.70400000000001,76.8685415,50682.55483516484,b5,85.0,85.0,50716.279300365815
5.46,12.45,0.091,8.222458499999997,67.97699999999999,76.7775415,50622.55483516483,b5,85.0,85.0,50758.44065099862
5.46,12.45,0.091,8.313458499999996,67.97699999999999,76.6865415,50562.55483516484,b5,85.0,85.0,50746.44065099862
5.46,12.45,0.091,8.404458499999995,67.97699999999999,76.59554150000001,50502.55483516484,b5,85.0,85.0,50725.53816756714
5.46,12.46,0.091,8.495458499999994,68.0316,76.5045415,50442.55483516484,b5,85.0,85.0,50634.151192448924
24.63,12.08,0.4105,8.905958499999995,297.5304,76.0940415,11122.149792935446,b5,85.0,85.0,11122.508783420526
24.63,12.06,0.4105,9.316458499999996,297.0378,75.6835415,11062.149792935446,b5,85.0,85.0,11080.201685954109
24.63,12.05,0.4105,9.726958499999997,296.7915,75.2730415,11002.149792935446,b5,85.0,85.0,10951.872802086067
24.63,12.04,0.4105,10.137458499999996,296.54519999999997,74.8625415,10942.149792935445,b5,85.0,85.0,10868.34664751256
24.63,12.03,0.4105,10.547958499999998,296.29889999999995,74.4520415,10882.149792935445,b5,85.0,85.0,10799.153439322938
24.63,12.02,0.4105,10.9584585,296.0526,74.0415415,10822.149792935445,b5,85.0,85.0,10763.675839708128
15.2,12.19,0.2533333333333333,11.211791833333333,185.288,73.78820816666666,17476.154565789475,b5,85.0,85.0,17470.302056685523
15.2,12.2,0.2533333333333333,11.465125166666668,185.43999999999997,73.53487483333333,17416.154565789475,b5,85.0,85.0,17461.709116920687
15.2,12.2,0.2533333333333333,11.7184585,185.43999999999997,73.2815415,17356.154565789475,b5,85.0,85.0,17456.509116920686
15.2,12.2,0.2533333333333333,11.971791833333334,185.43999999999997,73.02820816666667,17296.154565789475,b5,85.0,85.0,17420.33203989024
1.57,12.21,0.0261666666666666,11.9979585,19.1697,73.0020415,167393.21617834395,b5,85.0,85.0,166369.4340739341
1.57,12.21,0.0261666666666666,12.024125166666668,19.1697,72.97587483333334,167333.21617834395,b5,85.0,85.0,166341.4340739341
1.57,12.21,0.0261666666666666,12.050291833333334,19.1697,72.94970816666667,167273.21617834392,b5,85.0,85.0,166306.6340739341
1.57,12.21,0.0261666666666666,12.0764585,19.1697,72.9235415,167213.21617834392,b5,85.0,85.0,166279.4340739341
15.85,12.21,0.2641666666666666,12.340625166666667,193.5285,72.65937483333333,16503.07567192429,b5,85.0,85.0,16514.279878258658
15.85,12.18,0.2641666666666666,12.604791833333334,193.053,72.39520816666666,16443.07567192429,b5,85.0,85.0,16469.51146456167
15.85,12.18,0.2641666666666666,12.8689585,193.053,72.1310415,16383.075671924287,b5,85.0,85.0,16442.982826832038
14.3,12.23,0.2383333333333333,13.107291833333331,174.889,71.89270816666667,18098.863594405593,b5,85.0,85.0,18250.04652583021
14.3,12.2,0.2383333333333333,13.345625166666666,174.46,71.65437483333334,18038.863594405593,b5,85.0,85.0,18049.331267905494
14.3,12.2,0.2383333333333333,13.5839585,174.46,71.4160415,17978.863594405597,b5,85.0,85.0,17993.291802973814
14.3,12.19,0.2383333333333333,13.822291833333331,174.317,71.17770816666666,17918.863594405593,b5,85.0,85.0,17963.033575486617
5.48,12.37,0.0913333333333333,13.913625166666666,67.7876,71.08637483333334,46699.078357664235,b5,85.0,85.0,46776.96259094672
5.48,12.4,0.0913333333333333,14.0049585,67.95200000000001,70.9950415,46639.07835766423,b5,85.0,85.0,46663.300644431154
5.48,12.4,0.0913333333333333,14.096291833333332,67.95200000000001,70.90370816666666,46579.07835766423,b5,85.0,85.0,46754.23070086576
5.48,12.41,0.0913333333333333,14.187625166666663,68.00680000000001,70.81237483333334,46519.078357664235,b5,85.0,85.0,46707.874191015755
5.48,12.41,0.0913333333333333,14.278958499999998,68.00680000000001,70.7210415,46459.07835766423,b5,85.0,85.0,46687.47419101575
19.13,12.12,0.3188333333333333,14.597791833333332,231.8556,70.40220816666667,13248.716644014636,b5,85.0,85.0,13073.275446189986
19.13,12.1,0.3188333333333333,14.916625166666666,231.473,70.08337483333334,13188.71664401464,b5,85.0,85.0,13028.511971925782
19.13,12.09,0.3188333333333333,15.2354585,231.28169999999997,69.7645415,13128.71664401464,b5,85.0,85.0,12947.908626546034
19.13,12.09,0.3188333333333333,15.554291833333334,231.28169999999997,69.44570816666666,13068.716644014636,b5,85.0,85.0,12936.805414969507
19.13,12.08,0.3188333333333333,15.873125166666668,231.0904,69.12687483333333,13008.716644014636,b5,85.0,85.0,12948.418101814243
4.93,12.37,0.0821666666666666,15.955291833333334,60.98409999999999,69.04470816666667,50418.04247464504,b5,85.0,85.0,49683.694842950084
4.93,12.4,0.0821666666666666,16.0374585,61.132,68.9625415,50358.04247464503,b5,85.0,85.0,49777.083262398286
7.5,12.33,0.125,16.1624585,92.475,68.8375415,33042.01992,b5,85.0,85.0,33603.99590707249
7.5,12.33,0.125,16.2874585,92.475,68.7125415,32982.01992,b5,85.0,85.0,33649.0896298317
7.5,12.33,0.125,16.4124585,92.475,68.5875415,32922.01992,b5,85.0,85.0,33628.90065978144
7.5,12.33,0.125,16.5374585,92.475,68.4625415,32862.01992,b5,85.0,85.0,33535.35572306188
1.57,12.34,0.0261666666666666,16.563625166666665,19.3738,68.43637483333333,156924.17159235667,b5,85.0,85.0,156883.11975699052
1.57,12.34,0.0261666666666666,16.58979183333333,19.3738,68.41020816666668,156864.1715923567,b5,85.0,85.0,156787.72612641726
1.57,12.34,0.0261666666666666,16.615958499999994,19.3738,68.38404150000001,156804.17159235672,b5,85.0,85.0,156732.92612641727
1.57,12.34,0.0261666666666666,16.64212516666666,19.3738,68.35787483333334,156744.1715923567,b5,85.0,85.0,156668.46893426473
1.57,12.34,0.0261666666666666,16.668291833333324,19.3738,68.33170816666667,156684.1715923567,b5,85.0,85.0,156638.86893426473
1.57,12.34,0.0261666666666666,16.69445849999999,19.3738,68.3055415,156624.1715923567,b5,85.0,85.0,156581.07402980613
1.57,12.34,0.0261666666666666,16.720625166666654,19.3738,68.27937483333335,156564.17159235672,b5,85.0,85.0,156547.29125172342
1.56,12.34,0.026,16.746625166666654,19.2504,68.25337483333334,157507.78807692308,b5,85.0,85.0,157345.57666921412
1.56,12.34,0.026,16.772625166666653,19.2504,68.22737483333334,157447.7880769231,b5,85.0,85.0,157323.9766692141
1.57,12.34,0.0261666666666666,16.79879183333332,19.3738,68.20120816666667,156384.9359235669,b5,85.0,85.0,156382.95527669412
1.57,12.34,0.0261666666666666,16.824958499999983,19.3738,68.17504150000002,156324.93592356693,b5,85.0,85.0,156349.3934279272
1.56,12.34,0.026,16.850958499999983,19.2504,68.14904150000001,157267.01884615386,b5,85.0,85.0,157130.29974613784
1.57,12.34,0.0261666666666666,16.877125166666648,19.3738,68.12287483333336,156205.31808917204,b5,85.0,85.0,156271.0796070391
1.56,12.34,0.026,16.903125166666648,19.2504,68.09687483333335,157146.63423076924,b5,85.0,85.0,157004.98071545048
1.56,12.34,0.026,16.929125166666648,19.2504,68.07087483333335,157086.63423076927,b5,85.0,85.0,156970.53712570693
1.56,12.34,0.026,16.955125166666647,19.2504,68.04487483333335,157026.63423076927,b5,85.0,85.0,156927.53712570693
1.56,12.34,0.026,16.981125166666647,19.2504,68.01887483333336,156966.63423076927,b5,85.0,85.0,156880.33712570692
1.56,12.34,0.026,17.007125166666647,19.2504,67.99287483333336,156906.6342307693,b5,85.0,85.0,156822.33199750178
1.56,12.34,0.026,17.033125166666647,19.2504,67.96687483333335,156846.63423076927,b5,85.0,85.0,156801.4048743432
1.56,12.34,0.026,17.059125166666647,19.2504,67.94087483333335,156786.63423076927,b5,85.0,85.0,156771.92162676848
1.57,12.34,0.0261666666666666,17.08529183333331,19.3738,67.91470816666668,155727.99324840767,b5,85.0,85.0,155770.46341396336
1.56,12.34,0.026,17.11129183333331,19.2504,67.88870816666669,156666.24961538467,b5,85.0,85.0,156595.2062421528
1.56,12.34,0.026,17.13729183333331,19.2504,67.86270816666669,156606.24961538467,b5,85.0,85.0,156555.96518384802
1.57,12.34,0.0261666666666666,17.163458499999976,19.3738,67.83654150000002,155548.75757961787,b5,85.0,85.0,155609.3436157436
1.57,12.34,0.0261666666666666,17.18962516666664,19.3738,67.81037483333336,155488.7575796179,b5,85.0,85.0,155546.78532325634
1.56,12.34,0.026,17.21562516666664,19.2504,67.78437483333336,156425.48038461542,b5,85.0,85.0,156289.6910046545
1.57,12.34,0.0261666666666666,17.241791833333306,19.3738,67.75820816666669,155369.139745223,b5,85.0,85.0,155474.83388195332
1.56,12.34,0.026,17.267791833333305,19.2504,67.7322081666667,156305.09576923083,b5,85.0,85.0,156254.15222454662
1.56,12.34,0.026,17.293791833333305,19.2504,67.7062081666667,156245.09576923083,b5,85.0,85.0,156228.15222454662
12.97,12.25,0.2161666666666666,17.50995849999997,158.88250000000002,67.49004150000003,18732.77944487279,b5,85.0,85.0,18708.36277170069
12.98,12.23,0.2163333333333333,17.726291833333306,158.74540000000002,67.2737081666667,18658.347411402163,b5,85.0,85.0,18643.67177770578
13.0,12.22,0.2166666666666666,17.94295849999997,158.86,67.05704150000003,18569.64226153847,b5,85.0,85.0,18568.588428757572
13.0,12.22,0.2166666666666666,18.159625166666636,158.86,66.84037483333336,18509.64226153847,b5,85.0,85.0,18543.626541399135
12.99,12.21,0.2165,18.376125166666636,158.6079,66.62387483333336,18463.891408775988,b5,85.0,85.0,18453.43756842989
13.01,12.21,0.2168333333333333,18.59295849999997,158.8521,66.40704150000003,18375.507255956967,b5,85.0,85.0,18365.590587217837
17.16,12.11,0.286,18.87895849999997,207.8076,66.12104150000003,13871.547167832174,b5,85.0,85.0,13524.965448297138
15.21,12.15,0.2535,19.13245849999997,184.8015,65.86754150000003,15589.95065088758,b5,85.0,85.0,15748.34152087126
15.24,12.15,0.254,19.38645849999997,185.166,65.61354150000003,15499.26177165355,b5,85.0,85.0,15647.829861600356
15.24,12.15,0.254,19.640458499999973,185.166,65.35954150000003,15439.261771653551,b5,85.0,85.0,15640.847819414937
15.23,12.14,0.2538333333333333,19.894291833333305,184.8922,65.10570816666669,15389.399172685493,b5,85.0,85.0,15543.438208431695
15.23,12.13,0.2538333333333333,20.14812516666664,184.7399,64.85187483333337,15329.399172685497,b5,85.0,85.0,15489.950286986526
1.57,12.13,0.0261666666666666,20.174291833333303,19.0441,64.8257081666667,148644.93592356695,b5,85.0,85.0,148553.10737947057
1.57,12.13,0.0261666666666666,20.200458499999968,19.0441,64.79954150000003,148584.93592356695,b5,85.0,85.0,148530.66225859846
1.56,12.13,0.026,20.226458499999968,18.9228,64.77354150000004,149477.40346153852,b5,85.0,85.0,149375.80858993952
1.57,12.13,0.0261666666666666,20.252625166666633,19.0441,64.74737483333337,148465.31808917204,b5,85.0,85.0,148503.33161175897
1.56,12.13,0.026,20.278625166666632,18.9228,64.72137483333337,149357.01884615392,b5,85.0,85.0,149332.55237966706
1.56,12.13,0.026,20.304625166666632,18.9228,64.69537483333337,149297.01884615395,b5,85.0,85.0,149294.05600940742
1.57,12.13,0.0261666666666666,20.330791833333297,19.0441,64.6692081666667,148286.08242038224,b5,85.0,85.0,148519.36885647566
1.56,12.13,0.026,20.356791833333297,18.9228,64.64320816666671,149176.63423076933,b5,85.0,85.0,149165.76626581792
1.56,12.13,0.026,20.382791833333297,18.9228,64.6172081666667,149116.6342307693,b5,85.0,85.0,149115.73549658718
1.56,12.13,0.026,20.408791833333296,18.9228,64.5912081666667,149056.6342307693,b5,85.0,85.0,149066.9354965872
1.56,12.13,0.026,20.434791833333296,18.9228,64.56520816666671,148996.63423076933,b5,85.0,85.0,149025.73549658718
1.56,12.13,0.026,20.460791833333296,18.9228,64.5392081666667,148936.6342307693,b5,85.0,85.0,148974.9201119718
1.56,12.13,0.026,20.486791833333296,18.9228,64.5132081666667,148876.6342307693,b5,85.0,85.0,148961.70729145897
1.57,12.13,0.0261666666666666,20.51295849999996,19.0441,64.48704150000003,147868.3754140128,b5,85.0,85.0,148491.25948185538
1.56,12.13,0.026,20.53895849999996,18.9228,64.46104150000004,148756.24961538467,b5,85.0,85.0,148790.61754786895
1.56,12.13,0.026,20.56495849999996,18.9228,64.43504150000004,148696.2496153847,b5,85.0,85.0,148744.21754786896
1.56,12.13,0.026,20.59095849999996,18.9228,64.40904150000004,148636.2496153847,b5,85.0,85.0,148744.21754786896
9.0,12.29,0.15,20.74095849999996,110.61,64.25904150000004,25703.616600000016,b5,85.0,85.0,26339.30222223392
9.0,12.22,0.15,20.890958499999957,109.98,64.10904150000005,25643.61660000002,b5,85.0,85.0,25827.068092590453
9.0,12.22,0.15,21.040958499999956,109.98,63.95904150000004,25583.616600000016,b5,85.0,85.0,25818.66809259045
9.0,12.21,0.15,21.190958499999955,109.89,63.80904150000005,25523.61660000002,b5,85.0,85.0,25762.658714251535
9.0,12.2,0.15,21.340958499999953,109.8,63.65904150000004,25463.61660000002,b5,85.0,85.0,25739.458714251534
9.0,12.2,0.15,21.49095849999995,109.8,63.50904150000005,25403.616600000023,b5,85.0,85.0,25710.74857996088
12.97,12.15,0.2161666666666666,21.707125166666614,157.58550000000002,63.292874833333386,17567.798720123374,b5,85.0,85.0,17543.703587438144
12.97,12.15,0.2161666666666666,21.923291833333284,157.58550000000002,63.07670816666672,17507.798720123377,b5,85.0,85.0,17479.53038627582
12.97,12.15,0.2161666666666666,22.13945849999995,157.58550000000002,62.86054150000005,17447.798720123374,b5,85.0,85.0,17456.71100652938
12.97,12.14,0.2161666666666666,22.355625166666616,157.4558,62.64437483333339,17387.798720123377,b5,85.0,85.0,17422.61735806349
12.97,12.13,0.2161666666666666,22.571791833333283,157.32610000000005,62.42820816666672,17327.798720123377,b5,85.0,85.0,17342.155609798458
1.57,12.13,0.0261666666666666,22.597958499999947,19.0441,62.40204150000005,143087.48369426763,b5,85.0,85.0,143740.7296805325
1.57,12.13,0.0261666666666666,22.624125166666612,19.0441,62.375874833333384,143027.4836942676,b5,85.0,85.0,143718.7296805325
1.57,12.13,0.0261666666666666,22.650291833333277,19.0441,62.34970816666672,142967.48369426763,b5,85.0,85.0,143806.59494646423
1.56,12.13,0.026,22.676291833333277,18.9228,62.32370816666672,143823.94192307704,b5,85.0,85.0,144125.28987762547
1.56,12.13,0.026,22.702291833333277,18.9228,62.29770816666672,143763.94192307704,b5,85.0,85.0,144091.28987762547
1.56,12.13,0.026,22.728291833333277,18.9228,62.27170816666673,143703.94192307707,b5,85.0,85.0,144047.68987762547
1.56,12.13,0.026,22.754291833333276,18.9228,62.24570816666672,143643.94192307704,b5,85.0,85.0,144011.68987762547
17.16,12.11,0.286,23.04029183333328,207.8076,61.95970816666672,12998.540174825186,b5,85.0,85.0,12995.073249098607
17.16,12.12,0.286,23.32629183333328,207.9792,61.67370816666672,12938.540174825186,b5,85.0,85.0,12954.56255019875
17.16,12.11,0.286,23.61229183333328,207.8076,61.38770816666672,12878.540174825186,b5,85.0,85.0,12986.935960701057
16.75,12.1,0.2791666666666667,23.891458499999946,202.675,61.10854150000006,13133.7760835821,b5,85.0,85.0,13172.867025114889
16.75,11.96,0.2791666666666667,24.17062516666661,200.33,60.82937483333339,13073.7760835821,b5,85.0,85.0,12961.512153234295
16.75,11.94,0.2791666666666667,24.449791833333276,199.995,60.55020816666672,13013.7760835821,b5,85.0,85.0,12948.008995972365
16.75,11.92,0.2791666666666667,24.72895849999994,199.66,60.27104150000006,12953.7760835821,b5,85.0,85.0,12864.999967576921
16.75,11.91,0.2791666666666667,25.00812516666661,199.4925,59.9918748333334,12893.776083582105,b5,85.0,85.0,12703.559528486541
23.89,11.87,0.3981666666666666,25.40629183333327,283.5743,59.59370816666673,8980.215546253672,b5,85.0,85.0,8960.710902137003
23.89,11.83,0.3981666666666666,25.804458499999942,282.6187,59.19554150000006,8920.215546253672,b5,85.0,85.0,8821.295380066882
23.89,11.81,0.3981666666666666,26.20262516666661,282.14090000000004,58.79737483333339,8860.215546253672,b5,85.0,85.0,8788.639565336442
23.89,11.8,0.3981666666666666,26.60079183333328,281.90200000000004,58.399208166666725,8800.21554625367,b5,85.0,85.0,8732.162752372002
22.43,11.87,0.3738333333333333,26.974625166666613,266.2441,58.02537483333339,9313.033856442273,b5,85.0,85.0,9340.530206974992
22.44,11.87,0.374,27.34862516666661,266.3628,57.65137483333339,9248.883663101611,b5,85.0,85.0,9308.574765899068
20.02,11.91,0.3336666666666666,27.682291833333277,238.4382,57.31770816666672,10306.8805894106,b5,85.0,85.0,10301.088315240613
20.02,11.91,0.3336666666666666,28.015958499999943,238.4382,56.98404150000006,10246.8805894106,b5,85.0,85.0,10286.950382866866
20.02,11.9,0.3336666666666666,28.34962516666661,238.238,56.65037483333339,10186.8805894106,b5,85.0,85.0,10253.652065230855
20.02,11.89,0.3336666666666666,28.683291833333275,238.0378,56.31670816666673,10126.8805894106,b5,85.0,85.0,10213.541261325661
20.02,11.89,0.3336666666666666,29.01695849999994,238.0378,55.983041500000056,10066.8805894106,b5,85.0,85.0,10212.265899969989
20.02,11.88,0.3336666666666666,29.350625166666607,237.8376,55.6493748333334,10006.8805894106,b5,85.0,85.0,10131.901570289183
22.47,11.83,0.3745,29.725125166666608,265.82009999999997,55.27487483333339,8855.787690253683,b5,85.0,85.0,8812.093950609684
22.47,11.82,0.3745,30.09962516666661,265.5954,54.90037483333339,8795.787690253681,b5,85.0,85.0,8744.707147886773
22.47,11.81,0.3745,30.47412516666661,265.3707,54.52587483333339,8735.787690253681,b5,85.0,85.0,8725.156897461122
22.47,11.81,0.3745,30.84862516666661,265.3707,54.15137483333339,8675.787690253681,b5,85.0,85.0,8703.25303650236
24.94,11.76,0.4156666666666667,31.26429183333328,293.2944,53.735708166666726,7756.5577145148445,b5,85.0,85.0,7869.33781616994
24.94,11.73,0.4156666666666667,31.679958499999945,292.5462,53.32004150000006,7696.557714514844,b5,85.0,85.0,7743.431265718141
24.94,11.72,0.4156666666666667,32.095625166666615,292.2968,52.904374833333385,7636.557714514842,b5,85.0,85.0,7690.70900559891
24.94,11.72,0.4156666666666667,32.51129183333328,292.2968,52.48870816666672,7576.557714514843,b5,85.0,85.0,7682.845622065533
24.94,11.71,0.4156666666666667,32.92695849999995,292.04740000000004,52.07304150000005,7516.557714514843,b5,85.0,85.0,7640.663222464922
7.06,12.08,0.1176666666666666,33.04462516666661,85.28479999999999,51.95537483333339,26492.82569405102,b5,85.0,85.0,26137.045120873423
7.06,12.11,0.1176666666666666,33.16229183333328,85.49659999999999,51.83770816666672,26432.825694051025,b5,85.0,85.0,26189.194709152565
7.06,12.12,0.1176666666666666,33.27995849999994,85.56719999999999,51.72004150000006,26372.825694051025,b5,85.0,85.0,26072.124659317607
7.06,12.12,0.1176666666666666,33.39762516666661,85.56719999999999,51.60237483333339,26312.825694051025,b5,85.0,85.0,25946.562012171944
7.06,12.12,0.1176666666666666,33.51529183333327,85.56719999999999,51.48470816666673,26252.825694051025,b5,85.0,85.0,25946.562012171944
14.91,11.94,0.2485,33.76379183333327,178.0254,51.23620816666673,12370.915452716312,b5,85.0,85.0,12613.869572669417
14.91,11.92,0.2485,34.01229183333327,177.7272,50.98770816666673,12310.915452716314,b5,85.0,85.0,12272.45247462514
14.91,11.92,0.2485,34.26079183333327,177.7272,50.73920816666673,12250.915452716314,b5,85.0,85.0,12221.487525744
14.91,11.91,0.2485,34.50929183333327,177.5781,50.49070816666673,12190.915452716312,b5,85.0,85.0,12116.911483220363
14.91,11.91,0.2485,34.75779183333327,177.5781,50.24220816666673,12130.915452716312,b5,85.0,85.0,12071.428112782107
14.91,11.91,0.2485,35.00629183333327,177.5781,49.99370816666673,12070.915452716312,b5,85.0,85.0,12071.572120455596
1.57,11.91,0.0261666666666666,35.03245849999994,18.6987,49.96754150000006,114575.2543949046,b5,85.0,85.0,114770.73538868179
1.57,11.91,0.0261666666666666,35.05862516666661,18.6987,49.94137483333339,114515.2543949046,b5,85.0,85.0,114746.73538868179
1.57,11.91,0.0261666666666666,35.08479183333328,18.6987,49.91520816666672,114455.25439490458,b5,85.0,85.0,114675.93538868178
1.57,11.91,0.0261666666666666,35.110958499999946,18.6987,49.889041500000054,114395.25439490458,b5,85.0,85.0,114472.67061001532
1.57,11.91,0.0261666666666666,35.137125166666614,18.6987,49.862874833333386,114335.25439490456,b5,85.0,85.0,114404.27061001532
1.57,11.91,0.0261666666666666,35.16329183333328,18.6987,49.83670816666672,114275.25439490456,b5,85.0,85.0,114378.67061001532
16.8,11.9,0.28,35.443291833333284,199.92,49.55670816666672,10619.294607142869,b5,85.0,85.0,10740.678881415814
16.8,11.87,0.28,35.723291833333285,199.416,49.276708166666715,10559.294607142869,b5,85.0,85.0,10562.232941702274
16.8,11.86,0.28,36.003291833333286,199.248,48.996708166666714,10499.294607142869,b5,85.0,85.0,10482.071732044644
16.8,11.85,0.28,36.28329183333329,199.08,48.71670816666671,10439.294607142869,b5,85.0,85.0,10439.430398355948
13.3,11.94,0.2216666666666666,36.50495849999995,158.802,48.49504150000005,13126.477398496252,b5,85.0,85.0,12797.653709498378
13.3,11.93,0.2216666666666666,36.726625166666615,158.669,48.273374833333385,13066.477398496254,b5,85.0,85.0,12733.623333403555
20.28,11.77,0.338,37.064625166666616,238.6956,47.935374833333384,8509.238136094684,b5,85.0,85.0,8629.823233334835
20.28,11.76,0.338,37.40262516666662,238.4928,47.59737483333338,8449.238136094684,b5,85.0,85.0,8539.417582678223
20.28,11.76,0.338,37.74062516666662,238.4928,47.25937483333338,8389.238136094682,b5,85.0,85.0,8530.872282011267
24.49,11.68,0.4081666666666666,38.14879183333328,286.04319999999996,46.85120816666672,6887.070208248272,b5,85.0,85.0,7076.283419647865
24.49,11.68,0.4081666666666666,38.55695849999995,286.04319999999996,46.44304150000005,6827.070208248273,b5,85.0,85.0,7018.656298860466
24.49,11.64,0.4081666666666666,38.96512516666662,285.0636,46.03487483333338,6767.070208248273,b5,85.0,85.0,6935.2237213060025
24.49,11.62,0.4081666666666666,39.37329183333328,284.57379999999995,45.62670816666672,6707.070208248272,b5,85.0,85.0,6826.427697376389
24.49,11.62,0.4081666666666666,39.78145849999995,284.57379999999995,45.21854150000005,6647.070208248272,b5,85.0,85.0,6760.925120276608
7.09,12.03,0.1181666666666666,39.89962516666662,85.2927,45.10037483333338,22900.04928067703,b5,85.0,85.0,22752.3676682011
7.09,12.03,0.1181666666666666,40.01779183333328,85.2927,44.98220816666672,22840.04928067704,b5,85.0,85.0,22742.48925874169
7.09,12.04,0.1181666666666666,40.13595849999995,85.36359999999999,44.86404150000005,22780.04928067703,b5,85.0,85.0,22763.99362427465
7.09,12.05,0.1181666666666666,40.25412516666662,85.4345,44.74587483333338,22720.04928067703,b5,85.0,85.0,22848.459606323897
7.09,12.05,0.1181666666666666,40.372291833333286,85.4345,44.627708166666714,22660.04928067703,b5,85.0,85.0,22775.60648236558
7.09,12.05,0.1181666666666666,40.49045849999995,85.4345,44.50954150000005,22600.04928067703,b5,85.0,85.0,22767.00666969628
5.02,12.11,0.0836666666666666,40.57412516666662,60.792199999999994,44.42587483333338,31859.19310756976,b5,85.0,85.0,31501.731490165705
5.02,12.12,0.0836666666666666,40.657791833333285,60.84239999999999,44.342208166666715,31799.19310756976,b5,85.0,85.0,31656.449267869946
5.02,12.12,0.0836666666666666,40.74145849999995,60.84239999999999,44.25854150000005,31739.19310756976,b5,85.0,85.0,31643.449267869946
24.58,11.62,0.4096666666666666,41.15112516666662,285.61959999999993,43.84887483333338,6422.129755899113,b5,85.0,85.0,6551.476196722655
24.58,11.6,0.4096666666666666,41.56079183333328,285.128,43.43920816666672,6362.129755899112,b5,85.0,85.0,6471.079272045688
24.58,11.59,0.4096666666666666,41.97045849999995,284.88219999999995,43.02954150000005,6302.129755899113,b5,85.0,85.0,6453.541456551565
24.58,11.58,0.4096666666666666,42.380125166666616,284.6364,42.619874833333384,6242.129755899114,b5,85.0,85.0,6437.52474391483
7.1,12.0,0.1183333333333333,42.49845849999995,85.19999999999999,42.50154150000005,21550.077380281717,b5,85.0,85.0,21864.67906265525
7.1,12.02,0.1183333333333333,42.61679183333328,85.342,42.38320816666672,21490.077380281717,b5,85.0,85.0,21843.876742605342
7.1,12.02,0.1183333333333333,42.73512516666661,85.342,42.26487483333339,21430.077380281717,b5,85.0,85.0,21800.849452354076
5.01,12.11,0.0834999999999999,42.818625166666614,60.6711,42.181374833333386,30309.9699401198,b5,85.0,85.0,30305.1204268155
5.01,12.1,0.0834999999999999,42.902125166666615,60.620999999999995,42.097874833333385,30249.9699401198,b5,85.0,85.0,30201.181832714672
5.01,12.1,0.0834999999999999,42.985625166666615,60.620999999999995,42.014374833333385,30189.9699401198,b5,85.0,85.0,30168.758385315134
5.01,12.1,0.0834999999999999,43.069125166666616,60.620999999999995,41.930874833333384,30129.96994011979,b5,85.0,85.0,30067.33044706097
9.22,11.97,0.1536666666666666,43.22279183333328,110.3634,41.77720816666672,16312.1420173536,b5,85.0,85.0,16927.636360763554
9.22,11.97,0.1536666666666666,43.37645849999995,110.3634,41.62354150000005,16252.142017353595,b5,85.0,85.0,16760.814246996753
9.22,11.97,0.1536666666666666,43.530125166666615,110.3634,41.469874833333385,16192.1420173536,b5,85.0,85.0,16692.88497224238
22.24,11.95,0.3706666666666666,43.90079183333328,265.768,41.09920816666672,6652.749523381304,b5,85.0,85.0,7713.8629407387925
22.24,11.64,0.3706666666666666,44.271458499999945,258.8736,40.728541500000055,6592.749523381304,b5,85.0,85.0,7083.134395652066
22.24,11.62,0.3706666666666666,44.64212516666661,258.42879999999997,40.35787483333339,6532.749523381305,b5,85.0,85.0,6828.249806713273
22.24,11.61,0.3706666666666666,45.012791833333274,258.2064,39.987208166666726,6472.749523381305,b5,85.0,85.0,6710.053878218984
22.24,11.6,0.3706666666666666,45.38345849999994,257.984,39.61654150000006,6412.749523381305,b5,85.0,85.0,6661.955142333003
1.58,11.6,0.0263333333333333,45.40979183333327,18.328,39.59020816666673,90205.53759493685,b5,85.0,85.0,90133.1375949368
1.58,11.6,0.0263333333333333,45.436125166666606,18.328,39.563874833333394,90145.53759493685,b5,85.0,85.0,90090.7375949368
1.58,11.6,0.0263333333333333,45.46245849999994,18.328,39.53754150000006,90085.53759493685,b5,85.0,85.0,90057.9375949368
1.58,11.6,0.0263333333333333,45.48879183333327,18.328,39.51120816666673,90025.53759493683,b5,85.0,85.0,90017.9375949368
1.58,11.6,0.0263333333333333,45.51512516666661,18.328,39.48487483333339,89965.53759493685,b5,85.0,85.0,89962.3375949368
1.58,11.6,0.0263333333333333,45.54145849999994,18.328,39.45854150000006,89905.53759493683,b5,85.0,85.0,89927.5375949368
1.58,11.6,0.0263333333333333,45.567791833333274,18.328,39.432208166666726,89845.53759493685,b5,85.0,85.0,89887.1375949368
1.58,11.6,0.0263333333333333,45.59412516666661,18.328,39.40587483333339,89785.53759493683,b5,85.0,85.0,89767.1375949368
1.58,11.6,0.0263333333333333,45.62045849999994,18.328,39.37954150000006,89725.53759493683,b5,85.0,85.0,89705.5375949368
1.58,11.6,0.0263333333333333,45.646791833333275,18.328,39.353208166666725,89665.53759493685,b5,85.0,85.0,89652.7375949368
1.58,11.6,0.0263333333333333,45.67312516666661,18.328,39.32687483333339,89605.53759493683,b5,85.0,85.0,89612.3375949368
1.58,11.6,0.0263333333333333,45.69945849999994,18.328,39.30054150000006,89545.53759493685,b5,85.0,85.0,89569.5375949368
1.58,11.6,0.0263333333333333,45.725791833333275,18.328,39.274208166666725,89485.53759493683,b5,85.0,85.0,89517.1375949368
1.58,11.6,0.0263333333333333,45.75212516666661,18.328,39.24787483333339,89425.53759493683,b5,85.0,85.0,89496.3375949368
18.4,11.68,0.3066666666666666,45.69012516666661,214.912,39.30987483333339,7691.062467391317,b5,85.0,85.0,7810.317964691692
18.4,11.67,0.3066666666666666,45.99679183333327,214.728,39.00320816666673,7631.062467391317,b5,85.0,85.0,7763.592044644989
24.72,11.52,0.412,46.40879183333327,284.77439999999996,38.59120816666673,5620.078859223311,b5,85.0,85.0,5889.727664616558
24.72,11.5,0.412,46.82079183333327,284.28,38.17920816666673,5560.07885922331,b5,85.0,85.0,5780.165745554248
24.72,11.49,0.412,47.232791833333266,284.0328,37.767208166666734,5500.078859223311,b5,85.0,85.0,5728.850855432908
24.72,11.48,0.412,47.644791833333265,283.7856,37.355208166666735,5440.07885922331,b5,85.0,85.0,5696.417275576067
24.72,11.47,0.412,48.056791833333264,283.5384,36.943208166666736,5380.078859223311,b5,85.0,85.0,5707.7548064664015
1.58,11.47,0.0263333333333333,48.0831251666666,18.1226,36.9168748333334,84114.39835443054,b5,85.0,85.0,84166.2162542897
1.58,11.47,0.0263333333333333,48.10945849999993,18.1226,36.89054150000007,84054.39835443054,b5,85.0,85.0,84047.59835443033
1.58,11.47,0.0263333333333333,48.135791833333265,18.1226,36.864208166666735,83994.39835443054,b5,85.0,85.0,84005.99835443034
1.58,11.47,0.0263333333333333,48.1621251666666,18.1226,36.8378748333334,83934.39835443052,b5,85.0,85.0,83933.19835443034
1.58,11.47,0.0263333333333333,48.18845849999993,18.1226,36.81154150000007,83874.39835443054,b5,85.0,85.0,83871.79835443034
1.58,11.47,0.0263333333333333,48.214791833333265,18.1226,36.785208166666735,83814.39835443052,b5,85.0,85.0,83824.59835443035
1.58,11.47,0.0263333333333333,48.2411251666666,18.1226,36.7588748333334,83754.39835443054,b5,85.0,85.0,83743.19835443035
1.58,11.47,0.0263333333333333,48.26745849999993,18.1226,36.73254150000007,83694.39835443054,b5,85.0,85.0,83691.59835443035
1.58,11.47,0.0263333333333333,48.293791833333266,18.1226,36.706208166666734,83634.39835443052,b5,85.0,85.0,83629.19835443035
1.58,11.47,0.0263333333333333,48.3201251666666,18.1226,36.6798748333334,83574.39835443054,b5,85.0,85.0,83567.99835443035
1.58,11.47,0.0263333333333333,48.34645849999993,18.1226,36.65354150000007,83514.39835443052,b5,85.0,85.0,83506.59835443035
1.58,11.47,0.0263333333333333,48.37279183333327,18.1226,36.62720816666673,83454.39835443054,b5,85.0,85.0,83457.59835443035
1.58,11.47,0.0263333333333333,48.3991251666666,18.1226,36.6008748333334,83394.39835443052,b5,85.0,85.0,83399.99835443035
1.58,11.47,0.0263333333333333,48.425458499999934,18.1226,36.574541500000066,83334.39835443052,b5,85.0,85.0,83344.59835443035
1.58,11.47,0.0263333333333333,48.45179183333327,18.1226,36.54820816666673,83274.39835443054,b5,85.0,85.0,83258.59835443035
1.58,11.47,0.0263333333333333,48.4781251666666,18.1226,36.5218748333334,83214.39835443052,b5,85.0,85.0,83204.19835443035
1.58,11.47,0.0263333333333333,48.504458499999934,18.1226,36.495541500000066,83154.39835443054,b5,85.0,85.0,83157.99835443035
1.58,11.47,0.0263333333333333,48.53079183333327,18.1226,36.46920816666673,83094.39835443052,b5,85.0,85.0,83089.39835443035
1.58,11.47,0.0263333333333333,48.5571251666666,18.1226,36.4428748333334,83034.39835443052,b5,85.0,85.0,83037.59835443035
1.58,11.47,0.0263333333333333,48.583458499999935,18.1226,36.416541500000065,82974.39835443052,b5,85.0,85.0,82976.79835443034
1.58,11.47,0.0263333333333333,48.60979183333327,18.1226,36.39020816666673,82914.39835443052,b5,85.0,85.0,82917.79835443034
1.58,11.47,0.0263333333333333,48.6361251666666,18.1226,36.3638748333334,82854.39835443052,b5,85.0,85.0,82874.99835443035
1.58,11.47,0.0263333333333333,48.662458499999936,18.1226,36.337541500000064,82794.39835443052,b5,85.0,85.0,82761.59835443035
1.58,11.47,0.0263333333333333,48.68879183333327,18.1226,36.31120816666673,82734.39835443052,b5,85.0,85.0,82705.99835443035
1.58,11.47,0.0263333333333333,48.7151251666666,18.1226,36.2848748333334,82674.39835443052,b5,85.0,85.0,82663.19835443035
1.58,11.47,0.0263333333333333,48.741458499999936,18.1226,36.258541500000064,82614.39835443052,b5,85.0,85.0,82610.79835443034
1.58,11.47,0.0263333333333333,48.76779183333327,18.1226,36.23220816666673,82554.39835443052,b5,85.0,85.0,82561.79835443034
1.58,11.47,0.0263333333333333,48.7941251666666,18.1226,36.2058748333334,82494.39835443052,b5,85.0,85.0,82498.79835443034
1.58,11.47,0.0263333333333333,48.82045849999994,18.1226,36.17954150000006,82434.39835443052,b5,85.0,85.0,82436.99835443035
1.58,11.47,0.0263333333333333,48.84679183333327,18.1226,36.15320816666673,82374.39835443052,b5,85.0,85.0,82390.59835443035
1.58,11.47,0.0263333333333333,48.87312516666661,18.1226,36.12687483333339,82314.39835443051,b5,85.0,85.0,82303.99835443035
1.58,11.47,0.0263333333333333,48.89945849999994,18.1226,36.10054150000006,82254.39835443052,b5,85.0,85.0,82256.79835443034
1.58,11.47,0.0263333333333333,48.92579183333327,18.1226,36.07420816666673,82194.39835443052,b5,85.0,85.0,82196.19835443037
1.58,11.47,0.0263333333333333,48.952125166666605,18.1226,36.047874833333395,82134.39835443052,b5,85.0,85.0,82133.59835443036
1.58,11.47,0.0263333333333333,48.97845849999994,18.1226,36.02154150000006,82074.39835443052,b5,85.0,85.0,82076.79835443036
1.58,11.47,0.0263333333333333,49.00479183333327,18.1226,35.99520816666673,82014.39835443051,b5,85.0,85.0,82023.39835443035
1.58,11.47,0.0263333333333333,49.031125166666605,18.1226,35.968874833333395,81954.39835443051,b5,85.0,85.0,81953.59835443035
1.58,11.47,0.0263333333333333,49.05745849999994,18.1226,35.94254150000006,81894.39835443052,b5,85.0,85.0,81909.59835443035
1.58,11.47,0.0263333333333333,49.08379183333327,18.1226,35.91620816666673,81834.39835443052,b5,85.0,85.0,81836.59835443035
1.58,11.47,0.0263333333333333,49.110125166666606,18.1226,35.889874833333394,81774.39835443052,b5,85.0,85.0,81766.39835443035
1.58,11.47,0.0263333333333333,49.13645849999994,18.1226,35.86354150000006,81714.39835443051,b5,85.0,85.0,81690.19835443035
1.58,11.47,0.0263333333333333,49.16279183333327,18.1226,35.83720816666673,81654.39835443051,b5,85.0,85.0,81646.39835443035
1.58,11.47,0.0263333333333333,49.18912516666661,18.1226,35.81087483333339,81594.39835443051,b5,85.0,85.0,81595.39835443035
1.58,11.47,0.0263333333333333,49.21545849999994,18.1226,35.78454150000006,81534.39835443051,b5,85.0,85.0,81531.59835443035
1.58,11.47,0.0263333333333333,49.241791833333274,18.1226,35.758208166666726,81474.39835443052,b5,85.0,85.0,81478.59835443035
1.58,11.47,0.0263333333333333,49.26812516666661,18.1226,35.73187483333339,81414.39835443051,b5,85.0,85.0,81431.99835443035
1.58,11.47,0.0263333333333333,49.29445849999994,18.1226,35.70554150000006,81354.39835443051,b5,85.0,85.0,81339.79835443036
1.58,11.47,0.0263333333333333,49.320791833333274,18.1226,35.679208166666726,81294.39835443051,b5,85.0,85.0,81287.59835443036
1.58,11.47,0.0263333333333333,49.34712516666661,18.1226,35.65287483333339,81234.39835443051,b5,85.0,85.0,81236.99835443035
1.58,11.47,0.0263333333333333,49.37345849999994,18.1226,35.62654150000006,81174.39835443051,b5,85.0,85.0,81178.59835443036
1.58,11.47,0.0263333333333333,49.399791833333275,18.1226,35.600208166666725,81114.39835443051,b5,85.0,85.0,81120.39835443036
1.58,11.47,0.0263333333333333,49.42612516666661,18.1226,35.57387483333339,81054.39835443051,b5,85.0,85.0,81051.19835443037
1.58,11.47,0.0263333333333333,49.45245849999994,18.1226,35.54754150000006,80994.39835443051,b5,85.0,85.0,80999.39835443036
1.58,11.47,0.0263333333333333,49.478791833333275,18.1226,35.521208166666725,80934.39835443051,b5,85.0,85.0,80970.59835443036
1.58,11.47,0.0263333333333333,49.50512516666661,18.1226,35.49487483333339,80874.39835443051,b5,85.0,85.0,80855.19835443037
1.58,11.47,0.0263333333333333,49.53145849999994,18.1226,35.46854150000006,80814.39835443051,b5,85.0,85.0,80785.99835443035
1.58,11.47,0.0263333333333333,49.55779183333328,18.1226,35.442208166666724,80754.39835443051,b5,85.0,85.0,80740.79835443036
1.58,11.47,0.0263333333333333,49.58412516666661,18.1226,35.41587483333339,80694.39835443051,b5,85.0,85.0,80676.59835443036
1.58,11.47,0.0263333333333333,49.61045849999994,18.1226,35.38954150000006,80634.39835443051,b5,85.0,85.0,80624.79835443036
1.58,11.47,0.0263333333333333,49.63679183333328,18.1226,35.36320816666672,80574.39835443051,b5,85.0,85.0,80571.59835443036
1.58,11.47,0.0263333333333333,49.66312516666661,18.1226,35.33687483333339,80514.39835443051,b5,85.0,85.0,80516.19835443037
1.58,11.47,0.0263333333333333,49.689458499999944,18.1226,35.310541500000056,80454.39835443051,b5,85.0,85.0,80423.76797468353
5.05,11.97,0.0841666666666666,49.77362516666661,60.4485,35.22637483333339,25111.871168316873,b5,85.0,85.0,24932.516292056083
5.05,12.0,0.0841666666666666,49.85779183333328,60.599999999999994,35.14220816666672,25051.87116831687,b5,85.0,85.0,24811.347846495304
5.05,12.0,0.0841666666666666,49.94195849999995,60.599999999999994,35.05804150000005,24991.87116831687,b5,85.0,85.0,24802.147846495303
5.05,12.0,0.0841666666666666,50.02612516666662,60.599999999999994,34.97387483333338,24931.871168316866,b5,85.0,85.0,24787.347846495297
17.11,11.7,0.2851666666666667,50.311291833333286,200.187,34.688708166666714,7298.61773232029,b5,85.0,85.0,7323.578101433028
17.11,11.7,0.2851666666666667,50.596458499999954,200.187,34.403541500000046,7238.61773232029,b5,85.0,85.0,7296.452983445865
17.11,11.7,0.2851666666666667,50.88162516666662,200.187,34.11837483333338,7178.61773232029,b5,85.0,85.0,7254.15850095039
25.0,11.54,0.4166666666666667,51.29829183333329,288.5,33.70170816666671,4853.045976000007,b5,85.0,85.0,5055.388779149017
25.0,11.51,0.4166666666666667,51.71495849999995,287.75,33.28504150000005,4793.045976000007,b5,85.0,85.0,4982.281751371697
25.0,11.5,0.4166666666666667,52.131625166666616,287.5,32.868374833333384,4733.045976000008,b5,85.0,85.0,4951.090840145017
25.0,11.49,0.4166666666666667,52.54829183333328,287.25,32.45170816666672,4673.045976000008,b5,85.0,85.0,4940.226601188378
18.22,11.71,0.3036666666666666,52.851958499999945,213.3562,32.148041500000055,6351.973073545566,b5,85.0,85.0,6510.436095157796
18.22,11.68,0.3036666666666666,53.15562516666661,212.8096,31.84437483333339,6291.973073545566,b5,85.0,85.0,6354.3057146063475
18.92,11.64,0.3153333333333333,53.470958499999945,220.22880000000004,31.529041500000055,5999.183372093033,b5,85.0,85.0,6074.8891097529495
18.92,11.62,0.3153333333333333,53.78629183333328,219.8504,31.21370816666672,5939.183372093033,b5,85.0,85.0,5983.7818425443365
1.58,11.62,0.0263333333333333,53.81262516666661,18.3596,31.187374833333383,71059.84139240519,b5,85.0,85.0,71026.2413924053
1.58,11.62,0.0263333333333333,53.83895849999995,18.3596,31.161041500000053,70999.84139240519,b5,85.0,85.0,70994.2413924053
1.58,11.62,0.0263333333333333,53.86529183333328,18.3596,31.13470816666672,70939.84139240519,b5,85.0,85.0,70945.84139240529
1.58,11.62,0.0263333333333333,53.891625166666614,18.3596,31.108374833333382,70879.84139240517,b5,85.0,85.0,70898.64139240529
1.58,11.62,0.0263333333333333,53.91795849999995,18.3596,31.082041500000052,70819.84139240517,b5,85.0,85.0,70861.0413924053
19.01,11.6,0.3168333333333333,54.23479183333328,220.516,30.765208166666717,5826.1309521304665,b5,85.0,85.0,5852.867130605712
19.01,11.6,0.3168333333333333,54.55162516666662,220.516,30.448374833333386,5766.1309521304665,b5,85.0,85.0,5830.4750909536
19.01,11.58,0.3168333333333333,54.86845849999995,220.1358,30.131541500000047,5706.130952130466,b5,85.0,85.0,5767.646968948934
19.01,11.56,0.3168333333333333,55.18529183333329,219.7556,29.814708166666712,5646.130952130466,b5,85.0,85.0,5710.97267507569
9.91,11.79,0.1651666666666666,55.35045849999995,116.8389,29.649541500000048,10770.771886982862,b5,85.0,85.0,10399.678760087822
9.91,11.8,0.1651666666666666,55.51562516666662,116.938,29.484374833333383,10710.771886982862,b5,85.0,85.0,10526.592971262498
9.91,11.79,0.1651666666666666,55.68079183333328,116.8389,29.31920816666672,10650.771886982864,b5,85.0,85.0,10347.701188377883
9.91,11.79,0.1651666666666666,55.845958499999945,116.8389,29.154041500000055,10590.771886982864,b5,85.0,85.0,10347.701188377883
9.91,11.79,0.1651666666666666,56.01112516666661,116.8389,28.98887483333339,10530.771886982866,b5,85.0,85.0,10307.191756045115
9.91,11.78,0.1651666666666666,56.17629183333327,116.7398,28.823708166666727,10470.771886982866,b5,85.0,85.0,10239.225348328264
17.31,11.57,0.2885,56.46479183333327,200.2767,28.535208166666727,5934.532027729649,b5,85.0,85.0,5790.053485345011
17.31,11.56,0.2885,56.75329183333327,200.1036,28.24670816666673,5874.53202772965,b5,85.0,85.0,5747.64891330797
17.31,11.54,0.2885,57.04179183333327,199.75739999999996,27.95820816666673,5814.53202772965,b5,85.0,85.0,5712.996025206859
17.31,11.53,0.2885,57.33029183333327,199.5843,27.66970816666673,5754.53202772965,b5,85.0,85.0,5638.91306787226
17.31,11.52,0.2885,57.61879183333327,199.4112,27.38120816666673,5694.53202772965,b5,85.0,85.0,5572.945265420481
24.79,11.31,0.4131666666666666,58.03195849999994,280.3749,26.968041500000066,3916.29485276322,b5,85.0,85.0,4323.284151315275
24.79,11.29,0.4131666666666666,58.44512516666661,279.8791,26.554874833333393,3856.29485276322,b5,85.0,85.0,4232.209015709427
24.79,11.27,0.4131666666666666,58.85829183333328,279.38329999999996,26.141708166666724,3796.29485276322,b5,85.0,85.0,4174.974827452682
24.79,11.26,0.4131666666666666,59.271458499999945,279.1354,25.728541500000055,3736.2948527632193,b5,85.0,85.0,4149.974618521545
24.79,11.23,0.4131666666666666,59.68462516666661,278.3917,25.315374833333387,3676.294852763219,b5,85.0,85.0,4141.345214976234
24.79,11.21,0.4131666666666666,60.09779183333328,277.8959,24.90220816666672,3616.294852763219,b5,85.0,85.0,4113.26184525276
1.59,11.21,0.0265,60.12429183333328,17.823900000000002,24.87570816666672,56322.358113207665,b5,85.0,85.0,56002.93610314489
1.59,11.21,0.0265,60.15079183333328,17.823900000000002,24.84920816666672,56262.35811320767,b5,85.0,85.0,55974.1361031449
1.59,11.21,0.0265,60.17729183333328,17.823900000000002,24.82270816666672,56202.35811320767,b5,85.0,85.0,55917.3361031449
1.59,11.21,0.0265,60.20379183333328,17.823900000000002,24.796208166666723,56142.35811320768,b5,85.0,85.0,55852.7361031449
1.59,11.21,0.0265,60.23029183333328,17.823900000000002,24.769708166666724,56082.35811320767,b5,85.0,85.0,55804.7361031449
1.59,11.21,0.0265,60.256791833333274,17.823900000000002,24.74320816666673,56022.35811320767,b5,85.0,85.0,55751.9361031449
1.59,11.21,0.0265,60.28329183333327,17.823900000000002,24.716708166666727,55962.35811320768,b5,85.0,85.0,55728.5361031449
5.09,11.92,0.0848333333333333,60.36812516666661,60.672799999999995,24.63187483333339,17421.365304518706,b5,85.0,85.0,17563.099096833525
5.09,11.86,0.0848333333333333,60.452958499999944,60.3674,24.547041500000056,17361.365304518702,b5,85.0,85.0,17385.916116966877
5.09,11.86,0.0848333333333333,60.53779183333328,60.3674,24.46220816666672,17301.365304518702,b5,85.0,85.0,17362.916116966877
5.09,11.86,0.0848333333333333,60.622625166666616,60.3674,24.377374833333384,17241.3653045187,b5,85.0,85.0,17346.916116966877
17.11,11.47,0.2851666666666667,60.907791833333285,196.2517,24.092208166666715,5069.079450613686,b5,85.0,85.0,5178.014471471079
17.11,11.45,0.2851666666666667,61.19295849999995,195.9095,23.807041500000047,5009.079450613686,b5,85.0,85.0,5126.307283459748
17.11,11.44,0.2851666666666667,61.47812516666662,195.7384,23.521874833333374,4949.079450613685,b5,85.0,85.0,5083.708304529934
17.11,11.43,0.2851666666666667,61.76329183333329,195.5673,23.23670816666671,4889.079450613685,b5,85.0,85.0,5027.567023793735
17.11,11.42,0.2851666666666667,62.04845849999996,195.3962,22.95154150000004,4829.079450613685,b5,85.0,85.0,5010.919692192415
18.66,11.37,0.311,62.35945849999996,212.1642,22.64054150000004,4367.950128617371,b5,85.0,85.0,4692.875478371414
18.66,11.36,0.311,62.67045849999996,211.9776,22.32954150000004,4307.950128617372,b5,85.0,85.0,4626.282704106854
18.66,11.35,0.311,62.98145849999996,211.791,22.01854150000004,4247.950128617371,b5,85.0,85.0,4584.435703903883
18.66,11.34,0.311,63.29245849999996,211.6044,21.70754150000004,4187.950128617371,b5,85.0,85.0,4574.86142889383
18.66,11.32,0.311,63.60345849999996,211.2312,21.39654150000004,4127.950128617371,b5,85.0,85.0,4553.956727941202
9.48,11.6,0.158,63.76145849999996,109.968,21.23854150000004,8065.268924050648,b5,85.0,85.0,7706.31422853883
9.48,11.6,0.158,63.91945849999996,109.968,21.08054150000004,8005.268924050648,b5,85.0,85.0,7703.51422853883
9.48,11.6,0.158,64.07745849999996,109.968,20.922541500000037,7945.268924050646,b5,85.0,85.0,7676.86764607111
9.48,11.6,0.158,64.23545849999996,109.968,20.764541500000036,7885.268924050645,b5,85.0,85.0,7655.81391576258
9.48,11.59,0.158,64.39345849999997,109.8732,20.60654150000003,7825.268924050645,b5,85.0,85.0,7608.0783876918895
9.48,11.59,0.158,64.55145849999997,109.8732,20.448541500000033,7765.268924050645,b5,85.0,85.0,7604.0783876918895
5.14,11.75,0.0856666666666666,64.63712516666664,60.395,20.362874833333365,14261.935680933871,b5,85.0,85.0,14854.883129040369
5.14,11.76,0.0856666666666666,64.7227918333333,60.4464,20.277208166666696,14201.935680933871,b5,85.0,85.0,14639.01037833783
5.14,11.76,0.0856666666666666,64.80845849999997,60.4464,20.191541500000028,14141.935680933871,b5,85.0,85.0,14627.01037833783
5.14,11.76,0.0856666666666666,64.89412516666664,60.4464,20.10587483333336,14081.935680933871,b5,85.0,85.0,14630.821904440098
7.28,11.68,0.1213333333333333,65.01545849999998,85.0304,19.98454150000002,9882.465576923089,b5,85.0,85.0,9558.884809523508
7.28,11.68,0.1213333333333333,65.13679183333332,85.0304,19.86320816666668,9822.465576923085,b5,85.0,85.0,9565.802300378802
7.28,11.68,0.1213333333333333,65.25812516666666,85.0304,19.74187483333334,9762.46557692308,b5,85.0,85.0,9542.202300378802
7.28,11.67,0.1213333333333333,65.3794585,84.9576,19.6205415,9702.465576923078,b5,85.0,85.0,9472.518577964878
7.28,11.67,0.1213333333333333,65.50079183333334,84.9576,19.499208166666666,9642.465576923074,b5,85.0,85.0,9460.811446265074
7.28,11.67,0.1213333333333333,65.62212516666668,84.9576,19.377874833333323,9582.465576923072,b5,85.0,85.0,9452.011446265073
9.51,11.60109605788892,0.1585,65.78062516666668,110.3264235105236,19.21937483333332,7275.473123028385,b5,85.0,85.0,7264.558976610797
9.51,11.58541903835352,0.1585,65.93912516666668,110.17733505474196,19.060874833333315,7215.473123028385,b5,85.0,85.0,7177.550361606569
9.51,11.57558919789692,0.1585,66.09762516666669,110.0838532719997,18.90237483333331,7155.473123028382,b5,85.0,85.0,7079.037361438981
9.51,11.57558919789692,0.1585,66.25612516666669,110.0838532719997,18.743874833333308,7095.473123028381,b5,85.0,85.0,7132.140703225636
5.72,11.71,0.0953333333333333,66.35145850000002,66.9812,18.64854149999998,11736.84430069929,b5,85.0,85.0,11507.01536227681
5.72,11.72,0.0953333333333333,66.44679183333335,67.0384,18.55320816666665,11676.844300699291,b5,85.0,85.0,11491.645498140098
5.72,11.72,0.0953333333333333,66.54212516666668,67.0384,18.45787483333332,11616.844300699291,b5,85.0,85.0,11477.4454981401
5.72,11.72,0.0953333333333333,66.63745850000001,67.0384,18.362541499999992,11556.844300699297,b5,85.0,85.0,11381.038146443187
5.72,11.72,0.0953333333333333,66.73279183333334,67.0384,18.267208166666663,11496.844300699298,b5,85.0,85.0,11354.308971683495
5.72,11.72,0.0953333333333333,66.82812516666667,67.0384,18.171874833333337,11436.844300699302,b5,85.0,85.0,11345.908971683495
11.81,11.51,0.1968333333333333,67.0249585,135.9331,17.975041500000003,5479.267519051652,b5,85.0,85.0,5506.797649047319
11.81,11.5,0.1968333333333333,67.22179183333333,135.815,17.778208166666673,5419.267519051652,b5,85.0,85.0,5449.337087703789
11.81,11.48,0.1968333333333333,67.41862516666666,135.5788,17.581374833333342,5359.267519051654,b5,85.0,85.0,5431.838916122992
11.81,11.48,0.1968333333333333,67.61545849999999,135.5788,17.38454150000001,5299.267519051655,b5,85.0,85.0,5416.926766544818
11.81,11.47,0.1968333333333333,67.81229183333332,135.4607,17.18770816666668,5239.267519051656,b5,85.0,85.0,5351.8332483356935
14.18,11.39,0.2363333333333333,68.04862516666665,161.5102,16.951374833333347,4303.593046544433,b5,85.0,85.0,4439.576072637847
14.18,11.38,0.2363333333333333,68.28495849999999,161.3684,16.715041500000012,4243.593046544432,b5,85.0,85.0,4372.500741812275
14.18,11.37,0.2363333333333333,68.52129183333332,161.2266,16.478708166666678,4183.593046544432,b5,85.0,85.0,4369.485819570543
14.18,11.36,0.2363333333333333,68.75762516666666,161.0848,16.242374833333344,4123.593046544432,b5,85.0,85.0,4330.610278131198
18.25,11.22,0.3041666666666666,69.06179183333332,204.765,15.938208166666683,3143.9753095890446,b5,85.0,85.0,3742.552529313449
18.25,11.2,0.3041666666666666,69.36595849999998,204.4,15.634041500000023,3083.9753095890455,b5,85.0,85.0,3639.7175235396353
18.25,11.18,0.3041666666666666,69.67012516666664,204.035,15.329874833333363,3023.975309589047,b5,85.0,85.0,3633.6392574363076
9.62,11.46,0.1603333333333333,69.83045849999996,110.2452,15.169541500000037,5676.751496881511,b5,85.0,85.0,5483.932550093653
9.62,11.46,0.1603333333333333,69.99079183333329,110.2452,15.00920816666671,5616.751496881513,b5,85.0,85.0,5461.769088700991
9.62,11.45,0.1603333333333333,70.15112516666662,110.149,14.848874833333385,5556.751496881516,b5,85.0,85.0,5453.535629663813
9.62,11.45,0.1603333333333333,70.31145849999994,110.149,14.688541500000056,5496.7514968815185,b5,85.0,85.0,5431.459648044861
9.62,11.45,0.1603333333333333,70.47179183333327,110.149,14.52820816666673,5436.751496881521,b5,85.0,85.0,5417.985608103199
9.62,11.44,0.1603333333333333,70.6321251666666,110.0528,14.367874833333405,5376.751496881523,b5,85.0,85.0,5355.722807676792
1.61,11.44,0.0268333333333333,70.65895849999993,18.4184,14.341041500000074,32066.92509316786,b5,85.0,85.0,31854.441054095478
1.61,11.44,0.0268333333333333,70.68579183333325,18.4184,14.314208166666743,32006.925093167876,b5,85.0,85.0,31945.76011734085
1.61,11.44,0.0268333333333333,70.71262516666658,18.4184,14.287374833333416,31946.925093167887,b5,85.0,85.0,31962.618775038973
1.6,11.44,0.0266666666666666,70.73929183333325,18.304,14.260708166666744,32086.593375000175,b5,85.0,85.0,32044.106168222203
1.6,11.44,0.0266666666666666,70.76595849999993,18.304,14.234041500000076,32026.593375000164,b5,85.0,85.0,32001.837290101088
1.6,11.44,0.0266666666666666,70.7926251666666,18.304,14.207374833333404,31966.593375000157,b5,85.0,85.0,31968.637290101087
1.6,11.44,0.0266666666666666,70.81929183333327,18.304,14.180708166666731,31906.593375000142,b5,85.0,85.0,31916.837290101088
1.6,11.44,0.0266666666666666,70.84595849999994,18.304,14.154041500000062,31846.59337500014,b5,85.0,85.0,31845.23729010109
1.6,11.44,0.0266666666666666,70.87262516666661,18.304,14.127374833333391,31786.593375000128,b5,85.0,85.0,31785.568411979966
1.6,11.44,0.0266666666666666,70.89929183333328,18.304,14.10070816666672,31726.59337500012,b5,85.0,85.0,31732.96509479829
1.6,11.44,0.0266666666666666,70.92595849999995,18.304,14.07404150000005,31666.59337500011,b5,85.0,85.0,31666.958460434937
1.6,11.44,0.0266666666666666,70.95262516666662,18.304,14.04737483333338,31606.593375000102,b5,85.0,85.0,31600.087082313814
1.6,11.44,0.0266666666666666,70.97929183333329,18.304,14.020708166666708,31546.59337500009,b5,85.0,85.0,31536.368204254806
1.6,11.44,0.0266666666666666,71.00595849999996,18.304,13.994041500000035,31486.593375000084,b5,85.0,85.0,31493.340618882135
1.61,11.44,0.0268333333333333,71.03279183333329,18.4184,13.967208166666708,31231.02447204978,b5,85.0,85.0,31425.346560093287
1.6,11.44,0.0266666666666666,71.05945849999996,18.304,13.940541500000036,31366.218375000084,b5,85.0,85.0,31333.82311888213
1.6,11.44,0.0266666666666666,71.08612516666663,18.304,13.913874833333368,31306.218375000073,b5,85.0,85.0,31285.2132042548
1.6,11.44,0.0266666666666666,71.1127918333333,18.304,13.887208166666696,31246.218375000062,b5,85.0,85.0,31237.6132042548
1.6,11.44,0.0266666666666666,71.13945849999998,18.304,13.860541500000023,31186.218375000055,b5,85.0,85.0,31186.21320425479
1.6,11.44,0.0266666666666666,71.16612516666665,18.304,13.833874833333354,31126.218375000048,b5,85.0,85.0,31131.61320425475
1.6,11.44,0.0266666666666666,71.19279183333332,18.304,13.807208166666683,31066.218375000037,b5,85.0,85.0,31074.91449694108
1.6,11.44,0.0266666666666666,71.21945849999999,18.304,13.780541500000012,31006.218375000022,b5,85.0,85.0,31055.314496941082
16.48,11.43,0.2746666666666666,71.49412516666665,188.3664,13.505874833333351,2950.3124635922372,b5,85.0,85.0,3502.0187269905723
16.48,11.44,0.2746666666666666,71.76879183333331,188.5312,13.23120816666669,2890.312463592238,b5,85.0,85.0,3577.4877820376278
16.48,11.42,0.2746666666666666,72.04345849999997,188.2016,12.956541500000029,2830.3124635922395,b5,85.0,85.0,3387.34192987202
16.48,11.39,0.2746666666666666,72.31812516666663,187.7072,12.681874833333367,2770.3124635922404,b5,85.0,85.0,3294.3243493581354
8.03,11.65,0.1338333333333333,72.45195849999996,93.5495,12.54804150000004,5625.522963885448,b5,85.0,85.0,5767.638798210905
8.03,11.64,0.1338333333333333,72.58579183333329,93.4692,12.414208166666713,5565.52296388545,b5,85.0,85.0,5733.869074129873
8.03,11.62,0.1338333333333333,72.71962516666662,93.30859999999998,12.280374833333385,5505.522963885453,b5,85.0,85.0,5625.8134413668595
8.03,11.61,0.1338333333333333,72.85345849999995,93.2283,12.146541500000057,5445.522963885455,b5,85.0,85.0,5556.990080190261
8.03,11.6,0.1338333333333333,72.98729183333327,93.148,12.012708166666728,5385.522963885457,b5,85.0,85.0,5526.28815535357
8.03,11.59,0.1338333333333333,73.1211251666666,93.0677,11.878874833333398,5325.52296388546,b5,85.0,85.0,5526.757465144866
14.28,11.39,0.238,73.3591251666666,162.6492,11.6408748333334,2934.674327731109,b5,85.0,85.0,3392.8514334236493
14.28,11.32,0.238,73.5971251666666,161.6496,11.4028748333334,2874.6743277311093,b5,85.0,85.0,3317.391774308964
14.28,11.29,0.238,73.8351251666666,161.22119999999998,11.1648748333334,2814.6743277311093,b5,85.0,85.0,3258.2119825639666
14.28,11.25,0.238,74.0731251666666,160.65,10.9268748333334,2754.6743277311093,b5,85.0,85.0,3217.9474861704184
14.28,11.21,0.238,74.3111251666666,160.0788,10.6888748333334,2694.6743277311098,b5,85.0,85.0,3221.580651894861
5.86,11.56,0.0976666666666666,74.40879183333327,67.7416,10.591208166666732,6506.544266211643,b5,85.0,85.0,6363.475021139642
5.86,11.57,0.0976666666666666,74.50645849999994,67.8002,10.493541500000063,6446.544266211642,b5,85.0,85.0,6328.46061246142
5.86,11.57,0.0976666666666666,74.6041251666666,67.8002,10.395874833333394,6386.544266211641,b5,85.0,85.0,6322.003150584386
5.86,11.56,0.0976666666666666,74.70179183333327,67.7416,10.298208166666726,6326.54426621164,b5,85.0,85.0,6281.4811913669755
10.46,11.35,0.1743333333333333,74.87612516666661,118.721,10.123874833333389,3484.3163862332885,b5,85.0,85.0,3653.905678177632
10.46,11.33,0.1743333333333333,75.05045849999995,118.5118,9.949541500000052,3424.316386233287,b5,85.0,85.0,3585.4076560960902
10.46,11.31,0.1743333333333333,75.22479183333328,118.3026,9.775208166666715,3364.3163862332863,b5,85.0,85.0,3552.8043815728424
3.73,11.64,0.0621666666666666,75.28695849999995,43.4172,9.713041500000044,9374.517265415594,b5,85.0,85.0,9260.547920338806
3.73,11.64,0.0621666666666666,75.34912516666662,43.4172,9.650874833333376,9314.51726541559,b5,85.0,85.0,9260.547920338806
3.73,11.64,0.0621666666666666,75.4112918333333,43.4172,9.588708166666706,9254.517265415589,b5,85.0,85.0,9228.522138693128
3.73,11.64,0.0621666666666666,75.47345849999996,43.4172,9.526541500000036,9194.517265415583,b5,85.0,85.0,9193.588352518405
3.73,11.64,0.0621666666666666,75.53562516666663,43.4172,9.464374833333366,9134.51726541558,b5,85.0,85.0,9122.577924146439
3.73,11.64,0.0621666666666666,75.5977918333333,43.4172,9.402208166666696,9074.517265415578,b5,85.0,85.0,9085.702799061495
5.87,11.53,0.0978333333333333,75.69562516666663,67.6811,9.30437483333337,5706.260545144826,b5,85.0,85.0,5717.746267925743
5.87,11.52,0.0978333333333333,75.79345849999996,67.6224,9.206541500000045,5646.260545144831,b5,85.0,85.0,5506.147619407204
5.87,11.51,0.0978333333333333,75.89129183333328,67.5637,9.108708166666716,5586.260545144834,b5,85.0,85.0,5406.786996818259
5.29,11.53,0.0881666666666666,75.97945849999995,60.9937,9.02054150000005,6138.742797731603,b5,85.0,85.0,6020.941656732002
5.29,11.53,0.0881666666666666,76.06762516666662,60.9937,8.932374833333384,6078.742797731603,b5,85.0,85.0,5981.752135265225
5.29,11.52,0.0881666666666666,76.15579183333328,60.9408,8.844208166666718,6018.742797731604,b5,85.0,85.0,5893.341898703003
7.54,11.41,0.1256666666666666,76.28145849999994,86.0314,8.718541500000057,4162.698859416473,b5,85.0,85.0,4396.114493053177
7.54,11.4,0.1256666666666666,76.4071251666666,85.956,8.592874833333397,4102.698859416476,b5,85.0,85.0,4219.662582767788
7.54,11.39,0.1256666666666666,76.53279183333326,85.8806,8.467208166666737,4042.698859416479,b5,85.0,85.0,4163.950761297909
9.91,11.28,0.1651666666666666,76.69795849999993,111.7848,8.302041500000072,3015.877840565112,b5,85.0,85.0,3234.296728206043
9.91,11.25,0.1651666666666666,76.86312516666659,111.4875,8.136874833333408,2955.877840565113,b5,85.0,85.0,3161.228460697964
9.91,11.24,0.1651666666666666,77.02829183333326,111.3884,7.971708166666744,2895.8778405651137,b5,85.0,85.0,3096.3505778965605
9.91,11.23,0.1651666666666666,77.19345849999992,111.2893,7.80654150000008,2835.877840565114,b5,85.0,85.0,3023.492050147692
9.91,11.22,0.1651666666666666,77.35862516666658,111.1902,7.641374833333416,2775.8778405651155,b5,85.0,85.0,2995.6900267909296
5.32,11.43,0.0886666666666666,77.44729183333325,60.8076,7.552708166666747,5110.855150375994,b5,85.0,85.0,5014.013971497219
5.32,11.44,0.0886666666666666,77.53595849999992,60.8608,7.464041500000079,5050.855150375993,b5,85.0,85.0,5084.721633690653
5.32,11.45,0.0886666666666666,77.62462516666659,60.914,7.37537483333341,4990.855150375992,b5,85.0,85.0,5112.003271860656
5.32,11.44,0.0886666666666666,77.71329183333326,60.8608,7.286708166666742,4930.855150375991,b5,85.0,85.0,4960.246880607945
5.32,11.44,0.0886666666666666,77.80195849999993,60.8608,7.198041500000073,4870.855150375989,b5,85.0,85.0,4940.665275263625
5.32,11.43,0.0886666666666666,77.8906251666666,60.8076,7.109374833333405,4810.855150375988,b5,85.0,85.0,4826.69077351582
3.74,11.56,0.0623333333333333,77.95295849999992,43.2344,7.047041500000077,6783.2485026738705,b5,85.0,85.0,6796.374083329078
3.74,11.53,0.0623333333333333,78.01529183333325,43.1222,6.984708166666749,6723.248502673876,b5,85.0,85.0,6743.649051763369
3.74,11.52,0.0623333333333333,78.07762516666658,43.0848,6.922374833333421,6663.248502673881,b5,85.0,85.0,6711.82094443291
3.74,11.52,0.0623333333333333,78.1399584999999,43.0848,6.860041500000094,6603.248502673887,b5,85.0,85.0,6629.0055022878
5.32,11.43,0.0886666666666666,78.22862516666657,60.8076,6.771374833333425,4582.133345864724,b5,85.0,85.0,4665.833678456108
5.32,11.42,0.0886666666666666,78.31729183333324,60.7544,6.682708166666757,4522.133345864722,b5,85.0,85.0,4588.0974572507575
5.32,11.42,0.0886666666666666,78.40595849999991,60.7544,6.594041500000088,4462.1333458647205,b5,85.0,85.0,4540.300944352567
5.32,11.42,0.0886666666666666,78.49462516666658,60.7544,6.50537483333342,4402.1333458647205,b5,85.0,85.0,4569.232015988168
5.32,11.41,0.0886666666666666,78.58329183333325,60.70120000000001,6.416708166666751,4342.133345864719,b5,85.0,85.0,4744.431479861131
1.65,11.41,0.0275,78.61079183333325,18.8265,6.389208166666748,13940.090545454725,b5,85.0,85.0,13469.074021854927
1.65,11.41,0.0275,78.63829183333326,18.8265,6.3617081666667445,13880.090545454716,b5,85.0,85.0,13563.6829463237
1.64,11.41,0.0273333333333333,78.66562516666659,18.7124,6.334374833333413,13904.725243902616,b5,85.0,85.0,13786.013570541414
1.65,11.41,0.0275,78.69312516666659,18.8265,6.30687483333341,13760.45418181835,b5,85.0,85.0,13580.554613009504
1.64,11.41,0.0273333333333333,78.72045849999992,18.7124,6.279541500000079,13784.359390244075,b5,85.0,85.0,13746.99903260049
1.64,11.41,0.0273333333333333,78.74779183333325,18.7124,6.2522081666667475,13724.35939024408,b5,85.0,85.0,13666.23590992496
1.64,11.41,0.0273333333333333,78.77512516666658,18.7124,6.224874833333416,13664.359390244084,b5,85.0,85.0,13617.031031876182
1.64,11.41,0.0273333333333333,78.80245849999991,18.7124,6.197541500000085,13604.359390244092,b5,85.0,85.0,13540.429812363991
1.64,11.41,0.0273333333333333,78.82979183333325,18.7124,6.170208166666754,13544.359390244095,b5,85.0,85.0,13480.429812363993
1.64,11.41,0.0273333333333333,78.85712516666658,18.7124,6.142874833333423,13484.3593902441,b5,85.0,85.0,13434.429812363995
1.64,11.41,0.0273333333333333,78.88445849999991,18.7124,6.1155415000000914,13424.359390244104,b5,85.0,85.0,13318.89890470308
1.64,11.41,0.0273333333333333,78.91179183333324,18.7124,6.08820816666676,13364.35939024411,b5,85.0,85.0,13229.809867984675
1.64,11.41,0.0273333333333333,78.93912516666657,18.7124,6.060874833333429,13304.359390244112,b5,85.0,85.0,12975.768627743477
7.59,11.38,0.1265,79.06562516666656,86.3742,5.934374833333436,2814.7232411067685,b5,85.0,85.0,2870.7879275395003
7.59,11.3,0.1265,79.19212516666656,85.76700000000001,5.807874833333443,2754.7232411067716,b5,85.0,85.0,2675.324846852133
7.59,11.29,0.1265,79.31862516666655,85.69109999999999,5.68137483333345,2694.723241106775,b5,85.0,85.0,2645.5114899124897
7.59,11.28,0.1265,79.44512516666654,85.61519999999999,5.554874833333457,2634.7232411067785,b5,85.0,85.0,2605.6617874343715
7.59,11.27,0.1265,79.57162516666654,85.5393,5.428374833333464,2574.7232411067816,b5,85.0,85.0,2569.2633800333383
7.59,11.26,0.1265,79.69812516666653,85.4634,5.301874833333471,2514.723241106785,b5,85.0,85.0,2554.2401090724306
5.33,11.37,0.0888333333333333,79.78695849999986,60.6021,5.213041500000145,3521.0036397749573,b5,85.0,85.0,3408.3654685898787
5.33,11.37,0.0888333333333333,79.87579183333318,60.6021,5.124208166666818,3461.003639774962,b5,85.0,85.0,3389.082530289673
5.33,11.36,0.0888333333333333,79.96462516666651,60.5488,5.035374833333492,3401.0036397749664,b5,85.0,85.0,3358.9144377997586
7.63,11.24,0.1271666666666666,80.09179183333318,85.7612,4.9082081666668245,2315.7993971167193,b5,85.0,85.0,2342.9527627802813
7.63,11.21,0.1271666666666666,80.21895849999984,85.5323,4.781041500000157,2255.799397116719,b5,85.0,85.0,2305.4443479130273
7.63,11.19,0.1271666666666666,80.34612516666651,85.3797,4.653874833333489,2195.7993971167184,b5,85.0,85.0,2241.096357033329
5.36,11.31,0.0893333333333333,80.43545849999984,60.62160000000001,4.564541500000161,3065.7368283583164,b5,85.0,85.0,3020.7984151428686
5.36,11.31,0.0893333333333333,80.52479183333317,60.62160000000001,4.475208166666832,3005.7368283583196,b5,85.0,85.0,3006.6234660736895
5.36,11.29,0.0893333333333333,80.6141251666665,60.5144,4.385874833333503,2945.7368283583223,b5,85.0,85.0,2947.7893456043357
5.36,11.29,0.0893333333333333,80.70345849999983,60.5144,4.296541500000174,2885.736828358326,b5,85.0,85.0,2924.384623359607
12.29,10.89,0.2048333333333333,80.90829183333317,133.8381,4.091708166666834,1198.5475508544023,b5,85.0,85.0,1360.6593131655598
12.29,10.82,0.2048333333333333,81.1131251666665,132.9778,3.8868748333334935,1138.5475508544002,b5,85.0,85.0,1319.865174593107
12.29,10.7,0.2048333333333333,81.31795849999985,131.503,3.682041500000153,1078.5475508543982,b5,85.0,85.0,1238.7191463506585
1.66,10.7,0.0276666666666666,81.34562516666651,17.761999999999997,3.654374833333492,7925.150240964199,b5,85.0,85.0,7987.660471500365
1.66,10.7,0.0276666666666666,81.37329183333317,17.761999999999997,3.6267081666668304,7865.150240964211,b5,85.0,85.0,7962.460471500365
1.65,10.7,0.0275,81.40079183333317,17.654999999999998,3.599208166666827,7852.817818182169,b5,85.0,85.0,7807.085898194245
1.65,10.7,0.0275,81.42829183333318,17.654999999999998,3.5717081666668236,7792.81781818216,b5,85.0,85.0,7797.145952827322
1.65,10.7,0.0275,81.45579183333318,17.654999999999998,3.54420816666682,7732.817818182154,b5,85.0,85.0,7750.181520523559
1.65,10.7,0.0275,81.48329183333318,17.654999999999998,3.5167081666668167,7672.817818182146,b5,85.0,85.0,7728.781520523559
1.65,10.7,0.0275,81.51079183333319,17.654999999999998,3.4892081666668133,7612.817818182139,b5,85.0,85.0,7696.666506138194
1.65,10.7,0.0275,81.53829183333319,17.654999999999998,3.46170816666681,7552.81781818213,b5,85.0,85.0,7583.026690671016
1.65,10.7,0.0275,81.5657918333332,17.654999999999998,3.4342081666668065,7492.817818182124,b5,85.0,85.0,7515.766011149504
1.59,10.7,0.0265,81.59229183333319,17.012999999999998,3.407708166666808,7715.565660377678,b5,85.0,85.0,9590.085241898247
1.58,10.7,0.0263333333333333,81.61862516666652,16.906,3.3813748333334814,7704.398354430717,b5,85.0,85.0,19548.265607278314
4.04,11.36,0.0673333333333333,81.68595849999986,45.8944,3.314041500000144,2953.106287128842,b5,85.0,85.0,2965.4564169137643
4.04,11.34,0.0673333333333333,81.7532918333332,45.8136,3.2467081666668065,2893.1062871288377,b5,85.0,85.0,2853.117063967324
4.04,11.34,0.0673333333333333,81.82062516666653,45.8136,3.179374833333469,2833.1062871288336,b5,85.0,85.0,2830.706182595387
4.04,11.33,0.0673333333333333,81.88795849999987,45.7732,3.1120415000001316,2773.10628712883,b5,85.0,85.0,2775.7825124858537
4.04,11.33,0.0673333333333333,81.9552918333332,45.7732,3.044708166666794,2713.106287128827,b5,85.0,85.0,2745.3354337141473
5.67,11.25,0.0945,82.0497918333332,63.7875,2.9502081666667976,1873.1480423281257,b5,85.0,85.0,2012.6272555145276
5.67,11.22,0.0945,82.1442918333332,63.6174,2.855708166666801,1813.148042328128,b5,85.0,85.0,1760.1073703405727
5.67,11.21,0.0945,82.2387918333332,63.5607,2.7612081666668047,1753.14804232813,b5,85.0,85.0,1732.0337610973284
5.67,11.2,0.0945,82.33329183333319,63.504,2.666708166666808,1693.1480423281323,b5,85.0,85.0,1648.9300140633418
5.67,11.2,0.0945,82.42779183333319,63.504,2.5722081666668117,1633.1480423281344,b5,85.0,85.0,1589.583563158288
5.67,11.19,0.0945,82.52229183333318,63.4473,2.4777081666668153,1573.1480423281369,b5,85.0,85.0,1579.2791140076542
8.78,11.0,0.1463333333333333,82.66862516666652,96.58,2.3313748333334843,955.9167881549596,b5,85.0,85.0,1046.7525146073235
8.78,10.98,0.1463333333333333,82.81495849999985,96.4044,2.1850415000001533,895.9167881549604,b5,85.0,85.0,1031.5255450159075
8.78,10.96,0.1463333333333333,82.96129183333318,96.2288,2.0387081666668223,835.9167881549614,b5,85.0,85.0,976.500209677043
6.78,11.06,0.113,83.07429183333318,74.9868,1.9257081666668228,1022.4999115045076,b5,85.0,85.0,1001.4355807096858
6.78,11.04,0.113,83.18729183333318,74.85119999999999,1.8127081666668232,962.4999115045078,b5,85.0,85.0,934.7792014416655
6.78,11.03,0.113,83.30029183333318,74.7834,1.6997081666668237,902.499911504508,b5,85.0,85.0,921.5219337577239
4.15,11.19,0.0691666666666666,83.36945849999984,46.438500000000005,1.630541500000163,1414.4456385543583,b5,85.0,85.0,1407.9553623206914
4.15,11.2,0.0691666666666666,83.4386251666665,46.48,1.5613748333335025,1354.4456385543635,b5,85.0,85.0,1375.4905532313776
4.15,11.2,0.0691666666666666,83.50779183333316,46.48,1.492208166666842,1294.4456385543688,b5,85.0,85.0,1348.7334157562489
4.15,11.2,0.0691666666666666,83.57695849999982,46.48,1.4230415000001813,1234.445638554374,b5,85.0,85.0,1227.1021269852786
6.42,11.06,0.107,83.68395849999982,71.0052,1.316041500000182,737.9671962617844,b5,85.0,85.0,873.2055834642005
6.42,11.03,0.107,83.79095849999982,70.81259999999999,1.2090415000001826,677.9671962617847,b5,85.0,85.0,753.1641635028218
11.58,10.7,0.193,83.98395849999982,123.906,1.0160415000001848,315.86782383425435,b5,85.0,85.0,466.6069879813521
11.58,10.65,0.193,84.17695849999981,123.327,0.8230415000001869,255.867823834255,b5,85.0,85.0,379.93321327641587
11.58,10.58,0.193,84.36995849999981,122.5164,0.6300415000001891,195.8678238342557,b5,85.0,85.0,337.4953291506312
4.27,11.02,0.0711666666666666,84.44112516666648,47.05539999999999,0.558874833333519,471.1825292741612,b5,85.0,85.0,381.3261966904148
4.27,11.06,0.0711666666666666,84.51229183333315,47.2262,0.4877081666668488,411.1825292741583,b5,85.0,85.0,347.38112326947817
4.27,11.07,0.0711666666666666,84.58345849999982,47.268899999999995,0.4165415000001786,351.18252927415534,b5,85.0,85.0,334.1281850299734
4.27,11.07,0.0711666666666666,84.65462516666649,47.268899999999995,0.3453748333335085,291.1825292741524,b5,85.0,85.0,290.76646968001796
4.27,11.06,0.0711666666666666,84.72579183333316,47.2262,0.2742081666668383,231.18252927414943,b5,85.0,85.0,242.38523479940116
4.27,11.06,0.0711666666666666,84.79695849999983,47.2262,0.2030415000001681,171.1825292741465,b5,85.0,85.0,197.58030221969707
5.75,10.96,0.0958333333333333,84.89279183333316,63.02,0.1072081666668367,67.12163478271518,b5,85.0,85.0,149.07849619986482
5.75,10.94,0.0958333333333333,84.9886251666665,62.904999999999994,0.0113748333335053,7.121634782716367,b5,85.0,85.0,75.74135961454236
5.75,10.93,0.0958333333333333,85.08445849999983,62.8475,-0.0844584999998261,-52.87836521728245,b5,85.0,85.0,26.742530304376018
5.75,10.92,0.0958333333333333,85.18029183333316,62.79,-0.1802918333331575,-112.87836521728126,b5,85.0,85.0,-21.993696059300618
5.75,10.91,0.0958333333333333,85.27612516666649,62.7325,-0.276125166666489,-172.87836521728008,b5,85.0,85.0,-69.04147020158373
4.13,11.03,0.0688333333333333,85.34495849999982,45.5539,-0.3449584999998194,-300.69021791751817,b5,85.0,85.0,-250.52258989695798
4.13,11.03,0.0688333333333333,85.41379183333315,45.5539,-0.4137918333331498,-360.6902179175156,b5,85.0,85.0,-337.7048029563013
4.13,11.03,0.0688333333333333,85.48262516666648,45.5539,-0.4826251666664802,-420.69021791751305,b5,85.0,85.0,-391.190941579214
4.13,11.03,0.0688333333333333,85.55145849999981,45.5539,-0.5514584999998107,-480.69021791751055,b5,85.0,85.0,-434.9255978907609
4.13,11.03,0.0688333333333333,85.62029183333314,45.5539,-0.6202918333331411,-540.690217917508,b5,85.0,85.0,-480.12717661037937
4.13,11.03,0.0688333333333333,85.68912516666647,45.5539,-0.6891251666664715,-600.6902179175055,b5,85.0,85.0,-528.0810055666685
11.38,10.28,0.1896666666666666,85.87879183333314,116.9864,-0.878791833333139,-278.000931458638,b5,85.0,85.0,-303.67016105333596
11.38,10.24,0.1896666666666666,86.0684584999998,116.5312,-1.0684584999998066,-338.00093145863826,b5,85.0,85.0,-349.9706461111652
11.38,10.22,0.1896666666666666,86.25812516666647,116.30360000000002,-1.258125166666474,-398.0009314586385,b5,85.0,85.0,-427.7524794903027
11.38,9.93,0.1896666666666666,86.44779183333314,113.0034,-1.4477918333331417,-458.0009314586388,b5,85.0,85.0,-498.9265811428748
6.81,10.4,0.1134999999999999,86.56129183333314,70.824,-1.5612918333331436,-825.3525110131156,b5,85.0,85.0,-831.2933028917677
6.81,10.39,0.1134999999999999,86.67479183333315,70.7559,-1.6747918333331455,-885.3525110131166,b5,85.0,85.0,-876.8392210101312
6.81,10.35,0.1134999999999999,86.78829183333315,70.48349999999999,-1.7882918333331477,-945.3525110131176,b5,85.0,85.0,-1089.6860431903858
1.88,10.35,0.0313333333333333,86.81962516666648,19.458,-1.8196251666664836,-3484.388617020926,b5,85.0,85.0,-3390.550135361527
1.81,10.35,0.0301666666666666,86.84979183333316,18.7335,-1.8497918333331569,-3679.143977900201,b5,85.0,85.0,-3697.062578022101
1.81,10.35,0.0301666666666666,86.87995849999983,18.7335,-1.8799584999998304,-3739.1439779002144,b5,85.0,85.0,-3748.5075590336005
1.8,10.35,0.03,86.90995849999983,18.63,-1.9099584999998311,-3819.916999999663,b5,85.0,85.0,-3829.3255985878222
1.75,10.35,0.0291666666666666,86.9391251666665,18.1125,-1.9391251666665,-3989.0574857139422,b5,85.0,85.0,-4024.2842826878646
1.75,10.35,0.0291666666666666,86.96829183333317,18.1125,-1.9682918333331685,-4049.057485713947,b5,85.0,85.0,-4065.708173197336
1.74,10.35,0.029,86.99729183333316,18.009,-1.9972918333331648,-4132.327931034134,b5,85.0,85.0,-4164.875996643713
1.74,10.35,0.029,87.02629183333316,18.009,-2.026291833333161,-4192.327931034127,b5,85.0,85.0,-4194.87599664371
1.74,10.35,0.029,87.05529183333316,18.009,-2.0552918333331576,-4252.3279310341195,b5,85.0,85.0,-4227.386269247978
1.74,10.35,0.029,87.08429183333315,18.009,-2.084291833333154,-4312.327931034111,b5,85.0,85.0,-4278.986269247972
1.74,10.35,0.029,87.11329183333315,18.009,-2.1132918333331503,-4372.327931034104,b5,85.0,85.0,-4375.186269247956
1.74,10.35,0.029,87.14229183333315,18.009,-2.1422918333331467,-4432.327931034097,b5,85.0,85.0,-4427.48416430338
1.74,10.35,0.029,87.17129183333314,18.009,-2.171291833333143,-4492.3279310340895,b5,85.0,85.0,-4466.684164303372
1.74,10.35,0.029,87.20029183333314,18.009,-2.2002918333331394,-4552.327931034081,b5,85.0,85.0,-4493.377849469657
1.69,10.35,0.0281666666666666,87.2284584999998,17.4915,-2.228458499999803,-4747.012189348693,b5,85.0,85.0,-4783.824819016107
1.69,10.35,0.0281666666666666,87.25662516666647,17.4915,-2.256625166666467,-4807.012189348688,b5,85.0,85.0,-4818.314294293261
1.69,10.35,0.0281666666666666,87.28479183333313,17.4915,-2.2847918333331307,-4867.01218934868,b5,85.0,85.0,-4854.8121893486905
1.69,10.35,0.0281666666666666,87.3129584999998,17.4915,-2.3129584999997945,-4927.012189348675,b5,85.0,85.0,-4920.812189348685
1.69,10.35,0.0281666666666666,87.34112516666646,17.4915,-2.3411251666664583,-4987.0121893486685,b5,85.0,85.0,-5002.612189348679
1.69,10.35,0.0281666666666666,87.36929183333312,17.4915,-2.369291833333122,-5047.012189348663,b5,85.0,85.0,-5045.812189348669
1.69,10.35,0.0281666666666666,87.39745849999979,17.4915,-2.397458499999786,-5107.012189348656,b5,85.0,85.0,-5108.212189348662
1.69,10.35,0.0281666666666666,87.42562516666645,17.4915,-2.4256251666664497,-5167.01218934865,b5,85.0,85.0,-5174.412189348657
1.69,10.35,0.0281666666666666,87.45379183333311,17.4915,-2.4537918333331135,-5227.012189348644,b5,85.0,85.0,-5219.412189348654
1.69,10.35,0.0281666666666666,87.48195849999978,17.4915,-2.4819584999997772,-5287.0121893486385,b5,85.0,85.0,-5252.012189348646
1.69,10.35,0.0281666666666666,87.51012516666644,17.4915,-2.510125166666441,-5347.012189348631,b5,85.0,85.0,-5360.0121893486175
1.69,10.35,0.0281666666666666,87.5382918333331,17.4915,-2.538291833333105,-5407.012189348626,b5,85.0,85.0,-5416.012189348612
1.69,10.35,0.0281666666666666,87.56645849999977,17.4915,-2.5664584999997686,-5467.012189348619,b5,85.0,85.0,-5454.212189348608
1.69,10.35,0.0281666666666666,87.59462516666643,17.4915,-2.5946251666664324,-5527.012189348614,b5,85.0,85.0,-5528.212189348603
1.69,10.35,0.0281666666666666,87.6227918333331,17.4915,-2.622791833333096,-5587.012189348607,b5,85.0,85.0,-5582.417342222644
1.69,10.35,0.0281666666666666,87.65095849999976,17.4915,-2.65095849999976,-5647.012189348601,b5,85.0,85.0,-5629.371392743914
1.68,10.35,0.028,87.67895849999977,17.387999999999998,-2.6789584999997658,-5740.625357142356,b5,85.0,85.0,-5796.04601231987
1.68,10.35,0.028,87.70695849999977,17.387999999999998,-2.7069584999997716,-5800.625357142369,b5,85.0,85.0,-5831.710977958089
1.68,10.35,0.028,87.73495849999978,17.387999999999998,-2.734958499999778,-5860.6253571423795,b5,85.0,85.0,-5894.431416884574
1.68,10.35,0.028,87.76295849999978,17.387999999999998,-2.762958499999783,-5920.625357142392,b5,85.0,85.0,-5924.255504669875
1.68,10.35,0.028,87.79095849999979,17.387999999999998,-2.790958499999789,-5980.625357142405,b5,85.0,85.0,-5971.055504669881
1.68,10.35,0.028,87.8189584999998,17.387999999999998,-2.8189584999997948,-6040.625357142418,b5,85.0,85.0,-6006.325108811895
1.68,10.35,0.028,87.8469584999998,17.387999999999998,-2.846958499999801,-6100.62535714243,b5,85.0,85.0,-6015.9441564309445
1.68,10.35,0.028,87.8749584999998,17.387999999999998,-2.8749584999998063,-6160.625357142442,b5,85.0,85.0,-6074.079208501955
1.69,10.35,0.0281666666666666,87.90312516666647,17.4915,-2.90312516666647,-6184.171952662303,b5,85.0,85.0,-6271.713180973077
1.69,10.35,0.0281666666666666,87.93129183333313,17.4915,-2.931291833333134,-6244.171952662297,b5,85.0,85.0,-6301.069777831351
1.69,10.35,0.0281666666666666,87.9594584999998,17.4915,-2.9594584999997977,-6304.171952662291,b5,85.0,85.0,-6310.260380818108
1.69,10.35,0.0281666666666666,87.98762516666646,17.4915,-2.9876251666664615,-6364.171952662286,b5,85.0,85.0,-6333.858013954202
1.68,10.35,0.028,88.01562516666647,17.387999999999998,-3.0156251666664673,-6462.053928571002,b5,85.0,85.0,-6489.461185805454
1.69,10.35,0.0281666666666666,88.04379183333313,17.4915,-3.043791833333131,-6483.8169230764925,b5,85.0,85.0,-6410.5551505419835
1.68,10.35,0.028,88.07179183333314,17.387999999999998,-3.071791833333137,-6582.4110714281505,b5,85.0,85.0,-6590.499971435199
1.68,10.35,0.028,88.09979183333314,17.387999999999998,-3.0997918333331427,-6642.411071428163,b5,85.0,85.0,-6629.455036270382
1.68,10.35,0.028,88.12779183333315,17.387999999999998,-3.1277918333331485,-6702.411071428176,b5,85.0,85.0,-6685.655036270398
1.68,10.35,0.028,88.15579183333315,17.387999999999998,-3.1557918333331543,-6762.411071428188,b5,85.0,85.0,-6725.255036270408
1.68,10.35,0.028,88.18379183333316,17.387999999999998,-3.18379183333316,-6822.411071428201,b5,85.0,85.0,-6742.114694624634
3.42,11.11,0.057,88.24079183333316,37.996199999999995,-3.2407918333331622,-3411.3598245612234,b5,85.0,85.0,-3575.802565297781
3.42,11.11,0.057,88.29779183333316,37.996199999999995,-3.2977918333331644,-3471.3598245612257,b5,85.0,85.0,-3422.692613292351
3.42,11.1,0.057,88.35479183333317,37.962,-3.3547918333331666,-3531.359824561228,b5,85.0,85.0,-3462.6378641726706
3.42,11.09,0.057,88.41179183333317,37.9278,-3.4117918333331687,-3591.35982456123,b5,85.0,85.0,-3544.0406393458584
3.42,11.08,0.057,88.46879183333317,37.8936,-3.468791833333171,-3651.359824561233,b5,85.0,85.0,-3606.9692464584314
5.89,10.88,0.0981666666666666,88.56695849999984,64.0832,-3.566958499999842,-2180.1444142613636,b5,85.0,85.0,-2075.7719331961734
5.89,10.82,0.0981666666666666,88.66512516666651,63.7298,-3.6651251666665137,-2240.1444142613664,b5,85.0,85.0,-2231.328575723998
5.89,10.79,0.0981666666666666,88.76329183333318,63.55309999999999,-3.763291833333184,-2300.144414261369,b5,85.0,85.0,-2280.5083354762996
5.89,10.76,0.0981666666666666,88.86145849999986,63.3764,-3.861458499999856,-2360.144414261372,b5,85.0,85.0,-2349.2981625990706
5.89,10.74,0.0981666666666666,88.95962516666653,63.2586,-3.9596251666665263,-2420.144414261375,b5,85.0,85.0,-2376.244337606836
5.89,10.72,0.0981666666666666,89.0577918333332,63.1408,-4.057791833333198,-2480.1444142613777,b5,85.0,85.0,-2388.3359680302797
11.24,10.19,0.1873333333333333,89.24512516666653,114.5356,-4.245125166666526,-1359.6486298931932,b5,85.0,85.0,-1358.4738187968812
11.24,10.08,0.1873333333333333,89.43245849999985,113.2992,-4.4324584999998535,-1419.6486298931914,b5,85.0,85.0,-1424.8681839120732
11.24,9.76,0.1873333333333333,89.61979183333318,109.7024,-4.619791833333181,-1479.6486298931898,b5,85.0,85.0,-1633.78965513717
6.75,10.24,0.1125,89.73229183333318,69.12,-4.7322918333331785,-2523.8889777776953,b5,85.0,85.0,-2555.872243609053
6.75,10.22,0.1125,89.84479183333318,68.985,-4.844791833333176,-2583.8889777776935,b5,85.0,85.0,-2562.601269293395
6.75,10.18,0.1125,89.95729183333317,68.715,-4.957291833333173,-2643.888977777692,b5,85.0,85.0,-2617.271925789124
4.53,10.45,0.0755,90.03279183333318,47.3385,-5.032791833333178,-3999.5696688740486,b5,85.0,85.0,-3883.8615375315862
4.53,10.5,0.0755,90.10829183333318,47.565000000000005,-5.108291833333183,-4059.5696688740527,b5,85.0,85.0,-3951.0678856452205
4.53,10.49,0.0755,90.1837918333332,47.5197,-5.1837918333331885,-4119.569668874056,b5,85.0,85.0,-3981.003567888773
4.53,10.48,0.0755,90.2592918333332,47.4744,-5.259291833333194,-4179.569668874061,b5,85.0,85.0,-4062.2746731870025
4.07,10.81,0.0678333333333333,90.32712516666652,43.9967,-5.327125166666534,-4711.953464373346,b5,85.0,85.0,-4395.991760673459
4.07,10.69,0.0678333333333333,90.39495849999987,43.5083,-5.394958499999873,-4771.953464373351,b5,85.0,85.0,-4480.021363222187
6.77,10.4,0.1128333333333333,90.5077918333332,70.408,-5.507791833333201,-2928.8110192022928,b5,85.0,85.0,-2738.720719274307
6.77,10.27,0.1128333333333333,90.62062516666651,69.52789999999999,-5.620625166666528,-2988.81101920229,b5,85.0,85.0,-2841.3297437333285
6.77,10.16,0.1128333333333333,90.73345849999986,68.7832,-5.7334584999998555,-3048.811019202287,b5,85.0,85.0,-2855.7246805329437
8.02,9.73,0.1336666666666666,90.86712516666653,78.0346,-5.867125166666526,-2633.62226932662,b5,85.0,85.0,-2340.988965328918
8.02,9.55,0.1336666666666666,91.0007918333332,76.59100000000001,-6.000791833333196,-2693.6222693266213,b5,85.0,85.0,-2271.2956505127354
8.02,9.16,0.1336666666666666,91.13445849999988,73.4632,-6.134458499999866,-2753.6222693266236,b5,85.0,85.0,-2316.7705237517666
21.38,12.04,0.3563333333333333,0.3563333333333333,257.41519999999997,79.64366666666666,13410.533208606172,tn1,85.0,80.0,13305.729368696004
21.87,12.03,0.3645,0.7208333333333333,263.0961,79.27916666666667,13050.068587105625,tn1,85.0,80.0,13017.725115652021
21.89,12.02,0.3648333333333333,1.0856666666666666,263.1178,78.91433333333333,12978.145271813612,tn1,85.0,80.0,12852.692960271213
21.87,12.02,0.3645,1.4501666666666666,262.8774,78.54983333333334,12930.013717421123,tn1,85.0,80.0,12969.646266194972
18.29,12.09,0.3048333333333333,1.755,221.1261,78.245,15400.87479496993,tn1,85.0,80.0,15389.475651313916
18.28,12.09,0.3046666666666667,2.0596666666666668,221.0052,77.94033333333333,15349.299781181617,tn1,85.0,80.0,15366.083138260832
18.28,12.08,0.3046666666666667,2.3643333333333336,220.8224,77.63566666666667,15289.29978118162,tn1,85.0,80.0,15249.433557319688
18.27,12.08,0.3045,2.6688333333333336,220.7016,77.33116666666666,15237.668308702789,tn1,85.0,80.0,15265.817679753207
24.29,11.96,0.4048333333333333,3.073666666666667,290.5084,76.92633333333333,11401.185673116508,tn1,85.0,80.0,11535.677990478469
22.71,11.99,0.3785,3.452166666666667,272.29290000000003,76.54783333333333,12134.39894319683,tn1,85.0,80.0,12207.624663329423
22.7,11.98,0.3783333333333333,3.8305,271.946,76.1695,12079.74449339207,tn1,85.0,80.0,12120.495415943282
18.57,12.04,0.3095,4.140000000000001,223.5828,75.86,14706.300484652666,tn1,85.0,80.0,14456.844979339487
18.15,12.06,0.3025,4.442500000000001,218.889,75.5575,14986.611570247936,tn1,85.0,80.0,15117.018975382878
15.67,12.11,0.2611666666666666,4.703666666666668,189.7637,75.29633333333334,17298.455647734525,tn1,85.0,80.0,16502.001411744088
16.82,12.09,0.2803333333333333,4.984000000000001,203.3538,75.016,16055.74316290131,tn1,85.0,80.0,15916.521659921898
16.76,12.08,0.2793333333333334,5.2633333333333345,202.4608,74.73666666666666,16053.22195704057,tn1,85.0,80.0,15935.282754877502
14.58,12.12,0.243,5.506333333333335,176.7096,74.49366666666667,18393.49794238683,tn1,85.0,80.0,18292.39277247036
17.42,12.06,0.2903333333333334,5.796666666666669,210.08520000000004,74.20333333333333,15334.78760045924,tn1,85.0,80.0,15213.400190248281
17.4,12.06,0.29,6.086666666666669,209.844,73.91333333333333,15292.41379310345,tn1,85.0,80.0,15134.262145406958
19.97,12.01,0.3328333333333333,6.419500000000002,239.8397,73.5805,13264.386579869804,tn1,85.0,80.0,13093.421534942827
19.95,12.0,0.3324999999999999,6.752000000000002,239.4,73.248,13217.684210526317,tn1,85.0,80.0,13054.409443475355
10.44,12.19,0.174,6.926000000000002,127.26359999999998,73.074,25197.931034482757,tn1,85.0,80.0,25152.675840922366
10.44,12.19,0.174,7.100000000000002,127.26359999999998,72.89999999999999,25137.931034482754,tn1,85.0,80.0,25137.781493322294
13.94,12.11,0.2323333333333333,7.332333333333335,168.81339999999997,72.66766666666666,18766.398852223818,tn1,85.0,80.0,18464.341418317428
22.67,11.95,0.3778333333333333,7.710166666666669,270.9065,72.28983333333333,11479.638288486984,tn1,85.0,80.0,11702.815686837264
22.65,11.94,0.3775,8.087666666666669,270.441,71.91233333333334,11429.774834437088,tn1,85.0,80.0,11585.788099285644
18.46,12.01,0.3076666666666667,8.395333333333335,221.7046,71.60466666666666,13964.073672806066,tn1,85.0,80.0,13885.357869804993
18.46,12.01,0.3076666666666667,8.703000000000001,221.7046,71.297,13904.073672806066,tn1,85.0,80.0,13848.589279929649
9.5,12.19,0.1583333333333333,8.861333333333334,115.805,71.13866666666667,26957.81052631579,tn1,85.0,80.0,26224.371926471496
19.24,12.02,0.3206666666666666,9.182,231.2648,70.818,13250.76923076923,tn1,85.0,80.0,13099.411142937122
19.65,11.98,0.3274999999999999,9.5095,235.407,70.4905,12914.290076335878,tn1,85.0,80.0,12819.677470914537
24.1,11.9,0.4016666666666666,9.911166666666668,286.79,70.08883333333333,10469.701244813275,tn1,85.0,80.0,10681.308565867575
20.51,11.95,0.3418333333333334,10.253000000000002,245.0945,69.747,12242.28181374939,tn1,85.0,80.0,12221.968750207665
20.51,11.95,0.3418333333333334,10.594833333333336,245.0945,69.40516666666666,12182.281813749389,tn1,85.0,80.0,12197.236948534492
20.49,11.95,0.3414999999999999,10.936333333333335,244.8555,69.06366666666666,12134.172767203514,tn1,85.0,80.0,12176.949883421847
19.06,11.96,0.3176666666666666,11.254,227.9576,68.746,12984.55403987408,tn1,85.0,80.0,12777.131893507549
20.03,11.95,0.3338333333333333,11.587833333333334,239.3585,68.41216666666666,12295.746380429357,tn1,85.0,80.0,12274.210525907009
20.02,11.94,0.3336666666666666,11.9215,239.0388,68.0785,12241.888111888113,tn1,85.0,80.0,12237.196883791854
16.37,12.0,0.2728333333333333,12.194333333333333,196.44,67.80566666666667,14911.447770311544,tn1,85.0,80.0,14864.380911396338
22.65,11.9,0.3775,12.571833333333332,269.53499999999997,67.42816666666667,10717.059602649008,tn1,85.0,80.0,10854.303173125589
22.62,11.89,0.377,12.948833333333331,268.95180000000005,67.05116666666666,10671.27320954907,tn1,85.0,80.0,10744.77824938359
8.51,12.15,0.1418333333333333,13.090666666666666,103.3965,66.90933333333334,28304.77085781434,tn1,85.0,80.0,28021.328992131937
8.51,12.15,0.1418333333333333,13.232499999999998,103.3965,66.7675,28244.770857814336,tn1,85.0,80.0,27955.005162526228
11.98,12.08,0.1996666666666667,13.432166666666664,144.7184,66.56783333333334,20003.689482470785,tn1,85.0,80.0,20221.19059035456
16.12,12.0,0.2686666666666666,13.700833333333332,193.44,66.29916666666666,14806.265508684864,tn1,85.0,80.0,14816.627590858514
16.12,11.99,0.2686666666666666,13.969499999999998,193.2788,66.0305,14746.265508684864,tn1,85.0,80.0,14751.264558431973
16.11,11.99,0.2685,14.237999999999998,193.1589,65.762,14695.418994413409,tn1,85.0,80.0,14725.514552878309
6.09,12.18,0.1014999999999999,14.339499999999996,74.1762,65.6605,38814.08866995074,tn1,85.0,80.0,37570.595671880335
6.1,12.2,0.1016666666666666,14.441166666666664,74.41999999999999,65.55883333333334,38690.45901639345,tn1,85.0,80.0,37664.45564746616
18.18,11.95,0.303,14.744166666666665,217.251,65.25583333333333,12921.94719471947,tn1,85.0,80.0,13057.151488111025
22.54,11.87,0.3756666666666666,15.119833333333332,267.54979999999995,64.88016666666667,10362.404614019522,tn1,85.0,80.0,10410.63051870725
19.0,11.92,0.3166666666666666,15.4365,226.48,64.5635,12233.084210526316,tn1,85.0,80.0,12250.584528869666
18.99,11.92,0.3164999999999999,15.752999999999998,226.3608,64.247,12179.526066350712,tn1,85.0,80.0,12245.217675712844
18.99,11.91,0.3164999999999999,16.069499999999998,226.1709,63.9305,12119.526066350712,tn1,85.0,80.0,12217.157719942992
12.25,12.03,0.2041666666666666,16.273666666666664,147.36749999999998,63.726333333333336,18727.738775510206,tn1,85.0,80.0,18716.34321925191
12.24,12.03,0.204,16.477666666666664,147.2472,63.522333333333336,18683.039215686276,tn1,85.0,80.0,18648.064757508404
16.08,11.96,0.2679999999999999,16.745666666666665,192.3168,63.254333333333335,14161.417910447764,tn1,85.0,80.0,14144.055058909882
16.08,11.95,0.2679999999999999,17.013666666666666,192.156,62.986333333333334,14101.417910447764,tn1,85.0,80.0,14074.375269061104
16.07,11.95,0.2678333333333333,17.281499999999998,192.0365,62.718500000000006,14050.192906036094,tn1,85.0,80.0,14008.187116238021
12.57,12.01,0.2095,17.490999999999996,150.9657,62.509,17902.33890214797,tn1,85.0,80.0,17785.283011056315
12.57,12.01,0.2095,17.700499999999995,150.9657,62.29950000000001,17842.338902147974,tn1,85.0,80.0,17789.28700197832
12.58,12.01,0.2096666666666666,17.91016666666666,151.0858,62.08983333333334,17768.155802861686,tn1,85.0,80.0,17791.33817308386
10.06,12.06,0.1676666666666666,18.077833333333327,121.3236,61.92216666666667,22159.025844930416,tn1,85.0,80.0,21887.391365334803
10.06,12.06,0.1676666666666666,18.245499999999993,121.3236,61.75450000000001,22099.025844930416,tn1,85.0,80.0,21870.049770563564
21.41,11.85,0.3568333333333333,18.602333333333327,253.7085,61.39766666666667,10323.755254553947,tn1,85.0,80.0,10451.95737562528
21.88,11.83,0.3646666666666666,18.966999999999995,258.8404,61.033,10041.992687385742,tn1,85.0,80.0,10300.679781167222
11.89,12.01,0.1981666666666666,19.16516666666666,142.7989,60.834833333333336,18419.29352396972,tn1,85.0,80.0,18327.254438965578
11.88,12.01,0.198,19.36316666666666,142.6788,60.63683333333334,18374.797979797982,tn1,85.0,80.0,18280.237970531754
15.12,11.94,0.252,19.61516666666666,180.5328,60.38483333333334,14377.341269841272,tn1,85.0,80.0,14329.30428117178
15.12,11.94,0.252,19.86716666666666,180.5328,60.13283333333334,14317.341269841272,tn1,85.0,80.0,14269.126185535606
15.12,11.93,0.252,20.119166666666658,180.3816,59.88083333333334,14257.341269841272,tn1,85.0,80.0,14219.079646324133
15.11,11.93,0.2518333333333333,20.37099999999999,180.2623,59.629000000000005,14206.776968894774,tn1,85.0,80.0,14160.546201087687
15.11,11.93,0.2518333333333333,20.622833333333325,180.2623,59.377166666666675,14146.776968894774,tn1,85.0,80.0,14131.217062393085
15.1,11.92,0.2516666666666666,20.87449999999999,179.992,59.12550000000001,14096.14569536424,tn1,85.0,80.0,14056.333289167396
15.1,11.92,0.2516666666666666,21.126166666666656,179.992,58.873833333333344,14036.14569536424,tn1,85.0,80.0,14034.957870932029
15.1,11.92,0.2516666666666666,21.37783333333332,179.992,58.62216666666668,13976.14569536424,tn1,85.0,80.0,14016.448085668295
15.1,11.91,0.2516666666666666,21.629499999999982,179.841,58.370500000000014,13916.14569536424,tn1,85.0,80.0,13884.36476310324
17.65,11.86,0.2941666666666666,21.92366666666665,209.329,58.07633333333335,11845.597733711053,tn1,85.0,80.0,11797.930445755179
17.64,11.86,0.294,22.217666666666652,209.2104,57.78233333333335,11792.31292517007,tn1,85.0,80.0,11767.50602875277
19.74,11.82,0.3289999999999999,22.546666666666653,233.3268,57.45333333333335,10477.81155015198,tn1,85.0,80.0,10632.740029101291
24.71,11.72,0.4118333333333333,22.958499999999987,289.6012,57.04150000000001,8310.37636584379,tn1,85.0,80.0,8297.730939978788
24.69,11.72,0.4115,23.369999999999987,289.3668,56.63000000000001,8257.108140947754,tn1,85.0,80.0,8251.62459065231
24.66,11.71,0.411,23.780999999999988,288.76860000000005,56.21900000000001,8207.153284671534,tn1,85.0,80.0,8181.330179462486
24.65,11.7,0.4108333333333333,24.19183333333332,288.405,55.80816666666668,8150.482758620692,tn1,85.0,80.0,8130.216758196728
24.62,11.69,0.4103333333333333,24.602166666666655,287.8078,55.397833333333345,8100.414297319254,tn1,85.0,80.0,8084.560804185418
14.77,11.86,0.2461666666666666,24.84833333333332,175.17219999999998,55.15166666666668,13442.51861882194,tn1,85.0,80.0,13413.754934525372
14.77,11.86,0.2461666666666666,25.09449999999999,175.17219999999998,54.90550000000001,13382.51861882194,tn1,85.0,80.0,13357.43657617144
18.37,11.8,0.3061666666666667,25.400666666666655,216.766,54.59933333333335,10699.923788786067,tn1,85.0,80.0,10779.258253720807
18.35,11.79,0.3058333333333333,25.706499999999988,216.3465,54.29350000000001,10651.585831062672,tn1,85.0,80.0,10762.422448253867
14.07,11.86,0.2345,25.94099999999999,166.87019999999998,54.05900000000001,13831.72707889126,tn1,85.0,80.0,13625.889883432963
14.07,11.86,0.2345,26.17549999999999,166.87019999999998,53.824500000000015,13771.72707889126,tn1,85.0,80.0,13613.5256739546
14.07,11.86,0.2345,26.40999999999999,166.87019999999998,53.59000000000001,13711.72707889126,tn1,85.0,80.0,13550.963144609826
10.5,11.93,0.175,26.58499999999999,125.265,53.415000000000006,18313.71428571429,tn1,85.0,80.0,17705.87283204353
16.66,11.81,0.2776666666666667,26.862666666666655,196.7546,53.137333333333345,11482.256902761108,tn1,85.0,80.0,11532.65037324152
16.65,11.8,0.2774999999999999,27.140166666666655,196.47,52.85983333333334,11429.153153153156,tn1,85.0,80.0,11435.972927820783
16.65,11.8,0.2774999999999999,27.417666666666655,196.47,52.582333333333345,11369.153153153156,tn1,85.0,80.0,11415.595560335885
16.64,11.79,0.2773333333333333,27.69499999999999,196.1856,52.30500000000001,11315.985576923078,tn1,85.0,80.0,11378.852903659232
16.64,11.79,0.2773333333333333,27.972333333333324,196.1856,52.02766666666667,11255.985576923078,tn1,85.0,80.0,11354.036765124574
20.96,11.7,0.3493333333333333,28.32166666666666,245.232,51.67833333333334,8876.049618320612,tn1,85.0,80.0,8784.908494685733
17.79,11.75,0.2965,28.61816666666666,209.0325,51.38183333333334,10397.672849915683,tn1,85.0,80.0,10539.128319502925
17.78,11.75,0.2963333333333333,28.914499999999993,208.915,51.08550000000001,10343.520809898764,tn1,85.0,80.0,10532.675689650674
12.66,11.83,0.211,29.12549999999999,149.7678,50.87450000000001,14466.68246445498,tn1,85.0,80.0,14196.440893876055
12.15,11.85,0.2025,29.327999999999992,143.9775,50.67200000000001,15013.925925925929,tn1,85.0,80.0,14711.627963612125
12.15,11.85,0.2025,29.530499999999993,143.9775,50.46950000000001,14953.925925925929,tn1,85.0,80.0,14701.17671993609
13.96,11.82,0.2326666666666667,29.76316666666666,165.0072,50.23683333333334,12955.057306590255,tn1,85.0,80.0,12735.75946272995
15.74,11.77,0.2623333333333333,30.02549999999999,185.2598,49.974500000000006,11430.0,tn1,85.0,80.0,11391.178575376307
15.73,11.77,0.2621666666666666,30.28766666666666,185.1421,49.71233333333334,11377.266369993644,tn1,85.0,80.0,11316.092371655755
15.72,11.77,0.262,30.54966666666666,185.0244,49.45033333333334,11324.503816793893,tn1,85.0,80.0,11258.682086230121
18.67,11.71,0.3111666666666667,30.860833333333325,218.6257,49.139166666666675,9475.147295125871,tn1,85.0,80.0,9388.934602980904
18.66,11.7,0.311,31.171833333333325,218.32199999999995,48.828166666666675,9420.225080385851,tn1,85.0,80.0,9330.709170976626
7.99,11.92,0.1331666666666666,31.304999999999993,95.2408,48.69500000000001,21940.175219023786,tn1,85.0,80.0,21198.379479757517
23.64,11.63,0.394,31.69899999999999,274.9332,48.30100000000001,7355.482233502539,tn1,85.0,80.0,7589.021328561335
25.07,11.58,0.4178333333333333,32.116833333333325,290.3106,47.883166666666675,6875.9234144395705,tn1,85.0,80.0,6990.594499713454
25.03,11.57,0.4171666666666667,32.53399999999999,289.5971,47.46600000000001,6826.911705952858,tn1,85.0,80.0,7096.537563752206
25.01,11.55,0.4168333333333333,32.95083333333333,288.86550000000005,47.04916666666667,6772.371051579369,tn1,85.0,80.0,7052.617005880779
4.82,11.95,0.0803333333333333,33.031166666666664,57.599,46.968833333333336,35080.45643153527,tn1,85.0,80.0,34604.30841873901
4.83,11.97,0.0805,33.111666666666665,57.8151,46.888333333333335,34947.82608695652,tn1,85.0,80.0,34727.68880720756
4.84,11.98,0.0806666666666666,33.19233333333333,57.9832,46.80766666666667,34815.61983471075,tn1,85.0,80.0,34627.60402554111
4.84,11.98,0.0806666666666666,33.272999999999996,57.9832,46.727,34755.61983471075,tn1,85.0,80.0,34504.75302130583
14.63,11.75,0.2438333333333333,33.51683333333333,171.9025,46.48316666666667,11438.099794941902,tn1,85.0,80.0,11515.631742663227
14.62,11.75,0.2436666666666666,33.7605,171.785,46.2395,11385.92339261286,tn1,85.0,80.0,11426.621313798896
18.97,11.66,0.3161666666666666,34.07666666666667,221.1902,45.92333333333333,8715.023721665788,tn1,85.0,80.0,8783.334931844847
18.95,11.65,0.3158333333333333,34.3925,220.7675,45.6075,8664.221635883905,tn1,85.0,80.0,8728.998065919302
22.9,11.57,0.3816666666666666,34.774166666666666,264.953,45.225833333333334,7109.737991266376,tn1,85.0,80.0,7085.155499046825
22.87,11.56,0.3811666666666667,35.15533333333333,264.3772,44.84466666666667,7059.064276344557,tn1,85.0,80.0,7041.13602425393
22.86,11.55,0.381,35.53633333333333,264.033,44.46366666666667,7002.152230971129,tn1,85.0,80.0,6994.045231480285
22.84,11.54,0.3806666666666666,35.917,263.5736,44.083,6948.283712784588,tn1,85.0,80.0,6946.555928941388
22.82,11.53,0.3803333333333333,36.297333333333334,263.1146,43.702666666666666,6894.373356704646,tn1,85.0,80.0,6895.296883179524
16.09,11.63,0.2681666666666666,36.5655,187.1267,43.4345,9718.098197638286,tn1,85.0,80.0,9721.744112575696
24.88,11.46,0.4146666666666666,36.98016666666667,285.1248,43.01983333333333,6224.7347266881025,tn1,85.0,80.0,6424.828642425918
4.81,11.89,0.0801666666666666,37.06033333333333,57.1909,42.93966666666667,32137.796257796264,tn1,85.0,80.0,31821.920838869886
4.82,11.9,0.0803333333333333,37.14066666666667,57.358,42.85933333333333,32011.12033195021,tn1,85.0,80.0,32301.321622209245
7.36,11.84,0.1226666666666666,37.263333333333335,87.14240000000001,42.736666666666665,20903.804347826084,tn1,85.0,80.0,20564.600540639018
7.36,11.84,0.1226666666666666,37.386,87.14240000000001,42.614,20843.804347826084,tn1,85.0,80.0,20537.29750789613
7.36,11.84,0.1226666666666666,37.50866666666667,87.14240000000001,42.49133333333333,20783.804347826084,tn1,85.0,80.0,20497.286469386814
8.75,11.81,0.1458333333333333,37.654500000000006,103.3375,42.345499999999994,17422.14857142857,tn1,85.0,80.0,17358.5292686619
8.75,11.81,0.1458333333333333,37.80033333333334,103.3375,42.19966666666666,17362.148571428566,tn1,85.0,80.0,17202.866283268744
8.75,11.81,0.1458333333333333,37.94616666666668,103.3375,42.05383333333332,17302.148571428566,tn1,85.0,80.0,17181.24123482154
22.86,11.51,0.381,38.32716666666668,263.1186,41.67283333333332,6562.650918635169,tn1,85.0,80.0,6797.168033424751
22.82,11.5,0.3803333333333333,38.70750000000001,262.43,41.29249999999999,6514.154250657317,tn1,85.0,80.0,6659.796735479239
22.8,11.49,0.38,39.08750000000001,261.97200000000004,40.91249999999999,6459.868421052629,tn1,85.0,80.0,6613.872452256513
22.78,11.47,0.3796666666666667,39.46716666666668,261.2866,40.53283333333332,6405.5399473222105,tn1,85.0,80.0,6555.231405309861
11.52,11.7,0.192,39.65916666666668,134.784,40.34083333333332,12606.510416666664,tn1,85.0,80.0,12146.935032451198
11.52,11.7,0.192,39.85116666666668,134.784,40.14883333333332,12546.510416666664,tn1,85.0,80.0,12151.203610113518
11.52,11.7,0.192,40.04316666666668,134.784,39.95683333333332,12486.510416666662,tn1,85.0,80.0,12121.22014919318
13.97,11.64,0.2328333333333333,40.27600000000001,162.6108,39.72399999999999,10236.678596993555,tn1,85.0,80.0,10191.749016182293
13.97,11.64,0.2328333333333333,40.50883333333334,162.6108,39.49116666666666,10176.678596993554,tn1,85.0,80.0,10085.473002128861
13.96,11.63,0.2326666666666667,40.74150000000001,162.3548,39.25849999999999,10123.968481375356,tn1,85.0,80.0,10030.654407895769
13.96,11.63,0.2326666666666667,40.97416666666667,162.3548,39.02583333333333,10063.968481375356,tn1,85.0,80.0,9956.467777891738
20.45,11.49,0.3408333333333333,41.31500000000001,234.9705,38.68499999999999,6810.0733496332505,tn1,85.0,80.0,6860.270720521224
20.42,11.48,0.3403333333333334,41.655333333333346,234.42160000000004,38.344666666666654,6760.078354554356,tn1,85.0,80.0,6878.90035067171
20.42,11.47,0.3403333333333334,41.99566666666668,234.21740000000003,38.00433333333332,6700.078354554355,tn1,85.0,80.0,6783.522040750263
25.3,11.36,0.4216666666666667,42.417333333333346,287.408,37.582666666666654,5347.73122529644,tn1,85.0,80.0,5496.796788541984
25.25,11.35,0.4208333333333333,42.83816666666668,286.5875,37.16183333333332,5298.320792079206,tn1,85.0,80.0,5443.031533275555
25.22,11.33,0.4203333333333333,43.25850000000001,285.7426,36.74149999999999,5244.6233148295,tn1,85.0,80.0,5423.959566822064
12.46,11.56,0.2076666666666667,43.46616666666668,144.03760000000003,36.53383333333332,10555.52166934189,tn1,85.0,80.0,9783.850126631742
5.24,11.78,0.0873333333333333,43.553500000000014,61.7272,36.446499999999986,25039.580152671744,tn1,85.0,80.0,24705.29589031248
5.24,11.78,0.0873333333333333,43.64083333333335,61.7272,36.35916666666665,24979.580152671748,tn1,85.0,80.0,24761.83227261684
5.24,11.79,0.0873333333333333,43.72816666666668,61.779599999999995,36.27183333333332,24919.580152671744,tn1,85.0,80.0,24772.298968034855
14.29,11.56,0.2381666666666666,43.966333333333345,165.1924,36.033666666666655,9077.760671798458,tn1,85.0,80.0,8717.494550366262
14.29,11.56,0.2381666666666666,44.20450000000001,165.1924,35.79549999999999,9017.760671798458,tn1,85.0,80.0,8673.502538873228
23.23,11.37,0.3871666666666666,44.59166666666667,264.1251,35.408333333333324,5487.300904003442,tn1,85.0,80.0,5630.566944982658
23.19,11.35,0.3865,44.978166666666674,263.2065,35.021833333333326,5436.765847347993,tn1,85.0,80.0,5505.82442888284
23.16,11.34,0.386,45.36416666666668,262.63439999999997,34.63583333333332,5383.808290155439,tn1,85.0,80.0,5467.125118467753
23.13,11.32,0.3855,45.74966666666668,261.8316,34.25033333333332,5330.791180285342,tn1,85.0,80.0,5377.165666196894
19.68,11.38,0.328,46.07766666666668,223.9584,33.92233333333332,6205.304878048778,tn1,85.0,80.0,6145.073925951323
19.67,11.37,0.3278333333333333,46.40550000000001,223.6479,33.59449999999999,6148.459583121503,tn1,85.0,80.0,6009.034356520662
19.66,11.36,0.3276666666666666,46.73316666666667,223.3376,33.266833333333324,6091.586978636824,tn1,85.0,80.0,5921.77056119126
13.55,11.49,0.2258333333333333,46.95900000000001,155.6895,33.04099999999999,8778.420664206638,tn1,85.0,80.0,8481.789930853367
13.55,11.49,0.2258333333333333,47.184833333333344,155.6895,32.815166666666656,8718.420664206638,tn1,85.0,80.0,8445.708955319687
13.55,11.48,0.2258333333333333,47.41066666666668,155.554,32.58933333333332,8658.420664206638,tn1,85.0,80.0,8417.706199601624
19.65,11.34,0.3274999999999999,47.73816666666668,222.831,32.26183333333332,5910.564885496182,tn1,85.0,80.0,5807.667257809777
19.64,11.33,0.3273333333333333,48.065500000000014,222.5212,31.934499999999986,5853.574338085537,tn1,85.0,80.0,5776.111074328227
16.02,11.4,0.267,48.33250000000002,182.628,31.667499999999983,7116.292134831458,tn1,85.0,80.0,6935.219068149996
16.02,11.39,0.267,48.59950000000002,182.4678,31.40049999999998,7056.292134831457,tn1,85.0,80.0,6759.972377444862
16.01,11.39,0.2668333333333333,48.86633333333335,182.35390000000004,31.13366666666665,7000.699562773262,tn1,85.0,80.0,6699.69581758917
23.02,11.22,0.3836666666666666,49.25000000000002,258.2844,30.74999999999998,4808.861859252821,tn1,85.0,80.0,4872.000588388498
22.98,11.2,0.383,49.633000000000024,257.376,30.366999999999976,4757.232375979108,tn1,85.0,80.0,4838.995882797719
22.96,11.19,0.3826666666666666,50.01566666666669,256.9224,29.98433333333331,4701.3763066202055,tn1,85.0,80.0,4828.620833549186
22.93,11.17,0.3821666666666666,50.39783333333336,256.1281,29.60216666666664,4647.527256868727,tn1,85.0,80.0,4798.350890189231
22.9,11.15,0.3816666666666666,50.77950000000003,255.335,29.220499999999973,4593.615720524013,tn1,85.0,80.0,4762.108880374238
16.41,11.29,0.2735,51.053000000000026,185.26889999999997,28.946999999999974,6350.347349177326,tn1,85.0,80.0,6055.859374752628
16.41,11.28,0.2735,51.326500000000024,185.1048,28.673499999999976,6290.347349177326,tn1,85.0,80.0,6007.538046443833
16.41,11.28,0.2735,51.60000000000002,185.1048,28.399999999999977,6230.347349177326,tn1,85.0,80.0,5993.241370537633
16.4,11.27,0.2733333333333333,51.87333333333336,184.82799999999995,28.126666666666644,6174.14634146341,tn1,85.0,80.0,5945.191545707414
16.39,11.26,0.2731666666666666,52.146500000000024,184.5514,27.853499999999976,6117.913361805974,tn1,85.0,80.0,5887.534400963482
16.39,11.26,0.2731666666666666,52.41966666666669,184.5514,27.580333333333307,6057.913361805973,tn1,85.0,80.0,5875.575932876239
10.1,11.41,0.1683333333333333,52.58800000000003,115.241,27.41199999999997,9770.61386138613,tn1,85.0,80.0,9038.781501499554
10.1,11.42,0.1683333333333333,52.756333333333366,115.342,27.24366666666663,9710.613861386128,tn1,85.0,80.0,9039.671095616819
15.93,11.27,0.2655,53.02183333333337,179.53109999999998,26.97816666666663,6096.760828625228,tn1,85.0,80.0,5906.223679368837
18.13,11.2,0.3021666666666666,53.324000000000034,203.056,26.675999999999966,5296.944291229999,tn1,85.0,80.0,5268.790583721739
18.11,11.19,0.3018333333333333,53.62583333333337,202.6509,26.374166666666632,5242.794036443946,tn1,85.0,80.0,5211.63591606518
18.11,11.18,0.3018333333333333,53.9276666666667,202.4698,26.072333333333297,5182.794036443947,tn1,85.0,80.0,5183.548439750093
18.09,11.16,0.3015,54.2291666666667,201.8844,25.7708333333333,5128.524046434488,tn1,85.0,80.0,5139.878823967689
18.07,11.15,0.3011666666666667,54.53033333333337,201.4805,25.469666666666633,5074.200332042053,tn1,85.0,80.0,5074.793905991785
16.32,11.18,0.272,54.802333333333365,182.4576,25.197666666666635,5558.308823529405,tn1,85.0,80.0,5548.0330043411905
14.03,11.23,0.2338333333333333,55.0361666666667,157.55689999999998,24.963833333333294,6405.545260156798,tn1,85.0,80.0,6051.19212210016
14.03,11.23,0.2338333333333333,55.27000000000004,157.55689999999998,24.72999999999996,6345.545260156797,tn1,85.0,80.0,6025.945706715851
14.03,11.22,0.2338333333333333,55.503833333333375,157.4166,24.496166666666625,6285.545260156797,tn1,85.0,80.0,5982.977696573582
14.03,11.22,0.2338333333333333,55.73766666666671,157.4166,24.262333333333288,6225.545260156795,tn1,85.0,80.0,5948.898673060997
17.2,11.13,0.2866666666666667,56.02433333333338,191.436,23.97566666666662,5018.162790697665,tn1,85.0,80.0,5011.452369104698
17.18,11.11,0.2863333333333333,56.31066666666671,190.8698,23.689333333333288,4964.0046565774055,tn1,85.0,80.0,4945.629921525389
17.16,11.1,0.286,56.596666666666714,190.476,23.403333333333286,4909.7902097902,tn1,85.0,80.0,4913.623143626136
17.81,11.07,0.2968333333333333,56.893500000000046,197.1567,23.10649999999995,4670.60078607523,tn1,85.0,80.0,4673.022035614536
17.79,11.05,0.2965,57.19000000000005,196.5795,22.809999999999953,4615.851602023599,tn1,85.0,80.0,4622.298999721269
17.77,11.04,0.2961666666666666,57.48616666666671,196.1808,22.513833333333288,4561.046707934713,tn1,85.0,80.0,4614.629036433892
24.61,10.83,0.4101666666666667,57.89633333333338,266.5263,22.10366666666662,3233.368549370168,tn1,85.0,80.0,3493.372871319295
24.54,10.79,0.409,58.30533333333338,264.78659999999996,21.69466666666662,3182.591687041558,tn1,85.0,80.0,3421.243420319768
24.46,10.74,0.4076666666666667,58.71300000000005,262.7004,21.286999999999956,3133.0008176614815,tn1,85.0,80.0,3390.6352728833244
4.68,11.37,0.078,58.79100000000005,53.21159999999999,21.208999999999953,16314.61538461535,tn1,85.0,80.0,15036.96054537829
4.69,11.4,0.0781666666666666,58.869166666666715,53.46600000000001,21.130833333333285,16219.829424306998,tn1,85.0,80.0,15586.761621906298
4.69,11.41,0.0781666666666666,58.94733333333338,53.5129,21.052666666666617,16159.829424306996,tn1,85.0,80.0,15723.469406610817
8.71,11.29,0.1451666666666667,59.09250000000005,98.3359,20.90749999999995,8641.446613088381,tn1,85.0,80.0,7697.639452237113
8.93,11.28,0.1488333333333333,59.24133333333339,100.7304,20.758666666666613,8368.555431130997,tn1,85.0,80.0,7511.104931403885
8.93,11.28,0.1488333333333333,59.39016666666672,100.7304,20.609833333333277,8308.555431130997,tn1,85.0,80.0,7458.470188208551
15.63,11.07,0.2605,59.65066666666672,173.0241,20.349333333333277,4686.986564299411,tn1,85.0,80.0,4794.513036005042
15.61,11.05,0.2601666666666666,59.910833333333386,172.4905,20.089166666666618,4632.991672005113,tn1,85.0,80.0,4716.453785993913
15.59,11.03,0.2598333333333333,60.17066666666672,171.9577,19.82933333333328,4578.935214881322,tn1,85.0,80.0,4611.882207923275
20.7,10.86,0.345,60.51566666666672,224.802,19.48433333333328,3388.579710144919,tn1,85.0,80.0,3475.966418891474
20.64,10.82,0.344,60.85966666666672,223.3248,19.14033333333328,3338.4302325581302,tn1,85.0,80.0,3437.3919863421033
22.63,10.71,0.3771666666666666,61.23683333333339,242.3673,18.763166666666613,2984.860804242148,tn1,85.0,80.0,3256.106232567152
22.56,10.66,0.376,61.612833333333384,240.4896,18.387166666666616,2934.122340425524,tn1,85.0,80.0,3223.052446375403
22.47,10.61,0.3745,61.98733333333338,238.40669999999997,18.012666666666618,2885.874499332436,tn1,85.0,80.0,3197.766647347741
24.87,10.44,0.4145,62.40183333333338,259.6428,17.59816666666662,2547.382388419776,tn1,85.0,80.0,2986.5721195902083
24.7,10.34,0.4116666666666667,62.81350000000005,255.398,17.186499999999953,2504.914979757078,tn1,85.0,80.0,2999.4209049451842
24.49,10.21,0.4081666666666666,63.221666666666714,250.0429,16.778333333333286,2466.394446712937,tn1,85.0,80.0,3028.253377188347
22.25,10.13,0.3708333333333333,63.59250000000005,225.3925,16.407499999999956,2654.696629213476,tn1,85.0,80.0,3055.8212590373414
20.9,10.03,0.3483333333333333,63.94083333333338,209.627,16.05916666666662,2766.17224880382,tn1,85.0,80.0,3086.3758295211505
20.34,9.6,0.339,64.27983333333339,195.264,15.720166666666614,2782.3303834808166,tn1,85.0,80.0,3241.8066530025803
12.42,9.85,0.207,64.48683333333338,122.337,15.51316666666662,4496.570048309165,tn1,85.0,80.0,4331.559367547513
12.5,9.94,0.2083333333333333,64.69516666666671,124.25,15.304833333333292,4407.791999999988,tn1,85.0,80.0,4305.131703596995
9.11,10.23,0.1518333333333333,64.84700000000004,93.1953,15.152999999999963,5988.0131723380755,tn1,85.0,80.0,5547.155957488299
9.16,10.32,0.1526666666666666,64.9996666666667,94.5312,15.000333333333302,5895.327510917018,tn1,85.0,80.0,5518.701779916743
9.17,10.34,0.1528333333333333,65.15250000000003,94.8178,14.847499999999968,5828.898582333684,tn1,85.0,80.0,5543.062289558129
9.16,10.33,0.1526666666666666,65.3051666666667,94.6228,14.694833333333309,5775.2620087336145,tn1,85.0,80.0,5542.94744901171
7.58,10.56,0.1263333333333333,65.43150000000003,80.04480000000001,14.568499999999972,6919.076517150382,tn1,85.0,80.0,5939.837617258769
7.63,10.69,0.1271666666666666,65.5586666666667,81.5647,14.441333333333304,6813.7352555701045,tn1,85.0,80.0,6004.1678012681095
5.98,10.96,0.0996666666666666,65.65833333333336,65.5408,14.34166666666664,8633.77926421403,tn1,85.0,80.0,7424.7832943305775
5.78,11.03,0.0963333333333333,65.7546666666667,63.7534,14.245333333333306,8872.525951557076,tn1,85.0,80.0,7943.525006646826
8.08,10.92,0.1346666666666666,65.88933333333335,88.2336,14.110666666666646,6286.930693069297,tn1,85.0,80.0,5820.973441011533
8.09,10.93,0.1348333333333333,66.02416666666669,88.4237,13.975833333333313,6219.159456118656,tn1,85.0,80.0,5782.604885191133
12.02,10.73,0.2003333333333333,66.22450000000002,128.9746,13.77549999999998,4125.773710482524,tn1,85.0,80.0,4323.70516239328
12.0,10.7,0.2,66.42450000000002,128.39999999999998,13.575499999999977,4072.649999999993,tn1,85.0,80.0,4269.362420608351
9.96,10.78,0.166,66.59050000000002,107.3688,13.40949999999998,4846.807228915654,tn1,85.0,80.0,4686.370703382268
9.96,10.78,0.166,66.75650000000002,107.3688,13.243499999999983,4786.807228915656,tn1,85.0,80.0,4682.03151794943
9.95,10.78,0.1658333333333333,66.92233333333336,107.26099999999998,13.077666666666644,4731.618090452253,tn1,85.0,80.0,4659.133189427769
9.96,10.77,0.166,67.08833333333335,107.2692,12.911666666666648,4666.867469879511,tn1,85.0,80.0,4652.405759365089
9.96,10.77,0.166,67.25433333333335,107.2692,12.74566666666665,4606.867469879512,tn1,85.0,80.0,4653.484690157489
8.38,10.85,0.1396666666666667,67.39400000000002,90.923,12.60599999999998,5415.46539379474,tn1,85.0,80.0,5320.043284056329
8.39,10.86,0.1398333333333333,67.53383333333335,91.1154,12.466166666666652,5349.010727056012,tn1,85.0,80.0,5326.190493360801
8.38,10.86,0.1396666666666667,67.67350000000002,91.0068,12.326499999999982,5295.393794749395,tn1,85.0,80.0,5300.24089042229
8.38,10.87,0.1396666666666667,67.81316666666669,91.0906,12.186833333333311,5235.393794749393,tn1,85.0,80.0,5291.2051867140835
5.85,11.01,0.0974999999999999,67.91066666666669,64.40849999999999,12.089333333333316,7439.589743589732,tn1,85.0,80.0,6952.827451418856
5.85,11.03,0.0974999999999999,68.00816666666668,64.5255,11.991833333333318,7379.589743589735,tn1,85.0,80.0,6949.460967040458
5.85,11.05,0.0974999999999999,68.10566666666668,64.6425,11.89433333333332,7319.589743589736,tn1,85.0,80.0,6976.170513934421
5.86,11.06,0.0976666666666666,68.20333333333335,64.81160000000001,11.796666666666653,7247.098976109206,tn1,85.0,80.0,6941.080158797428
5.86,11.07,0.0976666666666666,68.30100000000002,64.87020000000001,11.698999999999984,7187.098976109205,tn1,85.0,80.0,6891.662667265176
7.55,10.99,0.1258333333333333,68.42683333333335,82.9745,11.573166666666651,5518.331125827807,tn1,85.0,80.0,5343.987005707447
7.56,10.99,0.126,68.55283333333335,83.0844,11.447166666666648,5451.031746031737,tn1,85.0,80.0,5324.885517266624
9.24,10.9,0.154,68.70683333333335,100.716,11.29316666666665,4399.935064935059,tn1,85.0,80.0,4684.8986712345
9.24,10.9,0.154,68.86083333333335,100.716,11.139166666666654,4339.93506493506,tn1,85.0,80.0,4609.706203506763
7.72,10.96,0.1286666666666666,68.9895,84.61120000000001,11.010499999999992,5134.430051813469,tn1,85.0,80.0,5106.408370566083
8.36,10.92,0.1393333333333333,69.12883333333335,91.2912,10.871166666666651,4681.3636363636315,tn1,85.0,80.0,4870.177452253286
12.25,10.71,0.2041666666666666,69.33300000000001,131.19750000000002,10.666999999999987,3134.79183673469,tn1,85.0,80.0,3411.8701367865174
12.23,10.67,0.2038333333333333,69.53683333333335,130.4941,10.463166666666652,3079.918233851181,tn1,85.0,80.0,3342.53748391344
12.2,10.63,0.2033333333333333,69.74016666666668,129.686,10.25983333333332,3027.4918032786845,tn1,85.0,80.0,3325.658039174793
12.18,10.59,0.2029999999999999,69.94316666666668,128.9862,10.056833333333316,2972.4630541871866,tn1,85.0,80.0,3336.109396741642
14.33,10.41,0.2388333333333333,70.18200000000002,149.1753,9.817999999999984,2466.489881367756,tn1,85.0,80.0,2914.669200150843
10.5,10.58,0.175,70.35700000000001,111.09,9.642999999999986,3306.171428571424,tn1,85.0,80.0,3557.209743578938
6.21,10.81,0.1035,70.46050000000001,67.1301,9.53949999999999,5530.144927536226,tn1,85.0,80.0,5245.036247582135
6.01,10.89,0.1001666666666666,70.56066666666668,65.4489,9.439333333333323,5654.176372712141,tn1,85.0,80.0,5368.968745994268
6.33,10.9,0.1055,70.66616666666668,68.997,9.333833333333317,5308.341232227478,tn1,85.0,80.0,4987.209612849793
10.24,10.64,0.1706666666666666,70.83683333333335,108.9536,9.163166666666656,3221.425781249996,tn1,85.0,80.0,3333.476292803918
10.23,10.61,0.1705,71.00733333333335,108.5403,8.99266666666665,3164.574780058645,tn1,85.0,80.0,3270.7913507458516
10.21,10.58,0.1701666666666667,71.17750000000001,108.0218,8.822499999999991,3110.7737512242866,tn1,85.0,80.0,3228.8303656692083
8.53,10.66,0.1421666666666666,71.31966666666668,90.9298,8.680333333333323,3663.4466588511095,tn1,85.0,80.0,3568.685425792748
8.53,10.67,0.1421666666666666,71.46183333333335,91.0151,8.538166666666655,3603.446658851109,tn1,85.0,80.0,3542.4955228252134
15.55,10.21,0.2591666666666666,71.72100000000002,158.76550000000003,8.278999999999982,1916.6816720257193,tn1,85.0,80.0,2176.7992621367653
15.27,9.86,0.2545,71.97550000000001,150.5622,8.024499999999989,1891.8271119842805,tn1,85.0,80.0,2095.694345889625
14.75,9.23,0.2458333333333333,72.22133333333335,136.1425,7.778666666666652,1898.5220338983015,tn1,85.0,80.0,2094.3298657078576
13.47,9.16,0.2245,72.44583333333335,123.3852,7.554166666666646,2018.930957683736,tn1,85.0,80.0,2326.2347700751
9.29,9.49,0.1548333333333333,72.60066666666668,88.1621,7.399333333333317,2867.341227125936,tn1,85.0,80.0,2867.518872811161
5.93,9.83,0.0988333333333333,72.69950000000001,58.2919,7.300499999999985,4432.006745362555,tn1,85.0,80.0,4105.15175897309
5.94,9.94,0.099,72.79850000000002,59.0436,7.201499999999982,4364.545454545443,tn1,85.0,80.0,4092.9193876603135
5.36,10.06,0.0893333333333333,72.88783333333335,53.921600000000005,7.112166666666653,4776.828358208945,tn1,85.0,80.0,4322.400359937101
5.38,10.1,0.0896666666666666,72.97750000000002,54.337999999999994,7.0224999999999795,4699.070631970247,tn1,85.0,80.0,4496.896960669504
5.39,10.13,0.0898333333333333,73.06733333333335,54.6007,6.932666666666648,4630.3525046382065,tn1,85.0,80.0,4500.078407147609
5.39,10.14,0.0898333333333333,73.15716666666668,54.6546,6.842833333333317,4570.352504638208,tn1,85.0,80.0,4485.289355440449
5.42,10.15,0.0903333333333333,73.24750000000002,55.013,6.7524999999999835,4485.0553505534945,tn1,85.0,80.0,4422.995551853757
5.42,10.16,0.0903333333333333,73.33783333333335,55.0672,6.66216666666665,4425.0553505534945,tn1,85.0,80.0,4408.543016616373
5.42,10.17,0.0903333333333333,73.42816666666668,55.1214,6.571833333333316,4365.0553505534945,tn1,85.0,80.0,4372.326522505823
5.43,10.18,0.0905,73.51866666666669,55.27739999999999,6.4813333333333105,4297.016574585621,tn1,85.0,80.0,4324.244963018247
5.43,10.19,0.0905,73.6091666666667,55.3317,6.390833333333305,4237.016574585617,tn1,85.0,80.0,4274.4879796221685
8.87,9.77,0.1478333333333333,73.75700000000003,86.6599,6.242999999999967,2533.799323562557,tn1,85.0,80.0,2609.2727339622547
8.83,9.69,0.1471666666666666,73.9041666666667,85.56269999999999,6.095833333333303,2485.2774631936454,tn1,85.0,80.0,2540.0891759642427
8.8,9.64,0.1466666666666666,74.05083333333336,84.83200000000001,5.949166666666642,2433.7499999999895,tn1,85.0,80.0,2470.662351986566
8.79,9.61,0.1465,74.19733333333336,84.47189999999999,5.802666666666639,2376.518771331047,tn1,85.0,80.0,2403.9829146460406
5.36,9.95,0.0893333333333333,74.28666666666669,53.332,5.71333333333331,3837.313432835805,tn1,85.0,80.0,3660.318810343262
5.37,9.98,0.0895,74.37616666666669,53.5926,5.623833333333309,3770.1675977653463,tn1,85.0,80.0,3640.854741188599
6.94,9.83,0.1156666666666666,74.49183333333336,68.2202,5.508166666666639,2857.2622478386024,tn1,85.0,80.0,2716.2330972124582
6.92,9.8,0.1153333333333333,74.6071666666667,67.816,5.3928333333333,2805.520231213856,tn1,85.0,80.0,2682.4735942522807
6.92,9.79,0.1153333333333333,74.72250000000004,67.7468,5.277499999999961,2745.520231213852,tn1,85.0,80.0,2622.5379123522343
6.92,9.78,0.1153333333333333,74.83783333333338,67.6776,5.1621666666666215,2685.520231213849,tn1,85.0,80.0,2594.3988599580425
7.6,9.72,0.1266666666666666,74.96450000000004,73.872,5.035499999999956,2385.2368421052424,tn1,85.0,80.0,2360.1183133662034
7.6,9.69,0.1266666666666666,75.09116666666671,73.64399999999999,4.908833333333291,2325.2368421052433,tn1,85.0,80.0,2335.380809690258
9.72,9.52,0.162,75.25316666666671,92.5344,4.746833333333285,1758.0864197530686,tn1,85.0,80.0,2066.7415475346556
5.36,9.95,0.0893333333333333,75.34250000000004,53.332,4.657499999999956,3128.171641791015,tn1,85.0,80.0,3184.06775969743
5.37,9.98,0.0895,75.43200000000004,53.5926,4.567999999999955,3062.346368715054,tn1,85.0,80.0,3145.7994237669523
8.2,9.64,0.1366666666666666,75.56866666666672,79.048,4.431333333333285,1945.4634146341257,tn1,85.0,80.0,2182.43492544194
8.18,9.61,0.1363333333333333,75.70500000000006,78.60979999999999,4.294999999999945,1890.2200488997312,tn1,85.0,80.0,2154.390234311481
6.69,9.74,0.1115,75.81650000000006,65.1606,4.183499999999938,2251.210762331805,tn1,85.0,80.0,2302.6870322487175
6.69,9.75,0.1115,75.92800000000007,65.2275,4.071999999999932,2191.2107623318016,tn1,85.0,80.0,2266.8810086521557
6.69,9.75,0.1115,76.03950000000007,65.2275,3.960499999999925,2131.210762331798,tn1,85.0,80.0,2252.344102664154
6.01,9.83,0.1001666666666666,76.13966666666674,59.0783,3.8603333333332586,2312.346089850205,tn1,85.0,80.0,2303.536302290064
6.04,9.83,0.1006666666666666,76.24033333333341,59.3732,3.7596666666665897,2240.860927152272,tn1,85.0,80.0,2250.512140538971
